{
    "preview": "saved-designs\/screenshots\/1578456515125.jpg",
    "product_name": "Square",
    "design_stampid": "1578456515125",
    "design_price": 283.220000000000027284841053187847137451171875,
    "design_productid": "30",
    "design_orientation": "undefined",
    "design_shape": "Square",
    "design_texture": "src\/granites\/forever2\/l\/18.jpg",
    "design_width": "160",
    "design_height": "80",
    "design_name": "Square",
    "ml_language": "English",
    "ml_style": "Laser Etched Black Granite",
    "ml_type": "Plaque",
    "ml_motif": "Hearts",
    "ml_tags": "Jewells Green   8.2.1995 - 9.2.1995"
}