{
    "preview": "saved-designs\/screenshots\/1579043205379.jpg",
    "product_name": "Bronze Plaque - Black - Lugs with Studs",
    "design_stampid": "1579043205379",
    "design_price": 749.3799999999999954525264911353588104248046875,
    "design_productid": "5",
    "design_orientation": "undefined",
    "design_shape": "Bronze Plaque",
    "design_texture": "src\/bronzes\/phoenix\/l\/01.jpg",
    "design_width": "300",
    "design_height": "200",
    "design_name": "Bronze Plaque  Black  Lugs with Studs",
    "ml_language": "English",
    "ml_style": "Bronze",
    "ml_type": "Plaque",
    "ml_motif": "Religious",
    "ml_tags": "1945 - 2016 In loving memory of Kevin Henson Resting in the arms of God Beloved husband, father and grandfather Our memories of you will be treasured forever Until we meet again"
}