{
    "preview": "saved-designs\/screenshots\/1578362592768.jpg",
    "product_name": "Bronze Plaque - Dark Brown - Lugs with Studs",
    "design_stampid": "1578362592768",
    "design_price": 362.91000000000002501110429875552654266357421875,
    "design_productid": "5",
    "design_orientation": "undefined",
    "design_shape": "Square",
    "design_texture": "src\/bronzes\/phoenix\/l\/04.jpg",
    "design_width": "150",
    "design_height": "100",
    "design_name": "Bronze Plaque  Dark Brown  Lugs with Studs",
    "ml_language": "English",
    "ml_style": "Bronze",
    "ml_type": "Plaque",
    "ml_motif": "Islander",
    "ml_tags": "David Stone Memorial Waterhole Explorer & path maker as you travel to Trailers Quench your thirst"
}