{
    "preview": "saved-designs\/screenshots\/1580449242054.jpg",
    "product_name": "Serpentine",
    "design_stampid": "1580449242054",
    "design_price": 1220.19000000000005456968210637569427490234375,
    "design_productid": "124",
    "design_orientation": "undefined",
    "design_shape": "Serpentine",
    "design_texture": "src\/granites\/forever2\/l\/18.jpg",
    "design_width": "600",
    "design_height": "600",
    "design_name": "Serpentine",
    "ml_language": "English",
    "ml_style": "Traditional Engraved Granite",
    "ml_type": "Headstone",
    "ml_motif": "Birds",
    "ml_tags": "Shanise Annelieje Louise Morunga In Loving Memory of Love you Forever, Forever Love 03.03.1991 - 11.03.2018 Devoted Mother to Felcon and Te Mauri Much loved Partner to Rawiri Beloved Daughter of Desmond and Maria Niece, Cousin and Whanau Cherished by her Sister Annemarie,"
}