{
    "preview": "saved-designs\/screenshots\/1578016189116.jpg",
    "product_name": "Curved Gable",
    "design_stampid": "1578016189116",
    "design_price": 3862.44000000000005456968210637569427490234375,
    "design_productid": "124",
    "design_orientation": "undefined",
    "design_shape": "Curved Gable",
    "design_texture": "src\/granites\/forever2\/l\/17.jpg",
    "design_width": "1200",
    "design_height": "1200",
    "design_name": "Curved Gable",
    "ml_language": "English",
    "ml_style": "Traditional Engraved Granite",
    "ml_type": "Headstone",
    "ml_motif": "Flowers",
    "ml_tags": "Raymond John Cassar 18-05-1971 - 20-06-2018 Grace Cassar 08-05-1948 - 20-07-2018 Emanuel Cassar Together forever in God's garden In loving memory of 26-01-1944 - 23-11-2019"
}