{
    "preview": "saved-designs\/screenshots\/1581077029055.jpg",
    "product_name": "Square",
    "design_stampid": "1581077029055",
    "design_price": 428.76999999999998181010596454143524169921875,
    "design_productid": "30",
    "design_orientation": "undefined",
    "design_shape": "Square",
    "design_texture": "src\/granites\/forever2\/l\/18.jpg",
    "design_width": "300",
    "design_height": "200",
    "design_name": "Square",
    "ml_language": "English",
    "ml_style": "Laser Etched Black Granite",
    "ml_type": "Plaque",
    "ml_motif": "Moon & Stars",
    "ml_tags": ""
}