{
    "preview": "saved-designs\/screenshots\/1581230904151.jpg",
    "product_name": "Half Round",
    "design_stampid": "1581230904151",
    "design_price": 2241.86000000000012732925824820995330810546875,
    "design_productid": "124",
    "design_orientation": "undefined",
    "design_shape": "Half Round",
    "design_texture": "src\/granites\/forever2\/l\/White-Carrara-600-x-600.jpg",
    "design_width": "662",
    "design_height": "1002",
    "design_name": "Half Round",
    "ml_language": "English",
    "ml_style": "Traditional Engraved Granite",
    "ml_type": "Headstone",
    "ml_motif": "Moon & Stars",
    "ml_tags": "8 April, 1964 - 25 December, 2050 John Joseph Thompson \u201cWell, that was interesting\u201d"
}