{
    "preview": "saved-designs\/screenshots\/1580524774256.jpg",
    "product_name": "Rectangle (Landscape)",
    "design_stampid": "1580524774256",
    "design_price": 439.95999999999997953636921010911464691162109375,
    "design_productid": "30",
    "design_orientation": "undefined",
    "design_shape": "Square",
    "design_texture": "src\/granites\/forever2\/l\/18.jpg",
    "design_width": "300",
    "design_height": "220",
    "design_name": "Rectangle Landscape",
    "ml_language": "English",
    "ml_style": "Laser Etched Black Granite",
    "ml_type": "Plaque",
    "ml_motif": "Birds",
    "ml_tags": "Gwendoline Hoy Cherished Memories of Beloved Wife, Mother 20.9.1921 - 30.7.2002 Loved & Remembered Always & Mother In-Law"
}