{
    "preview": "saved-designs\/screenshots\/1580268025915.jpg",
    "product_name": "Peak",
    "design_stampid": "1580268025915",
    "design_price": 1484.410000000000081854523159563541412353515625,
    "design_productid": "124",
    "design_orientation": "undefined",
    "design_shape": "Peak",
    "design_texture": "src\/granites\/forever2\/l\/17.jpg",
    "design_width": "760",
    "design_height": "560",
    "design_name": "Peak",
    "ml_language": "English",
    "ml_style": "Traditional Engraved Granite",
    "ml_type": "Headstone",
    "ml_motif": "Religious",
    "ml_tags": "14.04.1929 - 26.12.1993 14.02.1921 - 02.08.2019 Devoted Mother to Cheryl & Mother-in-law to Jeff Irene Mercy Clara Cecilia Greenslade Gordon Greenslade In Loving Memory of Much loved Nanna & Grannan Loved Husband of Irene & Father of Terence Forever in our Hearts"
}