{
    "preview": "saved-designs\/screenshots\/1578631090895.jpg",
    "product_name": "Bronze Plaque - Dark Brown - Screws (visible from front)",
    "design_stampid": "1578631090895",
    "design_price": 380,
    "design_productid": "5",
    "design_orientation": "undefined",
    "design_shape": "Square",
    "design_texture": "src\/bronzes\/phoenix\/l\/04.jpg",
    "design_width": "165",
    "design_height": "105",
    "design_name": "Bronze Plaque  Dark Brown  Screws visible from front",
    "ml_language": "English",
    "ml_style": "Bronze",
    "ml_type": "Plaque",
    "ml_motif": "Farm Animals",
    "ml_tags": "\u201cHooroo\u201d DAVID FARROW 2019"
}