{
    "preview": "saved-designs\/screenshots\/1580609577422.jpg",
    "product_name": "Rectangle (Landscape)",
    "design_stampid": "1580609577422",
    "design_price": 390.06999999999999317878973670303821563720703125,
    "design_productid": "34",
    "design_orientation": "undefined",
    "design_shape": "Square",
    "design_texture": "src\/granites\/forever2\/l\/White-Carrara-600-x-600.jpg",
    "design_width": "300",
    "design_height": "200",
    "design_name": "Rectangle Landscape",
    "ml_language": "English",
    "ml_style": "Traditional Engraved Granite",
    "ml_type": "Plaque",
    "ml_motif": "Religious",
    "ml_tags": "How oft hereafter rising shall she look The moon of heav'n is rising once again Through this same garden after us in vain Omar Khayyam Ah moon of my delight who know'st no wane"
}