{
    "preview": "saved-designs\/screenshots\/1579662088021.jpg",
    "product_name": "Bronze Plaque - Dark Brown - Lugs with Studs",
    "design_stampid": "1579662088021",
    "design_price": 707.6200000000000045474735088646411895751953125,
    "design_productid": "5",
    "design_orientation": "undefined",
    "design_shape": "Square",
    "design_texture": "src\/bronzes\/phoenix\/l\/04.jpg",
    "design_width": "285",
    "design_height": "189",
    "design_name": "Bronze Plaque  Dark Brown  Lugs with Studs",
    "ml_language": "English",
    "ml_style": "Bronze",
    "ml_type": "Plaque",
    "ml_motif": "Flowers",
    "ml_tags": "Rolf Z by which you live life effectively Serenity is the end... and serenity is also the means.... Easy does it 22.12.1930  -  1.01.2020"
}