{
    "preview": "saved-designs\/screenshots\/1578808474369.jpg",
    "product_name": "Left Wave",
    "design_stampid": "1578808474369",
    "design_price": 1952.720000000000027284841053187847137451171875,
    "design_productid": "4",
    "design_orientation": "undefined",
    "design_shape": "Left Wave",
    "design_texture": "src\/granites\/forever2\/l\/18.jpg",
    "design_width": "600",
    "design_height": "600",
    "design_name": "Left Wave",
    "ml_language": "English",
    "ml_style": "Laser Etched Black Granite",
    "ml_type": "Headstone",
    "ml_motif": "Religious",
    "ml_tags": "In Loving Memory Xavier Leslie Kajiya Cobbo Born Sleeping 22nd November 2018 Beloved son of Daniel & Wawida Brother of Daniel Jr Dear Grandson & Nephew Our precious little angel"
}