{
    "preview": "saved-designs\/screenshots\/1578378875185.jpg",
    "product_name": "Cropped Peak",
    "design_stampid": "1578378875185",
    "design_price": 1220.19000000000005456968210637569427490234375,
    "design_productid": "124",
    "design_orientation": "undefined",
    "design_shape": "Cropped Peak",
    "design_texture": "src\/granites\/forever2\/l\/18.jpg",
    "design_width": "600",
    "design_height": "600",
    "design_name": "Cropped Peak",
    "ml_language": "English",
    "ml_style": "Traditional Engraved Granite",
    "ml_type": "Headstone",
    "ml_motif": "Flowers",
    "ml_tags": "ELIZABETH LIZZIE SAESARIA 12-OCT-1954 TILL 06-AUG-2019 MOTHER, GRANDMOTHER AND SISTER"
}