{
    "preview": "saved-designs\/screenshots\/1579344654984.jpg",
    "product_name": "Square",
    "design_stampid": "1579344654984",
    "design_price": 428.76999999999998181010596454143524169921875,
    "design_productid": "30",
    "design_orientation": "undefined",
    "design_shape": "Square",
    "design_texture": "src\/granites\/forever2\/l\/18.jpg",
    "design_width": "300",
    "design_height": "200",
    "design_name": "Square",
    "ml_language": "English",
    "ml_style": "Laser Etched Black Granite",
    "ml_type": "Plaque",
    "ml_motif": "Religious",
    "ml_tags": "James Edward Little (Kunkus)   Aug 4, 1909 - Mar 25, 1972"
}