{
    "preview": "saved-designs\/screenshots\/1578888861055.jpg",
    "product_name": "Square",
    "design_stampid": "1578888861055",
    "design_price": 367.18999999999999772626324556767940521240234375,
    "design_productid": "30",
    "design_orientation": "undefined",
    "design_shape": "Square",
    "design_texture": "src\/granites\/forever2\/l\/18.jpg",
    "design_width": "220",
    "design_height": "170",
    "design_name": "Square",
    "ml_language": "English",
    "ml_style": "Laser Etched Black Granite",
    "ml_type": "Plaque",
    "ml_motif": "Religious",
    "ml_tags": "Naw Lu Paw Wemyss \"Nellie\" 13.01.1943 - 14.11.2019 mother, grandmother and great-grandmother Loving wife of Charles,"
}