{
    "product_name": "Square",
    "design_stampid": "1579500432250",
    "design_price": 201.979999999999989768184605054557323455810546875,
    "design_productid": "9",
    "design_orientation": "undefined",
    "design_shape": "Square",
    "design_texture": "src\/granites\/forever2\/l\/18.jpg",
    "design_width": "175",
    "design_height": "125",
    "design_name": "Square",
    "ml_language": "English",
    "ml_style": "Laser Etched Black Granite",
    "ml_type": "Pet Plaque",
    "ml_motif": "Sport & Fitness",
    "ml_tags": "Patch Forever Loved I had a good life I Guarded I Comforted I was a Friend Forever Missed"
}