{
    "preview": "saved-designs\/screenshots\/1578879092055.jpg",
    "product_name": "Headstone 2",
    "design_stampid": "1578879092055",
    "design_price": 1810.700000000000045474735088646411895751953125,
    "design_productid": "4",
    "design_orientation": "undefined",
    "design_shape": "Headstone 2",
    "design_texture": "src\/granites\/forever2\/l\/18.jpg",
    "design_width": "560",
    "design_height": "600",
    "design_name": "Headstone 2",
    "ml_language": "English",
    "ml_style": "Laser Etched Black Granite",
    "ml_type": "Headstone",
    "ml_motif": "Religious",
    "ml_tags": "Xavier Leslie Kajiya Cobbo In Loving Memory Born Sleeping 22nd November 2018 Beloved son of Daniel & Wawida Brother of Daniel Jr Dear Grandson & Nephew Forever in our hearts Our precious little angel"
}