{
    "preview": "saved-designs\/screenshots\/1578728723585.jpg",
    "product_name": "Bronze Plaque - Dark Brown - Lugs with Studs",
    "design_stampid": "1578728723585",
    "design_price": 358.6399999999999863575794734060764312744140625,
    "design_productid": "5",
    "design_orientation": "undefined",
    "design_shape": "Bronze Plaque",
    "design_texture": "src\/bronzes\/phoenix\/l\/04.jpg",
    "design_width": "150",
    "design_height": "95",
    "design_name": "Bronze Plaque  Dark Brown  Lugs with Studs",
    "ml_language": "English",
    "ml_style": "Bronze",
    "ml_type": "Plaque",
    "ml_motif": "Farm Animals",
    "ml_tags": "Christopher Achalen Long One of life\u2019s real characters. Loving husband of Veronica. Respected father of Daniel and father in-law to Anita. 24\/03\/1942 - 04\/02\/2019 Cherished poppy of Audrey and Henry."
}