{
    "preview": "saved-designs\/screenshots\/1579735117003.jpg",
    "product_name": "Bronze Plaque - Maroon - Flat Back",
    "design_stampid": "1579735117003",
    "design_price": 1448.8800000000001091393642127513885498046875,
    "design_productid": "5",
    "design_orientation": "undefined",
    "design_shape": "Square",
    "design_texture": "src\/bronzes\/phoenix\/l\/09.jpg",
    "design_width": "500",
    "design_height": "300",
    "design_name": "Bronze Plaque  Maroon  Flat Back",
    "ml_language": "English",
    "ml_style": "Bronze",
    "ml_type": "Plaque",
    "ml_motif": "Horses",
    "ml_tags": "IN LOVING MEMORY OF 17.01.1959   -   20.12.2019 Eiki tali 'eku kole 'Oku fai he houa ni! Tafi 'eku hia ke mole, Teuteu au ki hevani. SAAME 23:6 Pea ko \u2018eku nofo \u2018i he fale \u2018o Sihova \u2018E fai p\u0113 \u2018o lauikuonga. T\u0101 \u2018e toupili mai \u2018a e lelei mo e \u2018alo\u2018ofa \u2018I hoku ngaahi \u2018aho kotoa, Katalina Avila Felise Tauelangi SHE LIVES WITHIN OUR HEARTS & WILL FOREVER MORE"
}