{
    "preview": "saved-designs\/screenshots\/1580439557202.jpg",
    "product_name": "Square",
    "design_stampid": "1580439557202",
    "design_price": 201.979999999999989768184605054557323455810546875,
    "design_productid": "9",
    "design_orientation": "undefined",
    "design_shape": "Square",
    "design_texture": "src\/granites\/forever2\/l\/18.jpg",
    "design_width": "175",
    "design_height": "125",
    "design_name": "Square",
    "ml_language": "English",
    "ml_style": "Laser Etched Black Granite",
    "ml_type": "Pet Plaque",
    "ml_motif": "Birds",
    "ml_tags": "CITIZENSHIP TREE Donated by Jagdeep (Jay) Gill to thank Ridgehaven for her work sponsorship. Jay worked as an EN from 2015 - 2019"
}