{
    "preview": "saved-designs\/screenshots\/1581320954067.jpg",
    "product_name": "Square",
    "design_stampid": "1581320954067",
    "design_price": 411.970000000000027284841053187847137451171875,
    "design_productid": "30",
    "design_orientation": "undefined",
    "design_shape": "Square",
    "design_texture": "src\/granites\/forever2\/l\/18.jpg",
    "design_width": "320",
    "design_height": "150",
    "design_name": "Square",
    "ml_language": "English",
    "ml_style": "Laser Etched Black Granite",
    "ml_type": "Plaque",
    "ml_motif": "Birds",
    "ml_tags": "In Loving Memory Of Frederick Arthur Marshall August 1 1963~September 2 2000 Age 37 Friend Loved Son, Father, Brother  & Forever Young     Forever Loved"
}