{
    "preview": "saved-designs\/screenshots\/1579746033450.jpg",
    "product_name": "Bronze Plaque - Dark Brown - Lugs with Studs",
    "design_stampid": "1579746033450",
    "design_price": 286,
    "design_productid": "5",
    "design_orientation": "undefined",
    "design_shape": "Bronze Plaque",
    "design_texture": "src\/bronzes\/phoenix\/l\/04.jpg",
    "design_width": "100",
    "design_height": "60",
    "design_name": "Bronze Plaque  Dark Brown  Lugs with Studs",
    "ml_language": "English",
    "ml_style": "Bronze",
    "ml_type": "Plaque",
    "ml_motif": "World Animals",
    "ml_tags": "dfgfdgdfgdfg"
}