{
    "preview": "saved-designs\/screenshots\/1579780273114.jpg",
    "product_name": "Headstone 18",
    "design_stampid": "1579780273114",
    "design_price": 1382.34999999999990905052982270717620849609375,
    "design_productid": "4",
    "design_orientation": "undefined",
    "design_shape": "Headstone 18",
    "design_texture": "src\/granites\/forever2\/l\/18.jpg",
    "design_width": "390",
    "design_height": "600",
    "design_name": "Headstone 18",
    "ml_language": "English",
    "ml_style": "Laser Etched Black Granite",
    "ml_type": "Headstone",
    "ml_motif": "USA",
    "ml_tags": "Alex Tuck Yow Yik Of Endless Time July 21, 1944 - Oct 18, 2005 Dry your tears Behold The Garden Doctor - father - son - brother - friend   Kind & Courageous Soul"
}