{
    "preview": "saved-designs\/screenshots\/1578286822621.jpg",
    "product_name": "Headstone 27",
    "design_stampid": "1578286822621",
    "design_price": 1396.339999999999918145476840436458587646484375,
    "design_productid": "124",
    "design_orientation": "undefined",
    "design_shape": "Headstone 32",
    "design_texture": "src\/granites\/forever2\/l\/Sandstone-TILE-900-X-900.jpg",
    "design_width": "600",
    "design_height": "680",
    "design_name": "Headstone 27",
    "ml_language": "English",
    "ml_style": "Traditional Engraved Granite",
    "ml_type": "Headstone",
    "ml_motif": "Hearts",
    "ml_tags": "ADELINO DAS NEVES OLIVEIRA MARIA INES OLIVEIRA DECEASED 03\/06\/2019 FOREVER IN OUR HEARTS DECEASED 02\/02\/2016 IN LOVING MEMORY OF"
}