{
    "preview": "saved-designs\/screenshots\/1579435422491.jpg",
    "product_name": "Bronze Plaque - Navy Blue - Lugs with Studs",
    "design_stampid": "1579435422491",
    "design_price": 717.259999999999990905052982270717620849609375,
    "design_productid": "5",
    "design_orientation": "undefined",
    "design_shape": "Square",
    "design_texture": "src\/bronzes\/phoenix\/l\/10.jpg",
    "design_width": "310",
    "design_height": "170",
    "design_name": "Bronze Plaque  Navy Blue  Lugs with Studs",
    "ml_language": "English",
    "ml_style": "Bronze",
    "ml_type": "Plaque",
    "ml_motif": "Religious",
    "ml_tags": "RESTING PEACEFULLY IN GOD'S CARE Of In Loving Memory FAMILY AND FRIENDS Fondly Remembered By 25.11.1963 - 28.12.2019 Randell Alphonsus De Rozario"
}