{
    "preview": "saved-designs\/screenshots\/1579661334959.jpg",
    "product_name": "Bronze Plaque - Dark Brown - Lugs with Studs",
    "design_stampid": "1579661334959",
    "design_price": 380,
    "design_productid": "5",
    "design_orientation": "undefined",
    "design_shape": "Square",
    "design_texture": "src\/bronzes\/phoenix\/l\/04.jpg",
    "design_width": "165",
    "design_height": "105",
    "design_name": "Bronze Plaque  Dark Brown  Lugs with Studs",
    "ml_language": "English",
    "ml_style": "Bronze",
    "ml_type": "Plaque",
    "ml_motif": "Flowers",
    "ml_tags": "\u201cHooroo\u201d DAVID FARROW 2019"
}