{
    "preview": "saved-designs\/screenshots\/1579676503768.jpg",
    "product_name": "Bronze Plaque - Dark Brown - Lugs with Studs",
    "design_stampid": "1579676503768",
    "design_price": 749.3799999999999954525264911353588104248046875,
    "design_productid": "5",
    "design_orientation": "undefined",
    "design_shape": "Bronze Plaque",
    "design_texture": "src\/bronzes\/phoenix\/l\/04.jpg",
    "design_width": "300",
    "design_height": "200",
    "design_name": "Bronze Plaque  Dark Brown  Lugs with Studs",
    "ml_language": "English",
    "ml_style": "Bronze",
    "ml_type": "Plaque",
    "ml_motif": "Flowers",
    "ml_tags": "dfgdfgfdgdfgdfgdfg dfgdfgfdgdfgdfgdfg dfgdfgfdgdfgdfgdfg dfgdfgfdgdfgdfgdfg dfgdfgfdgdfgdfgdfg dfgdfgfdgdfgdfgdfg"
}