{
    "preview": "saved-designs\/screenshots\/1583381834996.jpg",
    "product_name": "Bronze Plaque - Dark Green - Lugs with Studs",
    "design_stampid": "1583381834996",
    "design_price": 588.779999999999972715158946812152862548828125,
    "design_productid": "5",
    "design_orientation": "undefined",
    "design_shape": "Square",
    "design_texture": "src\/bronzes\/phoenix\/l\/05.jpg",
    "design_width": "250",
    "design_height": "150",
    "design_name": "Bronze Plaque  Dark Green  Lugs with Studs",
    "ml_language": "English",
    "ml_style": "Bronze",
    "ml_type": "Plaque",
    "ml_motif": "Aquatic",
    "ml_tags": "Jayda Rose In loving memory of Sister, Daughter, Angel 25 January 2020 I Love You Baby Girl I wish we could have had forever together"
}