{
    "preview": "saved-designs\/screenshots\/1581293841853.jpg",
    "product_name": "Rectangle (Landscape)",
    "design_stampid": "1581293841853",
    "design_price": 428.76999999999998181010596454143524169921875,
    "design_productid": "30",
    "design_orientation": "undefined",
    "design_shape": "Square",
    "design_texture": "src\/granites\/forever2\/l\/18.jpg",
    "design_width": "300",
    "design_height": "200",
    "design_name": "Rectangle Landscape",
    "ml_language": "English",
    "ml_style": "Laser Etched Black Granite",
    "ml_type": "Plaque",
    "ml_motif": "Hearts",
    "ml_tags": "20\/09\/1982 - 04\/09\/1986 DARYL JOEL MORRIS Loving Son-Brother to Peter-Grandson-Nephew-Cousin & Friend SADLY MISSED BUT NEVER FORGOTTEN"
}