{
    "preview": "saved-designs\/screenshots\/1580214221341.jpg",
    "product_name": "Cropped Peak",
    "design_stampid": "1580214221341",
    "design_price": 1220.19000000000005456968210637569427490234375,
    "design_productid": "124",
    "design_orientation": "undefined",
    "design_shape": "Cropped Peak",
    "design_texture": "src\/granites\/forever2\/l\/18.jpg",
    "design_width": "600",
    "design_height": "600",
    "design_name": "Cropped Peak",
    "ml_language": "English",
    "ml_style": "Traditional Engraved Granite",
    "ml_type": "Headstone",
    "ml_motif": "Pets",
    "ml_tags": "CHRISTOPHER ALWYN GARLETT 23\/06\/1960 - 13\/08\/2000 Loving husband of Susan Loving Father to Kellie,Jennifer Christopher,Gerald,Joshua & Dwayne Our hearts are full of memories with pride we speak your name Though life goes on with out you it will never be the same"
}