{
    "preview": "saved-designs\/screenshots\/1580281400534.jpg",
    "product_name": "Rectangle (Portrait)",
    "design_stampid": "1580281400534",
    "design_price": 417.56999999999999317878973670303821563720703125,
    "design_productid": "30",
    "design_orientation": "undefined",
    "design_shape": "Square",
    "design_texture": "src\/granites\/forever2\/l\/18.jpg",
    "design_width": "180",
    "design_height": "300",
    "design_name": "Rectangle Portrait",
    "ml_language": "English",
    "ml_style": "Laser Etched Black Granite",
    "ml_type": "Plaque",
    "ml_motif": "Farm Animals",
    "ml_tags": "    29\/05\/2006 16\/01\/2020 you will be greatly missed loved  by everybody Mindaries TOPDOG samson"
}