{
    "preview": "saved-designs\/screenshots\/1579064941813.jpg",
    "product_name": "Headstone 6",
    "design_stampid": "1579064941813",
    "design_price": 1917.220000000000027284841053187847137451171875,
    "design_productid": "4",
    "design_orientation": "undefined",
    "design_shape": "Headstone 6",
    "design_texture": "src\/granites\/forever2\/l\/18.jpg",
    "design_width": "590",
    "design_height": "600",
    "design_name": "Headstone 6",
    "ml_language": "English",
    "ml_style": "Laser Etched Black Granite",
    "ml_type": "Headstone",
    "ml_motif": "Religious",
    "ml_tags": "Loved Brother of Michelle & Tracey O\u2019Brien In Loving Memory OF Nathaniel Dudley 31 Dec 1995 - 8 Nov 2015 Aged 19 Years Cherished Son of Danny & Karen Loving Uncle of Amy, Jack, Sam, Josie, Kloe & Krystal Forever  Loved, Never Forgotten \"Whosoever believeth in Him should not perish, but have eternal life.\" ~ John 3:15 singing with the Angels"
}