{
    "preview": "saved-designs\/screenshots\/1579657368014.jpg",
    "product_name": "Peak",
    "design_stampid": "1579657368014",
    "design_price": 1220.19000000000005456968210637569427490234375,
    "design_productid": "124",
    "design_orientation": "undefined",
    "design_shape": "Peak",
    "design_texture": "src\/granites\/forever2\/l\/18.jpg",
    "design_width": "600",
    "design_height": "600",
    "design_name": "Peak",
    "ml_language": "English",
    "ml_style": "Traditional Engraved Granite",
    "ml_type": "Headstone",
    "ml_motif": "Flowers",
    "ml_tags": "          Geoffrey Allan Susan Gay (Nee Pepper) 00 28.04.1973 Loving Parents of Tanya and Michelle MURRAY 26 April 1950 27 April 2019 17 March 1952 00 Month 00000"
}