{
    "preview": "saved-designs\/screenshots\/1580532805919.jpg",
    "product_name": "Curved Gable",
    "design_stampid": "1580532805919",
    "design_price": 1952.720000000000027284841053187847137451171875,
    "design_productid": "4",
    "design_orientation": "undefined",
    "design_shape": "Curved Gable",
    "design_texture": "src\/granites\/forever2\/l\/18.jpg",
    "design_width": "600",
    "design_height": "600",
    "design_name": "Curved Gable",
    "ml_language": "English",
    "ml_style": "Laser Etched Black Granite",
    "ml_type": "Headstone",
    "ml_motif": "Mythical Animals",
    "ml_tags": "Thunder is the sound of hoofbeats in heaven   Krista Emily batterson     14\/02\/2009 Beloved daughter and sister Forever missed and forever loved"
}