{
    "preview": "saved-designs\/screenshots\/1580506919912.jpg",
    "product_name": "Square",
    "design_stampid": "1580506919912",
    "design_price": 428.76999999999998181010596454143524169921875,
    "design_productid": "30",
    "design_orientation": "undefined",
    "design_shape": "Square",
    "design_texture": "src\/granites\/forever2\/l\/18.jpg",
    "design_width": "300",
    "design_height": "200",
    "design_name": "Square",
    "ml_language": "English",
    "ml_style": "Laser Etched Black Granite",
    "ml_type": "Plaque",
    "ml_motif": "Birds",
    "ml_tags": "Flynn Walter Richards Died 14.11.2019 Beloved Son of Adam & Erin A life that will forever live on in our hearts A memory we will always cherish A life that never will be forgotten Love Mum & Dad \ud83d\udc99\ud83d\udc99"
}