{
    "preview": "saved-designs\/screenshots\/1579854221950.jpg",
    "product_name": "Rectangle (Portrait)",
    "design_stampid": "1579854221950",
    "design_price": 428.76999999999998181010596454143524169921875,
    "design_productid": "30",
    "design_orientation": "undefined",
    "design_shape": "Square",
    "design_texture": "src\/granites\/forever2\/l\/18.jpg",
    "design_width": "200",
    "design_height": "300",
    "design_name": "Rectangle Portrait",
    "ml_language": "English",
    "ml_style": "Laser Etched Black Granite",
    "ml_type": "Plaque",
    "ml_motif": "Vehicles",
    "ml_tags": "MBB 25.02.1988 - 05.11.2019 Dearly Loved By All Ride Hard Catch That Fast Ball and"
}