{
    "preview": "saved-designs\/screenshots\/1578435025715.jpg",
    "product_name": "Curved Top",
    "design_stampid": "1578435025715",
    "design_price": 1220.19000000000005456968210637569427490234375,
    "design_productid": "124",
    "design_orientation": "undefined",
    "design_shape": "Curved Top",
    "design_texture": "src\/granites\/forever2\/l\/17.jpg",
    "design_width": "600",
    "design_height": "600",
    "design_name": "Curved Top",
    "ml_language": "English",
    "ml_style": "Traditional Engraved Granite",
    "ml_type": "Headstone",
    "ml_motif": "Hearts",
    "ml_tags": "Alex JOSEPH-PAULINE Dolores November 30, 1957~January 11, 2019   Your Smile, Laugh & Love will be missed forever! September 1, 1959~ Beloved Father, Husband, Brother, Uncle, Cousin, Friend, Teacher & Coach."
}