{
    "preview": "saved-designs\/screenshots\/1580296608669.jpg",
    "product_name": "Oval (Portrait)",
    "design_stampid": "1580296608669",
    "design_price": 296.83999999999997498889570124447345733642578125,
    "design_productid": "7",
    "design_orientation": "undefined",
    "design_shape": "Oval (Portrait)",
    "design_texture": "src\/ceramic\/l\/01.jpg",
    "design_width": "100",
    "design_height": "130",
    "design_name": "Oval Portrait",
    "ml_language": "English",
    "ml_style": "Bronze",
    "ml_type": "Plaque",
    "ml_motif": "Farm Animals",
    "ml_tags": ""
}