{
    "preview": "saved-designs\/screenshots\/1578872697149.jpg",
    "product_name": "Bronze Plaque - Dark Brown - Screws (visible from front)",
    "design_stampid": "1578872697149",
    "design_price": 1233.329999999999927240423858165740966796875,
    "design_productid": "5",
    "design_orientation": "undefined",
    "design_shape": "Bronze Plaque",
    "design_texture": "src\/bronzes\/phoenix\/l\/04.jpg",
    "design_width": "500",
    "design_height": "220",
    "design_name": "Bronze Plaque  Dark Brown  Screws visible from front",
    "ml_language": "English",
    "ml_style": "Bronze",
    "ml_type": "Plaque",
    "ml_motif": "Religious",
    "ml_tags": "Jacob William Kennedy 1980-2017 Outstanding Artist Forever loved \"I am only sleeping\" Beloved son brother & uncle RIP"
}