{
    "preview": "saved-designs\/screenshots\/1581034025397.jpg",
    "product_name": "Square",
    "design_stampid": "1581034025397",
    "design_price": 256.56000000000000227373675443232059478759765625,
    "design_productid": "9",
    "design_orientation": "undefined",
    "design_shape": "Square",
    "design_texture": "src\/granites\/forever2\/l\/18.jpg",
    "design_width": "300",
    "design_height": "200",
    "design_name": "Square",
    "ml_language": "English",
    "ml_style": "Laser Etched Black Granite",
    "ml_type": "Pet Plaque",
    "ml_motif": "Moon & Stars",
    "ml_tags": "Our Dearest Blue Charlie and Sam Mummy and Daddy will meet you At the Rainbow Bridge just this side of heaven 2016 2007 2020"
}