{
    "preview": "saved-designs\/screenshots\/1579351881277.jpg",
    "product_name": "Headstone 20",
    "design_stampid": "1579351881277",
    "design_price": 853.75,
    "design_productid": "124",
    "design_orientation": "undefined",
    "design_shape": "Headstone 25",
    "design_texture": "src\/granites\/forever2\/l\/White-Carrara-600-x-600.jpg",
    "design_width": "350",
    "design_height": "600",
    "design_name": "Headstone 20",
    "ml_language": "English",
    "ml_style": "Traditional Engraved Granite",
    "ml_type": "Headstone",
    "ml_motif": "Religious",
    "ml_tags": "In Loving Memory Of JEREMIAH TUIPULOTU DOB 08\/06\/2019 Jeremiah 29:11 For I know The Plans I Have For You Declares You And Not To Harm You,   Plans To Give You Hope And A Future,   The Lord. Plans To Prosper"
}