{
    "preview": "saved-designs\/screenshots\/1579709622898.jpg",
    "product_name": "Serpentine",
    "design_stampid": "1579709622898",
    "design_price": 1220.19000000000005456968210637569427490234375,
    "design_productid": "124",
    "design_orientation": "undefined",
    "design_shape": "Serpentine",
    "design_texture": "src\/granites\/forever2\/l\/18.jpg",
    "design_width": "600",
    "design_height": "600",
    "design_name": "Serpentine",
    "ml_language": "English",
    "ml_style": "Traditional Engraved Granite",
    "ml_type": "Headstone",
    "ml_motif": "Horses",
    "ml_tags": "Shanise Annelieje Louise Morunga In Loving Memory of     Partner to Rawiri, Mother to Felcon and Te Mauri and Whanau Love you Forever, Forever Love Beloved and much loved Daughter, Sister, Niece, Cousin 03.03.1991 - 11.03.2018"
}