{
    "product_name": "Square",
    "design_stampid": "1579568874832",
    "design_price": 367.18999999999999772626324556767940521240234375,
    "design_productid": "30",
    "design_orientation": "undefined",
    "design_shape": "Square",
    "design_texture": "src\/granites\/forever2\/l\/18.jpg",
    "design_width": "220",
    "design_height": "170",
    "design_name": "Square",
    "ml_language": "English",
    "ml_style": "Laser Etched Black Granite",
    "ml_type": "Plaque",
    "ml_motif": "Sport & Fitness",
    "ml_tags": "Andrew John Dobson In Loving Memory of You are the best of us Andy We'll always smile when thinking of you. Gone too soon mate xxx A cheeky, loyal, hard working, intelligent and protective son, brother and friend. 15.11.1980 ~ 08.01.2020"
}