{
    "preview": "saved-designs\/screenshots\/1574811748401.jpg",
    "product_name": "Curved Top",
    "design_stampid": "1574811748401",
    "design_price": 2856.17999999999983629095368087291717529296875,
    "design_productid": "124",
    "design_orientation": "undefined",
    "design_shape": "Curved Top",
    "design_texture": "src\/granites\/forever2\/l\/Blue-Pearl-TILE-900-X-900.jpg",
    "design_width": "965",
    "design_height": "978",
    "design_name": "Curved Top",
    "ml_language": "English",
    "ml_style": "Traditional Engraved Granite",
    "ml_type": "Headstone",
    "ml_motif": "Flowers",
    "ml_tags": "BEVAN JOHN UGLE   3 30\/10\/80 TO 02\/11\/2019    L BELOVED FATHER OF BEVAN UGLE (JNR) ISAIAH UGLE JAI UGLE SHAZNAY UGLE JOHNATHAN UGLE LILLIERTH UGLE SHAUN UGLEQ"
}