{
    "preview": "saved-designs\/screenshots\/1578436806381.jpg",
    "product_name": "Bronze Plaque - Black - Screws (visible from front)",
    "design_stampid": "1578436806381",
    "design_price": 749.3799999999999954525264911353588104248046875,
    "design_productid": "5",
    "design_orientation": "undefined",
    "design_shape": "Square",
    "design_texture": "src\/bronzes\/phoenix\/l\/01.jpg",
    "design_width": "300",
    "design_height": "200",
    "design_name": "Bronze Plaque  Black  Screws visible from front",
    "ml_language": "English",
    "ml_style": "Bronze",
    "ml_type": "Plaque",
    "ml_motif": "Religious",
    "ml_tags": "Loving memory of 23-12-1987  -  02-06-2015 Lisa Marie Ryan   Rest in Peace Age 28"
}