{
    "preview": "saved-designs\/screenshots\/1578906417099.jpg",
    "product_name": "Bronze Plaque - Dark Brown - Lugs with Studs",
    "design_stampid": "1578906417099",
    "design_price": 725.2899999999999636202119290828704833984375,
    "design_productid": "5",
    "design_orientation": "undefined",
    "design_shape": "Square",
    "design_texture": "src\/bronzes\/phoenix\/l\/04.jpg",
    "design_width": "228",
    "design_height": "257",
    "design_name": "Bronze Plaque  Dark Brown  Lugs with Studs",
    "ml_language": "English",
    "ml_style": "Bronze",
    "ml_type": "Plaque",
    "ml_motif": "Hearts",
    "ml_tags": "  In loving memery of Neil lindsay sizeland Born 29\/12\/1954 Died 06\/12\/2019 Loving and devoted husband of leeanne     Much loved and respected Brother and grandpa For ever in our hearts"
}