{
    "preview": "saved-designs\/screenshots\/1579581378184.jpg",
    "product_name": "Bronze Plaque - Black - Lugs with Studs",
    "design_stampid": "1579581378184",
    "design_price": 829.6799999999999499777914024889469146728515625,
    "design_productid": "5",
    "design_orientation": "undefined",
    "design_shape": "Bronze Plaque",
    "design_texture": "src\/bronzes\/phoenix\/l\/01.jpg",
    "design_width": "300",
    "design_height": "250",
    "design_name": "Bronze Plaque  Black  Lugs with Studs",
    "ml_language": "English",
    "ml_style": "Bronze",
    "ml_type": "Plaque",
    "ml_motif": "USA",
    "ml_tags": "Ashley (Ash) Beloved Husband Father Step Father In Our Darkest Days In Our Darkest Nights Ash Your Always Be Our Guiding Light Tragically Taken 15-07-2019 In Loving Memory Of Pop Son-Inlaw Cousin Newphen &Brother"
}