{
    "preview": "saved-designs\/screenshots\/1580363265938.jpg",
    "product_name": "Bronze Plaque - Turquoise - Lugs with Studs",
    "design_stampid": "1580363265938",
    "design_price": 749.3799999999999954525264911353588104248046875,
    "design_productid": "5",
    "design_orientation": "undefined",
    "design_shape": "Square",
    "design_texture": "src\/bronzes\/phoenix\/l\/14.jpg",
    "design_width": "300",
    "design_height": "200",
    "design_name": "Bronze Plaque  Turquoise  Lugs with Studs",
    "ml_language": "English",
    "ml_style": "Bronze",
    "ml_type": "Plaque",
    "ml_motif": "Farm Animals",
    "ml_tags": "Zachary Luca Sallese 12\/01\/2006 - 23\/08\/2018 Cherished son of Nick and Dana. Adored grandson, nephew, cousin and friend. Much loved student at Miandetta Primary. \"Zachy\" Dearly loved brother of Ben and Gabriella. Our brave, inspirational, friendly, funny and loving farmer boy now safe in heaven."
}