{
    "preview": "saved-designs\/screenshots\/1578527699253.jpg",
    "product_name": "Bronze Plaque - Brown - Lugs with Studs",
    "design_stampid": "1578527699253",
    "design_price": 588.779999999999972715158946812152862548828125,
    "design_productid": "5",
    "design_orientation": "undefined",
    "design_shape": "Square",
    "design_texture": "src\/bronzes\/phoenix\/l\/02.jpg",
    "design_width": "250",
    "design_height": "150",
    "design_name": "Bronze Plaque  Brown  Lugs with Studs",
    "ml_language": "English",
    "ml_style": "Bronze",
    "ml_type": "Plaque",
    "ml_motif": "Hearts",
    "ml_tags": "George Bunting Cooper Bunting 08\/01\/2006 Loved by Chas and Ebony Bunting"
}