{
    "preview": "saved-designs\/screenshots\/1579780934567.jpg",
    "product_name": "Headstone 35",
    "design_stampid": "1579780934567",
    "design_price": 1398.720000000000027284841053187847137451171875,
    "design_productid": "4",
    "design_orientation": "undefined",
    "design_shape": "Headstone 41",
    "design_texture": "src\/granites\/forever2\/l\/18.jpg",
    "design_width": "400",
    "design_height": "600",
    "design_name": "Headstone 35",
    "ml_language": "English",
    "ml_style": "Laser Etched Black Granite",
    "ml_type": "Headstone",
    "ml_motif": "USA",
    "ml_tags": "Of Endless Time July 21, 1944 - Oct 18, 2005 Dry your tears Behold The Garden Doctor - father - son - brother - friend Alex Tuck Yow Yik"
}