{
    "preview": "saved-designs\/screenshots\/1578542740985.jpg",
    "product_name": "Curved Gable",
    "design_stampid": "1578542740985",
    "design_price": 1952.720000000000027284841053187847137451171875,
    "design_productid": "4",
    "design_orientation": "undefined",
    "design_shape": "Curved Gable",
    "design_texture": "src\/granites\/forever2\/l\/18.jpg",
    "design_width": "600",
    "design_height": "600",
    "design_name": "Curved Gable",
    "ml_language": "English",
    "ml_style": "Laser Etched Black Granite",
    "ml_type": "Headstone",
    "ml_motif": "Hearts",
    "ml_tags": "George & Vasiliki Mitsakis Our beloved Father, Mother and Grandparents Herein lies asleep awaiting the Resurrection Born Amarynthos Eubeoa 15th November 1935 Departed Sydney 25th October 2018 Aged 83 Faithful and Humble Servant of God A Woman of Great Dignity   Vasiliki Mitsakis Age 83 and a deep Faith In Christ George Mitsakis   Born in Leuctra Boetia   10th May 1935   Departed Sydney 14th September 2014   Aged 79   Faithful and Humble Servant of God A gentleman with a heart of Gold   Blessed are the pure in heart for they shall see God  "
}