{
    "preview": "saved-designs\/screenshots\/1583380479924.jpg",
    "product_name": "Bronze Plaque - Dark Green - Lugs with Studs",
    "design_stampid": "1583380479924",
    "design_price": 749.3799999999999954525264911353588104248046875,
    "design_productid": "5",
    "design_orientation": "undefined",
    "design_shape": "Square",
    "design_texture": "src\/bronzes\/phoenix\/l\/05.jpg",
    "design_width": "300",
    "design_height": "200",
    "design_name": "Bronze Plaque  Dark Green  Lugs with Studs",
    "ml_language": "English",
    "ml_style": "Bronze",
    "ml_type": "Plaque",
    "ml_motif": "Islander",
    "ml_tags": "Jayda Rose I wish we could of had forever together my beautiful girl   In loving memory of Sister, Daughter, Angel I love you baby girl 25 Jan 2020"
}