{
    "preview": "saved-designs\/screenshots\/1580854723839.jpg",
    "product_name": "Bronze Plaque - Dark Brown - Lugs with Studs",
    "design_stampid": "1580854723839",
    "design_price": 609.6599999999999681676854379475116729736328125,
    "design_productid": "5",
    "design_orientation": "undefined",
    "design_shape": "Square",
    "design_texture": "src\/bronzes\/phoenix\/l\/04.jpg",
    "design_width": "229",
    "design_height": "184",
    "design_name": "Bronze Plaque  Dark Brown  Lugs with Studs",
    "ml_language": "English",
    "ml_style": "Bronze",
    "ml_type": "Plaque",
    "ml_motif": "Hearts",
    "ml_tags": "In Loving Memory of 21.09.1941 - 14.01.2020 Amazing person to Jeanette, Chebb and Mick We're Danes - We deal with it! Barry Arthur Ross"
}