{
    "preview": "saved-designs\/screenshots\/1580616255547.jpg",
    "product_name": "Serpentine",
    "design_stampid": "1580616255547",
    "design_price": 3727.920000000000072759576141834259033203125,
    "design_productid": "4",
    "design_orientation": "undefined",
    "design_shape": "Serpentine",
    "design_texture": "src\/granites\/forever2\/l\/18.jpg",
    "design_width": "850",
    "design_height": "850",
    "design_name": "Serpentine",
    "ml_language": "English",
    "ml_style": "Laser Etched Black Granite",
    "ml_type": "Headstone",
    "ml_motif": "Religious",
    "ml_tags": "In Loving Memory Of Jamie Brian Taylor 3.9.1973 - 16.3.2004 Beloved son of Anne and Brian Brother of Danial and Kylie Grandad of Seth and Charlotte Beloved Son of Anne and Brian Father of Sarah, Uncle of Kiara Brother of Jamie and Kylie Uncle of Sarah and Kiara Great Uncle to Seth and Charlotte   Uncle of Kiara Danial Charles Taylor 18.4.1976 -7.1.2020"
}