{
    "preview": "saved-designs\/screenshots\/1580347617736.jpg",
    "product_name": "Bronze Plaque - Dark Brown - Lugs with Studs",
    "design_stampid": "1580347617736",
    "design_price": 717.259999999999990905052982270717620849609375,
    "design_productid": "5",
    "design_orientation": "undefined",
    "design_shape": "Square",
    "design_texture": "src\/bronzes\/phoenix\/l\/04.jpg",
    "design_width": "300",
    "design_height": "180",
    "design_name": "Bronze Plaque  Dark Brown  Lugs with Studs",
    "ml_language": "English",
    "ml_style": "Bronze",
    "ml_type": "Plaque",
    "ml_motif": "Farm Animals",
    "ml_tags": "In Loving Memory of Joan Clarke (Anderson) 29\/07\/1927 - 13\/09\/2017 18\/07\/1927 - 11\/03\/2019 Denys Andreleon Lennox Clarke Susan Virginia Tony beloved wife of"
}