{
    "preview": "saved-designs\/screenshots\/1579079628899.jpg",
    "product_name": "Bronze Plaque - Black - Lugs with Studs",
    "design_stampid": "1579079628899",
    "design_price": 749.3799999999999954525264911353588104248046875,
    "design_productid": "5",
    "design_orientation": "undefined",
    "design_shape": "Square",
    "design_texture": "src\/bronzes\/phoenix\/l\/01.jpg",
    "design_width": "200",
    "design_height": "300",
    "design_name": "Bronze Plaque  Black  Lugs with Studs",
    "ml_language": "English",
    "ml_style": "Laser Etched Black Granite",
    "ml_type": "Plaque",
    "ml_motif": "Islander",
    "ml_tags": "Tanya Maree Gavralas In loving memory of An irreplaceable lady who will be forever missed Treasured sister of Mark Basil and Annette Cherished daughter of Kiira and Tyler Adored mother of and soulmate of Gabrielle Dearly loved wife, best friend 30.01.1966 - 20.03.2019"
}