{
    "preview": "saved-designs\/screenshots\/1578901979098.jpg",
    "product_name": "Square",
    "design_stampid": "1578901979098",
    "design_price": 428.76999999999998181010596454143524169921875,
    "design_productid": "30",
    "design_orientation": "undefined",
    "design_shape": "Square",
    "design_texture": "src\/granites\/forever2\/l\/18.jpg",
    "design_width": "300",
    "design_height": "200",
    "design_name": "Square",
    "ml_language": "English",
    "ml_style": "Laser Etched Black Granite",
    "ml_type": "Plaque",
    "ml_motif": "Hearts",
    "ml_tags": "George Franklin Friday D.O.B 16-01-1954 Called to Eternal Rest 17-06-2019 The Lord is me Shepard; I shall not want He makes me lay down in green pastures He leads me beside still waters He restores my soul He leads me in paths of righteousness For his name's sake King George Beloved husband father and grandfather"
}