{
    "preview": "saved-designs\/screenshots\/1578902003700.jpg",
    "product_name": "Rectangle",
    "design_stampid": "1578902003700",
    "design_price": 2475.6199999999998908606357872486114501953125,
    "design_productid": "2350",
    "design_orientation": "undefined",
    "design_shape": "Urn Rectangle",
    "design_texture": "src\/backgrounds\/colors\/l\/08.jpg",
    "design_width": "200",
    "design_height": "270",
    "design_name": "Rectangle",
    "ml_language": "English",
    "ml_style": "Stainless Steel",
    "ml_type": "Urn",
    "ml_motif": "Hearts",
    "ml_tags": "Mark 'Arras' Arrahill  "
}