{
    "preview": "saved-designs\/screenshots\/1580634381539.jpg",
    "product_name": "Square",
    "design_stampid": "1580634381539",
    "design_price": 1952.720000000000027284841053187847137451171875,
    "design_productid": "4",
    "design_orientation": "undefined",
    "design_shape": "Rectangle",
    "design_texture": "src\/granites\/forever2\/l\/18.jpg",
    "design_width": "600",
    "design_height": "600",
    "design_name": "Square",
    "ml_language": "English",
    "ml_style": "Traditional Engraved Granite",
    "ml_type": "Headstone",
    "ml_motif": "Hearts",
    "ml_tags": "Maxwell Gillespie Elaine Gillespie Gillespie"
}