{
    "preview": "saved-designs\/screenshots\/1580299294352.jpg",
    "product_name": "Serpentine",
    "design_stampid": "1580299294352",
    "design_price": 1952.720000000000027284841053187847137451171875,
    "design_productid": "4",
    "design_orientation": "undefined",
    "design_shape": "Serpentine",
    "design_texture": "src\/granites\/forever2\/l\/18.jpg",
    "design_width": "600",
    "design_height": "600",
    "design_name": "Serpentine",
    "ml_language": "English",
    "ml_style": "Laser Etched Black Granite",
    "ml_type": "Headstone",
    "ml_motif": "Farm Animals",
    "ml_tags": "In Loving Memory Of Jamie Brian Taylor Danial Charles Taylor   3.9.1973 - 16.3.2004 18.4.1979 -7.1.2020     Beloved son of Anne and Brian Brother of Danial and Kylie Grandad of Seth and Charlotte   Beloved Son of Anne and Brian     Father of Sarah   Brother of Jamie and Kylie Uncle of Sarah and Kiara Great Uncle of Seth and Charlotte  "
}