{
    "preview": "saved-designs\/screenshots\/1578994241008.jpg",
    "product_name": "Bronze Plaque - Black - Lugs with Studs",
    "design_stampid": "1578994241008",
    "design_price": 749.3799999999999954525264911353588104248046875,
    "design_productid": "5",
    "design_orientation": "undefined",
    "design_shape": "Bronze Plaque",
    "design_texture": "src\/bronzes\/phoenix\/l\/01.jpg",
    "design_width": "300",
    "design_height": "200",
    "design_name": "Bronze Plaque  Black  Lugs with Studs",
    "ml_language": "English",
    "ml_style": "Bronze",
    "ml_type": "Plaque",
    "ml_motif": "Religious",
    "ml_tags": "In Loving Memory of Kevin Henson 1945 - 2016 Resting in the Arms of God Our Memories of You will be Treasured Forever Until We Meed Again Beloved Husband, Father and Grandfather"
}