{
    "preview": "saved-designs\/screenshots\/1579584872602.jpg",
    "product_name": "Rectangle (Landscape)",
    "design_stampid": "1579584872602",
    "design_price": 350.3899999999999863575794734060764312744140625,
    "design_productid": "30",
    "design_orientation": "undefined",
    "design_shape": "Square",
    "design_texture": "src\/granites\/forever2\/l\/18.jpg",
    "design_width": "210",
    "design_height": "150",
    "design_name": "Rectangle Landscape",
    "ml_language": "English",
    "ml_style": "Laser Etched Black Granite",
    "ml_type": "Plaque",
    "ml_motif": "Flowers",
    "ml_tags": "In memory of our friend Ally"
}