{
    "preview": "saved-designs\/screenshots\/1579836273940.jpg",
    "product_name": "Bronze Plaque - Black - Screws (visible from front)",
    "design_stampid": "1579836273940",
    "design_price": 845.740000000000009094947017729282379150390625,
    "design_productid": "5",
    "design_orientation": "undefined",
    "design_shape": "Bronze Plaque",
    "design_texture": "src\/bronzes\/phoenix\/l\/01.jpg",
    "design_width": "310",
    "design_height": "250",
    "design_name": "Bronze Plaque  Black  Screws visible from front",
    "ml_language": "English",
    "ml_style": "Bronze",
    "ml_type": "Plaque",
    "ml_motif": "USA",
    "ml_tags": "Beloved Husband Father Step Father In Our Darkest Nights Ash Your Always Be Tragically Taken 15-07-2019 In Loving Memory Of Pop Son-Inlaw Cousin Newphen &Brother Ashley 'Ash' 'In Our Darkest Days Our Guiding Light'"
}