{
    "preview": "saved-designs\/screenshots\/1580704425137.jpg",
    "product_name": "Left Wave",
    "design_stampid": "1580704425137",
    "design_price": 450.04000000000002046363078989088535308837890625,
    "design_productid": "22",
    "design_orientation": "undefined",
    "design_shape": "Left Wave",
    "design_texture": "src\/granites\/forever2\/l\/18.jpg",
    "design_width": "200",
    "design_height": "300",
    "design_name": "Left Wave",
    "ml_language": "English",
    "ml_style": "Laser Etched Black Granite",
    "ml_type": "Mini Headstone",
    "ml_motif": "Hearts",
    "ml_tags": "Heather Judith Taylor    "
}