{
    "preview": "saved-designs\/screenshots\/1581313049949.jpg",
    "product_name": "Headstone 32",
    "design_stampid": "1581313049949",
    "design_price": 2026.069999999999936335370875895023345947265625,
    "design_productid": "124",
    "design_orientation": "undefined",
    "design_shape": "Headstone 32",
    "design_texture": "src\/granites\/forever2\/l\/Sandstone-TILE-900-X-900.jpg",
    "design_width": "743",
    "design_height": "823",
    "design_name": "Headstone 32",
    "ml_language": "English",
    "ml_style": "Traditional Engraved Granite",
    "ml_type": "Headstone",
    "ml_motif": "Hearts",
    "ml_tags": "IN LOVING MEMORY OF ADELINO DAS NEVES OLIVEIRA 30\/11\/1932 to 02\/02\/2016 MARIA INES OLIVERIA PARENTS, GRANDPARENTS AND GREAT GRANDPARENTS FOREVER IN OUR HEARTS 20\/04\/1932 to 03\/06\/2019"
}