{
    "preview": "saved-designs\/screenshots\/1579671302377.jpg",
    "product_name": "Bronze Plaque - Dark Brown - Lugs with Studs",
    "design_stampid": "1579671302377",
    "design_price": 936.94000000000005456968210637569427490234375,
    "design_productid": "5",
    "design_orientation": "undefined",
    "design_shape": "Bronze Plaque",
    "design_texture": "src\/bronzes\/phoenix\/l\/04.jpg",
    "design_width": "380",
    "design_height": "230",
    "design_name": "Bronze Plaque  Dark Brown  Lugs with Studs",
    "ml_language": "English",
    "ml_style": "Bronze",
    "ml_type": "Plaque",
    "ml_motif": "Flowers",
    "ml_tags": "JANICE KAYE BOLST   26.2.1952 - 16.11.2019       Beloved wife of Bob   of Dale, Bradley & Nicole   Devoted Nanna to nine Grandchildren Never Forgotten In God\u2019s Care Cherished Mum Of"
}