{
    "preview": "saved-designs\/screenshots\/1580512263174.jpg",
    "product_name": "Curved Gable",
    "design_stampid": "1580512263174",
    "design_price": 3056.88999999999987267074175179004669189453125,
    "design_productid": "4",
    "design_orientation": "undefined",
    "design_shape": "Curved Gable",
    "design_texture": "src\/granites\/forever2\/l\/18.jpg",
    "design_width": "903",
    "design_height": "608",
    "design_name": "Curved Gable",
    "ml_language": "English",
    "ml_style": "Laser Etched Black Granite",
    "ml_type": "Headstone",
    "ml_motif": "Birds",
    "ml_tags": "THORNTON 5-7-1936 \u2014 7-9-2019   In Loving Memory Of Beloved Wife of Graham Loving Mother And Father of Karen Tony Debbie Sharmaine Precious Parents,Parent In-laws,Grandparent Great Grandparents and Great Great Grandparents Your Memory lives in our Hearts Forever in our Minds 22-12-1938 \u2014   June Lorraine Graham Bruce Beloved Husband of June"
}