{
    "preview": "saved-designs\/screenshots\/1580825596707.jpg",
    "product_name": "Bronze Plaque - Dark Brown - Screws (visible from front)",
    "design_stampid": "1580825596707",
    "design_price": 328.73000000000001818989403545856475830078125,
    "design_productid": "5",
    "design_orientation": "undefined",
    "design_shape": "Square",
    "design_texture": "src\/bronzes\/phoenix\/l\/04.jpg",
    "design_width": "150",
    "design_height": "60",
    "design_name": "Bronze Plaque  Dark Brown  Screws visible from front",
    "ml_language": "English",
    "ml_style": "Bronze",
    "ml_type": "Plaque",
    "ml_motif": "Hearts",
    "ml_tags": "CORRIECRAVIE of THE CORRIES DONALD & BETTY CRAIG Placed Here to Remember Enjoy This Bench"
}