{
    "preview": "saved-designs\/screenshots\/1579838166072.jpg",
    "product_name": "Rectangle (Landscape)",
    "design_stampid": "1579838166072",
    "design_price": 428.76999999999998181010596454143524169921875,
    "design_productid": "30",
    "design_orientation": "undefined",
    "design_shape": "Square",
    "design_texture": "src\/granites\/forever2\/l\/18.jpg",
    "design_width": "300",
    "design_height": "200",
    "design_name": "Rectangle Landscape",
    "ml_language": "English",
    "ml_style": "Laser Etched Black Granite",
    "ml_type": "Plaque",
    "ml_motif": "Flowers",
    "ml_tags": "Love Always Aged 47 In Loving Memory Of Michelle Louise Billington Your Children Beloved Mother, Grandmother, Family Member & Friend 08\/08\/1971-14\/06\/2019"
}