[
  {
    "id": "1706019739702",
    "img": "https://www.forevershining.com.au/design/saved-designs/screenshots/2024/01/1706019739702.jpg",
    "title": "Full Color Plaque"
  },
  {
    "id": "1706017662574",
    "img": "https://www.forevershining.com.au/design/saved-designs/screenshots/2024/01/1706017662574.jpg",
    "title": "Full Color Plaque"
  },
  {
    "id": "1675893662129",
    "img": "https://www.forevershining.com.au/design/saved-designs/screenshots/2023/02/1675893662129.jpg",
    "title": "Full Color Plaque"
  },
  {
    "id": "1675865472331",
    "img": "https://www.forevershining.com.au/design/saved-designs/screenshots/2023/02/1675865472331.jpg",
    "title": "Full Color Plaque"
  },
  {
    "id": "1672917779398",
    "img": "https://www.forevershining.com.au/design/saved-designs/screenshots/2023/01/1672917779398.jpg",
    "title": "Full Color Plaque"
  },
  {
    "id": "1667404204794",
    "img": "https://www.forevershining.com.au/design/saved-designs/screenshots/2022/11/1667404204794.jpg",
    "title": "Full Color Plaque"
  },
  {
    "id": "1667299607655",
    "img": "https://www.forevershining.com.au/design/saved-designs/screenshots/2022/11/1667299607655.jpg",
    "title": "Full Color Plaque"
  },
  {
    "id": "1654592075155",
    "img": "https://www.forevershining.com.au/design/saved-designs/screenshots/2022/06/1654592075155.jpg",
    "title": "Full Color Plaque"
  },
  {
    "id": "1652771521826",
    "img": "https://www.forevershining.com.au/design/saved-designs/screenshots/2022/05/1652771521826.jpg",
    "title": "Full Color Plaque"
  },
  {
    "id": "1652755624945",
    "img": "https://www.forevershining.com.au/design/saved-designs/screenshots/2022/05/1652755624945.jpg",
    "title": "Full Color Plaque"
  }
]