[
  {
    "id": "1678973144489",
    "img": "https://www.forevershining.com.au/design/saved-designs/screenshots/2023/03/1678973144489.jpg",
    "title": "Stainless Steel Plaque"
  },
  {
    "id": "1678970726979",
    "img": "https://www.forevershining.com.au/design/saved-designs/screenshots/2023/03/1678970726979.jpg",
    "title": "Stainless Steel Plaque"
  },
  {
    "id": "1671554460945",
    "img": "https://www.forevershining.com.au/design/saved-designs/screenshots/2022/12/1671554460945.jpg",
    "title": "Stainless Steel Plaque"
  }
]