[
  {
    "id": "1699590317302",
    "img": "https://www.forevershining.com.au/design/saved-designs/screenshots/2023/11/1699590317302.jpg",
    "title": "Traditional Engraved Granite Plaque"
  },
  {
    "id": "1676938257982",
    "img": "https://www.forevershining.com.au/design/saved-designs/screenshots/2023/02/1676938257982.jpg",
    "title": "Traditional Engraved Granite Plaque"
  },
  {
    "id": "1668507393721",
    "img": "https://www.forevershining.com.au/design/saved-designs/screenshots/2022/11/1668507393721.jpg",
    "title": "Traditional Engraved Granite Plaque"
  },
  {
    "id": "1627593072618",
    "img": "https://www.forevershining.com.au/design/saved-designs/screenshots/2021/07/1627593072618.jpg",
    "title": "Traditional Engraved Granite Plaque"
  },
  {
    "id": "1627532819493",
    "img": "https://www.forevershining.com.au/design/saved-designs/screenshots/2021/07/1627532819493.jpg",
    "title": "Traditional Engraved Granite Plaque"
  },
  {
    "id": "1624430859598",
    "img": "https://www.forevershining.com.au/design/saved-designs/screenshots/2021/06/1624430859598.jpg",
    "title": "Traditional Engraved Granite Plaque"
  },
  {
    "id": "1624430272669",
    "img": "https://www.forevershining.com.au/design/saved-designs/screenshots/2021/06/1624430272669.jpg",
    "title": "Traditional Engraved Granite Plaque"
  },
  {
    "id": "1624423692789",
    "img": "https://www.forevershining.com.au/design/saved-designs/screenshots/2021/06/1624423692789.jpg",
    "title": "Traditional Engraved Granite Plaque"
  },
  {
    "id": "1624423966484",
    "img": "https://www.forevershining.com.au/design/saved-designs/screenshots/2021/06/1624423966484.jpg",
    "title": "Traditional Engraved Granite Plaque"
  },
  {
    "id": "1624378191050",
    "img": "https://www.forevershining.com.au/design/saved-designs/screenshots/2021/06/1624378191050.jpg",
    "title": "Traditional Engraved Granite Plaque"
  },
  {
    "id": "1624261145741",
    "img": "https://www.forevershining.com.au/design/saved-designs/screenshots/2021/06/1624261145741.jpg",
    "title": "Traditional Engraved Granite Plaque"
  },
  {
    "id": "1623857309783",
    "img": "https://www.forevershining.com.au/design/saved-designs/screenshots/2021/06/1623857309783.jpg",
    "title": "Traditional Engraved Granite Plaque"
  },
  {
    "id": "1607238999160",
    "img": "https://www.forevershining.com.au/design/saved-designs/screenshots/2020/12/1607238999160.jpg",
    "title": "Traditional Engraved Granite Plaque"
  },
  {
    "id": "1605870736451",
    "img": "https://www.forevershining.com.au/design/saved-designs/screenshots/2020/11/1605870736451.jpg",
    "title": "Traditional Engraved Granite Plaque"
  },
  {
    "id": "1605716429498",
    "img": "https://www.forevershining.com.au/design/saved-designs/screenshots/2020/11/1605716429498.jpg",
    "title": "Traditional Engraved Granite Plaque"
  },
  {
    "id": "1605708468927",
    "img": "https://www.forevershining.com.au/design/saved-designs/screenshots/2020/11/1605708468927.jpg",
    "title": "Traditional Engraved Granite Plaque"
  },
  {
    "id": "1604124994966",
    "img": "https://www.forevershining.com.au/design/saved-designs/screenshots/2020/10/1604124994966.jpg",
    "title": "Traditional Engraved Granite Plaque"
  },
  {
    "id": "1604123584673",
    "img": "https://www.forevershining.com.au/design/saved-designs/screenshots/2020/10/1604123584673.jpg",
    "title": "Traditional Engraved Granite Plaque"
  },
  {
    "id": "1604018488430",
    "img": "https://www.forevershining.com.au/design/saved-designs/screenshots/2020/10/1604018488430.jpg",
    "title": "Traditional Engraved Granite Plaque"
  }
]