[
  {
    "id": "1718684767655",
    "img": "https://www.forevershining.com.au/design/saved-designs/screenshots/2024/06/1718684767655.jpg",
    "title": "Stainless Steel Plaque"
  },
  {
    "id": "1712055591503",
    "img": "https://www.forevershining.com.au/design/saved-designs/screenshots/2024/04/1712055591503.jpg",
    "title": "Stainless Steel Plaque"
  },
  {
    "id": "1712054117003",
    "img": "https://www.forevershining.com.au/design/saved-designs/screenshots/2024/04/1712054117003.jpg",
    "title": "Stainless Steel Plaque"
  },
  {
    "id": "1712049282602",
    "img": "https://www.forevershining.com.au/design/saved-designs/screenshots/2024/04/1712049282602.jpg",
    "title": "Stainless Steel Plaque"
  },
  {
    "id": "1683078179866",
    "img": "https://www.forevershining.com.au/design/saved-designs/screenshots/2023/05/1683078179866.jpg",
    "title": "Stainless Steel Plaque"
  },
  {
    "id": "1678701628255",
    "img": "https://www.forevershining.com.au/design/saved-designs/screenshots/2023/03/1678701628255.jpg",
    "title": "Stainless Steel Plaque"
  },
  {
    "id": "1677477504100",
    "img": "https://www.forevershining.com.au/design/saved-designs/screenshots/2023/02/1677477504100.jpg",
    "title": "Stainless Steel Plaque"
  },
  {
    "id": "1677474410099",
    "img": "https://www.forevershining.com.au/design/saved-designs/screenshots/2023/02/1677474410099.jpg",
    "title": "Stainless Steel Plaque"
  },
  {
    "id": "1677469225281",
    "img": "https://www.forevershining.com.au/design/saved-designs/screenshots/2023/02/1677469225281.jpg",
    "title": "Stainless Steel Plaque"
  },
  {
    "id": "1673488982429",
    "img": "https://www.forevershining.com.au/design/saved-designs/screenshots/2023/01/1673488982429.jpg",
    "title": "Stainless Steel Plaque"
  },
  {
    "id": "1627191056616",
    "img": "https://www.forevershining.com.au/design/saved-designs/screenshots/2021/07/1627191056616.jpg",
    "title": "Stainless Steel Plaque"
  },
  {
    "id": "1627187624506",
    "img": "https://www.forevershining.com.au/design/saved-designs/screenshots/2021/07/1627187624506.jpg",
    "title": "Stainless Steel Plaque"
  },
  {
    "id": "1627185619069",
    "img": "https://www.forevershining.com.au/design/saved-designs/screenshots/2021/07/1627185619069.jpg",
    "title": "Stainless Steel Plaque"
  },
  {
    "id": "1627170222952",
    "img": "https://www.forevershining.com.au/design/saved-designs/screenshots/2021/07/1627170222952.jpg",
    "title": "Stainless Steel Plaque"
  }
]