[
  {
    "id": "1719216350785",
    "img": "https://www.forevershining.com.au/design/saved-designs/screenshots/2024/06/1719216350785.jpg",
    "title": "Bronze Plaque"
  },
  {
    "id": "1707950168200",
    "img": "https://www.forevershining.com.au/design/saved-designs/screenshots/2024/02/1707950168200.jpg",
    "title": "Bronze Plaque"
  },
  {
    "id": "1705374184960",
    "img": "https://www.forevershining.com.au/design/saved-designs/screenshots/2024/01/1705374184960.jpg",
    "title": "Bronze Plaque"
  },
  {
    "id": "1693787679616",
    "img": "https://www.forevershining.com.au/design/saved-designs/screenshots/2023/09/1693787679616.jpg",
    "title": "Bronze Plaque"
  },
  {
    "id": "1693786579294",
    "img": "https://www.forevershining.com.au/design/saved-designs/screenshots/2023/09/1693786579294.jpg",
    "title": "Bronze Plaque"
  },
  {
    "id": "1690712760584",
    "img": "https://www.forevershining.com.au/design/saved-designs/screenshots/2023/07/1690712760584.jpg",
    "title": "Bronze Plaque"
  },
  {
    "id": "1715745846463",
    "img": "https://www.forevershining.com.au/design/saved-designs/screenshots/2024/05/1715745846463.jpg",
    "title": "Bronze Plaque"
  },
  {
    "id": "1715744186524",
    "img": "https://www.forevershining.com.au/design/saved-designs/screenshots/2024/05/1715744186524.jpg",
    "title": "Bronze Plaque"
  },
  {
    "id": "1715130473686",
    "img": "https://www.forevershining.com.au/design/saved-designs/screenshots/2024/05/1715130473686.jpg",
    "title": "Bronze Plaque"
  },
  {
    "id": "1715130284983",
    "img": "https://www.forevershining.com.au/design/saved-designs/screenshots/2024/05/1715130284983.jpg",
    "title": "Bronze Plaque"
  },
  {
    "id": "1689403582512",
    "img": "https://www.forevershining.com.au/design/saved-designs/screenshots/2023/07/1689403582512.jpg",
    "title": "Bronze Plaque"
  },
  {
    "id": "1689401003119",
    "img": "https://www.forevershining.com.au/design/saved-designs/screenshots/2023/07/1689401003119.jpg",
    "title": "Bronze Plaque"
  },
  {
    "id": "1685919471385",
    "img": "https://www.forevershining.com.au/design/saved-designs/screenshots/2023/06/1685919471385.jpg",
    "title": "Bronze Plaque"
  },
  {
    "id": "1685840886073",
    "img": "https://www.forevershining.com.au/design/saved-designs/screenshots/2023/06/1685840886073.jpg",
    "title": "Bronze Plaque"
  },
  {
    "id": "1685844914166",
    "img": "https://www.forevershining.com.au/design/saved-designs/screenshots/2023/06/1685844914166.jpg",
    "title": "Bronze Plaque"
  },
  {
    "id": "1685836272356",
    "img": "https://www.forevershining.com.au/design/saved-designs/screenshots/2023/06/1685836272356.jpg",
    "title": "Bronze Plaque"
  },
  {
    "id": "1685834380044",
    "img": "https://www.forevershining.com.au/design/saved-designs/screenshots/2023/06/1685834380044.jpg",
    "title": "Bronze Plaque"
  },
  {
    "id": "1685831861632",
    "img": "https://www.forevershining.com.au/design/saved-designs/screenshots/2023/06/1685831861632.jpg",
    "title": "Bronze Plaque"
  },
  {
    "id": "1685778187872",
    "img": "https://www.forevershining.com.au/design/saved-designs/screenshots/2023/06/1685778187872.jpg",
    "title": "Bronze Plaque"
  },
  {
    "id": "1685778088304",
    "img": "https://www.forevershining.com.au/design/saved-designs/screenshots/2023/06/1685778088304.jpg",
    "title": "Bronze Plaque"
  },
  {
    "id": "1678875579024",
    "img": "https://www.forevershining.com.au/design/saved-designs/screenshots/2023/03/1678875579024.jpg",
    "title": "Bronze Plaque"
  },
  {
    "id": "1678872215554",
    "img": "https://www.forevershining.com.au/design/saved-designs/screenshots/2023/03/1678872215554.jpg",
    "title": "Bronze Plaque"
  },
  {
    "id": "1678862528798",
    "img": "https://www.forevershining.com.au/design/saved-designs/screenshots/2023/03/1678862528798.jpg",
    "title": "Bronze Plaque"
  },
  {
    "id": "1678684933438",
    "img": "https://www.forevershining.com.au/design/saved-designs/screenshots/2023/03/1678684933438.jpg",
    "title": "Bronze Plaque"
  },
  {
    "id": "1678684621222",
    "img": "https://www.forevershining.com.au/design/saved-designs/screenshots/2023/03/1678684621222.jpg",
    "title": "Bronze Plaque"
  },
  {
    "id": "1678682988951",
    "img": "https://www.forevershining.com.au/design/saved-designs/screenshots/2023/03/1678682988951.jpg",
    "title": "Bronze Plaque"
  },
  {
    "id": "1678678430868",
    "img": "https://www.forevershining.com.au/design/saved-designs/screenshots/2023/03/1678678430868.jpg",
    "title": "Bronze Plaque"
  },
  {
    "id": "1677053385524",
    "img": "https://www.forevershining.com.au/design/saved-designs/screenshots/2023/02/1677053385524.jpg",
    "title": "Bronze Plaque"
  },
  {
    "id": "1666576354671",
    "img": "https://www.forevershining.com.au/design/saved-designs/screenshots/2022/10/1666576354671.jpg",
    "title": "Bronze Plaque"
  },
  {
    "id": "1666575526000",
    "img": "https://www.forevershining.com.au/design/saved-designs/screenshots/2022/10/1666575526000.jpg",
    "title": "Bronze Plaque"
  },
  {
    "id": "1666575522135",
    "img": "https://www.forevershining.com.au/design/saved-designs/screenshots/2022/10/1666575522135.jpg",
    "title": "Bronze Plaque"
  },
  {
    "id": "1666575480858",
    "img": "https://www.forevershining.com.au/design/saved-designs/screenshots/2022/10/1666575480858.jpg",
    "title": "Bronze Plaque"
  },
  {
    "id": "1666420442254",
    "img": "https://www.forevershining.com.au/design/saved-designs/screenshots/2022/10/1666420442254.jpg",
    "title": "Bronze Plaque"
  },
  {
    "id": "1665723350734",
    "img": "https://www.forevershining.com.au/design/saved-designs/screenshots/2022/10/1665723350734.jpg",
    "title": "Bronze Plaque"
  },
  {
    "id": "1665722619463",
    "img": "https://www.forevershining.com.au/design/saved-designs/screenshots/2022/10/1665722619463.jpg",
    "title": "Bronze Plaque"
  },
  {
    "id": "1657779056901",
    "img": "https://www.forevershining.com.au/design/saved-designs/screenshots/2022/07/1657779056901.jpg",
    "title": "Bronze Plaque"
  },
  {
    "id": "1657778583542",
    "img": "https://www.forevershining.com.au/design/saved-designs/screenshots/2022/07/1657778583542.jpg",
    "title": "Bronze Plaque"
  },
  {
    "id": "1642651022453",
    "img": "https://www.forevershining.com.au/design/saved-designs/screenshots/2022/01/1642651022453.jpg",
    "title": "Bronze Plaque"
  },
  {
    "id": "1642648550611",
    "img": "https://www.forevershining.com.au/design/saved-designs/screenshots/2022/01/1642648550611.jpg",
    "title": "Bronze Plaque"
  },
  {
    "id": "1642566460053",
    "img": "https://www.forevershining.com.au/design/saved-designs/screenshots/2022/01/1642566460053.jpg",
    "title": "Bronze Plaque"
  },
  {
    "id": "1620872712441",
    "img": "https://www.forevershining.com.au/design/saved-designs/screenshots/2021/05/1620872712441.jpg",
    "title": "Bronze Plaque"
  },
  {
    "id": "1620802521295",
    "img": "https://www.forevershining.com.au/design/saved-designs/screenshots/2021/05/1620802521295.jpg",
    "title": "Bronze Plaque"
  },
  {
    "id": "1619403091728",
    "img": "https://www.forevershining.com.au/design/saved-designs/screenshots/2021/04/1619403091728.jpg",
    "title": "Bronze Plaque"
  },
  {
    "id": "1619283260692",
    "img": "https://www.forevershining.com.au/design/saved-designs/screenshots/2021/04/1619283260692.jpg",
    "title": "Bronze Plaque"
  },
  {
    "id": "1617072209774",
    "img": "https://www.forevershining.com.au/design/saved-designs/screenshots/2021/03/1617072209774.jpg",
    "title": "Bronze Plaque"
  },
  {
    "id": "1616740576238",
    "img": "https://www.forevershining.com.au/design/saved-designs/screenshots/2021/03/1616740576238.jpg",
    "title": "Bronze Plaque"
  },
  {
    "id": "1615886010247",
    "img": "https://www.forevershining.com.au/design/saved-designs/screenshots/2021/03/1615886010247.jpg",
    "title": "Bronze Plaque"
  },
  {
    "id": "1615882527843",
    "img": "https://www.forevershining.com.au/design/saved-designs/screenshots/2021/03/1615882527843.jpg",
    "title": "Bronze Plaque"
  },
  {
    "id": "1615873033965",
    "img": "https://www.forevershining.com.au/design/saved-designs/screenshots/2021/03/1615873033965.jpg",
    "title": "Bronze Plaque"
  },
  {
    "id": "1615867041351",
    "img": "https://www.forevershining.com.au/design/saved-designs/screenshots/2021/03/1615867041351.jpg",
    "title": "Bronze Plaque"
  },
  {
    "id": "1615865211323",
    "img": "https://www.forevershining.com.au/design/saved-designs/screenshots/2021/03/1615865211323.jpg",
    "title": "Bronze Plaque"
  },
  {
    "id": "1615860402360",
    "img": "https://www.forevershining.com.au/design/saved-designs/screenshots/2021/03/1615860402360.jpg",
    "title": "Bronze Plaque"
  },
  {
    "id": "1615860040899",
    "img": "https://www.forevershining.com.au/design/saved-designs/screenshots/2021/03/1615860040899.jpg",
    "title": "Bronze Plaque"
  },
  {
    "id": "1615856808667",
    "img": "https://www.forevershining.com.au/design/saved-designs/screenshots/2021/03/1615856808667.jpg",
    "title": "Bronze Plaque"
  },
  {
    "id": "1615815986810",
    "img": "https://www.forevershining.com.au/design/saved-designs/screenshots/2021/03/1615815986810.jpg",
    "title": "Bronze Plaque"
  },
  {
    "id": "1615815320789",
    "img": "https://www.forevershining.com.au/design/saved-designs/screenshots/2021/03/1615815320789.jpg",
    "title": "Bronze Plaque"
  },
  {
    "id": "1615811169183",
    "img": "https://www.forevershining.com.au/design/saved-designs/screenshots/2021/03/1615811169183.jpg",
    "title": "Bronze Plaque"
  },
  {
    "id": "1615285156915",
    "img": "https://www.forevershining.com.au/design/saved-designs/screenshots/2021/03/1615285156915.jpg",
    "title": "Bronze Plaque"
  },
  {
    "id": "1615282758582",
    "img": "https://www.forevershining.com.au/design/saved-designs/screenshots/2021/03/1615282758582.jpg",
    "title": "Bronze Plaque"
  },
  {
    "id": "1615280192549",
    "img": "https://www.forevershining.com.au/design/saved-designs/screenshots/2021/03/1615280192549.jpg",
    "title": "Bronze Plaque"
  },
  {
    "id": "1615279383182",
    "img": "https://www.forevershining.com.au/design/saved-designs/screenshots/2021/03/1615279383182.jpg",
    "title": "Bronze Plaque"
  },
  {
    "id": "1614244383622",
    "img": "https://www.forevershining.com.au/design/saved-designs/screenshots/2021/02/1614244383622.jpg",
    "title": "Bronze Plaque"
  },
  {
    "id": "1614245608547",
    "img": "https://www.forevershining.com.au/design/saved-designs/screenshots/2021/02/1614245608547.jpg",
    "title": "Bronze Plaque"
  },
  {
    "id": "1614240165801",
    "img": "https://www.forevershining.com.au/design/saved-designs/screenshots/2021/02/1614240165801.jpg",
    "title": "Bronze Plaque"
  },
  {
    "id": "1614234980434",
    "img": "https://www.forevershining.com.au/design/saved-designs/screenshots/2021/02/1614234980434.jpg",
    "title": "Bronze Plaque"
  },
  {
    "id": "1614192501461",
    "img": "https://www.forevershining.com.au/design/saved-designs/screenshots/2021/02/1614192501461.jpg",
    "title": "Bronze Plaque"
  },
  {
    "id": "1614173623717",
    "img": "https://www.forevershining.com.au/design/saved-designs/screenshots/2021/02/1614173623717.jpg",
    "title": "Bronze Plaque"
  },
  {
    "id": "1614168780450",
    "img": "https://www.forevershining.com.au/design/saved-designs/screenshots/2021/02/1614168780450.jpg",
    "title": "Bronze Plaque"
  },
  {
    "id": "1614165066765",
    "img": "https://www.forevershining.com.au/design/saved-designs/screenshots/2021/02/1614165066765.jpg",
    "title": "Bronze Plaque"
  },
  {
    "id": "1614137982709",
    "img": "https://www.forevershining.com.au/design/saved-designs/screenshots/2021/02/1614137982709.jpg",
    "title": "Bronze Plaque"
  },
  {
    "id": "1614137253094",
    "img": "https://www.forevershining.com.au/design/saved-designs/screenshots/2021/02/1614137253094.jpg",
    "title": "Bronze Plaque"
  },
  {
    "id": "1614136072097",
    "img": "https://www.forevershining.com.au/design/saved-designs/screenshots/2021/02/1614136072097.jpg",
    "title": "Bronze Plaque"
  },
  {
    "id": "1610028746537",
    "img": "https://www.forevershining.com.au/design/saved-designs/screenshots/2021/01/1610028746537.jpg",
    "title": "Bronze Plaque"
  },
  {
    "id": "1609756772795",
    "img": "https://www.forevershining.com.au/design/saved-designs/screenshots/2021/01/1609756772795.jpg",
    "title": "Bronze Plaque"
  },
  {
    "id": "1609732984812",
    "img": "https://www.forevershining.com.au/design/saved-designs/screenshots/2021/01/1609732984812.jpg",
    "title": "Bronze Plaque"
  },
  {
    "id": "1607818696244",
    "img": "https://www.forevershining.com.au/design/saved-designs/screenshots/2020/12/1607818696244.jpg",
    "title": "Bronze Plaque"
  },
  {
    "id": "1607767138860",
    "img": "https://www.forevershining.com.au/design/saved-designs/screenshots/2020/12/1607767138860.jpg",
    "title": "Bronze Plaque"
  },
  {
    "id": "1607766849195",
    "img": "https://www.forevershining.com.au/design/saved-designs/screenshots/2020/12/1607766849195.jpg",
    "title": "Bronze Plaque"
  },
  {
    "id": "1607765857994",
    "img": "https://www.forevershining.com.au/design/saved-designs/screenshots/2020/12/1607765857994.jpg",
    "title": "Bronze Plaque"
  },
  {
    "id": "1607743013538",
    "img": "https://www.forevershining.com.au/design/saved-designs/screenshots/2020/12/1607743013538.jpg",
    "title": "Bronze Plaque"
  },
  {
    "id": "1607742075403",
    "img": "https://www.forevershining.com.au/design/saved-designs/screenshots/2020/12/1607742075403.jpg",
    "title": "Bronze Plaque"
  },
  {
    "id": "1606800861190",
    "img": "https://www.forevershining.com.au/design/saved-designs/screenshots/2020/12/1606800861190.jpg",
    "title": "Bronze Plaque"
  },
  {
    "id": "1606792625566",
    "img": "https://www.forevershining.com.au/design/saved-designs/screenshots/2020/12/1606792625566.jpg",
    "title": "Bronze Plaque"
  },
  {
    "id": "1606791122937",
    "img": "https://www.forevershining.com.au/design/saved-designs/screenshots/2020/12/1606791122937.jpg",
    "title": "Bronze Plaque"
  },
  {
    "id": "1606761448958",
    "img": "https://www.forevershining.com.au/design/saved-designs/screenshots/2020/11/1606761448958.jpg",
    "title": "Bronze Plaque"
  },
  {
    "id": "1606736715645",
    "img": "https://www.forevershining.com.au/design/saved-designs/screenshots/2020/11/1606736715645.jpg",
    "title": "Bronze Plaque"
  },
  {
    "id": "1598850678168",
    "img": "https://www.forevershining.com.au/design/saved-designs/screenshots/2020/08/1598850678168.jpg",
    "title": "Bronze Plaque"
  },
  {
    "id": "1595136553198",
    "img": "https://www.forevershining.com.au/design/saved-designs/screenshots/2020/07/1595136553198.jpg",
    "title": "Bronze Plaque"
  },
  {
    "id": "1591662452676",
    "img": "https://www.forevershining.com.au/design/saved-designs/screenshots/1591662452676.jpg",
    "title": "Bronze Plaque"
  },
  {
    "id": "1591661788979",
    "img": "https://www.forevershining.com.au/design/saved-designs/screenshots/1591661788979.jpg",
    "title": "Bronze Plaque"
  },
  {
    "id": "1584220132510",
    "img": "https://www.forevershining.com.au/design/saved-designs/screenshots/1584220132510.jpg",
    "title": "Bronze Plaque"
  },
  {
    "id": "1629747087648",
    "img": "https://www.forevershining.com.au/design/saved-designs/screenshots/2021/08/1629747087648.jpg",
    "title": "Bronze Plaque"
  },
  {
    "id": "1629746703978",
    "img": "https://www.forevershining.com.au/design/saved-designs/screenshots/2021/08/1629746703978.jpg",
    "title": "Bronze Plaque"
  }
]