[
  {
    "id": "1692427976583",
    "img": "https://www.forevershining.com.au/design/saved-designs/screenshots/2023/08/1692427976583.jpg",
    "title": "Full Color Plaque"
  },
  {
    "id": "1687826914591",
    "img": "https://www.forevershining.com.au/design/saved-designs/screenshots/2023/06/1687826914591.jpg",
    "title": "Full Color Plaque"
  },
  {
    "id": "1687823980739",
    "img": "https://www.forevershining.com.au/design/saved-designs/screenshots/2023/06/1687823980739.jpg",
    "title": "Full Color Plaque"
  },
  {
    "id": "1687817391360",
    "img": "https://www.forevershining.com.au/design/saved-designs/screenshots/2023/06/1687817391360.jpg",
    "title": "Full Color Plaque"
  },
  {
    "id": "1687749956694",
    "img": "https://www.forevershining.com.au/design/saved-designs/screenshots/2023/06/1687749956694.jpg",
    "title": "Full Color Plaque"
  },
  {
    "id": "1673339190555",
    "img": "https://www.forevershining.com.au/design/saved-designs/screenshots/2023/01/1673339190555.jpg",
    "title": "Full Color Plaque"
  },
  {
    "id": "1651404193941",
    "img": "https://www.forevershining.com.au/design/saved-designs/screenshots/2022/05/1651404193941.jpg",
    "title": "Full Color Plaque"
  },
  {
    "id": "1649817608588",
    "img": "https://www.forevershining.com.au/design/saved-designs/screenshots/2022/04/1649817608588.jpg",
    "title": "Full Color Plaque"
  },
  {
    "id": "1649817017691",
    "img": "https://www.forevershining.com.au/design/saved-designs/screenshots/2022/04/1649817017691.jpg",
    "title": "Full Color Plaque"
  }
]