[
  {
    "id": "1671006690463",
    "img": "https://www.forevershining.com.au/design/saved-designs/screenshots/2022/12/1671006690463.jpg",
    "title": "Traditional Engraved Granite Plaque"
  },
  {
    "id": "1608494734275",
    "img": "https://www.forevershining.com.au/design/saved-designs/screenshots/2020/12/1608494734275.jpg",
    "title": "Traditional Engraved Granite Plaque"
  },
  {
    "id": "1608490299575",
    "img": "https://www.forevershining.com.au/design/saved-designs/screenshots/2020/12/1608490299575.jpg",
    "title": "Traditional Engraved Granite Plaque"
  },
  {
    "id": "1587634506238",
    "img": "https://www.forevershining.com.au/design/saved-designs/screenshots/1587634506238.jpg",
    "title": "Traditional Engraved Granite Plaque"
  }
]