[
  {
    "id": "1678092892810",
    "img": "https://www.forevershining.com.au/design/saved-designs/screenshots/2023/03/1678092892810.jpg",
    "title": "Laser Etched Black Granite Plaque"
  },
  {
    "id": "1675258929850",
    "img": "https://www.forevershining.com.au/design/saved-designs/screenshots/2023/02/1675258929850.jpg",
    "title": "Laser Etched Black Granite Plaque"
  },
  {
    "id": "1675255268000",
    "img": "https://www.forevershining.com.au/design/saved-designs/screenshots/2023/02/1675255268000.jpg",
    "title": "Laser Etched Black Granite Plaque"
  },
  {
    "id": "1668138490126",
    "img": "https://www.forevershining.com.au/design/saved-designs/screenshots/2022/11/1668138490126.jpg",
    "title": "Laser Etched Black Granite Plaque"
  },
  {
    "id": "1600603072791",
    "img": "https://www.forevershining.com.au/design/saved-designs/screenshots/2020/09/1600603072791.jpg",
    "title": "Laser Etched Black Granite Plaque"
  },
  {
    "id": "1588646014387",
    "img": "https://www.forevershining.com.au/design/saved-designs/screenshots/1588646014387.jpg",
    "title": "Laser Etched Black Granite Plaque"
  },
  {
    "id": "1588641801410",
    "img": "https://www.forevershining.com.au/design/saved-designs/screenshots/1588641801410.jpg",
    "title": "Laser Etched Black Granite Plaque"
  }
]