[
  {
    "id": "1672238933951",
    "img": "https://www.forevershining.com.au/design/saved-designs/screenshots/2022/12/1672238933951.jpg",
    "title": "Bronze Plaque"
  },
  {
    "id": "1665460468713",
    "img": "https://www.forevershining.com.au/design/saved-designs/screenshots/2022/10/1665460468713.jpg",
    "title": "Bronze Plaque"
  },
  {
    "id": "1665460407095",
    "img": "https://www.forevershining.com.au/design/saved-designs/screenshots/2022/10/1665460407095.jpg",
    "title": "Bronze Plaque"
  },
  {
    "id": "1665460333752",
    "img": "https://www.forevershining.com.au/design/saved-designs/screenshots/2022/10/1665460333752.jpg",
    "title": "Bronze Plaque"
  },
  {
    "id": "1665460241279",
    "img": "https://www.forevershining.com.au/design/saved-designs/screenshots/2022/10/1665460241279.jpg",
    "title": "Bronze Plaque"
  },
  {
    "id": "1665459609438",
    "img": "https://www.forevershining.com.au/design/saved-designs/screenshots/2022/10/1665459609438.jpg",
    "title": "Bronze Plaque"
  }
]