[
  {
    "id": "1697103346328",
    "img": "https://www.forevershining.com.au/design/saved-designs/screenshots/2023/10/1697103346328.jpg",
    "title": "Laser Etched Black Granite Plaque"
  },
  {
    "id": "1697099245526",
    "img": "https://www.forevershining.com.au/design/saved-designs/screenshots/2023/10/1697099245526.jpg",
    "title": "Laser Etched Black Granite Plaque"
  },
  {
    "id": "1653451258153",
    "img": "https://www.forevershining.com.au/design/saved-designs/screenshots/2022/05/1653451258153.jpg",
    "title": "Laser Etched Black Granite Plaque"
  },
  {
    "id": "1653449591579",
    "img": "https://www.forevershining.com.au/design/saved-designs/screenshots/2022/05/1653449591579.jpg",
    "title": "Laser Etched Black Granite Plaque"
  },
  {
    "id": "1653444895563",
    "img": "https://www.forevershining.com.au/design/saved-designs/screenshots/2022/05/1653444895563.jpg",
    "title": "Laser Etched Black Granite Plaque"
  },
  {
    "id": "1646726501436",
    "img": "https://www.forevershining.com.au/design/saved-designs/screenshots/2022/03/1646726501436.jpg",
    "title": "Laser Etched Black Granite Plaque"
  },
  {
    "id": "1645522850669",
    "img": "https://www.forevershining.com.au/design/saved-designs/screenshots/2022/02/1645522850669.jpg",
    "title": "Laser Etched Black Granite Plaque"
  },
  {
    "id": "1637444879537",
    "img": "https://www.forevershining.com.au/design/saved-designs/screenshots/2021/11/1637444879537.jpg",
    "title": "Laser Etched Black Granite Plaque"
  },
  {
    "id": "1637444813891",
    "img": "https://www.forevershining.com.au/design/saved-designs/screenshots/2021/11/1637444813891.jpg",
    "title": "Laser Etched Black Granite Plaque"
  },
  {
    "id": "1637444733389",
    "img": "https://www.forevershining.com.au/design/saved-designs/screenshots/2021/11/1637444733389.jpg",
    "title": "Laser Etched Black Granite Plaque"
  },
  {
    "id": "1637444122413",
    "img": "https://www.forevershining.com.au/design/saved-designs/screenshots/2021/11/1637444122413.jpg",
    "title": "Laser Etched Black Granite Plaque"
  },
  {
    "id": "1637443997206",
    "img": "https://www.forevershining.com.au/design/saved-designs/screenshots/2021/11/1637443997206.jpg",
    "title": "Laser Etched Black Granite Plaque"
  },
  {
    "id": "1637438036070",
    "img": "https://www.forevershining.com.au/design/saved-designs/screenshots/2021/11/1637438036070.jpg",
    "title": "Laser Etched Black Granite Plaque"
  },
  {
    "id": "1637437840258",
    "img": "https://www.forevershining.com.au/design/saved-designs/screenshots/2021/11/1637437840258.jpg",
    "title": "Laser Etched Black Granite Plaque"
  },
  {
    "id": "1637436958410",
    "img": "https://www.forevershining.com.au/design/saved-designs/screenshots/2021/11/1637436958410.jpg",
    "title": "Laser Etched Black Granite Plaque"
  },
  {
    "id": "1637223667625",
    "img": "https://www.forevershining.com.au/design/saved-designs/screenshots/2021/11/1637223667625.jpg",
    "title": "Laser Etched Black Granite Plaque"
  },
  {
    "id": "1628180129831",
    "img": "https://www.forevershining.com.au/design/saved-designs/screenshots/2021/08/1628180129831.jpg",
    "title": "Laser Etched Black Granite Plaque"
  },
  {
    "id": "1628137128385",
    "img": "https://www.forevershining.com.au/design/saved-designs/screenshots/2021/08/1628137128385.jpg",
    "title": "Laser Etched Black Granite Plaque"
  },
  {
    "id": "1628130886034",
    "img": "https://www.forevershining.com.au/design/saved-designs/screenshots/2021/08/1628130886034.jpg",
    "title": "Laser Etched Black Granite Plaque"
  },
  {
    "id": "1628129560421",
    "img": "https://www.forevershining.com.au/design/saved-designs/screenshots/2021/08/1628129560421.jpg",
    "title": "Laser Etched Black Granite Plaque"
  },
  {
    "id": "1623854365550",
    "img": "https://www.forevershining.com.au/design/saved-designs/screenshots/2021/06/1623854365550.jpg",
    "title": "Laser Etched Black Granite Plaque"
  },
  {
    "id": "1605210620969",
    "img": "https://www.forevershining.com.au/design/saved-designs/screenshots/2020/11/1605210620969.jpg",
    "title": "Laser Etched Black Granite Plaque"
  },
  {
    "id": "1605161138216",
    "img": "https://www.forevershining.com.au/design/saved-designs/screenshots/2020/11/1605161138216.jpg",
    "title": "Laser Etched Black Granite Plaque"
  },
  {
    "id": "1598056459042",
    "img": "https://www.forevershining.com.au/design/saved-designs/screenshots/2020/08/1598056459042.jpg",
    "title": "Laser Etched Black Granite Plaque"
  }
]