[
  {
    "id": "1706024639828",
    "img": "https://www.forevershining.com.au/design/saved-designs/screenshots/2024/01/1706024639828.jpg",
    "title": "Traditional Engraved Granite Plaque"
  },
  {
    "id": "1693883779420",
    "img": "https://www.forevershining.com.au/design/saved-designs/screenshots/2023/09/1693883779420.jpg",
    "title": "Traditional Engraved Granite Plaque"
  },
  {
    "id": "1693883678946",
    "img": "https://www.forevershining.com.au/design/saved-designs/screenshots/2023/09/1693883678946.jpg",
    "title": "Traditional Engraved Granite Plaque"
  },
  {
    "id": "1692939376731",
    "img": "https://www.forevershining.com.au/design/saved-designs/screenshots/2023/08/1692939376731.jpg",
    "title": "Traditional Engraved Granite Plaque"
  },
  {
    "id": "1692939326130",
    "img": "https://www.forevershining.com.au/design/saved-designs/screenshots/2023/08/1692939326130.jpg",
    "title": "Traditional Engraved Granite Plaque"
  },
  {
    "id": "1692939297377",
    "img": "https://www.forevershining.com.au/design/saved-designs/screenshots/2023/08/1692939297377.jpg",
    "title": "Traditional Engraved Granite Plaque"
  },
  {
    "id": "1692938297370",
    "img": "https://www.forevershining.com.au/design/saved-designs/screenshots/2023/08/1692938297370.jpg",
    "title": "Traditional Engraved Granite Plaque"
  },
  {
    "id": "1692938160287",
    "img": "https://www.forevershining.com.au/design/saved-designs/screenshots/2023/08/1692938160287.jpg",
    "title": "Traditional Engraved Granite Plaque"
  },
  {
    "id": "1692938081262",
    "img": "https://www.forevershining.com.au/design/saved-designs/screenshots/2023/08/1692938081262.jpg",
    "title": "Traditional Engraved Granite Plaque"
  },
  {
    "id": "1692937993540",
    "img": "https://www.forevershining.com.au/design/saved-designs/screenshots/2023/08/1692937993540.jpg",
    "title": "Traditional Engraved Granite Plaque"
  },
  {
    "id": "1674611724895",
    "img": "https://www.forevershining.com.au/design/saved-designs/screenshots/2023/01/1674611724895.jpg",
    "title": "Traditional Engraved Granite Plaque"
  },
  {
    "id": "1664494195947",
    "img": "https://www.forevershining.com.au/design/saved-designs/screenshots/2022/10/1664494195947.jpg",
    "title": "Traditional Engraved Granite Plaque"
  },
  {
    "id": "1665369999905",
    "img": "https://www.forevershining.com.au/design/saved-designs/screenshots/2022/10/1665369999905.jpg",
    "title": "Traditional Engraved Granite Plaque"
  },
  {
    "id": "1665370838619",
    "img": "https://www.forevershining.com.au/design/saved-designs/screenshots/2022/10/1665370838619.jpg",
    "title": "Traditional Engraved Granite Plaque"
  },
  {
    "id": "1663687519773",
    "img": "https://www.forevershining.com.au/design/saved-designs/screenshots/2022/09/1663687519773.jpg",
    "title": "Traditional Engraved Granite Plaque"
  },
  {
    "id": "1645244130920",
    "img": "https://www.forevershining.com.au/design/saved-designs/screenshots/2022/02/1645244130920.jpg",
    "title": "Traditional Engraved Granite Plaque"
  },
  {
    "id": "1620704935835",
    "img": "https://www.forevershining.com.au/design/saved-designs/screenshots/2021/05/1620704935835.jpg",
    "title": "Traditional Engraved Granite Plaque"
  },
  {
    "id": "1616985377359",
    "img": "https://www.forevershining.com.au/design/saved-designs/screenshots/2021/03/1616985377359.jpg",
    "title": "Traditional Engraved Granite Plaque"
  },
  {
    "id": "1616925172136",
    "img": "https://www.forevershining.com.au/design/saved-designs/screenshots/2021/03/1616925172136.jpg",
    "title": "Traditional Engraved Granite Plaque"
  },
  {
    "id": "1611672441144",
    "img": "https://www.forevershining.com.au/design/saved-designs/screenshots/2021/01/1611672441144.jpg",
    "title": "Traditional Engraved Granite Plaque"
  },
  {
    "id": "1598316070773",
    "img": "https://www.forevershining.com.au/design/saved-designs/screenshots/2020/08/1598316070773.jpg",
    "title": "Traditional Engraved Granite Plaque"
  }
]