[
  {
    "id": "1704165449390",
    "img": "https://www.forevershining.com.au/design/saved-designs/screenshots/2024/01/1704165449390.jpg",
    "title": "Full Color Plaque"
  },
  {
    "id": "1704161330141",
    "img": "https://www.forevershining.com.au/design/saved-designs/screenshots/2024/01/1704161330141.jpg",
    "title": "Full Color Plaque"
  },
  {
    "id": "1681803509945",
    "img": "https://www.forevershining.com.au/design/saved-designs/screenshots/2023/04/1681803509945.jpg",
    "title": "Full Color Plaque"
  },
  {
    "id": "1674331384618",
    "img": "https://www.forevershining.com.au/design/saved-designs/screenshots/2023/01/1674331384618.jpg",
    "title": "Full Color Plaque"
  },
  {
    "id": "1673848927225",
    "img": "https://www.forevershining.com.au/design/saved-designs/screenshots/2023/01/1673848927225.jpg",
    "title": "Full Color Plaque"
  },
  {
    "id": "1673300687155",
    "img": "https://www.forevershining.com.au/design/saved-designs/screenshots/2023/01/1673300687155.jpg",
    "title": "Full Color Plaque"
  },
  {
    "id": "1673214009697",
    "img": "https://www.forevershining.com.au/design/saved-designs/screenshots/2023/01/1673214009697.jpg",
    "title": "Full Color Plaque"
  },
  {
    "id": "1673213672468",
    "img": "https://www.forevershining.com.au/design/saved-designs/screenshots/2023/01/1673213672468.jpg",
    "title": "Full Color Plaque"
  },
  {
    "id": "1670498994538",
    "img": "https://www.forevershining.com.au/design/saved-designs/screenshots/2022/12/1670498994538.jpg",
    "title": "Full Color Plaque"
  },
  {
    "id": "1658372162624",
    "img": "https://www.forevershining.com.au/design/saved-designs/screenshots/2022/07/1658372162624.jpg",
    "title": "Full Color Plaque"
  },
  {
    "id": "1652629654386",
    "img": "https://www.forevershining.com.au/design/saved-designs/screenshots/2022/05/1652629654386.jpg",
    "title": "Full Color Plaque"
  },
  {
    "id": "1652505289933",
    "img": "https://www.forevershining.com.au/design/saved-designs/screenshots/2022/05/1652505289933.jpg",
    "title": "Full Color Plaque"
  },
  {
    "id": "1632306932518",
    "img": "https://www.forevershining.com.au/design/saved-designs/screenshots/2021/09/1632306932518.jpg",
    "title": "Full Color Plaque"
  },
  {
    "id": "1632305726992",
    "img": "https://www.forevershining.com.au/design/saved-designs/screenshots/2021/09/1632305726992.jpg",
    "title": "Full Color Plaque"
  }
]