[
  {
    "id": "1711256259244",
    "img": "https://www.forevershining.com.au/design/saved-designs/screenshots/2024/03/1711256259244.jpg",
    "title": "Full Color Plaque"
  },
  {
    "id": "1643848292843",
    "img": "https://www.forevershining.com.au/design/saved-designs/screenshots/2022/02/1643848292843.jpg",
    "title": "Full Color Plaque"
  },
  {
    "id": "1627448360755",
    "img": "https://www.forevershining.com.au/design/saved-designs/screenshots/2021/07/1627448360755.jpg",
    "title": "Full Color Plaque"
  },
  {
    "id": "1714798643148",
    "img": "https://www.forevershining.com.au/design/saved-designs/screenshots/2024/05/1714798643148.jpg",
    "title": "Full Color Plaque"
  },
  {
    "id": "1714798366080",
    "img": "https://www.forevershining.com.au/design/saved-designs/screenshots/2024/05/1714798366080.jpg",
    "title": "Full Color Plaque"
  },
  {
    "id": "1714797049340",
    "img": "https://www.forevershining.com.au/design/saved-designs/screenshots/2024/05/1714797049340.jpg",
    "title": "Full Color Plaque"
  }
]