[
  {
    "id": "1700911968822",
    "img": "https://www.forevershining.com.au/design/saved-designs/screenshots/2023/11/1700911968822.jpg",
    "title": "Laser Etched Black Granite Plaque"
  },
  {
    "id": "1697708184646",
    "img": "https://www.forevershining.com.au/design/saved-designs/screenshots/2023/10/1697708184646.jpg",
    "title": "Laser Etched Black Granite Plaque"
  },
  {
    "id": "1695472498874",
    "img": "https://www.forevershining.com.au/design/saved-designs/screenshots/2023/09/1695472498874.jpg",
    "title": "Laser Etched Black Granite Plaque"
  },
  {
    "id": "1695472326977",
    "img": "https://www.forevershining.com.au/design/saved-designs/screenshots/2023/09/1695472326977.jpg",
    "title": "Laser Etched Black Granite Plaque"
  },
  {
    "id": "1695470077263",
    "img": "https://www.forevershining.com.au/design/saved-designs/screenshots/2023/09/1695470077263.jpg",
    "title": "Laser Etched Black Granite Plaque"
  },
  {
    "id": "1695447344495",
    "img": "https://www.forevershining.com.au/design/saved-designs/screenshots/2023/09/1695447344495.jpg",
    "title": "Laser Etched Black Granite Plaque"
  },
  {
    "id": "1695427992136",
    "img": "https://www.forevershining.com.au/design/saved-designs/screenshots/2023/09/1695427992136.jpg",
    "title": "Laser Etched Black Granite Plaque"
  },
  {
    "id": "1695366920614",
    "img": "https://www.forevershining.com.au/design/saved-designs/screenshots/2023/09/1695366920614.jpg",
    "title": "Laser Etched Black Granite Plaque"
  },
  {
    "id": "1695358770602",
    "img": "https://www.forevershining.com.au/design/saved-designs/screenshots/2023/09/1695358770602.jpg",
    "title": "Laser Etched Black Granite Plaque"
  },
  {
    "id": "1678414762515",
    "img": "https://www.forevershining.com.au/design/saved-designs/screenshots/2023/03/1678414762515.jpg",
    "title": "Laser Etched Black Granite Plaque"
  },
  {
    "id": "1675315285198",
    "img": "https://www.forevershining.com.au/design/saved-designs/screenshots/2023/02/1675315285198.jpg",
    "title": "Laser Etched Black Granite Plaque"
  },
  {
    "id": "1675314534343",
    "img": "https://www.forevershining.com.au/design/saved-designs/screenshots/2023/02/1675314534343.jpg",
    "title": "Laser Etched Black Granite Plaque"
  },
  {
    "id": "1675295480607",
    "img": "https://www.forevershining.com.au/design/saved-designs/screenshots/2023/02/1675295480607.jpg",
    "title": "Laser Etched Black Granite Plaque"
  },
  {
    "id": "1674462265853",
    "img": "https://www.forevershining.com.au/design/saved-designs/screenshots/2023/01/1674462265853.jpg",
    "title": "Laser Etched Black Granite Plaque"
  },
  {
    "id": "1674430396055",
    "img": "https://www.forevershining.com.au/design/saved-designs/screenshots/2023/01/1674430396055.jpg",
    "title": "Laser Etched Black Granite Plaque"
  },
  {
    "id": "1674194620535",
    "img": "https://www.forevershining.com.au/design/saved-designs/screenshots/2023/01/1674194620535.jpg",
    "title": "Laser Etched Black Granite Plaque"
  },
  {
    "id": "1674193314772",
    "img": "https://www.forevershining.com.au/design/saved-designs/screenshots/2023/01/1674193314772.jpg",
    "title": "Laser Etched Black Granite Plaque"
  },
  {
    "id": "1674191673451",
    "img": "https://www.forevershining.com.au/design/saved-designs/screenshots/2023/01/1674191673451.jpg",
    "title": "Laser Etched Black Granite Plaque"
  },
  {
    "id": "1674191094367",
    "img": "https://www.forevershining.com.au/design/saved-designs/screenshots/2023/01/1674191094367.jpg",
    "title": "Laser Etched Black Granite Plaque"
  },
  {
    "id": "1674190541108",
    "img": "https://www.forevershining.com.au/design/saved-designs/screenshots/2023/01/1674190541108.jpg",
    "title": "Laser Etched Black Granite Plaque"
  },
  {
    "id": "1674187849969",
    "img": "https://www.forevershining.com.au/design/saved-designs/screenshots/2023/01/1674187849969.jpg",
    "title": "Laser Etched Black Granite Plaque"
  },
  {
    "id": "1671149694195",
    "img": "https://www.forevershining.com.au/design/saved-designs/screenshots/2022/12/1671149694195.jpg",
    "title": "Laser Etched Black Granite Plaque"
  },
  {
    "id": "1655104777719",
    "img": "https://www.forevershining.com.au/design/saved-designs/screenshots/2022/06/1655104777719.jpg",
    "title": "Laser Etched Black Granite Plaque"
  },
  {
    "id": "1653450635293",
    "img": "https://www.forevershining.com.au/design/saved-designs/screenshots/2022/05/1653450635293.jpg",
    "title": "Laser Etched Black Granite Plaque"
  },
  {
    "id": "1653450470948",
    "img": "https://www.forevershining.com.au/design/saved-designs/screenshots/2022/05/1653450470948.jpg",
    "title": "Laser Etched Black Granite Plaque"
  },
  {
    "id": "1653211839969",
    "img": "https://www.forevershining.com.au/design/saved-designs/screenshots/2022/05/1653211839969.jpg",
    "title": "Laser Etched Black Granite Plaque"
  },
  {
    "id": "1653195440923",
    "img": "https://www.forevershining.com.au/design/saved-designs/screenshots/2022/05/1653195440923.jpg",
    "title": "Laser Etched Black Granite Plaque"
  },
  {
    "id": "1653194729829",
    "img": "https://www.forevershining.com.au/design/saved-designs/screenshots/2022/05/1653194729829.jpg",
    "title": "Laser Etched Black Granite Plaque"
  },
  {
    "id": "1653192663394",
    "img": "https://www.forevershining.com.au/design/saved-designs/screenshots/2022/05/1653192663394.jpg",
    "title": "Laser Etched Black Granite Plaque"
  },
  {
    "id": "1652162471661",
    "img": "https://www.forevershining.com.au/design/saved-designs/screenshots/2022/05/1652162471661.jpg",
    "title": "Laser Etched Black Granite Plaque"
  },
  {
    "id": "1647909248392",
    "img": "https://www.forevershining.com.au/design/saved-designs/screenshots/2022/03/1647909248392.jpg",
    "title": "Laser Etched Black Granite Plaque"
  },
  {
    "id": "1646806094027",
    "img": "https://www.forevershining.com.au/design/saved-designs/screenshots/2022/03/1646806094027.jpg",
    "title": "Laser Etched Black Granite Plaque"
  },
  {
    "id": "1646804838275",
    "img": "https://www.forevershining.com.au/design/saved-designs/screenshots/2022/03/1646804838275.jpg",
    "title": "Laser Etched Black Granite Plaque"
  },
  {
    "id": "1646789177388",
    "img": "https://www.forevershining.com.au/design/saved-designs/screenshots/2022/03/1646789177388.jpg",
    "title": "Laser Etched Black Granite Plaque"
  },
  {
    "id": "1623726518775",
    "img": "https://www.forevershining.com.au/design/saved-designs/screenshots/2021/06/1623726518775.jpg",
    "title": "Laser Etched Black Granite Plaque"
  },
  {
    "id": "1598662213697",
    "img": "https://www.forevershining.com.au/design/saved-designs/screenshots/2020/08/1598662213697.jpg",
    "title": "Laser Etched Black Granite Plaque"
  },
  {
    "id": "1598407028705",
    "img": "https://www.forevershining.com.au/design/saved-designs/screenshots/2020/08/1598407028705.jpg",
    "title": "Laser Etched Black Granite Plaque"
  },
  {
    "id": "1598406811784",
    "img": "https://www.forevershining.com.au/design/saved-designs/screenshots/2020/08/1598406811784.jpg",
    "title": "Laser Etched Black Granite Plaque"
  },
  {
    "id": "1598335361556",
    "img": "https://www.forevershining.com.au/design/saved-designs/screenshots/2020/08/1598335361556.jpg",
    "title": "Laser Etched Black Granite Plaque"
  },
  {
    "id": "1594097683980",
    "img": "https://www.forevershining.com.au/design/saved-designs/screenshots/2020/07/1594097683980.jpg",
    "title": "Laser Etched Black Granite Plaque"
  },
  {
    "id": "1591337090719",
    "img": "https://www.forevershining.com.au/design/saved-designs/screenshots/1591337090719.jpg",
    "title": "Laser Etched Black Granite Plaque"
  },
  {
    "id": "1591330884923",
    "img": "https://www.forevershining.com.au/design/saved-designs/screenshots/1591330884923.jpg",
    "title": "Laser Etched Black Granite Plaque"
  },
  {
    "id": "1589402339304",
    "img": "https://www.forevershining.com.au/design/saved-designs/screenshots/1589402339304.jpg",
    "title": "Laser Etched Black Granite Plaque"
  },
  {
    "id": "1589280475570",
    "img": "https://www.forevershining.com.au/design/saved-designs/screenshots/1589280475570.jpg",
    "title": "Laser Etched Black Granite Plaque"
  },
  {
    "id": "1587544099168",
    "img": "https://www.forevershining.com.au/design/saved-designs/screenshots/1587544099168.jpg",
    "title": "Laser Etched Black Granite Plaque"
  },
  {
    "id": "1583897735000",
    "img": "https://www.forevershining.com.au/design/saved-designs/screenshots/1583897735000.jpg",
    "title": "Laser Etched Black Granite Plaque"
  },
  {
    "id": "1629088252084",
    "img": "https://www.forevershining.com.au/design/saved-designs/screenshots/2021/08/1629088252084.jpg",
    "title": "Laser Etched Black Granite Plaque"
  }
]