[
  {
    "id": "1706406632856",
    "img": "https://www.forevershining.com.au/design/saved-designs/screenshots/2024/01/1706406632856.jpg",
    "title": "Laser Etched Black Granite Plaque"
  },
  {
    "id": "1641362851989",
    "img": "https://www.forevershining.com.au/design/saved-designs/screenshots/2022/01/1641362851989.jpg",
    "title": "Laser Etched Black Granite Plaque"
  },
  {
    "id": "1610865958375",
    "img": "https://www.forevershining.com.au/design/saved-designs/screenshots/2021/01/1610865958375.jpg",
    "title": "Laser Etched Black Granite Plaque"
  },
  {
    "id": "1597718228471",
    "img": "https://www.forevershining.com.au/design/saved-designs/screenshots/2020/08/1597718228471.jpg",
    "title": "Laser Etched Black Granite Plaque"
  },
  {
    "id": "1597701668012",
    "img": "https://www.forevershining.com.au/design/saved-designs/screenshots/2020/08/1597701668012.jpg",
    "title": "Laser Etched Black Granite Plaque"
  },
  {
    "id": "1597294136056",
    "img": "https://www.forevershining.com.au/design/saved-designs/screenshots/2020/08/1597294136056.jpg",
    "title": "Laser Etched Black Granite Plaque"
  },
  {
    "id": "1596428427467",
    "img": "https://www.forevershining.com.au/design/saved-designs/screenshots/2020/08/1596428427467.jpg",
    "title": "Laser Etched Black Granite Plaque"
  },
  {
    "id": "1596414363158",
    "img": "https://www.forevershining.com.au/design/saved-designs/screenshots/2020/08/1596414363158.jpg",
    "title": "Laser Etched Black Granite Plaque"
  },
  {
    "id": "1591876425297",
    "img": "https://www.forevershining.com.au/design/saved-designs/screenshots/1591876425297.jpg",
    "title": "Laser Etched Black Granite Plaque"
  }
]