[
  {
    "id": "1713618446663",
    "img": "https://www.forevershining.com.au/design/saved-designs/screenshots/2024/04/1713618446663.jpg",
    "title": "Stainless Steel Plaque"
  },
  {
    "id": "1710021301391",
    "img": "https://www.forevershining.com.au/design/saved-designs/screenshots/2024/03/1710021301391.jpg",
    "title": "Stainless Steel Plaque"
  },
  {
    "id": "1683630849326",
    "img": "https://www.forevershining.com.au/design/saved-designs/screenshots/2023/05/1683630849326.jpg",
    "title": "Stainless Steel Plaque"
  },
  {
    "id": "1683630512916",
    "img": "https://www.forevershining.com.au/design/saved-designs/screenshots/2023/05/1683630512916.jpg",
    "title": "Stainless Steel Plaque"
  },
  {
    "id": "1683625180618",
    "img": "https://www.forevershining.com.au/design/saved-designs/screenshots/2023/05/1683625180618.jpg",
    "title": "Stainless Steel Plaque"
  },
  {
    "id": "1683624565107",
    "img": "https://www.forevershining.com.au/design/saved-designs/screenshots/2023/05/1683624565107.jpg",
    "title": "Stainless Steel Plaque"
  },
  {
    "id": "1683200679387",
    "img": "https://www.forevershining.com.au/design/saved-designs/screenshots/2023/05/1683200679387.jpg",
    "title": "Stainless Steel Plaque"
  },
  {
    "id": "1678672952004",
    "img": "https://www.forevershining.com.au/design/saved-designs/screenshots/2023/03/1678672952004.jpg",
    "title": "Stainless Steel Plaque"
  },
  {
    "id": "1657983471414",
    "img": "https://www.forevershining.com.au/design/saved-designs/screenshots/2022/07/1657983471414.jpg",
    "title": "Stainless Steel Plaque"
  },
  {
    "id": "1642650840171",
    "img": "https://www.forevershining.com.au/design/saved-designs/screenshots/2022/01/1642650840171.jpg",
    "title": "Stainless Steel Plaque"
  },
  {
    "id": "1635735991280",
    "img": "https://www.forevershining.com.au/design/saved-designs/screenshots/2021/11/1635735991280.jpg",
    "title": "Stainless Steel Plaque"
  }
]