[
  {
    "id": "1713073709046",
    "img": "https://www.forevershining.com.au/design/saved-designs/screenshots/2024/04/1713073709046.jpg",
    "title": "Bronze Plaque"
  },
  {
    "id": "1698785333565",
    "img": "https://www.forevershining.com.au/design/saved-designs/screenshots/2023/10/1698785333565.jpg",
    "title": "Bronze Plaque"
  },
  {
    "id": "1670243010405",
    "img": "https://www.forevershining.com.au/design/saved-designs/screenshots/2022/12/1670243010405.jpg",
    "title": "Bronze Plaque"
  },
  {
    "id": "1649393542307",
    "img": "https://www.forevershining.com.au/design/saved-designs/screenshots/2022/04/1649393542307.jpg",
    "title": "Bronze Plaque"
  },
  {
    "id": "1649327474767",
    "img": "https://www.forevershining.com.au/design/saved-designs/screenshots/2022/04/1649327474767.jpg",
    "title": "Bronze Plaque"
  },
  {
    "id": "1649327291735",
    "img": "https://www.forevershining.com.au/design/saved-designs/screenshots/2022/04/1649327291735.jpg",
    "title": "Bronze Plaque"
  },
  {
    "id": "1649326508791",
    "img": "https://www.forevershining.com.au/design/saved-designs/screenshots/2022/04/1649326508791.jpg",
    "title": "Bronze Plaque"
  },
  {
    "id": "1649325694132",
    "img": "https://www.forevershining.com.au/design/saved-designs/screenshots/2022/04/1649325694132.jpg",
    "title": "Bronze Plaque"
  },
  {
    "id": "1649303092392",
    "img": "https://www.forevershining.com.au/design/saved-designs/screenshots/2022/04/1649303092392.jpg",
    "title": "Bronze Plaque"
  },
  {
    "id": "1649302858422",
    "img": "https://www.forevershining.com.au/design/saved-designs/screenshots/2022/04/1649302858422.jpg",
    "title": "Bronze Plaque"
  },
  {
    "id": "1648530626042",
    "img": "https://www.forevershining.com.au/design/saved-designs/screenshots/2022/03/1648530626042.jpg",
    "title": "Bronze Plaque"
  },
  {
    "id": "1648530519658",
    "img": "https://www.forevershining.com.au/design/saved-designs/screenshots/2022/03/1648530519658.jpg",
    "title": "Bronze Plaque"
  },
  {
    "id": "1648529040322",
    "img": "https://www.forevershining.com.au/design/saved-designs/screenshots/2022/03/1648529040322.jpg",
    "title": "Bronze Plaque"
  },
  {
    "id": "1625765880587",
    "img": "https://www.forevershining.com.au/design/saved-designs/screenshots/2021/07/1625765880587.jpg",
    "title": "Bronze Plaque"
  },
  {
    "id": "1625711223966",
    "img": "https://www.forevershining.com.au/design/saved-designs/screenshots/2021/07/1625711223966.jpg",
    "title": "Bronze Plaque"
  },
  {
    "id": "1607400034392",
    "img": "https://www.forevershining.com.au/design/saved-designs/screenshots/2020/12/1607400034392.jpg",
    "title": "Bronze Plaque"
  },
  {
    "id": "1607400389012",
    "img": "https://www.forevershining.com.au/design/saved-designs/screenshots/2020/12/1607400389012.jpg",
    "title": "Bronze Plaque"
  },
  {
    "id": "1607395912634",
    "img": "https://www.forevershining.com.au/design/saved-designs/screenshots/2020/12/1607395912634.jpg",
    "title": "Bronze Plaque"
  },
  {
    "id": "1607395864666",
    "img": "https://www.forevershining.com.au/design/saved-designs/screenshots/2020/12/1607395864666.jpg",
    "title": "Bronze Plaque"
  }
]