[
  {
    "id": "1685077386027",
    "img": "https://www.forevershining.com.au/design/saved-designs/screenshots/2023/05/1685077386027.jpg",
    "title": "Traditional Engraved Granite Plaque"
  },
  {
    "id": "1676886009160",
    "img": "https://www.forevershining.com.au/design/saved-designs/screenshots/2023/02/1676886009160.jpg",
    "title": "Traditional Engraved Granite Plaque"
  },
  {
    "id": "1662337522025",
    "img": "https://www.forevershining.com.au/design/saved-designs/screenshots/2022/09/1662337522025.jpg",
    "title": "Traditional Engraved Granite Plaque"
  },
  {
    "id": "1658971472239",
    "img": "https://www.forevershining.com.au/design/saved-designs/screenshots/2022/07/1658971472239.jpg",
    "title": "Traditional Engraved Granite Plaque"
  },
  {
    "id": "1651583413889",
    "img": "https://www.forevershining.com.au/design/saved-designs/screenshots/2022/05/1651583413889.jpg",
    "title": "Traditional Engraved Granite Plaque"
  },
  {
    "id": "1651562156785",
    "img": "https://www.forevershining.com.au/design/saved-designs/screenshots/2022/05/1651562156785.jpg",
    "title": "Traditional Engraved Granite Plaque"
  },
  {
    "id": "1651559440145",
    "img": "https://www.forevershining.com.au/design/saved-designs/screenshots/2022/05/1651559440145.jpg",
    "title": "Traditional Engraved Granite Plaque"
  },
  {
    "id": "1651542830076",
    "img": "https://www.forevershining.com.au/design/saved-designs/screenshots/2022/05/1651542830076.jpg",
    "title": "Traditional Engraved Granite Plaque"
  },
  {
    "id": "1651529727405",
    "img": "https://www.forevershining.com.au/design/saved-designs/screenshots/2022/05/1651529727405.jpg",
    "title": "Traditional Engraved Granite Plaque"
  },
  {
    "id": "1649750225247",
    "img": "https://www.forevershining.com.au/design/saved-designs/screenshots/2022/04/1649750225247.jpg",
    "title": "Traditional Engraved Granite Plaque"
  },
  {
    "id": "1638172891933",
    "img": "https://www.forevershining.com.au/design/saved-designs/screenshots/2021/11/1638172891933.jpg",
    "title": "Traditional Engraved Granite Plaque"
  },
  {
    "id": "1624980120750",
    "img": "https://www.forevershining.com.au/design/saved-designs/screenshots/2021/06/1624980120750.jpg",
    "title": "Traditional Engraved Granite Plaque"
  },
  {
    "id": "1624979733448",
    "img": "https://www.forevershining.com.au/design/saved-designs/screenshots/2021/06/1624979733448.jpg",
    "title": "Traditional Engraved Granite Plaque"
  },
  {
    "id": "1624976924815",
    "img": "https://www.forevershining.com.au/design/saved-designs/screenshots/2021/06/1624976924815.jpg",
    "title": "Traditional Engraved Granite Plaque"
  },
  {
    "id": "1624973561064",
    "img": "https://www.forevershining.com.au/design/saved-designs/screenshots/2021/06/1624973561064.jpg",
    "title": "Traditional Engraved Granite Plaque"
  },
  {
    "id": "1624967520410",
    "img": "https://www.forevershining.com.au/design/saved-designs/screenshots/2021/06/1624967520410.jpg",
    "title": "Traditional Engraved Granite Plaque"
  },
  {
    "id": "1610162131751",
    "img": "https://www.forevershining.com.au/design/saved-designs/screenshots/2021/01/1610162131751.jpg",
    "title": "Traditional Engraved Granite Plaque"
  },
  {
    "id": "1595239906571",
    "img": "https://www.forevershining.com.au/design/saved-designs/screenshots/2020/07/1595239906571.jpg",
    "title": "Traditional Engraved Granite Plaque"
  },
  {
    "id": "1595241469343",
    "img": "https://www.forevershining.com.au/design/saved-designs/screenshots/2020/07/1595241469343.jpg",
    "title": "Traditional Engraved Granite Plaque"
  },
  {
    "id": "1592289534459",
    "img": "https://www.forevershining.com.au/design/saved-designs/screenshots/1592289534459.jpg",
    "title": "Traditional Engraved Granite Plaque"
  },
  {
    "id": "1583897254075",
    "img": "https://www.forevershining.com.au/design/saved-designs/screenshots/1583897254075.jpg",
    "title": "Traditional Engraved Granite Plaque"
  },
  {
    "id": "1583474805794",
    "img": "https://www.forevershining.com.au/design/saved-designs/screenshots/1583474805794.jpg",
    "title": "Traditional Engraved Granite Plaque"
  },
  {
    "id": "1582856758410",
    "img": "https://www.forevershining.com.au/design/saved-designs/screenshots/1582856758410.jpg",
    "title": "Traditional Engraved Granite Plaque"
  }
]