[
  {
    "id": "1712645283574",
    "img": "https://www.forevershining.com.au/design/saved-designs/screenshots/2024/04/1712645283574.jpg",
    "title": "Traditional Engraved Granite Plaque"
  },
  {
    "id": "1712645012555",
    "img": "https://www.forevershining.com.au/design/saved-designs/screenshots/2024/04/1712645012555.jpg",
    "title": "Traditional Engraved Granite Plaque"
  },
  {
    "id": "1712644767903",
    "img": "https://www.forevershining.com.au/design/saved-designs/screenshots/2024/04/1712644767903.jpg",
    "title": "Traditional Engraved Granite Plaque"
  },
  {
    "id": "1712643206128",
    "img": "https://www.forevershining.com.au/design/saved-designs/screenshots/2024/04/1712643206128.jpg",
    "title": "Traditional Engraved Granite Plaque"
  },
  {
    "id": "1712630386255",
    "img": "https://www.forevershining.com.au/design/saved-designs/screenshots/2024/04/1712630386255.jpg",
    "title": "Traditional Engraved Granite Plaque"
  },
  {
    "id": "1712628716675",
    "img": "https://www.forevershining.com.au/design/saved-designs/screenshots/2024/04/1712628716675.jpg",
    "title": "Traditional Engraved Granite Plaque"
  },
  {
    "id": "1691550796792",
    "img": "https://www.forevershining.com.au/design/saved-designs/screenshots/2023/08/1691550796792.jpg",
    "title": "Traditional Engraved Granite Plaque"
  },
  {
    "id": "1691548922248",
    "img": "https://www.forevershining.com.au/design/saved-designs/screenshots/2023/08/1691548922248.jpg",
    "title": "Traditional Engraved Granite Plaque"
  },
  {
    "id": "1651932899751",
    "img": "https://www.forevershining.com.au/design/saved-designs/screenshots/2022/05/1651932899751.jpg",
    "title": "Traditional Engraved Granite Plaque"
  },
  {
    "id": "1650033005721",
    "img": "https://www.forevershining.com.au/design/saved-designs/screenshots/2022/04/1650033005721.jpg",
    "title": "Traditional Engraved Granite Plaque"
  },
  {
    "id": "1648872325309",
    "img": "https://www.forevershining.com.au/design/saved-designs/screenshots/2022/04/1648872325309.jpg",
    "title": "Traditional Engraved Granite Plaque"
  },
  {
    "id": "1591947438130",
    "img": "https://www.forevershining.com.au/design/saved-designs/screenshots/1591947438130.jpg",
    "title": "Traditional Engraved Granite Plaque"
  }
]