[
  {
    "id": "1672917979811",
    "img": "https://www.forevershining.com.au/design/saved-designs/screenshots/2023/01/1672917979811.jpg",
    "title": "Traditional Engraved Granite Plaque"
  },
  {
    "id": "1669729988556",
    "img": "https://www.forevershining.com.au/design/saved-designs/screenshots/2022/11/1669729988556.jpg",
    "title": "Traditional Engraved Granite Plaque"
  },
  {
    "id": "1669038202121",
    "img": "https://www.forevershining.com.au/design/saved-designs/screenshots/2022/11/1669038202121.jpg",
    "title": "Traditional Engraved Granite Plaque"
  }
]