[
  {
    "id": "1716251984048",
    "img": "https://www.forevershining.com.au/design/saved-designs/screenshots/2024/05/1716251984048.jpg",
    "title": "Stainless Steel Plaque"
  },
  {
    "id": "1716251848484",
    "img": "https://www.forevershining.com.au/design/saved-designs/screenshots/2024/05/1716251848484.jpg",
    "title": "Stainless Steel Plaque"
  },
  {
    "id": "1716251545681",
    "img": "https://www.forevershining.com.au/design/saved-designs/screenshots/2024/05/1716251545681.jpg",
    "title": "Stainless Steel Plaque"
  },
  {
    "id": "1716251350787",
    "img": "https://www.forevershining.com.au/design/saved-designs/screenshots/2024/05/1716251350787.jpg",
    "title": "Stainless Steel Plaque"
  },
  {
    "id": "1716250816575",
    "img": "https://www.forevershining.com.au/design/saved-designs/screenshots/2024/05/1716250816575.jpg",
    "title": "Stainless Steel Plaque"
  },
  {
    "id": "1716249386911",
    "img": "https://www.forevershining.com.au/design/saved-designs/screenshots/2024/05/1716249386911.jpg",
    "title": "Stainless Steel Plaque"
  },
  {
    "id": "1712054053591",
    "img": "https://www.forevershining.com.au/design/saved-designs/screenshots/2024/04/1712054053591.jpg",
    "title": "Stainless Steel Plaque"
  },
  {
    "id": "1712053948055",
    "img": "https://www.forevershining.com.au/design/saved-designs/screenshots/2024/04/1712053948055.jpg",
    "title": "Stainless Steel Plaque"
  },
  {
    "id": "1711671824927",
    "img": "https://www.forevershining.com.au/design/saved-designs/screenshots/2024/03/1711671824927.jpg",
    "title": "Stainless Steel Plaque"
  },
  {
    "id": "1711665732063",
    "img": "https://www.forevershining.com.au/design/saved-designs/screenshots/2024/03/1711665732063.jpg",
    "title": "Stainless Steel Plaque"
  },
  {
    "id": "1711665060617",
    "img": "https://www.forevershining.com.au/design/saved-designs/screenshots/2024/03/1711665060617.jpg",
    "title": "Stainless Steel Plaque"
  },
  {
    "id": "1709744203023",
    "img": "https://www.forevershining.com.au/design/saved-designs/screenshots/2024/03/1709744203023.jpg",
    "title": "Stainless Steel Plaque"
  },
  {
    "id": "1709743215270",
    "img": "https://www.forevershining.com.au/design/saved-designs/screenshots/2024/03/1709743215270.jpg",
    "title": "Stainless Steel Plaque"
  },
  {
    "id": "1709602704782",
    "img": "https://www.forevershining.com.au/design/saved-designs/screenshots/2024/03/1709602704782.jpg",
    "title": "Stainless Steel Plaque"
  },
  {
    "id": "1704185078094",
    "img": "https://www.forevershining.com.au/design/saved-designs/screenshots/2024/01/1704185078094.jpg",
    "title": "Stainless Steel Plaque"
  },
  {
    "id": "1697949558466",
    "img": "https://www.forevershining.com.au/design/saved-designs/screenshots/2023/10/1697949558466.jpg",
    "title": "Stainless Steel Plaque"
  },
  {
    "id": "1697949125855",
    "img": "https://www.forevershining.com.au/design/saved-designs/screenshots/2023/10/1697949125855.jpg",
    "title": "Stainless Steel Plaque"
  },
  {
    "id": "1693899030155",
    "img": "https://www.forevershining.com.au/design/saved-designs/screenshots/2023/09/1693899030155.jpg",
    "title": "Stainless Steel Plaque"
  },
  {
    "id": "1691217022107",
    "img": "https://www.forevershining.com.au/design/saved-designs/screenshots/2023/08/1691217022107.jpg",
    "title": "Stainless Steel Plaque"
  },
  {
    "id": "1690946677034",
    "img": "https://www.forevershining.com.au/design/saved-designs/screenshots/2023/08/1690946677034.jpg",
    "title": "Stainless Steel Plaque"
  },
  {
    "id": "1690946047383",
    "img": "https://www.forevershining.com.au/design/saved-designs/screenshots/2023/08/1690946047383.jpg",
    "title": "Stainless Steel Plaque"
  },
  {
    "id": "1690944280616",
    "img": "https://www.forevershining.com.au/design/saved-designs/screenshots/2023/08/1690944280616.jpg",
    "title": "Stainless Steel Plaque"
  },
  {
    "id": "1688616735629",
    "img": "https://www.forevershining.com.au/design/saved-designs/screenshots/2023/07/1688616735629.jpg",
    "title": "Stainless Steel Plaque"
  },
  {
    "id": "1688616603204",
    "img": "https://www.forevershining.com.au/design/saved-designs/screenshots/2023/07/1688616603204.jpg",
    "title": "Stainless Steel Plaque"
  },
  {
    "id": "1688616409366",
    "img": "https://www.forevershining.com.au/design/saved-designs/screenshots/2023/07/1688616409366.jpg",
    "title": "Stainless Steel Plaque"
  },
  {
    "id": "1688612760136",
    "img": "https://www.forevershining.com.au/design/saved-designs/screenshots/2023/07/1688612760136.jpg",
    "title": "Stainless Steel Plaque"
  },
  {
    "id": "1682507604977",
    "img": "https://www.forevershining.com.au/design/saved-designs/screenshots/2023/04/1682507604977.jpg",
    "title": "Stainless Steel Plaque"
  },
  {
    "id": "1682330954490",
    "img": "https://www.forevershining.com.au/design/saved-designs/screenshots/2023/04/1682330954490.jpg",
    "title": "Stainless Steel Plaque"
  },
  {
    "id": "1680598391397",
    "img": "https://www.forevershining.com.au/design/saved-designs/screenshots/2023/04/1680598391397.jpg",
    "title": "Stainless Steel Plaque"
  },
  {
    "id": "1680583863108",
    "img": "https://www.forevershining.com.au/design/saved-designs/screenshots/2023/04/1680583863108.jpg",
    "title": "Stainless Steel Plaque"
  },
  {
    "id": "1678856746278",
    "img": "https://www.forevershining.com.au/design/saved-designs/screenshots/2023/03/1678856746278.jpg",
    "title": "Stainless Steel Plaque"
  },
  {
    "id": "1678856494260",
    "img": "https://www.forevershining.com.au/design/saved-designs/screenshots/2023/03/1678856494260.jpg",
    "title": "Stainless Steel Plaque"
  },
  {
    "id": "1678854462212",
    "img": "https://www.forevershining.com.au/design/saved-designs/screenshots/2023/03/1678854462212.jpg",
    "title": "Stainless Steel Plaque"
  },
  {
    "id": "1678844114288",
    "img": "https://www.forevershining.com.au/design/saved-designs/screenshots/2023/03/1678844114288.jpg",
    "title": "Stainless Steel Plaque"
  },
  {
    "id": "1678686158748",
    "img": "https://www.forevershining.com.au/design/saved-designs/screenshots/2023/03/1678686158748.jpg",
    "title": "Stainless Steel Plaque"
  },
  {
    "id": "1677641220159",
    "img": "https://www.forevershining.com.au/design/saved-designs/screenshots/2023/03/1677641220159.jpg",
    "title": "Stainless Steel Plaque"
  },
  {
    "id": "1677640580175",
    "img": "https://www.forevershining.com.au/design/saved-designs/screenshots/2023/03/1677640580175.jpg",
    "title": "Stainless Steel Plaque"
  },
  {
    "id": "1677636317108",
    "img": "https://www.forevershining.com.au/design/saved-designs/screenshots/2023/03/1677636317108.jpg",
    "title": "Stainless Steel Plaque"
  },
  {
    "id": "1677550234691",
    "img": "https://www.forevershining.com.au/design/saved-designs/screenshots/2023/02/1677550234691.jpg",
    "title": "Stainless Steel Plaque"
  },
  {
    "id": "1670215197681",
    "img": "https://www.forevershining.com.au/design/saved-designs/screenshots/2022/12/1670215197681.jpg",
    "title": "Stainless Steel Plaque"
  },
  {
    "id": "1670214020204",
    "img": "https://www.forevershining.com.au/design/saved-designs/screenshots/2022/12/1670214020204.jpg",
    "title": "Stainless Steel Plaque"
  },
  {
    "id": "1668490285737",
    "img": "https://www.forevershining.com.au/design/saved-designs/screenshots/2022/11/1668490285737.jpg",
    "title": "Stainless Steel Plaque"
  },
  {
    "id": "1664770761450",
    "img": "https://www.forevershining.com.au/design/saved-designs/screenshots/2022/10/1664770761450.jpg",
    "title": "Stainless Steel Plaque"
  },
  {
    "id": "1664661741367",
    "img": "https://www.forevershining.com.au/design/saved-designs/screenshots/2022/10/1664661741367.jpg",
    "title": "Stainless Steel Plaque"
  },
  {
    "id": "1664256055053",
    "img": "https://www.forevershining.com.au/design/saved-designs/screenshots/2022/09/1664256055053.jpg",
    "title": "Stainless Steel Plaque"
  },
  {
    "id": "1664255998474",
    "img": "https://www.forevershining.com.au/design/saved-designs/screenshots/2022/09/1664255998474.jpg",
    "title": "Stainless Steel Plaque"
  },
  {
    "id": "1660514771593",
    "img": "https://www.forevershining.com.au/design/saved-designs/screenshots/2022/08/1660514771593.jpg",
    "title": "Stainless Steel Plaque"
  },
  {
    "id": "1659999624789",
    "img": "https://www.forevershining.com.au/design/saved-designs/screenshots/2022/08/1659999624789.jpg",
    "title": "Stainless Steel Plaque"
  },
  {
    "id": "1650951686126",
    "img": "https://www.forevershining.com.au/design/saved-designs/screenshots/2022/04/1650951686126.jpg",
    "title": "Stainless Steel Plaque"
  },
  {
    "id": "1633580957857",
    "img": "https://www.forevershining.com.au/design/saved-designs/screenshots/2021/10/1633580957857.jpg",
    "title": "Stainless Steel Plaque"
  }
]