[
  {
    "id": "1649494538555",
    "img": "https://www.forevershining.com.au/design/saved-designs/screenshots/2022/04/1649494538555.jpg",
    "title": "Laser Etched Black Granite Plaque"
  },
  {
    "id": "1649493646166",
    "img": "https://www.forevershining.com.au/design/saved-designs/screenshots/2022/04/1649493646166.jpg",
    "title": "Laser Etched Black Granite Plaque"
  },
  {
    "id": "1649493409414",
    "img": "https://www.forevershining.com.au/design/saved-designs/screenshots/2022/04/1649493409414.jpg",
    "title": "Laser Etched Black Granite Plaque"
  },
  {
    "id": "1649314152989",
    "img": "https://www.forevershining.com.au/design/saved-designs/screenshots/2022/04/1649314152989.jpg",
    "title": "Laser Etched Black Granite Plaque"
  },
  {
    "id": "1649299418312",
    "img": "https://www.forevershining.com.au/design/saved-designs/screenshots/2022/04/1649299418312.jpg",
    "title": "Laser Etched Black Granite Plaque"
  },
  {
    "id": "1607387934234",
    "img": "https://www.forevershining.com.au/design/saved-designs/screenshots/2020/12/1607387934234.jpg",
    "title": "Laser Etched Black Granite Plaque"
  }
]