[
  {
    "id": "1665421951071",
    "img": "https://www.forevershining.com.au/design/saved-designs/screenshots/2022/10/1665421951071.jpg",
    "title": "Traditional Engraved Granite Plaque"
  },
  {
    "id": "1665421889385",
    "img": "https://www.forevershining.com.au/design/saved-designs/screenshots/2022/10/1665421889385.jpg",
    "title": "Traditional Engraved Granite Plaque"
  },
  {
    "id": "1665420732405",
    "img": "https://www.forevershining.com.au/design/saved-designs/screenshots/2022/10/1665420732405.jpg",
    "title": "Traditional Engraved Granite Plaque"
  }
]