[
  {
    "id": "1716943318590",
    "img": "https://www.forevershining.com.au/design/saved-designs/screenshots/2024/05/1716943318590.jpg",
    "title": "Laser Etched Black Granite Plaque"
  },
  {
    "id": "1716943948091",
    "img": "https://www.forevershining.com.au/design/saved-designs/screenshots/2024/05/1716943948091.jpg",
    "title": "Laser Etched Black Granite Plaque"
  },
  {
    "id": "1716943661541",
    "img": "https://www.forevershining.com.au/design/saved-designs/screenshots/2024/05/1716943661541.jpg",
    "title": "Laser Etched Black Granite Plaque"
  },
  {
    "id": "1716222662985",
    "img": "https://www.forevershining.com.au/design/saved-designs/screenshots/2024/05/1716222662985.jpg",
    "title": "Laser Etched Black Granite Plaque"
  },
  {
    "id": "1712457200808",
    "img": "https://www.forevershining.com.au/design/saved-designs/screenshots/2024/04/1712457200808.jpg",
    "title": "Laser Etched Black Granite Plaque"
  },
  {
    "id": "1712288708027",
    "img": "https://www.forevershining.com.au/design/saved-designs/screenshots/2024/04/1712288708027.jpg",
    "title": "Laser Etched Black Granite Plaque"
  },
  {
    "id": "1712288187712",
    "img": "https://www.forevershining.com.au/design/saved-designs/screenshots/2024/04/1712288187712.jpg",
    "title": "Laser Etched Black Granite Plaque"
  },
  {
    "id": "1712213228808",
    "img": "https://www.forevershining.com.au/design/saved-designs/screenshots/2024/04/1712213228808.jpg",
    "title": "Laser Etched Black Granite Plaque"
  },
  {
    "id": "1712214148348",
    "img": "https://www.forevershining.com.au/design/saved-designs/screenshots/2024/04/1712214148348.jpg",
    "title": "Laser Etched Black Granite Plaque"
  },
  {
    "id": "1711282840601",
    "img": "https://www.forevershining.com.au/design/saved-designs/screenshots/2024/03/1711282840601.jpg",
    "title": "Laser Etched Black Granite Plaque"
  },
  {
    "id": "1711281607211",
    "img": "https://www.forevershining.com.au/design/saved-designs/screenshots/2024/03/1711281607211.jpg",
    "title": "Laser Etched Black Granite Plaque"
  },
  {
    "id": "1711279441871",
    "img": "https://www.forevershining.com.au/design/saved-designs/screenshots/2024/03/1711279441871.jpg",
    "title": "Laser Etched Black Granite Plaque"
  },
  {
    "id": "1708302689690",
    "img": "https://www.forevershining.com.au/design/saved-designs/screenshots/2024/02/1708302689690.jpg",
    "title": "Laser Etched Black Granite Plaque"
  },
  {
    "id": "1708228882302",
    "img": "https://www.forevershining.com.au/design/saved-designs/screenshots/2024/02/1708228882302.jpg",
    "title": "Laser Etched Black Granite Plaque"
  },
  {
    "id": "1708227835895",
    "img": "https://www.forevershining.com.au/design/saved-designs/screenshots/2024/02/1708227835895.jpg",
    "title": "Laser Etched Black Granite Plaque"
  },
  {
    "id": "1707027323035",
    "img": "https://www.forevershining.com.au/design/saved-designs/screenshots/2024/02/1707027323035.jpg",
    "title": "Laser Etched Black Granite Plaque"
  },
  {
    "id": "1706857796990",
    "img": "https://www.forevershining.com.au/design/saved-designs/screenshots/2024/02/1706857796990.jpg",
    "title": "Laser Etched Black Granite Plaque"
  },
  {
    "id": "1706852726394",
    "img": "https://www.forevershining.com.au/design/saved-designs/screenshots/2024/02/1706852726394.jpg",
    "title": "Laser Etched Black Granite Plaque"
  },
  {
    "id": "1704159978168",
    "img": "https://www.forevershining.com.au/design/saved-designs/screenshots/2024/01/1704159978168.jpg",
    "title": "Laser Etched Black Granite Plaque"
  },
  {
    "id": "1704097924241",
    "img": "https://www.forevershining.com.au/design/saved-designs/screenshots/2024/01/1704097924241.jpg",
    "title": "Laser Etched Black Granite Plaque"
  },
  {
    "id": "1701053091143",
    "img": "https://www.forevershining.com.au/design/saved-designs/screenshots/2023/11/1701053091143.jpg",
    "title": "Laser Etched Black Granite Plaque"
  },
  {
    "id": "1701046264651",
    "img": "https://www.forevershining.com.au/design/saved-designs/screenshots/2023/11/1701046264651.jpg",
    "title": "Laser Etched Black Granite Plaque"
  },
  {
    "id": "1701045349796",
    "img": "https://www.forevershining.com.au/design/saved-designs/screenshots/2023/11/1701045349796.jpg",
    "title": "Laser Etched Black Granite Plaque"
  },
  {
    "id": "1697415145927",
    "img": "https://www.forevershining.com.au/design/saved-designs/screenshots/2023/10/1697415145927.jpg",
    "title": "Laser Etched Black Granite Plaque"
  },
  {
    "id": "1697403225482",
    "img": "https://www.forevershining.com.au/design/saved-designs/screenshots/2023/10/1697403225482.jpg",
    "title": "Laser Etched Black Granite Plaque"
  },
  {
    "id": "1697399960327",
    "img": "https://www.forevershining.com.au/design/saved-designs/screenshots/2023/10/1697399960327.jpg",
    "title": "Laser Etched Black Granite Plaque"
  },
  {
    "id": "1693824450340",
    "img": "https://www.forevershining.com.au/design/saved-designs/screenshots/2023/09/1693824450340.jpg",
    "title": "Laser Etched Black Granite Plaque"
  },
  {
    "id": "1681895433237",
    "img": "https://www.forevershining.com.au/design/saved-designs/screenshots/2023/04/1681895433237.jpg",
    "title": "Laser Etched Black Granite Plaque"
  },
  {
    "id": "1679328513450",
    "img": "https://www.forevershining.com.au/design/saved-designs/screenshots/2023/03/1679328513450.jpg",
    "title": "Laser Etched Black Granite Plaque"
  },
  {
    "id": "1678840540949",
    "img": "https://www.forevershining.com.au/design/saved-designs/screenshots/2023/03/1678840540949.jpg",
    "title": "Laser Etched Black Granite Plaque"
  },
  {
    "id": "1678840471201",
    "img": "https://www.forevershining.com.au/design/saved-designs/screenshots/2023/03/1678840471201.jpg",
    "title": "Laser Etched Black Granite Plaque"
  },
  {
    "id": "1674355710608",
    "img": "https://www.forevershining.com.au/design/saved-designs/screenshots/2023/01/1674355710608.jpg",
    "title": "Laser Etched Black Granite Plaque"
  },
  {
    "id": "1674261261635",
    "img": "https://www.forevershining.com.au/design/saved-designs/screenshots/2023/01/1674261261635.jpg",
    "title": "Laser Etched Black Granite Plaque"
  },
  {
    "id": "1674048861361",
    "img": "https://www.forevershining.com.au/design/saved-designs/screenshots/2023/01/1674048861361.jpg",
    "title": "Laser Etched Black Granite Plaque"
  },
  {
    "id": "1674047182369",
    "img": "https://www.forevershining.com.au/design/saved-designs/screenshots/2023/01/1674047182369.jpg",
    "title": "Laser Etched Black Granite Plaque"
  },
  {
    "id": "1674044837105",
    "img": "https://www.forevershining.com.au/design/saved-designs/screenshots/2023/01/1674044837105.jpg",
    "title": "Laser Etched Black Granite Plaque"
  },
  {
    "id": "1674041677715",
    "img": "https://www.forevershining.com.au/design/saved-designs/screenshots/2023/01/1674041677715.jpg",
    "title": "Laser Etched Black Granite Plaque"
  },
  {
    "id": "1674041392320",
    "img": "https://www.forevershining.com.au/design/saved-designs/screenshots/2023/01/1674041392320.jpg",
    "title": "Laser Etched Black Granite Plaque"
  },
  {
    "id": "1673857063816",
    "img": "https://www.forevershining.com.au/design/saved-designs/screenshots/2023/01/1673857063816.jpg",
    "title": "Laser Etched Black Granite Plaque"
  },
  {
    "id": "1673856484888",
    "img": "https://www.forevershining.com.au/design/saved-designs/screenshots/2023/01/1673856484888.jpg",
    "title": "Laser Etched Black Granite Plaque"
  },
  {
    "id": "1673848664932",
    "img": "https://www.forevershining.com.au/design/saved-designs/screenshots/2023/01/1673848664932.jpg",
    "title": "Laser Etched Black Granite Plaque"
  },
  {
    "id": "1673848380754",
    "img": "https://www.forevershining.com.au/design/saved-designs/screenshots/2023/01/1673848380754.jpg",
    "title": "Laser Etched Black Granite Plaque"
  },
  {
    "id": "1673841528471",
    "img": "https://www.forevershining.com.au/design/saved-designs/screenshots/2023/01/1673841528471.jpg",
    "title": "Laser Etched Black Granite Plaque"
  },
  {
    "id": "1673150022703",
    "img": "https://www.forevershining.com.au/design/saved-designs/screenshots/2023/01/1673150022703.jpg",
    "title": "Laser Etched Black Granite Plaque"
  },
  {
    "id": "1673147545351",
    "img": "https://www.forevershining.com.au/design/saved-designs/screenshots/2023/01/1673147545351.jpg",
    "title": "Laser Etched Black Granite Plaque"
  },
  {
    "id": "1672980923756",
    "img": "https://www.forevershining.com.au/design/saved-designs/screenshots/2023/01/1672980923756.jpg",
    "title": "Laser Etched Black Granite Plaque"
  },
  {
    "id": "1672975878048",
    "img": "https://www.forevershining.com.au/design/saved-designs/screenshots/2023/01/1672975878048.jpg",
    "title": "Laser Etched Black Granite Plaque"
  },
  {
    "id": "1672956554010",
    "img": "https://www.forevershining.com.au/design/saved-designs/screenshots/2023/01/1672956554010.jpg",
    "title": "Laser Etched Black Granite Plaque"
  },
  {
    "id": "1672821340281",
    "img": "https://www.forevershining.com.au/design/saved-designs/screenshots/2023/01/1672821340281.jpg",
    "title": "Laser Etched Black Granite Plaque"
  },
  {
    "id": "1672816130460",
    "img": "https://www.forevershining.com.au/design/saved-designs/screenshots/2023/01/1672816130460.jpg",
    "title": "Laser Etched Black Granite Plaque"
  },
  {
    "id": "1672815428771",
    "img": "https://www.forevershining.com.au/design/saved-designs/screenshots/2023/01/1672815428771.jpg",
    "title": "Laser Etched Black Granite Plaque"
  },
  {
    "id": "1672814939122",
    "img": "https://www.forevershining.com.au/design/saved-designs/screenshots/2023/01/1672814939122.jpg",
    "title": "Laser Etched Black Granite Plaque"
  },
  {
    "id": "1670569681361",
    "img": "https://www.forevershining.com.au/design/saved-designs/screenshots/2022/12/1670569681361.jpg",
    "title": "Laser Etched Black Granite Plaque"
  },
  {
    "id": "1668077697368",
    "img": "https://www.forevershining.com.au/design/saved-designs/screenshots/2022/11/1668077697368.jpg",
    "title": "Laser Etched Black Granite Plaque"
  },
  {
    "id": "1668076257016",
    "img": "https://www.forevershining.com.au/design/saved-designs/screenshots/2022/11/1668076257016.jpg",
    "title": "Laser Etched Black Granite Plaque"
  },
  {
    "id": "1664691142275",
    "img": "https://www.forevershining.com.au/design/saved-designs/screenshots/2022/10/1664691142275.jpg",
    "title": "Laser Etched Black Granite Plaque"
  },
  {
    "id": "1663819786373",
    "img": "https://www.forevershining.com.au/design/saved-designs/screenshots/2022/09/1663819786373.jpg",
    "title": "Laser Etched Black Granite Plaque"
  },
  {
    "id": "1660563969862",
    "img": "https://www.forevershining.com.au/design/saved-designs/screenshots/2022/08/1660563969862.jpg",
    "title": "Laser Etched Black Granite Plaque"
  },
  {
    "id": "1653278631707",
    "img": "https://www.forevershining.com.au/design/saved-designs/screenshots/2022/05/1653278631707.jpg",
    "title": "Laser Etched Black Granite Plaque"
  },
  {
    "id": "1652617882195",
    "img": "https://www.forevershining.com.au/design/saved-designs/screenshots/2022/05/1652617882195.jpg",
    "title": "Laser Etched Black Granite Plaque"
  },
  {
    "id": "1652617493989",
    "img": "https://www.forevershining.com.au/design/saved-designs/screenshots/2022/05/1652617493989.jpg",
    "title": "Laser Etched Black Granite Plaque"
  },
  {
    "id": "1652616232473",
    "img": "https://www.forevershining.com.au/design/saved-designs/screenshots/2022/05/1652616232473.jpg",
    "title": "Laser Etched Black Granite Plaque"
  },
  {
    "id": "1651564287764",
    "img": "https://www.forevershining.com.au/design/saved-designs/screenshots/2022/05/1651564287764.jpg",
    "title": "Laser Etched Black Granite Plaque"
  },
  {
    "id": "1645927985324",
    "img": "https://www.forevershining.com.au/design/saved-designs/screenshots/2022/02/1645927985324.jpg",
    "title": "Laser Etched Black Granite Plaque"
  },
  {
    "id": "1645834882374",
    "img": "https://www.forevershining.com.au/design/saved-designs/screenshots/2022/02/1645834882374.jpg",
    "title": "Laser Etched Black Granite Plaque"
  },
  {
    "id": "1645832647067",
    "img": "https://www.forevershining.com.au/design/saved-designs/screenshots/2022/02/1645832647067.jpg",
    "title": "Laser Etched Black Granite Plaque"
  },
  {
    "id": "1643261421077",
    "img": "https://www.forevershining.com.au/design/saved-designs/screenshots/2022/01/1643261421077.jpg",
    "title": "Laser Etched Black Granite Plaque"
  },
  {
    "id": "1643245727444",
    "img": "https://www.forevershining.com.au/design/saved-designs/screenshots/2022/01/1643245727444.jpg",
    "title": "Laser Etched Black Granite Plaque"
  },
  {
    "id": "1643242541910",
    "img": "https://www.forevershining.com.au/design/saved-designs/screenshots/2022/01/1643242541910.jpg",
    "title": "Laser Etched Black Granite Plaque"
  },
  {
    "id": "1641681494443",
    "img": "https://www.forevershining.com.au/design/saved-designs/screenshots/2022/01/1641681494443.jpg",
    "title": "Laser Etched Black Granite Plaque"
  },
  {
    "id": "1641515154737",
    "img": "https://www.forevershining.com.au/design/saved-designs/screenshots/2022/01/1641515154737.jpg",
    "title": "Laser Etched Black Granite Plaque"
  },
  {
    "id": "1625660143848",
    "img": "https://www.forevershining.com.au/design/saved-designs/screenshots/2021/07/1625660143848.jpg",
    "title": "Laser Etched Black Granite Plaque"
  },
  {
    "id": "1625659053347",
    "img": "https://www.forevershining.com.au/design/saved-designs/screenshots/2021/07/1625659053347.jpg",
    "title": "Laser Etched Black Granite Plaque"
  },
  {
    "id": "1625597146439",
    "img": "https://www.forevershining.com.au/design/saved-designs/screenshots/2021/07/1625597146439.jpg",
    "title": "Laser Etched Black Granite Plaque"
  },
  {
    "id": "1625646121895",
    "img": "https://www.forevershining.com.au/design/saved-designs/screenshots/2021/07/1625646121895.jpg",
    "title": "Laser Etched Black Granite Plaque"
  },
  {
    "id": "1622504424580",
    "img": "https://www.forevershining.com.au/design/saved-designs/screenshots/2021/05/1622504424580.jpg",
    "title": "Laser Etched Black Granite Plaque"
  },
  {
    "id": "1622504250772",
    "img": "https://www.forevershining.com.au/design/saved-designs/screenshots/2021/05/1622504250772.jpg",
    "title": "Laser Etched Black Granite Plaque"
  },
  {
    "id": "1622503487729",
    "img": "https://www.forevershining.com.au/design/saved-designs/screenshots/2021/05/1622503487729.jpg",
    "title": "Laser Etched Black Granite Plaque"
  },
  {
    "id": "1622502607148",
    "img": "https://www.forevershining.com.au/design/saved-designs/screenshots/2021/05/1622502607148.jpg",
    "title": "Laser Etched Black Granite Plaque"
  },
  {
    "id": "1621728052139",
    "img": "https://www.forevershining.com.au/design/saved-designs/screenshots/2021/05/1621728052139.jpg",
    "title": "Laser Etched Black Granite Plaque"
  },
  {
    "id": "1621714412465",
    "img": "https://www.forevershining.com.au/design/saved-designs/screenshots/2021/05/1621714412465.jpg",
    "title": "Laser Etched Black Granite Plaque"
  },
  {
    "id": "1620335105057",
    "img": "https://www.forevershining.com.au/design/saved-designs/screenshots/2021/05/1620335105057.jpg",
    "title": "Laser Etched Black Granite Plaque"
  },
  {
    "id": "1620293172701",
    "img": "https://www.forevershining.com.au/design/saved-designs/screenshots/2021/05/1620293172701.jpg",
    "title": "Laser Etched Black Granite Plaque"
  },
  {
    "id": "1620214840654",
    "img": "https://www.forevershining.com.au/design/saved-designs/screenshots/2021/05/1620214840654.jpg",
    "title": "Laser Etched Black Granite Plaque"
  },
  {
    "id": "1620210050930",
    "img": "https://www.forevershining.com.au/design/saved-designs/screenshots/2021/05/1620210050930.jpg",
    "title": "Laser Etched Black Granite Plaque"
  },
  {
    "id": "1619920209807",
    "img": "https://www.forevershining.com.au/design/saved-designs/screenshots/2021/05/1619920209807.jpg",
    "title": "Laser Etched Black Granite Plaque"
  },
  {
    "id": "1620026786250",
    "img": "https://www.forevershining.com.au/design/saved-designs/screenshots/2021/05/1620026786250.jpg",
    "title": "Laser Etched Black Granite Plaque"
  },
  {
    "id": "1620022461544",
    "img": "https://www.forevershining.com.au/design/saved-designs/screenshots/2021/05/1620022461544.jpg",
    "title": "Laser Etched Black Granite Plaque"
  },
  {
    "id": "1619522362293",
    "img": "https://www.forevershining.com.au/design/saved-designs/screenshots/2021/04/1619522362293.jpg",
    "title": "Laser Etched Black Granite Plaque"
  },
  {
    "id": "1618020292680",
    "img": "https://www.forevershining.com.au/design/saved-designs/screenshots/2021/04/1618020292680.jpg",
    "title": "Laser Etched Black Granite Plaque"
  },
  {
    "id": "1614816006344",
    "img": "https://www.forevershining.com.au/design/saved-designs/screenshots/2021/03/1614816006344.jpg",
    "title": "Laser Etched Black Granite Plaque"
  },
  {
    "id": "1613365776479",
    "img": "https://www.forevershining.com.au/design/saved-designs/screenshots/2021/02/1613365776479.jpg",
    "title": "Laser Etched Black Granite Plaque"
  },
  {
    "id": "1613371335732",
    "img": "https://www.forevershining.com.au/design/saved-designs/screenshots/2021/02/1613371335732.jpg",
    "title": "Laser Etched Black Granite Plaque"
  },
  {
    "id": "1606193134351",
    "img": "https://www.forevershining.com.au/design/saved-designs/screenshots/2020/11/1606193134351.jpg",
    "title": "Laser Etched Black Granite Plaque"
  },
  {
    "id": "1602818037493",
    "img": "https://www.forevershining.com.au/design/saved-designs/screenshots/2020/10/1602818037493.jpg",
    "title": "Laser Etched Black Granite Plaque"
  },
  {
    "id": "1597295055915",
    "img": "https://www.forevershining.com.au/design/saved-designs/screenshots/2020/08/1597295055915.jpg",
    "title": "Laser Etched Black Granite Plaque"
  },
  {
    "id": "1597276365949",
    "img": "https://www.forevershining.com.au/design/saved-designs/screenshots/2020/08/1597276365949.jpg",
    "title": "Laser Etched Black Granite Plaque"
  },
  {
    "id": "1594346760317",
    "img": "https://www.forevershining.com.au/design/saved-designs/screenshots/2020/07/1594346760317.jpg",
    "title": "Laser Etched Black Granite Plaque"
  },
  {
    "id": "1594267520322",
    "img": "https://www.forevershining.com.au/design/saved-designs/screenshots/1594267520322.jpg",
    "title": "Laser Etched Black Granite Plaque"
  },
  {
    "id": "1594207263536",
    "img": "https://www.forevershining.com.au/design/saved-designs/screenshots/2020/07/1594207263536.jpg",
    "title": "Laser Etched Black Granite Plaque"
  },
  {
    "id": "1594126314766",
    "img": "https://www.forevershining.com.au/design/saved-designs/screenshots/2020/07/1594126314766.jpg",
    "title": "Laser Etched Black Granite Plaque"
  },
  {
    "id": "1592213676018",
    "img": "https://www.forevershining.com.au/design/saved-designs/screenshots/2020/07/1592213676018.jpg",
    "title": "Laser Etched Black Granite Plaque"
  },
  {
    "id": "1593652214845",
    "img": "https://www.forevershining.com.au/design/saved-designs/screenshots/2020/07/1593652214845.jpg",
    "title": "Laser Etched Black Granite Plaque"
  },
  {
    "id": "1593156673773",
    "img": "https://www.forevershining.com.au/design/saved-designs/screenshots/2020/06/1593156673773.jpg",
    "title": "Laser Etched Black Granite Plaque"
  },
  {
    "id": "1593132305904",
    "img": "https://www.forevershining.com.au/design/saved-designs/screenshots/2020/06/1593132305904.jpg",
    "title": "Laser Etched Black Granite Plaque"
  },
  {
    "id": "1590066809252",
    "img": "https://www.forevershining.com.au/design/saved-designs/screenshots/1590066809252.jpg",
    "title": "Laser Etched Black Granite Plaque"
  },
  {
    "id": "1590068403592",
    "img": "https://www.forevershining.com.au/design/saved-designs/screenshots/1590068403592.jpg",
    "title": "Laser Etched Black Granite Plaque"
  },
  {
    "id": "1582459147367",
    "img": "https://www.forevershining.com.au/design/saved-designs/screenshots/1582459147367.jpg",
    "title": "Laser Etched Black Granite Plaque"
  },
  {
    "id": "1582269681218",
    "img": "https://www.forevershining.com.au/design/saved-designs/screenshots/1582269681218.jpg",
    "title": "Laser Etched Black Granite Plaque"
  },
  {
    "id": "1582220583301",
    "img": "https://www.forevershining.com.au/design/saved-designs/screenshots/1582220583301.jpg",
    "title": "Laser Etched Black Granite Plaque"
  },
  {
    "id": "1582218338196",
    "img": "https://www.forevershining.com.au/design/saved-designs/screenshots/1582218338196.jpg",
    "title": "Laser Etched Black Granite Plaque"
  },
  {
    "id": "1579226982759",
    "img": "https://www.forevershining.com.au/design/saved-designs/screenshots/1579226982759.jpg",
    "title": "Laser Etched Black Granite Plaque"
  },
  {
    "id": "1579079628899",
    "img": "https://www.forevershining.com.au/design/saved-designs/screenshots/1579079628899.jpg",
    "title": "Laser Etched Black Granite Plaque"
  },
  {
    "id": "1681114182561",
    "img": "https://www.forevershining.com.au/design/saved-designs/screenshots/2023/04/1681114182561.jpg",
    "title": "Laser Etched Black Granite Plaque"
  },
  {
    "id": "1681100477370",
    "img": "https://www.forevershining.com.au/design/saved-designs/screenshots/2023/04/1681100477370.jpg",
    "title": "Laser Etched Black Granite Plaque"
  },
  {
    "id": "1660654052938",
    "img": "https://www.forevershining.com.au/design/saved-designs/screenshots/2022/08/1660654052938.jpg",
    "title": "Laser Etched Black Granite Plaque"
  },
  {
    "id": "1630309632627",
    "img": "https://www.forevershining.com.au/design/saved-designs/screenshots/2021/08/1630309632627.jpg",
    "title": "Laser Etched Black Granite Plaque"
  },
  {
    "id": "1594102260273",
    "img": "https://www.forevershining.com.au/design/saved-designs/screenshots/1594102260273.jpg",
    "title": "Laser Etched Black Granite Plaque"
  },
  {
    "id": "1579145641304",
    "img": "https://www.forevershining.com.au/design/saved-designs/screenshots/1579145641304.jpg",
    "title": "Laser Etched Black Granite Plaque"
  }
]