[
  {
    "id": "1717463434998",
    "img": "https://www.forevershining.com.au/design/saved-designs/screenshots/2024/06/1717463434998.jpg",
    "title": "Stainless Steel Plaque"
  },
  {
    "id": "1717400937723",
    "img": "https://www.forevershining.com.au/design/saved-designs/screenshots/2024/06/1717400937723.jpg",
    "title": "Stainless Steel Plaque"
  },
  {
    "id": "1717216414733",
    "img": "https://www.forevershining.com.au/design/saved-designs/screenshots/2024/06/1717216414733.jpg",
    "title": "Stainless Steel Plaque"
  },
  {
    "id": "1717122329265",
    "img": "https://www.forevershining.com.au/design/saved-designs/screenshots/2024/05/1717122329265.jpg",
    "title": "Stainless Steel Plaque"
  },
  {
    "id": "1717122131552",
    "img": "https://www.forevershining.com.au/design/saved-designs/screenshots/2024/05/1717122131552.jpg",
    "title": "Stainless Steel Plaque"
  },
  {
    "id": "1717121815802",
    "img": "https://www.forevershining.com.au/design/saved-designs/screenshots/2024/05/1717121815802.jpg",
    "title": "Stainless Steel Plaque"
  },
  {
    "id": "1716294377386",
    "img": "https://www.forevershining.com.au/design/saved-designs/screenshots/2024/05/1716294377386.jpg",
    "title": "Stainless Steel Plaque"
  },
  {
    "id": "1713623021571",
    "img": "https://www.forevershining.com.au/design/saved-designs/screenshots/2024/04/1713623021571.jpg",
    "title": "Stainless Steel Plaque"
  },
  {
    "id": "1713393054406",
    "img": "https://www.forevershining.com.au/design/saved-designs/screenshots/2024/04/1713393054406.jpg",
    "title": "Stainless Steel Plaque"
  },
  {
    "id": "1713390525314",
    "img": "https://www.forevershining.com.au/design/saved-designs/screenshots/2024/04/1713390525314.jpg",
    "title": "Stainless Steel Plaque"
  },
  {
    "id": "1712053885417",
    "img": "https://www.forevershining.com.au/design/saved-designs/screenshots/2024/04/1712053885417.jpg",
    "title": "Stainless Steel Plaque"
  },
  {
    "id": "1712053677853",
    "img": "https://www.forevershining.com.au/design/saved-designs/screenshots/2024/04/1712053677853.jpg",
    "title": "Stainless Steel Plaque"
  },
  {
    "id": "1712053608227",
    "img": "https://www.forevershining.com.au/design/saved-designs/screenshots/2024/04/1712053608227.jpg",
    "title": "Stainless Steel Plaque"
  },
  {
    "id": "1712053441580",
    "img": "https://www.forevershining.com.au/design/saved-designs/screenshots/2024/04/1712053441580.jpg",
    "title": "Stainless Steel Plaque"
  },
  {
    "id": "1712053315373",
    "img": "https://www.forevershining.com.au/design/saved-designs/screenshots/2024/04/1712053315373.jpg",
    "title": "Stainless Steel Plaque"
  },
  {
    "id": "1712047924327",
    "img": "https://www.forevershining.com.au/design/saved-designs/screenshots/2024/04/1712047924327.jpg",
    "title": "Stainless Steel Plaque"
  },
  {
    "id": "1712047209684",
    "img": "https://www.forevershining.com.au/design/saved-designs/screenshots/2024/04/1712047209684.jpg",
    "title": "Stainless Steel Plaque"
  },
  {
    "id": "1711626788844",
    "img": "https://www.forevershining.com.au/design/saved-designs/screenshots/2024/03/1711626788844.jpg",
    "title": "Stainless Steel Plaque"
  },
  {
    "id": "1711623804931",
    "img": "https://www.forevershining.com.au/design/saved-designs/screenshots/2024/03/1711623804931.jpg",
    "title": "Stainless Steel Plaque"
  },
  {
    "id": "1711623120506",
    "img": "https://www.forevershining.com.au/design/saved-designs/screenshots/2024/03/1711623120506.jpg",
    "title": "Stainless Steel Plaque"
  },
  {
    "id": "1711615562529",
    "img": "https://www.forevershining.com.au/design/saved-designs/screenshots/2024/03/1711615562529.jpg",
    "title": "Stainless Steel Plaque"
  },
  {
    "id": "1711543568688",
    "img": "https://www.forevershining.com.au/design/saved-designs/screenshots/2024/03/1711543568688.jpg",
    "title": "Stainless Steel Plaque"
  },
  {
    "id": "1708394271683",
    "img": "https://www.forevershining.com.au/design/saved-designs/screenshots/2024/02/1708394271683.jpg",
    "title": "Stainless Steel Plaque"
  },
  {
    "id": "1708394167897",
    "img": "https://www.forevershining.com.au/design/saved-designs/screenshots/2024/02/1708394167897.jpg",
    "title": "Stainless Steel Plaque"
  },
  {
    "id": "1708384943822",
    "img": "https://www.forevershining.com.au/design/saved-designs/screenshots/2024/02/1708384943822.jpg",
    "title": "Stainless Steel Plaque"
  },
  {
    "id": "1708379649170",
    "img": "https://www.forevershining.com.au/design/saved-designs/screenshots/2024/02/1708379649170.jpg",
    "title": "Stainless Steel Plaque"
  },
  {
    "id": "1697466631387",
    "img": "https://www.forevershining.com.au/design/saved-designs/screenshots/2023/10/1697466631387.jpg",
    "title": "Stainless Steel Plaque"
  },
  {
    "id": "1693558982133",
    "img": "https://www.forevershining.com.au/design/saved-designs/screenshots/2023/09/1693558982133.jpg",
    "title": "Stainless Steel Plaque"
  },
  {
    "id": "1693558657216",
    "img": "https://www.forevershining.com.au/design/saved-designs/screenshots/2023/09/1693558657216.jpg",
    "title": "Stainless Steel Plaque"
  },
  {
    "id": "1693556912739",
    "img": "https://www.forevershining.com.au/design/saved-designs/screenshots/2023/09/1693556912739.jpg",
    "title": "Stainless Steel Plaque"
  },
  {
    "id": "1691970033274",
    "img": "https://www.forevershining.com.au/design/saved-designs/screenshots/2023/08/1691970033274.jpg",
    "title": "Stainless Steel Plaque"
  },
  {
    "id": "1691967117989",
    "img": "https://www.forevershining.com.au/design/saved-designs/screenshots/2023/08/1691967117989.jpg",
    "title": "Stainless Steel Plaque"
  },
  {
    "id": "1691457251284",
    "img": "https://www.forevershining.com.au/design/saved-designs/screenshots/2023/08/1691457251284.jpg",
    "title": "Stainless Steel Plaque"
  },
  {
    "id": "1690532691992",
    "img": "https://www.forevershining.com.au/design/saved-designs/screenshots/2023/07/1690532691992.jpg",
    "title": "Stainless Steel Plaque"
  },
  {
    "id": "1690240836158",
    "img": "https://www.forevershining.com.au/design/saved-designs/screenshots/2023/07/1690240836158.jpg",
    "title": "Stainless Steel Plaque"
  },
  {
    "id": "1688150042813",
    "img": "https://www.forevershining.com.au/design/saved-designs/screenshots/2023/06/1688150042813.jpg",
    "title": "Stainless Steel Plaque"
  },
  {
    "id": "1688031334921",
    "img": "https://www.forevershining.com.au/design/saved-designs/screenshots/2023/06/1688031334921.jpg",
    "title": "Stainless Steel Plaque"
  },
  {
    "id": "1682982342051",
    "img": "https://www.forevershining.com.au/design/saved-designs/screenshots/2023/05/1682982342051.jpg",
    "title": "Stainless Steel Plaque"
  },
  {
    "id": "1682245293576",
    "img": "https://www.forevershining.com.au/design/saved-designs/screenshots/2023/04/1682245293576.jpg",
    "title": "Stainless Steel Plaque"
  },
  {
    "id": "1681806004235",
    "img": "https://www.forevershining.com.au/design/saved-designs/screenshots/2023/04/1681806004235.jpg",
    "title": "Stainless Steel Plaque"
  },
  {
    "id": "1679363678189",
    "img": "https://www.forevershining.com.au/design/saved-designs/screenshots/2023/03/1679363678189.jpg",
    "title": "Stainless Steel Plaque"
  },
  {
    "id": "1678525239822",
    "img": "https://www.forevershining.com.au/design/saved-designs/screenshots/2023/03/1678525239822.jpg",
    "title": "Stainless Steel Plaque"
  },
  {
    "id": "1676891415560",
    "img": "https://www.forevershining.com.au/design/saved-designs/screenshots/2023/02/1676891415560.jpg",
    "title": "Stainless Steel Plaque"
  },
  {
    "id": "1676633419669",
    "img": "https://www.forevershining.com.au/design/saved-designs/screenshots/2023/02/1676633419669.jpg",
    "title": "Stainless Steel Plaque"
  },
  {
    "id": "1672896058525",
    "img": "https://www.forevershining.com.au/design/saved-designs/screenshots/2023/01/1672896058525.jpg",
    "title": "Stainless Steel Plaque"
  },
  {
    "id": "1670837036349",
    "img": "https://www.forevershining.com.au/design/saved-designs/screenshots/2022/12/1670837036349.jpg",
    "title": "Stainless Steel Plaque"
  },
  {
    "id": "1670836691344",
    "img": "https://www.forevershining.com.au/design/saved-designs/screenshots/2022/12/1670836691344.jpg",
    "title": "Stainless Steel Plaque"
  },
  {
    "id": "1670835726027",
    "img": "https://www.forevershining.com.au/design/saved-designs/screenshots/2022/12/1670835726027.jpg",
    "title": "Stainless Steel Plaque"
  },
  {
    "id": "1669987788802",
    "img": "https://www.forevershining.com.au/design/saved-designs/screenshots/2022/12/1669987788802.jpg",
    "title": "Stainless Steel Plaque"
  },
  {
    "id": "1669183493021",
    "img": "https://www.forevershining.com.au/design/saved-designs/screenshots/2022/11/1669183493021.jpg",
    "title": "Stainless Steel Plaque"
  },
  {
    "id": "1669180178794",
    "img": "https://www.forevershining.com.au/design/saved-designs/screenshots/2022/11/1669180178794.jpg",
    "title": "Stainless Steel Plaque"
  },
  {
    "id": "1669179706820",
    "img": "https://www.forevershining.com.au/design/saved-designs/screenshots/2022/11/1669179706820.jpg",
    "title": "Stainless Steel Plaque"
  },
  {
    "id": "1668509416860",
    "img": "https://www.forevershining.com.au/design/saved-designs/screenshots/2022/11/1668509416860.jpg",
    "title": "Stainless Steel Plaque"
  },
  {
    "id": "1667479255465",
    "img": "https://www.forevershining.com.au/design/saved-designs/screenshots/2022/11/1667479255465.jpg",
    "title": "Stainless Steel Plaque"
  },
  {
    "id": "1664887795728",
    "img": "https://www.forevershining.com.au/design/saved-designs/screenshots/2022/10/1664887795728.jpg",
    "title": "Stainless Steel Plaque"
  },
  {
    "id": "1661475565041",
    "img": "https://www.forevershining.com.au/design/saved-designs/screenshots/2022/08/1661475565041.jpg",
    "title": "Stainless Steel Plaque"
  },
  {
    "id": "1660514896898",
    "img": "https://www.forevershining.com.au/design/saved-designs/screenshots/2022/08/1660514896898.jpg",
    "title": "Stainless Steel Plaque"
  },
  {
    "id": "1657536641029",
    "img": "https://www.forevershining.com.au/design/saved-designs/screenshots/2022/07/1657536641029.jpg",
    "title": "Stainless Steel Plaque"
  },
  {
    "id": "1656989937158",
    "img": "https://www.forevershining.com.au/design/saved-designs/screenshots/2022/07/1656989937158.jpg",
    "title": "Stainless Steel Plaque"
  },
  {
    "id": "1655347235190",
    "img": "https://www.forevershining.com.au/design/saved-designs/screenshots/2022/06/1655347235190.jpg",
    "title": "Stainless Steel Plaque"
  },
  {
    "id": "1655347136954",
    "img": "https://www.forevershining.com.au/design/saved-designs/screenshots/2022/06/1655347136954.jpg",
    "title": "Stainless Steel Plaque"
  },
  {
    "id": "1655343765080",
    "img": "https://www.forevershining.com.au/design/saved-designs/screenshots/2022/06/1655343765080.jpg",
    "title": "Stainless Steel Plaque"
  },
  {
    "id": "1640580920025",
    "img": "https://www.forevershining.com.au/design/saved-designs/screenshots/2021/12/1640580920025.jpg",
    "title": "Stainless Steel Plaque"
  },
  {
    "id": "1638142777975",
    "img": "https://www.forevershining.com.au/design/saved-designs/screenshots/2021/11/1638142777975.jpg",
    "title": "Stainless Steel Plaque"
  },
  {
    "id": "1638138522634",
    "img": "https://www.forevershining.com.au/design/saved-designs/screenshots/2021/11/1638138522634.jpg",
    "title": "Stainless Steel Plaque"
  },
  {
    "id": "1637028439943",
    "img": "https://www.forevershining.com.au/design/saved-designs/screenshots/2021/11/1637028439943.jpg",
    "title": "Stainless Steel Plaque"
  },
  {
    "id": "1636865594467",
    "img": "https://www.forevershining.com.au/design/saved-designs/screenshots/2021/11/1636865594467.jpg",
    "title": "Stainless Steel Plaque"
  },
  {
    "id": "1636691357386",
    "img": "https://www.forevershining.com.au/design/saved-designs/screenshots/2021/11/1636691357386.jpg",
    "title": "Stainless Steel Plaque"
  },
  {
    "id": "1636681673018",
    "img": "https://www.forevershining.com.au/design/saved-designs/screenshots/2021/11/1636681673018.jpg",
    "title": "Stainless Steel Plaque"
  },
  {
    "id": "1636037970908",
    "img": "https://www.forevershining.com.au/design/saved-designs/screenshots/2021/11/1636037970908.jpg",
    "title": "Stainless Steel Plaque"
  },
  {
    "id": "1636035412617",
    "img": "https://www.forevershining.com.au/design/saved-designs/screenshots/2021/11/1636035412617.jpg",
    "title": "Stainless Steel Plaque"
  }
]