[
  {
    "id": "1673391372742",
    "img": "https://www.forevershining.com.au/design/saved-designs/screenshots/2023/01/1673391372742.jpg",
    "title": "Stainless Steel Plaque"
  },
  {
    "id": "1673391276513",
    "img": "https://www.forevershining.com.au/design/saved-designs/screenshots/2023/01/1673391276513.jpg",
    "title": "Stainless Steel Plaque"
  },
  {
    "id": "1673391182373",
    "img": "https://www.forevershining.com.au/design/saved-designs/screenshots/2023/01/1673391182373.jpg",
    "title": "Stainless Steel Plaque"
  },
  {
    "id": "1673390822073",
    "img": "https://www.forevershining.com.au/design/saved-designs/screenshots/2023/01/1673390822073.jpg",
    "title": "Stainless Steel Plaque"
  }
]