[
  {
    "id": "1694392421808",
    "img": "https://www.forevershining.com.au/design/saved-designs/screenshots/2023/09/1694392421808.jpg",
    "title": "Stainless Steel Plaque"
  },
  {
    "id": "1688446214827",
    "img": "https://www.forevershining.com.au/design/saved-designs/screenshots/2023/07/1688446214827.jpg",
    "title": "Stainless Steel Plaque"
  },
  {
    "id": "1688372624458",
    "img": "https://www.forevershining.com.au/design/saved-designs/screenshots/2023/07/1688372624458.jpg",
    "title": "Stainless Steel Plaque"
  },
  {
    "id": "1670496924877",
    "img": "https://www.forevershining.com.au/design/saved-designs/screenshots/2022/12/1670496924877.jpg",
    "title": "Stainless Steel Plaque"
  },
  {
    "id": "1636135773052",
    "img": "https://www.forevershining.com.au/design/saved-designs/screenshots/2021/11/1636135773052.jpg",
    "title": "Stainless Steel Plaque"
  },
  {
    "id": "1636104437094",
    "img": "https://www.forevershining.com.au/design/saved-designs/screenshots/2021/11/1636104437094.jpg",
    "title": "Stainless Steel Plaque"
  },
  {
    "id": "1636102675893",
    "img": "https://www.forevershining.com.au/design/saved-designs/screenshots/2021/11/1636102675893.jpg",
    "title": "Stainless Steel Plaque"
  }
]