[
  {
    "id": "1709600568545",
    "img": "https://www.forevershining.com.au/design/saved-designs/screenshots/2024/03/1709600568545.jpg",
    "title": "Stainless Steel Plaque"
  },
  {
    "id": "1694143842727",
    "img": "https://www.forevershining.com.au/design/saved-designs/screenshots/2023/09/1694143842727.jpg",
    "title": "Stainless Steel Plaque"
  },
  {
    "id": "1694141585824",
    "img": "https://www.forevershining.com.au/design/saved-designs/screenshots/2023/09/1694141585824.jpg",
    "title": "Stainless Steel Plaque"
  },
  {
    "id": "1691129974822",
    "img": "https://www.forevershining.com.au/design/saved-designs/screenshots/2023/08/1691129974822.jpg",
    "title": "Stainless Steel Plaque"
  },
  {
    "id": "1691129139444",
    "img": "https://www.forevershining.com.au/design/saved-designs/screenshots/2023/08/1691129139444.jpg",
    "title": "Stainless Steel Plaque"
  },
  {
    "id": "1691063257025",
    "img": "https://www.forevershining.com.au/design/saved-designs/screenshots/2023/08/1691063257025.jpg",
    "title": "Stainless Steel Plaque"
  },
  {
    "id": "1691025483936",
    "img": "https://www.forevershining.com.au/design/saved-designs/screenshots/2023/08/1691025483936.jpg",
    "title": "Stainless Steel Plaque"
  }
]