[
  {
    "id": "1658179411859",
    "img": "https://www.forevershining.com.au/design/saved-designs/screenshots/2022/07/1658179411859.jpg",
    "title": "Laser Etched Black Granite Plaque"
  },
  {
    "id": "1658178699172",
    "img": "https://www.forevershining.com.au/design/saved-designs/screenshots/2022/07/1658178699172.jpg",
    "title": "Laser Etched Black Granite Plaque"
  },
  {
    "id": "1655781524591",
    "img": "https://www.forevershining.com.au/design/saved-designs/screenshots/2022/06/1655781524591.jpg",
    "title": "Laser Etched Black Granite Plaque"
  },
  {
    "id": "1655780895532",
    "img": "https://www.forevershining.com.au/design/saved-designs/screenshots/2022/06/1655780895532.jpg",
    "title": "Laser Etched Black Granite Plaque"
  },
  {
    "id": "1655776625049",
    "img": "https://www.forevershining.com.au/design/saved-designs/screenshots/2022/06/1655776625049.jpg",
    "title": "Laser Etched Black Granite Plaque"
  }
]