[
  {
    "id": "1712129152528",
    "img": "https://www.forevershining.com.au/design/saved-designs/screenshots/2024/04/1712129152528.jpg",
    "title": "Full Color Plaque"
  },
  {
    "id": "1712099633538",
    "img": "https://www.forevershining.com.au/design/saved-designs/screenshots/2024/04/1712099633538.jpg",
    "title": "Full Color Plaque"
  },
  {
    "id": "1685762888536",
    "img": "https://www.forevershining.com.au/design/saved-designs/screenshots/2023/06/1685762888536.jpg",
    "title": "Full Color Plaque"
  },
  {
    "id": "1685762016673",
    "img": "https://www.forevershining.com.au/design/saved-designs/screenshots/2023/06/1685762016673.jpg",
    "title": "Full Color Plaque"
  },
  {
    "id": "1678700751936",
    "img": "https://www.forevershining.com.au/design/saved-designs/screenshots/2023/03/1678700751936.jpg",
    "title": "Full Color Plaque"
  },
  {
    "id": "1676130530092",
    "img": "https://www.forevershining.com.au/design/saved-designs/screenshots/2023/02/1676130530092.jpg",
    "title": "Full Color Plaque"
  },
  {
    "id": "1673947893075",
    "img": "https://www.forevershining.com.au/design/saved-designs/screenshots/2023/01/1673947893075.jpg",
    "title": "Full Color Plaque"
  },
  {
    "id": "1668666179417",
    "img": "https://www.forevershining.com.au/design/saved-designs/screenshots/2022/11/1668666179417.jpg",
    "title": "Full Color Plaque"
  },
  {
    "id": "1668663837802",
    "img": "https://www.forevershining.com.au/design/saved-designs/screenshots/2022/11/1668663837802.jpg",
    "title": "Full Color Plaque"
  },
  {
    "id": "1668591336215",
    "img": "https://www.forevershining.com.au/design/saved-designs/screenshots/2022/11/1668591336215.jpg",
    "title": "Full Color Plaque"
  },
  {
    "id": "1667485121103",
    "img": "https://www.forevershining.com.au/design/saved-designs/screenshots/2022/11/1667485121103.jpg",
    "title": "Full Color Plaque"
  },
  {
    "id": "1666246500829",
    "img": "https://www.forevershining.com.au/design/saved-designs/screenshots/2022/10/1666246500829.jpg",
    "title": "Full Color Plaque"
  },
  {
    "id": "1662967771118",
    "img": "https://www.forevershining.com.au/design/saved-designs/screenshots/2022/09/1662967771118.jpg",
    "title": "Full Color Plaque"
  },
  {
    "id": "1662967087929",
    "img": "https://www.forevershining.com.au/design/saved-designs/screenshots/2022/09/1662967087929.jpg",
    "title": "Full Color Plaque"
  },
  {
    "id": "1662966923830",
    "img": "https://www.forevershining.com.au/design/saved-designs/screenshots/2022/09/1662966923830.jpg",
    "title": "Full Color Plaque"
  },
  {
    "id": "1657253144860",
    "img": "https://www.forevershining.com.au/design/saved-designs/screenshots/2022/07/1657253144860.jpg",
    "title": "Full Color Plaque"
  },
  {
    "id": "1631663236693",
    "img": "https://www.forevershining.com.au/design/saved-designs/screenshots/2021/09/1631663236693.jpg",
    "title": "Full Color Plaque"
  },
  {
    "id": "1631498638499",
    "img": "https://www.forevershining.com.au/design/saved-designs/screenshots/2021/09/1631498638499.jpg",
    "title": "Full Color Plaque"
  }
]