[
  {
    "id": "1717903025619",
    "img": "https://www.forevershining.com.au/design/saved-designs/screenshots/2024/06/1717903025619.jpg",
    "title": "Bronze Plaque"
  },
  {
    "id": "1717902982171",
    "img": "https://www.forevershining.com.au/design/saved-designs/screenshots/2024/06/1717902982171.jpg",
    "title": "Bronze Plaque"
  },
  {
    "id": "1717467926730",
    "img": "https://www.forevershining.com.au/design/saved-designs/screenshots/2024/06/1717467926730.jpg",
    "title": "Bronze Plaque"
  },
  {
    "id": "1693625067043",
    "img": "https://www.forevershining.com.au/design/saved-designs/screenshots/2023/09/1693625067043.jpg",
    "title": "Bronze Plaque"
  },
  {
    "id": "1649652339493",
    "img": "https://www.forevershining.com.au/design/saved-designs/screenshots/2022/04/1649652339493.jpg",
    "title": "Bronze Plaque"
  },
  {
    "id": "1623374154793",
    "img": "https://www.forevershining.com.au/design/saved-designs/screenshots/2021/06/1623374154793.jpg",
    "title": "Bronze Plaque"
  },
  {
    "id": "1623373735211",
    "img": "https://www.forevershining.com.au/design/saved-designs/screenshots/2021/06/1623373735211.jpg",
    "title": "Bronze Plaque"
  },
  {
    "id": "1623372098138",
    "img": "https://www.forevershining.com.au/design/saved-designs/screenshots/2021/06/1623372098138.jpg",
    "title": "Bronze Plaque"
  },
  {
    "id": "1604451791117",
    "img": "https://www.forevershining.com.au/design/saved-designs/screenshots/2020/11/1604451791117.jpg",
    "title": "Bronze Plaque"
  },
  {
    "id": "1604413486107",
    "img": "https://www.forevershining.com.au/design/saved-designs/screenshots/2020/11/1604413486107.jpg",
    "title": "Bronze Plaque"
  },
  {
    "id": "1604413102125",
    "img": "https://www.forevershining.com.au/design/saved-designs/screenshots/2020/11/1604413102125.jpg",
    "title": "Bronze Plaque"
  },
  {
    "id": "1591320003995",
    "img": "https://www.forevershining.com.au/design/saved-designs/screenshots/1591320003995.jpg",
    "title": "Bronze Plaque"
  },
  {
    "id": "1591320086533",
    "img": "https://www.forevershining.com.au/design/saved-designs/screenshots/1591320086533.jpg",
    "title": "Bronze Plaque"
  },
  {
    "id": "1590451683509",
    "img": "https://www.forevershining.com.au/design/saved-designs/screenshots/1590451683509.jpg",
    "title": "Bronze Plaque"
  },
  {
    "id": "1590451154812",
    "img": "https://www.forevershining.com.au/design/saved-designs/screenshots/1590451154812.jpg",
    "title": "Bronze Plaque"
  },
  {
    "id": "1590412351256",
    "img": "https://www.forevershining.com.au/design/saved-designs/screenshots/1590412351256.jpg",
    "title": "Bronze Plaque"
  },
  {
    "id": "1590396997656",
    "img": "https://www.forevershining.com.au/design/saved-designs/screenshots/1590396997656.jpg",
    "title": "Bronze Plaque"
  },
  {
    "id": "1590387151602",
    "img": "https://www.forevershining.com.au/design/saved-designs/screenshots/1590387151602.jpg",
    "title": "Bronze Plaque"
  },
  {
    "id": "1580363265938",
    "img": "https://www.forevershining.com.au/design/saved-designs/screenshots/1580363265938.jpg",
    "title": "Bronze Plaque"
  },
  {
    "id": "1580347617736",
    "img": "https://www.forevershining.com.au/design/saved-designs/screenshots/1580347617736.jpg",
    "title": "Bronze Plaque"
  },
  {
    "id": "1580318602586",
    "img": "https://www.forevershining.com.au/design/saved-designs/screenshots/1580318602586.jpg",
    "title": "Bronze Plaque"
  },
  {
    "id": "1580296608669",
    "img": "https://www.forevershining.com.au/design/saved-designs/screenshots/1580296608669.jpg",
    "title": "Bronze Plaque"
  },
  {
    "id": "1578728723585",
    "img": "https://www.forevershining.com.au/design/saved-designs/screenshots/1578728723585.jpg",
    "title": "Bronze Plaque"
  },
  {
    "id": "1578631090895",
    "img": "https://www.forevershining.com.au/design/saved-designs/screenshots/1578631090895.jpg",
    "title": "Bronze Plaque"
  },
  {
    "id": "1578628779753",
    "img": "https://www.forevershining.com.au/design/saved-designs/screenshots/1578628779753.jpg",
    "title": "Bronze Plaque"
  }
]