[
  {
    "id": "1708653002014",
    "img": "https://www.forevershining.com.au/design/saved-designs/screenshots/2024/02/1708653002014.jpg",
    "title": "Laser Etched Black Granite Plaque"
  },
  {
    "id": "1708382009371",
    "img": "https://www.forevershining.com.au/design/saved-designs/screenshots/2024/02/1708382009371.jpg",
    "title": "Laser Etched Black Granite Plaque"
  },
  {
    "id": "1708315617941",
    "img": "https://www.forevershining.com.au/design/saved-designs/screenshots/2024/02/1708315617941.jpg",
    "title": "Laser Etched Black Granite Plaque"
  },
  {
    "id": "1708131216986",
    "img": "https://www.forevershining.com.au/design/saved-designs/screenshots/2024/02/1708131216986.jpg",
    "title": "Laser Etched Black Granite Plaque"
  },
  {
    "id": "1707202641509",
    "img": "https://www.forevershining.com.au/design/saved-designs/screenshots/2024/02/1707202641509.jpg",
    "title": "Laser Etched Black Granite Plaque"
  },
  {
    "id": "1707202038925",
    "img": "https://www.forevershining.com.au/design/saved-designs/screenshots/2024/02/1707202038925.jpg",
    "title": "Laser Etched Black Granite Plaque"
  },
  {
    "id": "1707200566169",
    "img": "https://www.forevershining.com.au/design/saved-designs/screenshots/2024/02/1707200566169.jpg",
    "title": "Laser Etched Black Granite Plaque"
  },
  {
    "id": "1698894793094",
    "img": "https://www.forevershining.com.au/design/saved-designs/screenshots/2023/11/1698894793094.jpg",
    "title": "Laser Etched Black Granite Plaque"
  },
  {
    "id": "1698321771092",
    "img": "https://www.forevershining.com.au/design/saved-designs/screenshots/2023/10/1698321771092.jpg",
    "title": "Laser Etched Black Granite Plaque"
  },
  {
    "id": "1689733396347",
    "img": "https://www.forevershining.com.au/design/saved-designs/screenshots/2023/07/1689733396347.jpg",
    "title": "Laser Etched Black Granite Plaque"
  },
  {
    "id": "1677801455722",
    "img": "https://www.forevershining.com.au/design/saved-designs/screenshots/2023/03/1677801455722.jpg",
    "title": "Laser Etched Black Granite Plaque"
  },
  {
    "id": "1677747205094",
    "img": "https://www.forevershining.com.au/design/saved-designs/screenshots/2023/03/1677747205094.jpg",
    "title": "Laser Etched Black Granite Plaque"
  },
  {
    "id": "1677743898609",
    "img": "https://www.forevershining.com.au/design/saved-designs/screenshots/2023/03/1677743898609.jpg",
    "title": "Laser Etched Black Granite Plaque"
  },
  {
    "id": "1677592650400",
    "img": "https://www.forevershining.com.au/design/saved-designs/screenshots/2023/02/1677592650400.jpg",
    "title": "Laser Etched Black Granite Plaque"
  },
  {
    "id": "1663558469823",
    "img": "https://www.forevershining.com.au/design/saved-designs/screenshots/2022/09/1663558469823.jpg",
    "title": "Laser Etched Black Granite Plaque"
  },
  {
    "id": "1663558300895",
    "img": "https://www.forevershining.com.au/design/saved-designs/screenshots/2022/09/1663558300895.jpg",
    "title": "Laser Etched Black Granite Plaque"
  },
  {
    "id": "1645250203336",
    "img": "https://www.forevershining.com.au/design/saved-designs/screenshots/2022/02/1645250203336.jpg",
    "title": "Laser Etched Black Granite Plaque"
  },
  {
    "id": "1645249392539",
    "img": "https://www.forevershining.com.au/design/saved-designs/screenshots/2022/02/1645249392539.jpg",
    "title": "Laser Etched Black Granite Plaque"
  },
  {
    "id": "1624501627669",
    "img": "https://www.forevershining.com.au/design/saved-designs/screenshots/2021/06/1624501627669.jpg",
    "title": "Laser Etched Black Granite Plaque"
  },
  {
    "id": "1621832247561",
    "img": "https://www.forevershining.com.au/design/saved-designs/screenshots/2021/05/1621832247561.jpg",
    "title": "Laser Etched Black Granite Plaque"
  },
  {
    "id": "1592046187350",
    "img": "https://www.forevershining.com.au/design/saved-designs/screenshots/1592046187350.jpg",
    "title": "Laser Etched Black Granite Plaque"
  },
  {
    "id": "1581423649201",
    "img": "https://www.forevershining.com.au/design/saved-designs/screenshots/1581423649201.jpg",
    "title": "Laser Etched Black Granite Plaque"
  },
  {
    "id": "1581077029055",
    "img": "https://www.forevershining.com.au/design/saved-designs/screenshots/1581077029055.jpg",
    "title": "Laser Etched Black Granite Plaque"
  }
]