[
  {
    "id": "1693118231668",
    "img": "https://www.forevershining.com.au/design/saved-designs/screenshots/2023/08/1693118231668.jpg",
    "title": "Traditional Engraved Granite Plaque"
  },
  {
    "id": "1683185865662",
    "img": "https://www.forevershining.com.au/design/saved-designs/screenshots/2023/05/1683185865662.jpg",
    "title": "Traditional Engraved Granite Plaque"
  },
  {
    "id": "1673476471256",
    "img": "https://www.forevershining.com.au/design/saved-designs/screenshots/2023/01/1673476471256.jpg",
    "title": "Traditional Engraved Granite Plaque"
  },
  {
    "id": "1669016697905",
    "img": "https://www.forevershining.com.au/design/saved-designs/screenshots/2022/11/1669016697905.jpg",
    "title": "Traditional Engraved Granite Plaque"
  },
  {
    "id": "1669016575926",
    "img": "https://www.forevershining.com.au/design/saved-designs/screenshots/2022/11/1669016575926.jpg",
    "title": "Traditional Engraved Granite Plaque"
  },
  {
    "id": "1668717684638",
    "img": "https://www.forevershining.com.au/design/saved-designs/screenshots/2022/11/1668717684638.jpg",
    "title": "Traditional Engraved Granite Plaque"
  },
  {
    "id": "1668716443975",
    "img": "https://www.forevershining.com.au/design/saved-designs/screenshots/2022/11/1668716443975.jpg",
    "title": "Traditional Engraved Granite Plaque"
  },
  {
    "id": "1668716105133",
    "img": "https://www.forevershining.com.au/design/saved-designs/screenshots/2022/11/1668716105133.jpg",
    "title": "Traditional Engraved Granite Plaque"
  },
  {
    "id": "1668716004283",
    "img": "https://www.forevershining.com.au/design/saved-designs/screenshots/2022/11/1668716004283.jpg",
    "title": "Traditional Engraved Granite Plaque"
  },
  {
    "id": "1668715814504",
    "img": "https://www.forevershining.com.au/design/saved-designs/screenshots/2022/11/1668715814504.jpg",
    "title": "Traditional Engraved Granite Plaque"
  },
  {
    "id": "1668715757703",
    "img": "https://www.forevershining.com.au/design/saved-designs/screenshots/2022/11/1668715757703.jpg",
    "title": "Traditional Engraved Granite Plaque"
  },
  {
    "id": "1668715655054",
    "img": "https://www.forevershining.com.au/design/saved-designs/screenshots/2022/11/1668715655054.jpg",
    "title": "Traditional Engraved Granite Plaque"
  },
  {
    "id": "1668715459187",
    "img": "https://www.forevershining.com.au/design/saved-designs/screenshots/2022/11/1668715459187.jpg",
    "title": "Traditional Engraved Granite Plaque"
  },
  {
    "id": "1668715347914",
    "img": "https://www.forevershining.com.au/design/saved-designs/screenshots/2022/11/1668715347914.jpg",
    "title": "Traditional Engraved Granite Plaque"
  },
  {
    "id": "1668715207804",
    "img": "https://www.forevershining.com.au/design/saved-designs/screenshots/2022/11/1668715207804.jpg",
    "title": "Traditional Engraved Granite Plaque"
  },
  {
    "id": "1668714894841",
    "img": "https://www.forevershining.com.au/design/saved-designs/screenshots/2022/11/1668714894841.jpg",
    "title": "Traditional Engraved Granite Plaque"
  },
  {
    "id": "1668714760263",
    "img": "https://www.forevershining.com.au/design/saved-designs/screenshots/2022/11/1668714760263.jpg",
    "title": "Traditional Engraved Granite Plaque"
  },
  {
    "id": "1668714626072",
    "img": "https://www.forevershining.com.au/design/saved-designs/screenshots/2022/11/1668714626072.jpg",
    "title": "Traditional Engraved Granite Plaque"
  },
  {
    "id": "1668714526240",
    "img": "https://www.forevershining.com.au/design/saved-designs/screenshots/2022/11/1668714526240.jpg",
    "title": "Traditional Engraved Granite Plaque"
  },
  {
    "id": "1668676085897",
    "img": "https://www.forevershining.com.au/design/saved-designs/screenshots/2022/11/1668676085897.jpg",
    "title": "Traditional Engraved Granite Plaque"
  },
  {
    "id": "1602376925428",
    "img": "https://www.forevershining.com.au/design/undefined",
    "title": "Traditional Engraved Granite Plaque"
  },
  {
    "id": "1602322113350",
    "img": "https://www.forevershining.com.au/design/saved-designs/screenshots/2020/10/1602322113350.jpg",
    "title": "Traditional Engraved Granite Plaque"
  },
  {
    "id": "1714982781019",
    "img": "https://www.forevershining.com.au/design/saved-designs/screenshots/2024/05/1714982781019.jpg",
    "title": "Traditional Engraved Granite Plaque"
  },
  {
    "id": "1714976066632",
    "img": "https://www.forevershining.com.au/design/saved-designs/screenshots/2024/05/1714976066632.jpg",
    "title": "Traditional Engraved Granite Plaque"
  },
  {
    "id": "1714968669126",
    "img": "https://www.forevershining.com.au/design/saved-designs/screenshots/2024/05/1714968669126.jpg",
    "title": "Traditional Engraved Granite Plaque"
  }
]