[
  {
    "id": "1717809554267",
    "img": "https://www.forevershining.com.au/design/saved-designs/screenshots/2024/06/1717809554267.jpg",
    "title": "Bronze Plaque"
  },
  {
    "id": "1717803010673",
    "img": "https://www.forevershining.com.au/design/saved-designs/screenshots/2024/06/1717803010673.jpg",
    "title": "Bronze Plaque"
  },
  {
    "id": "1711253223726",
    "img": "https://www.forevershining.com.au/design/saved-designs/screenshots/2024/03/1711253223726.jpg",
    "title": "Bronze Plaque"
  },
  {
    "id": "1711252992492",
    "img": "https://www.forevershining.com.au/design/saved-designs/screenshots/2024/03/1711252992492.jpg",
    "title": "Bronze Plaque"
  },
  {
    "id": "1711252893884",
    "img": "https://www.forevershining.com.au/design/saved-designs/screenshots/2024/03/1711252893884.jpg",
    "title": "Bronze Plaque"
  },
  {
    "id": "1711252089407",
    "img": "https://www.forevershining.com.au/design/saved-designs/screenshots/2024/03/1711252089407.jpg",
    "title": "Bronze Plaque"
  },
  {
    "id": "1711177518479",
    "img": "https://www.forevershining.com.au/design/saved-designs/screenshots/2024/03/1711177518479.jpg",
    "title": "Bronze Plaque"
  },
  {
    "id": "1711099772799",
    "img": "https://www.forevershining.com.au/design/saved-designs/screenshots/2024/03/1711099772799.jpg",
    "title": "Bronze Plaque"
  },
  {
    "id": "1699583943648",
    "img": "https://www.forevershining.com.au/design/saved-designs/screenshots/2023/11/1699583943648.jpg",
    "title": "Bronze Plaque"
  },
  {
    "id": "1699521184944",
    "img": "https://www.forevershining.com.au/design/saved-designs/screenshots/2023/11/1699521184944.jpg",
    "title": "Bronze Plaque"
  },
  {
    "id": "1699444862839",
    "img": "https://www.forevershining.com.au/design/saved-designs/screenshots/2023/11/1699444862839.jpg",
    "title": "Bronze Plaque"
  },
  {
    "id": "1699409881641",
    "img": "https://www.forevershining.com.au/design/saved-designs/screenshots/2023/11/1699409881641.jpg",
    "title": "Bronze Plaque"
  },
  {
    "id": "1699409526824",
    "img": "https://www.forevershining.com.au/design/saved-designs/screenshots/2023/11/1699409526824.jpg",
    "title": "Bronze Plaque"
  },
  {
    "id": "1699192675565",
    "img": "https://www.forevershining.com.au/design/saved-designs/screenshots/2023/11/1699192675565.jpg",
    "title": "Bronze Plaque"
  },
  {
    "id": "1677497772058",
    "img": "https://www.forevershining.com.au/design/saved-designs/screenshots/2023/02/1677497772058.jpg",
    "title": "Bronze Plaque"
  },
  {
    "id": "1676897590793",
    "img": "https://www.forevershining.com.au/design/saved-designs/screenshots/2023/02/1676897590793.jpg",
    "title": "Bronze Plaque"
  },
  {
    "id": "1676897453733",
    "img": "https://www.forevershining.com.au/design/saved-designs/screenshots/2023/02/1676897453733.jpg",
    "title": "Bronze Plaque"
  },
  {
    "id": "1676896188551",
    "img": "https://www.forevershining.com.au/design/saved-designs/screenshots/2023/02/1676896188551.jpg",
    "title": "Bronze Plaque"
  },
  {
    "id": "1676893064858",
    "img": "https://www.forevershining.com.au/design/saved-designs/screenshots/2023/02/1676893064858.jpg",
    "title": "Bronze Plaque"
  },
  {
    "id": "1673882598449",
    "img": "https://www.forevershining.com.au/design/saved-designs/screenshots/2023/01/1673882598449.jpg",
    "title": "Bronze Plaque"
  },
  {
    "id": "1673486003988",
    "img": "https://www.forevershining.com.au/design/saved-designs/screenshots/2023/01/1673486003988.jpg",
    "title": "Bronze Plaque"
  },
  {
    "id": "1669191973374",
    "img": "https://www.forevershining.com.au/design/saved-designs/screenshots/2022/11/1669191973374.jpg",
    "title": "Bronze Plaque"
  },
  {
    "id": "1649699893885",
    "img": "https://www.forevershining.com.au/design/saved-designs/screenshots/2022/04/1649699893885.jpg",
    "title": "Bronze Plaque"
  },
  {
    "id": "1649699640950",
    "img": "https://www.forevershining.com.au/design/saved-designs/screenshots/2022/04/1649699640950.jpg",
    "title": "Bronze Plaque"
  },
  {
    "id": "1649698982012",
    "img": "https://www.forevershining.com.au/design/saved-designs/screenshots/2022/04/1649698982012.jpg",
    "title": "Bronze Plaque"
  },
  {
    "id": "1649698958786",
    "img": "https://www.forevershining.com.au/design/saved-designs/screenshots/2022/04/1649698958786.jpg",
    "title": "Bronze Plaque"
  },
  {
    "id": "1646276925617",
    "img": "https://www.forevershining.com.au/design/saved-designs/screenshots/2022/03/1646276925617.jpg",
    "title": "Bronze Plaque"
  },
  {
    "id": "1646273650103",
    "img": "https://www.forevershining.com.au/design/saved-designs/screenshots/2022/03/1646273650103.jpg",
    "title": "Bronze Plaque"
  },
  {
    "id": "1644082602842",
    "img": "https://www.forevershining.com.au/design/saved-designs/screenshots/2022/02/1644082602842.jpg",
    "title": "Bronze Plaque"
  },
  {
    "id": "1643996358711",
    "img": "https://www.forevershining.com.au/design/saved-designs/screenshots/2022/02/1643996358711.jpg",
    "title": "Bronze Plaque"
  },
  {
    "id": "1643904744122",
    "img": "https://www.forevershining.com.au/design/saved-designs/screenshots/2022/02/1643904744122.jpg",
    "title": "Bronze Plaque"
  },
  {
    "id": "1635117648359",
    "img": "https://www.forevershining.com.au/design/saved-designs/screenshots/2021/10/1635117648359.jpg",
    "title": "Bronze Plaque"
  },
  {
    "id": "1632157138752",
    "img": "https://www.forevershining.com.au/design/saved-designs/screenshots/2021/09/1632157138752.jpg",
    "title": "Bronze Plaque"
  },
  {
    "id": "1626225485940",
    "img": "https://www.forevershining.com.au/design/saved-designs/screenshots/2021/07/1626225485940.jpg",
    "title": "Bronze Plaque"
  },
  {
    "id": "1624485033281",
    "img": "https://www.forevershining.com.au/design/saved-designs/screenshots/2021/06/1624485033281.jpg",
    "title": "Bronze Plaque"
  },
  {
    "id": "1624422996735",
    "img": "https://www.forevershining.com.au/design/saved-designs/screenshots/2021/06/1624422996735.jpg",
    "title": "Bronze Plaque"
  },
  {
    "id": "1624378034235",
    "img": "https://www.forevershining.com.au/design/saved-designs/screenshots/2021/06/1624378034235.jpg",
    "title": "Bronze Plaque"
  },
  {
    "id": "1624378014072",
    "img": "https://www.forevershining.com.au/design/saved-designs/screenshots/2021/06/1624378014072.jpg",
    "title": "Bronze Plaque"
  },
  {
    "id": "1624356004685",
    "img": "https://www.forevershining.com.au/design/saved-designs/screenshots/2021/06/1624356004685.jpg",
    "title": "Bronze Plaque"
  },
  {
    "id": "1624354812953",
    "img": "https://www.forevershining.com.au/design/saved-designs/screenshots/2021/06/1624354812953.jpg",
    "title": "Bronze Plaque"
  },
  {
    "id": "1624354672784",
    "img": "https://www.forevershining.com.au/design/saved-designs/screenshots/2021/06/1624354672784.jpg",
    "title": "Bronze Plaque"
  },
  {
    "id": "1624354431295",
    "img": "https://www.forevershining.com.au/design/saved-designs/screenshots/2021/06/1624354431295.jpg",
    "title": "Bronze Plaque"
  },
  {
    "id": "1624348660450",
    "img": "https://www.forevershining.com.au/design/saved-designs/screenshots/2021/06/1624348660450.jpg",
    "title": "Bronze Plaque"
  },
  {
    "id": "1624337755672",
    "img": "https://www.forevershining.com.au/design/saved-designs/screenshots/2021/06/1624337755672.jpg",
    "title": "Bronze Plaque"
  },
  {
    "id": "1624337188262",
    "img": "https://www.forevershining.com.au/design/saved-designs/screenshots/2021/06/1624337188262.jpg",
    "title": "Bronze Plaque"
  },
  {
    "id": "1624305530747",
    "img": "https://www.forevershining.com.au/design/saved-designs/screenshots/2021/06/1624305530747.jpg",
    "title": "Bronze Plaque"
  },
  {
    "id": "1624305379082",
    "img": "https://www.forevershining.com.au/design/saved-designs/screenshots/2021/06/1624305379082.jpg",
    "title": "Bronze Plaque"
  },
  {
    "id": "1624279144831",
    "img": "https://www.forevershining.com.au/design/saved-designs/screenshots/2021/06/1624279144831.jpg",
    "title": "Bronze Plaque"
  },
  {
    "id": "1622083379072",
    "img": "https://www.forevershining.com.au/design/saved-designs/screenshots/2021/05/1622083379072.jpg",
    "title": "Bronze Plaque"
  },
  {
    "id": "1622080759737",
    "img": "https://www.forevershining.com.au/design/saved-designs/screenshots/2021/05/1622080759737.jpg",
    "title": "Bronze Plaque"
  },
  {
    "id": "1621938236851",
    "img": "https://www.forevershining.com.au/design/saved-designs/screenshots/2021/05/1621938236851.jpg",
    "title": "Bronze Plaque"
  },
  {
    "id": "1621936780775",
    "img": "https://www.forevershining.com.au/design/saved-designs/screenshots/2021/05/1621936780775.jpg",
    "title": "Bronze Plaque"
  },
  {
    "id": "1619008520813",
    "img": "https://www.forevershining.com.au/design/saved-designs/screenshots/2021/04/1619008520813.jpg",
    "title": "Bronze Plaque"
  },
  {
    "id": "1616054931562",
    "img": "https://www.forevershining.com.au/design/saved-designs/screenshots/2021/03/1616054931562.jpg",
    "title": "Bronze Plaque"
  },
  {
    "id": "1616043460892",
    "img": "https://www.forevershining.com.au/design/saved-designs/screenshots/2021/03/1616043460892.jpg",
    "title": "Bronze Plaque"
  },
  {
    "id": "1616023303386",
    "img": "https://www.forevershining.com.au/design/saved-designs/screenshots/2021/03/1616023303386.jpg",
    "title": "Bronze Plaque"
  },
  {
    "id": "1607230947661",
    "img": "https://www.forevershining.com.au/design/saved-designs/screenshots/2020/12/1607230947661.jpg",
    "title": "Bronze Plaque"
  },
  {
    "id": "1607213220672",
    "img": "https://www.forevershining.com.au/design/saved-designs/screenshots/2020/12/1607213220672.jpg",
    "title": "Bronze Plaque"
  },
  {
    "id": "1607191620834",
    "img": "https://www.forevershining.com.au/design/saved-designs/screenshots/2020/12/1607191620834.jpg",
    "title": "Bronze Plaque"
  },
  {
    "id": "1605881400992",
    "img": "https://www.forevershining.com.au/design/saved-designs/screenshots/2020/11/1605881400992.jpg",
    "title": "Bronze Plaque"
  },
  {
    "id": "1605869135099",
    "img": "https://www.forevershining.com.au/design/saved-designs/screenshots/2020/11/1605869135099.jpg",
    "title": "Bronze Plaque"
  },
  {
    "id": "1605863502377",
    "img": "https://www.forevershining.com.au/design/saved-designs/screenshots/2020/11/1605863502377.jpg",
    "title": "Bronze Plaque"
  },
  {
    "id": "1605849196172",
    "img": "https://www.forevershining.com.au/design/saved-designs/screenshots/2020/11/1605849196172.jpg",
    "title": "Bronze Plaque"
  },
  {
    "id": "1605827310682",
    "img": "https://www.forevershining.com.au/design/saved-designs/screenshots/2020/11/1605827310682.jpg",
    "title": "Bronze Plaque"
  },
  {
    "id": "1605767844987",
    "img": "https://www.forevershining.com.au/design/saved-designs/screenshots/2020/11/1605767844987.jpg",
    "title": "Bronze Plaque"
  },
  {
    "id": "1605766992818",
    "img": "https://www.forevershining.com.au/design/saved-designs/screenshots/2020/11/1605766992818.jpg",
    "title": "Bronze Plaque"
  },
  {
    "id": "1605717589359",
    "img": "https://www.forevershining.com.au/design/saved-designs/screenshots/2020/11/1605717589359.jpg",
    "title": "Bronze Plaque"
  },
  {
    "id": "1605705571163",
    "img": "https://www.forevershining.com.au/design/saved-designs/screenshots/2020/11/1605705571163.jpg",
    "title": "Bronze Plaque"
  },
  {
    "id": "1605687819379",
    "img": "https://www.forevershining.com.au/design/saved-designs/screenshots/2020/11/1605687819379.jpg",
    "title": "Bronze Plaque"
  },
  {
    "id": "1604187396386",
    "img": "https://www.forevershining.com.au/design/saved-designs/screenshots/2020/10/1604187396386.jpg",
    "title": "Bronze Plaque"
  },
  {
    "id": "1604183727699",
    "img": "https://www.forevershining.com.au/design/saved-designs/screenshots/2020/10/1604183727699.jpg",
    "title": "Bronze Plaque"
  },
  {
    "id": "1604152106928",
    "img": "https://www.forevershining.com.au/design/saved-designs/screenshots/2020/10/1604152106928.jpg",
    "title": "Bronze Plaque"
  },
  {
    "id": "1599510752134",
    "img": "https://www.forevershining.com.au/design/saved-designs/screenshots/2020/09/1599510752134.jpg",
    "title": "Bronze Plaque"
  },
  {
    "id": "1599423570613",
    "img": "https://www.forevershining.com.au/design/saved-designs/screenshots/2020/09/1599423570613.jpg",
    "title": "Bronze Plaque"
  },
  {
    "id": "1597120426118",
    "img": "https://www.forevershining.com.au/design/saved-designs/screenshots/2020/08/1597120426118.jpg",
    "title": "Bronze Plaque"
  },
  {
    "id": "1595560891460",
    "img": "https://www.forevershining.com.au/design/saved-designs/screenshots/2020/07/1595560891460.jpg",
    "title": "Bronze Plaque"
  },
  {
    "id": "1593504192924",
    "img": "https://www.forevershining.com.au/design/saved-designs/screenshots/2020/06/1593504192924.jpg",
    "title": "Bronze Plaque"
  },
  {
    "id": "1593489478520",
    "img": "https://www.forevershining.com.au/design/saved-designs/screenshots/2020/06/1593489478520.jpg",
    "title": "Bronze Plaque"
  },
  {
    "id": "1589204577697",
    "img": "https://www.forevershining.com.au/design/saved-designs/screenshots/1589204577697.jpg",
    "title": "Bronze Plaque"
  }
]