[
  {
    "id": "1676632728544",
    "img": "https://www.forevershining.com.au/design/saved-designs/screenshots/2023/02/1676632728544.jpg",
    "title": "Laser Etched Black Granite Plaque"
  },
  {
    "id": "1673341490154",
    "img": "https://www.forevershining.com.au/design/saved-designs/screenshots/2023/01/1673341490154.jpg",
    "title": "Laser Etched Black Granite Plaque"
  },
  {
    "id": "1582501736713",
    "img": "https://www.forevershining.com.au/design/saved-designs/screenshots/1582501736713.jpg",
    "title": "Laser Etched Black Granite Plaque"
  },
  {
    "id": "1629730157192",
    "img": "https://www.forevershining.com.au/design/saved-designs/screenshots/2021/08/1629730157192.jpg",
    "title": "Laser Etched Black Granite Plaque"
  },
  {
    "id": "1629168956751",
    "img": "https://www.forevershining.com.au/design/saved-designs/screenshots/2021/08/1629168956751.jpg",
    "title": "Laser Etched Black Granite Plaque"
  }
]