[
  {
    "id": "1719286412645",
    "img": "https://www.forevershining.com.au/design/saved-designs/screenshots/2024/06/1719286412645.jpg",
    "title": "Stainless Steel Plaque"
  },
  {
    "id": "1676196307952",
    "img": "https://www.forevershining.com.au/design/saved-designs/screenshots/2023/02/1676196307952.jpg",
    "title": "Stainless Steel Plaque"
  },
  {
    "id": "1669605623023",
    "img": "https://www.forevershining.com.au/design/saved-designs/screenshots/2022/11/1669605623023.jpg",
    "title": "Stainless Steel Plaque"
  },
  {
    "id": "1669605425481",
    "img": "https://www.forevershining.com.au/design/saved-designs/screenshots/2022/11/1669605425481.jpg",
    "title": "Stainless Steel Plaque"
  },
  {
    "id": "1669349926846",
    "img": "https://www.forevershining.com.au/design/saved-designs/screenshots/2022/11/1669349926846.jpg",
    "title": "Stainless Steel Plaque"
  },
  {
    "id": "1668654401978",
    "img": "https://www.forevershining.com.au/design/saved-designs/screenshots/2022/11/1668654401978.jpg",
    "title": "Stainless Steel Plaque"
  }
]