[
  {
    "id": "1700689838783",
    "img": "https://www.forevershining.com.au/design/saved-designs/screenshots/2023/11/1700689838783.jpg",
    "title": "Stainless Steel Plaque"
  },
  {
    "id": "1700688529168",
    "img": "https://www.forevershining.com.au/design/saved-designs/screenshots/2023/11/1700688529168.jpg",
    "title": "Stainless Steel Plaque"
  },
  {
    "id": "1697719303234",
    "img": "https://www.forevershining.com.au/design/saved-designs/screenshots/2023/10/1697719303234.jpg",
    "title": "Stainless Steel Plaque"
  },
  {
    "id": "1697718494747",
    "img": "https://www.forevershining.com.au/design/saved-designs/screenshots/2023/10/1697718494747.jpg",
    "title": "Stainless Steel Plaque"
  },
  {
    "id": "1697704715053",
    "img": "https://www.forevershining.com.au/design/saved-designs/screenshots/2023/10/1697704715053.jpg",
    "title": "Stainless Steel Plaque"
  },
  {
    "id": "1697703938770",
    "img": "https://www.forevershining.com.au/design/saved-designs/screenshots/2023/10/1697703938770.jpg",
    "title": "Stainless Steel Plaque"
  },
  {
    "id": "1682222772093",
    "img": "https://www.forevershining.com.au/design/saved-designs/screenshots/2023/04/1682222772093.jpg",
    "title": "Stainless Steel Plaque"
  },
  {
    "id": "1682219319275",
    "img": "https://www.forevershining.com.au/design/saved-designs/screenshots/2023/04/1682219319275.jpg",
    "title": "Stainless Steel Plaque"
  },
  {
    "id": "1682164234909",
    "img": "https://www.forevershining.com.au/design/saved-designs/screenshots/2023/04/1682164234909.jpg",
    "title": "Stainless Steel Plaque"
  },
  {
    "id": "1677628411356",
    "img": "https://www.forevershining.com.au/design/saved-designs/screenshots/2023/03/1677628411356.jpg",
    "title": "Stainless Steel Plaque"
  },
  {
    "id": "1677627323295",
    "img": "https://www.forevershining.com.au/design/saved-designs/screenshots/2023/02/1677627323295.jpg",
    "title": "Stainless Steel Plaque"
  },
  {
    "id": "1674379935596",
    "img": "https://www.forevershining.com.au/design/saved-designs/screenshots/2023/01/1674379935596.jpg",
    "title": "Stainless Steel Plaque"
  },
  {
    "id": "1674378278626",
    "img": "https://www.forevershining.com.au/design/saved-designs/screenshots/2023/01/1674378278626.jpg",
    "title": "Stainless Steel Plaque"
  },
  {
    "id": "1671176633341",
    "img": "https://www.forevershining.com.au/design/saved-designs/screenshots/2022/12/1671176633341.jpg",
    "title": "Stainless Steel Plaque"
  },
  {
    "id": "1657595881473",
    "img": "https://www.forevershining.com.au/design/saved-designs/screenshots/2022/07/1657595881473.jpg",
    "title": "Stainless Steel Plaque"
  },
  {
    "id": "1657186880611",
    "img": "https://www.forevershining.com.au/design/saved-designs/screenshots/2022/07/1657186880611.jpg",
    "title": "Stainless Steel Plaque"
  },
  {
    "id": "1657008144391",
    "img": "https://www.forevershining.com.au/design/saved-designs/screenshots/2022/07/1657008144391.jpg",
    "title": "Stainless Steel Plaque"
  },
  {
    "id": "1638503847628",
    "img": "https://www.forevershining.com.au/design/saved-designs/screenshots/2021/12/1638503847628.jpg",
    "title": "Stainless Steel Plaque"
  },
  {
    "id": "1638503583031",
    "img": "https://www.forevershining.com.au/design/saved-designs/screenshots/2021/12/1638503583031.jpg",
    "title": "Stainless Steel Plaque"
  }
]