[
  {
    "id": "1663808823886",
    "img": "https://www.forevershining.com.au/design/saved-designs/screenshots/2022/09/1663808823886.jpg",
    "title": "Full Color Plaque"
  },
  {
    "id": "1631657935340",
    "img": "https://www.forevershining.com.au/design/saved-designs/screenshots/2021/09/1631657935340.jpg",
    "title": "Full Color Plaque"
  },
  {
    "id": "1629071303412",
    "img": "https://www.forevershining.com.au/design/saved-designs/screenshots/2021/08/1629071303412.jpg",
    "title": "Full Color Plaque"
  }
]