[
  {
    "id": "1687316961189",
    "img": "https://www.forevershining.com.au/design/saved-designs/screenshots/2023/06/1687316961189.jpg",
    "title": "Bronze Plaque"
  },
  {
    "id": "1687315988469",
    "img": "https://www.forevershining.com.au/design/saved-designs/screenshots/2023/06/1687315988469.jpg",
    "title": "Bronze Plaque"
  },
  {
    "id": "1687315222358",
    "img": "https://www.forevershining.com.au/design/saved-designs/screenshots/2023/06/1687315222358.jpg",
    "title": "Bronze Plaque"
  },
  {
    "id": "1687309584159",
    "img": "https://www.forevershining.com.au/design/saved-designs/screenshots/2023/06/1687309584159.jpg",
    "title": "Bronze Plaque"
  },
  {
    "id": "1687306760448",
    "img": "https://www.forevershining.com.au/design/saved-designs/screenshots/2023/06/1687306760448.jpg",
    "title": "Bronze Plaque"
  },
  {
    "id": "1682509472979",
    "img": "https://www.forevershining.com.au/design/saved-designs/screenshots/2023/04/1682509472979.jpg",
    "title": "Bronze Plaque"
  },
  {
    "id": "1675856989148",
    "img": "https://www.forevershining.com.au/design/saved-designs/screenshots/2023/02/1675856989148.jpg",
    "title": "Bronze Plaque"
  },
  {
    "id": "1673199120839",
    "img": "https://www.forevershining.com.au/design/saved-designs/screenshots/2023/01/1673199120839.jpg",
    "title": "Bronze Plaque"
  },
  {
    "id": "1673197380299",
    "img": "https://www.forevershining.com.au/design/saved-designs/screenshots/2023/01/1673197380299.jpg",
    "title": "Bronze Plaque"
  },
  {
    "id": "1669727218349",
    "img": "https://www.forevershining.com.au/design/saved-designs/screenshots/2022/11/1669727218349.jpg",
    "title": "Bronze Plaque"
  },
  {
    "id": "1643076405609",
    "img": "https://www.forevershining.com.au/design/saved-designs/screenshots/2022/01/1643076405609.jpg",
    "title": "Bronze Plaque"
  },
  {
    "id": "1643075765270",
    "img": "https://www.forevershining.com.au/design/saved-designs/screenshots/2022/01/1643075765270.jpg",
    "title": "Bronze Plaque"
  },
  {
    "id": "1643052804189",
    "img": "https://www.forevershining.com.au/design/saved-designs/screenshots/2022/01/1643052804189.jpg",
    "title": "Bronze Plaque"
  },
  {
    "id": "1642996809189",
    "img": "https://www.forevershining.com.au/design/saved-designs/screenshots/2022/01/1642996809189.jpg",
    "title": "Bronze Plaque"
  }
]