[
  {
    "id": "1693931819637",
    "img": "https://www.forevershining.com.au/design/saved-designs/screenshots/2023/09/1693931819637.jpg",
    "title": "Traditional Engraved Granite Plaque"
  },
  {
    "id": "1693930158842",
    "img": "https://www.forevershining.com.au/design/saved-designs/screenshots/2023/09/1693930158842.jpg",
    "title": "Traditional Engraved Granite Plaque"
  },
  {
    "id": "1693929243265",
    "img": "https://www.forevershining.com.au/design/saved-designs/screenshots/2023/09/1693929243265.jpg",
    "title": "Traditional Engraved Granite Plaque"
  },
  {
    "id": "1693924485839",
    "img": "https://www.forevershining.com.au/design/saved-designs/screenshots/2023/09/1693924485839.jpg",
    "title": "Traditional Engraved Granite Plaque"
  },
  {
    "id": "1693300871575",
    "img": "https://www.forevershining.com.au/design/saved-designs/screenshots/2023/08/1693300871575.jpg",
    "title": "Traditional Engraved Granite Plaque"
  },
  {
    "id": "1693273146788",
    "img": "https://www.forevershining.com.au/design/saved-designs/screenshots/2023/08/1693273146788.jpg",
    "title": "Traditional Engraved Granite Plaque"
  },
  {
    "id": "1693271225837",
    "img": "https://www.forevershining.com.au/design/saved-designs/screenshots/2023/08/1693271225837.jpg",
    "title": "Traditional Engraved Granite Plaque"
  },
  {
    "id": "1669961692432",
    "img": "https://www.forevershining.com.au/design/saved-designs/screenshots/2022/12/1669961692432.jpg",
    "title": "Traditional Engraved Granite Plaque"
  },
  {
    "id": "1669919700431",
    "img": "https://www.forevershining.com.au/design/saved-designs/screenshots/2022/12/1669919700431.jpg",
    "title": "Traditional Engraved Granite Plaque"
  },
  {
    "id": "1669917880778",
    "img": "https://www.forevershining.com.au/design/saved-designs/screenshots/2022/12/1669917880778.jpg",
    "title": "Traditional Engraved Granite Plaque"
  },
  {
    "id": "1667857992174",
    "img": "https://www.forevershining.com.au/design/saved-designs/screenshots/2022/11/1667857992174.jpg",
    "title": "Traditional Engraved Granite Plaque"
  },
  {
    "id": "1667821263611",
    "img": "https://www.forevershining.com.au/design/saved-designs/screenshots/2022/11/1667821263611.jpg",
    "title": "Traditional Engraved Granite Plaque"
  },
  {
    "id": "1667478246569",
    "img": "https://www.forevershining.com.au/design/saved-designs/screenshots/2022/11/1667478246569.jpg",
    "title": "Traditional Engraved Granite Plaque"
  },
  {
    "id": "1665963827966",
    "img": "https://www.forevershining.com.au/design/saved-designs/screenshots/2022/10/1665963827966.jpg",
    "title": "Traditional Engraved Granite Plaque"
  },
  {
    "id": "1665963295493",
    "img": "https://www.forevershining.com.au/design/saved-designs/screenshots/2022/10/1665963295493.jpg",
    "title": "Traditional Engraved Granite Plaque"
  },
  {
    "id": "1658756212392",
    "img": "https://www.forevershining.com.au/design/saved-designs/screenshots/2022/07/1658756212392.jpg",
    "title": "Traditional Engraved Granite Plaque"
  },
  {
    "id": "1657304003060",
    "img": "https://www.forevershining.com.au/design/saved-designs/screenshots/2022/07/1657304003060.jpg",
    "title": "Traditional Engraved Granite Plaque"
  },
  {
    "id": "1657160733410",
    "img": "https://www.forevershining.com.au/design/saved-designs/screenshots/2022/07/1657160733410.jpg",
    "title": "Traditional Engraved Granite Plaque"
  },
  {
    "id": "1657160250659",
    "img": "https://www.forevershining.com.au/design/saved-designs/screenshots/2022/07/1657160250659.jpg",
    "title": "Traditional Engraved Granite Plaque"
  },
  {
    "id": "1653613422476",
    "img": "https://www.forevershining.com.au/design/saved-designs/screenshots/2022/05/1653613422476.jpg",
    "title": "Traditional Engraved Granite Plaque"
  },
  {
    "id": "1653607784045",
    "img": "https://www.forevershining.com.au/design/saved-designs/screenshots/2022/05/1653607784045.jpg",
    "title": "Traditional Engraved Granite Plaque"
  },
  {
    "id": "1653591705661",
    "img": "https://www.forevershining.com.au/design/saved-designs/screenshots/2022/05/1653591705661.jpg",
    "title": "Traditional Engraved Granite Plaque"
  },
  {
    "id": "1649234974396",
    "img": "https://www.forevershining.com.au/design/saved-designs/screenshots/2022/04/1649234974396.jpg",
    "title": "Traditional Engraved Granite Plaque"
  },
  {
    "id": "1628403087090",
    "img": "https://www.forevershining.com.au/design/saved-designs/screenshots/2021/08/1628403087090.jpg",
    "title": "Traditional Engraved Granite Plaque"
  },
  {
    "id": "1628397619824",
    "img": "https://www.forevershining.com.au/design/saved-designs/screenshots/2021/08/1628397619824.jpg",
    "title": "Traditional Engraved Granite Plaque"
  },
  {
    "id": "1628395161204",
    "img": "https://www.forevershining.com.au/design/saved-designs/screenshots/2021/08/1628395161204.jpg",
    "title": "Traditional Engraved Granite Plaque"
  },
  {
    "id": "1627811306904",
    "img": "https://www.forevershining.com.au/design/saved-designs/screenshots/2021/08/1627811306904.jpg",
    "title": "Traditional Engraved Granite Plaque"
  },
  {
    "id": "1627799090131",
    "img": "https://www.forevershining.com.au/design/saved-designs/screenshots/2021/08/1627799090131.jpg",
    "title": "Traditional Engraved Granite Plaque"
  },
  {
    "id": "1618458094695",
    "img": "https://www.forevershining.com.au/design/saved-designs/screenshots/2021/04/1618458094695.jpg",
    "title": "Traditional Engraved Granite Plaque"
  },
  {
    "id": "1618458004966",
    "img": "https://www.forevershining.com.au/design/saved-designs/screenshots/2021/04/1618458004966.jpg",
    "title": "Traditional Engraved Granite Plaque"
  },
  {
    "id": "1618456246743",
    "img": "https://www.forevershining.com.au/design/saved-designs/screenshots/2021/04/1618456246743.jpg",
    "title": "Traditional Engraved Granite Plaque"
  },
  {
    "id": "1618456011792",
    "img": "https://www.forevershining.com.au/design/saved-designs/screenshots/2021/04/1618456011792.jpg",
    "title": "Traditional Engraved Granite Plaque"
  },
  {
    "id": "1618454849938",
    "img": "https://www.forevershining.com.au/design/saved-designs/screenshots/2021/04/1618454849938.jpg",
    "title": "Traditional Engraved Granite Plaque"
  },
  {
    "id": "1612860078954",
    "img": "https://www.forevershining.com.au/design/saved-designs/screenshots/2021/02/1612860078954.jpg",
    "title": "Traditional Engraved Granite Plaque"
  },
  {
    "id": "1607513406731",
    "img": "https://www.forevershining.com.au/design/saved-designs/screenshots/2020/12/1607513406731.jpg",
    "title": "Traditional Engraved Granite Plaque"
  },
  {
    "id": "1607511587750",
    "img": "https://www.forevershining.com.au/design/saved-designs/screenshots/2020/12/1607511587750.jpg",
    "title": "Traditional Engraved Granite Plaque"
  },
  {
    "id": "1607429839059",
    "img": "https://www.forevershining.com.au/design/saved-designs/screenshots/2020/12/1607429839059.jpg",
    "title": "Traditional Engraved Granite Plaque"
  },
  {
    "id": "1601618403576",
    "img": "https://www.forevershining.com.au/design/saved-designs/screenshots/2020/10/1601618403576.jpg",
    "title": "Traditional Engraved Granite Plaque"
  },
  {
    "id": "1601618138615",
    "img": "https://www.forevershining.com.au/design/saved-designs/screenshots/2020/10/1601618138615.jpg",
    "title": "Traditional Engraved Granite Plaque"
  },
  {
    "id": "1601616181437",
    "img": "https://www.forevershining.com.au/design/saved-designs/screenshots/2020/10/1601616181437.jpg",
    "title": "Traditional Engraved Granite Plaque"
  },
  {
    "id": "1601549767761",
    "img": "https://www.forevershining.com.au/design/saved-designs/screenshots/2020/10/1601549767761.jpg",
    "title": "Traditional Engraved Granite Plaque"
  },
  {
    "id": "1601534440904",
    "img": "https://www.forevershining.com.au/design/saved-designs/screenshots/2020/10/1601534440904.jpg",
    "title": "Traditional Engraved Granite Plaque"
  },
  {
    "id": "1601212356791",
    "img": "https://www.forevershining.com.au/design/saved-designs/screenshots/2020/09/1601212356791.jpg",
    "title": "Traditional Engraved Granite Plaque"
  },
  {
    "id": "1601192178294",
    "img": "https://www.forevershining.com.au/design/saved-designs/screenshots/1601192178294.jpg",
    "title": "Traditional Engraved Granite Plaque"
  },
  {
    "id": "1601184284161",
    "img": "https://www.forevershining.com.au/design/saved-designs/screenshots/2020/09/1601184284161.jpg",
    "title": "Traditional Engraved Granite Plaque"
  },
  {
    "id": "1594873158694",
    "img": "https://www.forevershining.com.au/design/saved-designs/screenshots/2020/07/1594873158694.jpg",
    "title": "Traditional Engraved Granite Plaque"
  },
  {
    "id": "1590131644019",
    "img": "https://www.forevershining.com.au/design/saved-designs/screenshots/1590131644019.jpg",
    "title": "Traditional Engraved Granite Plaque"
  },
  {
    "id": "1582622888822",
    "img": "https://www.forevershining.com.au/design/saved-designs/screenshots/1582622888822.jpg",
    "title": "Traditional Engraved Granite Plaque"
  },
  {
    "id": "1661382983472",
    "img": "https://www.forevershining.com.au/design/saved-designs/screenshots/2022/08/1661382983472.jpg",
    "title": "Traditional Engraved Granite Plaque"
  },
  {
    "id": "1601193795151",
    "img": "https://www.forevershining.com.au/design/saved-designs/screenshots/1601193795151.jpg",
    "title": "Traditional Engraved Granite Plaque"
  },
  {
    "id": "1601193020377",
    "img": "https://www.forevershining.com.au/design/saved-designs/screenshots/1601193020377.jpg",
    "title": "Traditional Engraved Granite Plaque"
  }
]