[
  {
    "id": "1713090092636",
    "img": "https://www.forevershining.com.au/design/saved-designs/screenshots/2024/04/1713090092636.jpg",
    "title": "Laser Etched Black Granite Plaque"
  },
  {
    "id": "1713089013066",
    "img": "https://www.forevershining.com.au/design/saved-designs/screenshots/2024/04/1713089013066.jpg",
    "title": "Laser Etched Black Granite Plaque"
  },
  {
    "id": "1712213296530",
    "img": "https://www.forevershining.com.au/design/saved-designs/screenshots/2024/04/1712213296530.jpg",
    "title": "Laser Etched Black Granite Plaque"
  },
  {
    "id": "1699650194346",
    "img": "https://www.forevershining.com.au/design/saved-designs/screenshots/2023/11/1699650194346.jpg",
    "title": "Laser Etched Black Granite Plaque"
  },
  {
    "id": "1698488208280",
    "img": "https://www.forevershining.com.au/design/saved-designs/screenshots/2023/10/1698488208280.jpg",
    "title": "Laser Etched Black Granite Plaque"
  },
  {
    "id": "1680924005671",
    "img": "https://www.forevershining.com.au/design/saved-designs/screenshots/2023/04/1680924005671.jpg",
    "title": "Laser Etched Black Granite Plaque"
  },
  {
    "id": "1677542705559",
    "img": "https://www.forevershining.com.au/design/saved-designs/screenshots/2023/02/1677542705559.jpg",
    "title": "Laser Etched Black Granite Plaque"
  },
  {
    "id": "1675728026479",
    "img": "https://www.forevershining.com.au/design/saved-designs/screenshots/2023/02/1675728026479.jpg",
    "title": "Laser Etched Black Granite Plaque"
  },
  {
    "id": "1672827192363",
    "img": "https://www.forevershining.com.au/design/saved-designs/screenshots/2023/01/1672827192363.jpg",
    "title": "Laser Etched Black Granite Plaque"
  },
  {
    "id": "1658900451791",
    "img": "https://www.forevershining.com.au/design/saved-designs/screenshots/2022/07/1658900451791.jpg",
    "title": "Laser Etched Black Granite Plaque"
  },
  {
    "id": "1658897651417",
    "img": "https://www.forevershining.com.au/design/saved-designs/screenshots/2022/07/1658897651417.jpg",
    "title": "Laser Etched Black Granite Plaque"
  },
  {
    "id": "1650264906415",
    "img": "https://www.forevershining.com.au/design/saved-designs/screenshots/2022/04/1650264906415.jpg",
    "title": "Laser Etched Black Granite Plaque"
  },
  {
    "id": "1644313429340",
    "img": "https://www.forevershining.com.au/design/saved-designs/screenshots/2022/02/1644313429340.jpg",
    "title": "Laser Etched Black Granite Plaque"
  },
  {
    "id": "1643786194144",
    "img": "https://www.forevershining.com.au/design/saved-designs/screenshots/2022/02/1643786194144.jpg",
    "title": "Laser Etched Black Granite Plaque"
  },
  {
    "id": "1643785836989",
    "img": "https://www.forevershining.com.au/design/saved-designs/screenshots/2022/02/1643785836989.jpg",
    "title": "Laser Etched Black Granite Plaque"
  },
  {
    "id": "1643784261047",
    "img": "https://www.forevershining.com.au/design/saved-designs/screenshots/2022/02/1643784261047.jpg",
    "title": "Laser Etched Black Granite Plaque"
  },
  {
    "id": "1643770657387",
    "img": "https://www.forevershining.com.au/design/saved-designs/screenshots/2022/02/1643770657387.jpg",
    "title": "Laser Etched Black Granite Plaque"
  },
  {
    "id": "1641355451575",
    "img": "https://www.forevershining.com.au/design/saved-designs/screenshots/2022/01/1641355451575.jpg",
    "title": "Laser Etched Black Granite Plaque"
  },
  {
    "id": "1625562969725",
    "img": "https://www.forevershining.com.au/design/saved-designs/screenshots/2021/07/1625562969725.jpg",
    "title": "Laser Etched Black Granite Plaque"
  },
  {
    "id": "1621650178616",
    "img": "https://www.forevershining.com.au/design/saved-designs/screenshots/2021/05/1621650178616.jpg",
    "title": "Laser Etched Black Granite Plaque"
  },
  {
    "id": "1620608838738",
    "img": "https://www.forevershining.com.au/design/saved-designs/screenshots/2021/05/1620608838738.jpg",
    "title": "Laser Etched Black Granite Plaque"
  },
  {
    "id": "1620606617631",
    "img": "https://www.forevershining.com.au/design/saved-designs/screenshots/2021/05/1620606617631.jpg",
    "title": "Laser Etched Black Granite Plaque"
  },
  {
    "id": "1619995507977",
    "img": "https://www.forevershining.com.au/design/saved-designs/screenshots/2021/05/1619995507977.jpg",
    "title": "Laser Etched Black Granite Plaque"
  },
  {
    "id": "1616190385526",
    "img": "https://www.forevershining.com.au/design/saved-designs/screenshots/2021/03/1616190385526.jpg",
    "title": "Laser Etched Black Granite Plaque"
  },
  {
    "id": "1601507950587",
    "img": "https://www.forevershining.com.au/design/saved-designs/screenshots/2020/09/1601507950587.jpg",
    "title": "Laser Etched Black Granite Plaque"
  },
  {
    "id": "1599806376310",
    "img": "https://www.forevershining.com.au/design/saved-designs/screenshots/2020/09/1599806376310.jpg",
    "title": "Laser Etched Black Granite Plaque"
  },
  {
    "id": "1592548018277",
    "img": "https://www.forevershining.com.au/design/saved-designs/screenshots/1592548018277.jpg",
    "title": "Laser Etched Black Granite Plaque"
  },
  {
    "id": "1584073118539",
    "img": "https://www.forevershining.com.au/design/saved-designs/screenshots/1584073118539.jpg",
    "title": "Laser Etched Black Granite Plaque"
  },
  {
    "id": "1629705280446",
    "img": "https://www.forevershining.com.au/design/saved-designs/screenshots/2021/08/1629705280446.jpg",
    "title": "Laser Etched Black Granite Plaque"
  }
]