[
  {
    "id": "1716944029087",
    "img": "https://www.forevershining.com.au/design/saved-designs/screenshots/2024/05/1716944029087.jpg",
    "title": "Traditional Engraved Granite Plaque"
  },
  {
    "id": "1716943549350",
    "img": "https://www.forevershining.com.au/design/saved-designs/screenshots/2024/05/1716943549350.jpg",
    "title": "Traditional Engraved Granite Plaque"
  },
  {
    "id": "1716943472345",
    "img": "https://www.forevershining.com.au/design/saved-designs/screenshots/2024/05/1716943472345.jpg",
    "title": "Traditional Engraved Granite Plaque"
  },
  {
    "id": "1716943392858",
    "img": "https://www.forevershining.com.au/design/saved-designs/screenshots/2024/05/1716943392858.jpg",
    "title": "Traditional Engraved Granite Plaque"
  },
  {
    "id": "1707026182273",
    "img": "https://www.forevershining.com.au/design/saved-designs/screenshots/2024/02/1707026182273.jpg",
    "title": "Traditional Engraved Granite Plaque"
  },
  {
    "id": "1706517361988",
    "img": "https://www.forevershining.com.au/design/saved-designs/screenshots/2024/01/1706517361988.jpg",
    "title": "Traditional Engraved Granite Plaque"
  },
  {
    "id": "1706512072813",
    "img": "https://www.forevershining.com.au/design/saved-designs/screenshots/2024/01/1706512072813.jpg",
    "title": "Traditional Engraved Granite Plaque"
  },
  {
    "id": "1698173637922",
    "img": "https://www.forevershining.com.au/design/saved-designs/screenshots/2023/10/1698173637922.jpg",
    "title": "Traditional Engraved Granite Plaque"
  },
  {
    "id": "1697638336890",
    "img": "https://www.forevershining.com.au/design/saved-designs/screenshots/2023/10/1697638336890.jpg",
    "title": "Traditional Engraved Granite Plaque"
  },
  {
    "id": "1682504971471",
    "img": "https://www.forevershining.com.au/design/saved-designs/screenshots/2023/04/1682504971471.jpg",
    "title": "Traditional Engraved Granite Plaque"
  },
  {
    "id": "1678700946465",
    "img": "https://www.forevershining.com.au/design/saved-designs/screenshots/2023/03/1678700946465.jpg",
    "title": "Traditional Engraved Granite Plaque"
  },
  {
    "id": "1664783383952",
    "img": "https://www.forevershining.com.au/design/saved-designs/screenshots/2022/10/1664783383952.jpg",
    "title": "Traditional Engraved Granite Plaque"
  },
  {
    "id": "1664642661014",
    "img": "https://www.forevershining.com.au/design/saved-designs/screenshots/2022/10/1664642661014.jpg",
    "title": "Traditional Engraved Granite Plaque"
  },
  {
    "id": "1664599836872",
    "img": "https://www.forevershining.com.au/design/saved-designs/screenshots/2022/10/1664599836872.jpg",
    "title": "Traditional Engraved Granite Plaque"
  },
  {
    "id": "1664598789284",
    "img": "https://www.forevershining.com.au/design/saved-designs/screenshots/2022/10/1664598789284.jpg",
    "title": "Traditional Engraved Granite Plaque"
  },
  {
    "id": "1632335303346",
    "img": "https://www.forevershining.com.au/design/saved-designs/screenshots/2021/09/1632335303346.jpg",
    "title": "Traditional Engraved Granite Plaque"
  },
  {
    "id": "1625670421453",
    "img": "https://www.forevershining.com.au/design/saved-designs/screenshots/2021/07/1625670421453.jpg",
    "title": "Traditional Engraved Granite Plaque"
  },
  {
    "id": "1607343127270",
    "img": "https://www.forevershining.com.au/design/saved-designs/screenshots/2020/12/1607343127270.jpg",
    "title": "Traditional Engraved Granite Plaque"
  },
  {
    "id": "1607342453041",
    "img": "https://www.forevershining.com.au/design/saved-designs/screenshots/2020/12/1607342453041.jpg",
    "title": "Traditional Engraved Granite Plaque"
  },
  {
    "id": "1607341445459",
    "img": "https://www.forevershining.com.au/design/saved-designs/screenshots/2020/12/1607341445459.jpg",
    "title": "Traditional Engraved Granite Plaque"
  },
  {
    "id": "1594125754767",
    "img": "https://www.forevershining.com.au/design/saved-designs/screenshots/2020/07/1594125754767.jpg",
    "title": "Traditional Engraved Granite Plaque"
  },
  {
    "id": "1593158942123",
    "img": "https://www.forevershining.com.au/design/saved-designs/screenshots/2020/06/1593158942123.jpg",
    "title": "Traditional Engraved Granite Plaque"
  },
  {
    "id": "1590606826293",
    "img": "https://www.forevershining.com.au/design/saved-designs/screenshots/1590606826293.jpg",
    "title": "Traditional Engraved Granite Plaque"
  }
]