[
  {
    "id": "1694086910972",
    "img": "https://www.forevershining.com.au/design/saved-designs/screenshots/2023/09/1694086910972.jpg",
    "title": "Bronze Plaque"
  },
  {
    "id": "1693917092207",
    "img": "https://www.forevershining.com.au/design/saved-designs/screenshots/2023/09/1693917092207.jpg",
    "title": "Bronze Plaque"
  },
  {
    "id": "1693916825496",
    "img": "https://www.forevershining.com.au/design/saved-designs/screenshots/2023/09/1693916825496.jpg",
    "title": "Bronze Plaque"
  },
  {
    "id": "1693915052688",
    "img": "https://www.forevershining.com.au/design/saved-designs/screenshots/2023/09/1693915052688.jpg",
    "title": "Bronze Plaque"
  },
  {
    "id": "1693913782150",
    "img": "https://www.forevershining.com.au/design/saved-designs/screenshots/2023/09/1693913782150.jpg",
    "title": "Bronze Plaque"
  },
  {
    "id": "1693913330965",
    "img": "https://www.forevershining.com.au/design/saved-designs/screenshots/2023/09/1693913330965.jpg",
    "title": "Bronze Plaque"
  },
  {
    "id": "1692932026153",
    "img": "https://www.forevershining.com.au/design/saved-designs/screenshots/2023/08/1692932026153.jpg",
    "title": "Bronze Plaque"
  },
  {
    "id": "1692930671377",
    "img": "https://www.forevershining.com.au/design/saved-designs/screenshots/2023/08/1692930671377.jpg",
    "title": "Bronze Plaque"
  },
  {
    "id": "1692357730761",
    "img": "https://www.forevershining.com.au/design/saved-designs/screenshots/2023/08/1692357730761.jpg",
    "title": "Bronze Plaque"
  },
  {
    "id": "1692357305320",
    "img": "https://www.forevershining.com.au/design/saved-designs/screenshots/2023/08/1692357305320.jpg",
    "title": "Bronze Plaque"
  },
  {
    "id": "1692354822116",
    "img": "https://www.forevershining.com.au/design/saved-designs/screenshots/2023/08/1692354822116.jpg",
    "title": "Bronze Plaque"
  },
  {
    "id": "1691130346928",
    "img": "https://www.forevershining.com.au/design/saved-designs/screenshots/2023/08/1691130346928.jpg",
    "title": "Bronze Plaque"
  },
  {
    "id": "1691130204494",
    "img": "https://www.forevershining.com.au/design/saved-designs/screenshots/2023/08/1691130204494.jpg",
    "title": "Bronze Plaque"
  },
  {
    "id": "1691128432572",
    "img": "https://www.forevershining.com.au/design/saved-designs/screenshots/2023/08/1691128432572.jpg",
    "title": "Bronze Plaque"
  },
  {
    "id": "1691126393410",
    "img": "https://www.forevershining.com.au/design/saved-designs/screenshots/2023/08/1691126393410.jpg",
    "title": "Bronze Plaque"
  },
  {
    "id": "1691124180965",
    "img": "https://www.forevershining.com.au/design/saved-designs/screenshots/2023/08/1691124180965.jpg",
    "title": "Bronze Plaque"
  },
  {
    "id": "1691068090515",
    "img": "https://www.forevershining.com.au/design/saved-designs/screenshots/2023/08/1691068090515.jpg",
    "title": "Bronze Plaque"
  },
  {
    "id": "1691067355737",
    "img": "https://www.forevershining.com.au/design/saved-designs/screenshots/2023/08/1691067355737.jpg",
    "title": "Bronze Plaque"
  },
  {
    "id": "1669370874165",
    "img": "https://www.forevershining.com.au/design/saved-designs/screenshots/2022/11/1669370874165.jpg",
    "title": "Bronze Plaque"
  },
  {
    "id": "1598254292317",
    "img": "https://www.forevershining.com.au/design/saved-designs/screenshots/2020/08/1598254292317.jpg",
    "title": "Bronze Plaque"
  },
  {
    "id": "1598243968608",
    "img": "https://www.forevershining.com.au/design/saved-designs/screenshots/2020/08/1598243968608.jpg",
    "title": "Bronze Plaque"
  }
]