[
  {
    "id": "1675820841529",
    "img": "https://www.forevershining.com.au/design/saved-designs/screenshots/2023/02/1675820841529.jpg",
    "title": "Stainless Steel Plaque"
  },
  {
    "id": "1675579300730",
    "img": "https://www.forevershining.com.au/design/saved-designs/screenshots/2023/02/1675579300730.jpg",
    "title": "Stainless Steel Plaque"
  },
  {
    "id": "1675501477832",
    "img": "https://www.forevershining.com.au/design/saved-designs/screenshots/2023/02/1675501477832.jpg",
    "title": "Stainless Steel Plaque"
  },
  {
    "id": "1673780296726",
    "img": "https://www.forevershining.com.au/design/saved-designs/screenshots/2023/01/1673780296726.jpg",
    "title": "Stainless Steel Plaque"
  },
  {
    "id": "1665819192210",
    "img": "https://www.forevershining.com.au/design/saved-designs/screenshots/2022/10/1665819192210.jpg",
    "title": "Stainless Steel Plaque"
  },
  {
    "id": "1665819045832",
    "img": "https://www.forevershining.com.au/design/saved-designs/screenshots/2022/10/1665819045832.jpg",
    "title": "Stainless Steel Plaque"
  },
  {
    "id": "1665818569474",
    "img": "https://www.forevershining.com.au/design/saved-designs/screenshots/2022/10/1665818569474.jpg",
    "title": "Stainless Steel Plaque"
  },
  {
    "id": "1665816030468",
    "img": "https://www.forevershining.com.au/design/saved-designs/screenshots/2022/10/1665816030468.jpg",
    "title": "Stainless Steel Plaque"
  }
]