[
  {
    "id": "1716435892952",
    "img": "https://www.forevershining.com.au/design/saved-designs/screenshots/2024/05/1716435892952.jpg",
    "title": "Laser Etched Black Granite Plaque"
  },
  {
    "id": "1708558466934",
    "img": "https://www.forevershining.com.au/design/saved-designs/screenshots/2024/02/1708558466934.jpg",
    "title": "Laser Etched Black Granite Plaque"
  },
  {
    "id": "1706835028457",
    "img": "https://www.forevershining.com.au/design/saved-designs/screenshots/2024/02/1706835028457.jpg",
    "title": "Laser Etched Black Granite Plaque"
  },
  {
    "id": "1706833936526",
    "img": "https://www.forevershining.com.au/design/saved-designs/screenshots/2024/02/1706833936526.jpg",
    "title": "Laser Etched Black Granite Plaque"
  },
  {
    "id": "1701077758438",
    "img": "https://www.forevershining.com.au/design/saved-designs/screenshots/2023/11/1701077758438.jpg",
    "title": "Laser Etched Black Granite Plaque"
  },
  {
    "id": "1701064065393",
    "img": "https://www.forevershining.com.au/design/saved-designs/screenshots/2023/11/1701064065393.jpg",
    "title": "Laser Etched Black Granite Plaque"
  },
  {
    "id": "1701060291438",
    "img": "https://www.forevershining.com.au/design/saved-designs/screenshots/2023/11/1701060291438.jpg",
    "title": "Laser Etched Black Granite Plaque"
  },
  {
    "id": "1701056011469",
    "img": "https://www.forevershining.com.au/design/saved-designs/screenshots/2023/11/1701056011469.jpg",
    "title": "Laser Etched Black Granite Plaque"
  },
  {
    "id": "1701055771372",
    "img": "https://www.forevershining.com.au/design/saved-designs/screenshots/2023/11/1701055771372.jpg",
    "title": "Laser Etched Black Granite Plaque"
  },
  {
    "id": "1701054557737",
    "img": "https://www.forevershining.com.au/design/saved-designs/screenshots/2023/11/1701054557737.jpg",
    "title": "Laser Etched Black Granite Plaque"
  },
  {
    "id": "1692599497095",
    "img": "https://www.forevershining.com.au/design/saved-designs/screenshots/2023/08/1692599497095.jpg",
    "title": "Laser Etched Black Granite Plaque"
  },
  {
    "id": "1692598651729",
    "img": "https://www.forevershining.com.au/design/saved-designs/screenshots/2023/08/1692598651729.jpg",
    "title": "Laser Etched Black Granite Plaque"
  },
  {
    "id": "1692598524565",
    "img": "https://www.forevershining.com.au/design/saved-designs/screenshots/2023/08/1692598524565.jpg",
    "title": "Laser Etched Black Granite Plaque"
  },
  {
    "id": "1692597599098",
    "img": "https://www.forevershining.com.au/design/saved-designs/screenshots/2023/08/1692597599098.jpg",
    "title": "Laser Etched Black Granite Plaque"
  },
  {
    "id": "1692589055424",
    "img": "https://www.forevershining.com.au/design/saved-designs/screenshots/2023/08/1692589055424.jpg",
    "title": "Laser Etched Black Granite Plaque"
  },
  {
    "id": "1687780119390",
    "img": "https://www.forevershining.com.au/design/saved-designs/screenshots/2023/06/1687780119390.jpg",
    "title": "Laser Etched Black Granite Plaque"
  },
  {
    "id": "1687779291582",
    "img": "https://www.forevershining.com.au/design/saved-designs/screenshots/2023/06/1687779291582.jpg",
    "title": "Laser Etched Black Granite Plaque"
  },
  {
    "id": "1687774306343",
    "img": "https://www.forevershining.com.au/design/saved-designs/screenshots/2023/06/1687774306343.jpg",
    "title": "Laser Etched Black Granite Plaque"
  },
  {
    "id": "1687772720010",
    "img": "https://www.forevershining.com.au/design/saved-designs/screenshots/2023/06/1687772720010.jpg",
    "title": "Laser Etched Black Granite Plaque"
  },
  {
    "id": "1687768586996",
    "img": "https://www.forevershining.com.au/design/saved-designs/screenshots/2023/06/1687768586996.jpg",
    "title": "Laser Etched Black Granite Plaque"
  },
  {
    "id": "1687766402910",
    "img": "https://www.forevershining.com.au/design/saved-designs/screenshots/2023/06/1687766402910.jpg",
    "title": "Laser Etched Black Granite Plaque"
  },
  {
    "id": "1687762701504",
    "img": "https://www.forevershining.com.au/design/saved-designs/screenshots/2023/06/1687762701504.jpg",
    "title": "Laser Etched Black Granite Plaque"
  },
  {
    "id": "1687751491553",
    "img": "https://www.forevershining.com.au/design/saved-designs/screenshots/2023/06/1687751491553.jpg",
    "title": "Laser Etched Black Granite Plaque"
  },
  {
    "id": "1687578716643",
    "img": "https://www.forevershining.com.au/design/saved-designs/screenshots/2023/06/1687578716643.jpg",
    "title": "Laser Etched Black Granite Plaque"
  },
  {
    "id": "1687575579137",
    "img": "https://www.forevershining.com.au/design/saved-designs/screenshots/2023/06/1687575579137.jpg",
    "title": "Laser Etched Black Granite Plaque"
  },
  {
    "id": "1633062153779",
    "img": "https://www.forevershining.com.au/design/saved-designs/screenshots/2021/10/1633062153779.jpg",
    "title": "Laser Etched Black Granite Plaque"
  },
  {
    "id": "1627333297455",
    "img": "https://www.forevershining.com.au/design/saved-designs/screenshots/2021/07/1627333297455.jpg",
    "title": "Laser Etched Black Granite Plaque"
  },
  {
    "id": "1627288477711",
    "img": "https://www.forevershining.com.au/design/saved-designs/screenshots/2021/07/1627288477711.jpg",
    "title": "Laser Etched Black Granite Plaque"
  },
  {
    "id": "1597900748673",
    "img": "https://www.forevershining.com.au/design/saved-designs/screenshots/2020/08/1597900748673.jpg",
    "title": "Laser Etched Black Granite Plaque"
  },
  {
    "id": "1661313700021",
    "img": "https://www.forevershining.com.au/design/saved-designs/screenshots/2022/08/1661313700021.jpg",
    "title": "Laser Etched Black Granite Plaque"
  },
  {
    "id": "1661249609073",
    "img": "https://www.forevershining.com.au/design/saved-designs/screenshots/2022/08/1661249609073.jpg",
    "title": "Laser Etched Black Granite Plaque"
  },
  {
    "id": "1661248230502",
    "img": "https://www.forevershining.com.au/design/saved-designs/screenshots/2022/08/1661248230502.jpg",
    "title": "Laser Etched Black Granite Plaque"
  }
]