[
  {
    "id": "1689213191090",
    "img": "https://www.forevershining.com.au/design/saved-designs/screenshots/2023/07/1689213191090.jpg",
    "title": "Laser Etched Black Granite Plaque"
  },
  {
    "id": "1689138234199",
    "img": "https://www.forevershining.com.au/design/saved-designs/screenshots/2023/07/1689138234199.jpg",
    "title": "Laser Etched Black Granite Plaque"
  },
  {
    "id": "1689137613552",
    "img": "https://www.forevershining.com.au/design/saved-designs/screenshots/2023/07/1689137613552.jpg",
    "title": "Laser Etched Black Granite Plaque"
  },
  {
    "id": "1689132675247",
    "img": "https://www.forevershining.com.au/design/saved-designs/screenshots/2023/07/1689132675247.jpg",
    "title": "Laser Etched Black Granite Plaque"
  },
  {
    "id": "1687906031695",
    "img": "https://www.forevershining.com.au/design/saved-designs/screenshots/2023/06/1687906031695.jpg",
    "title": "Laser Etched Black Granite Plaque"
  },
  {
    "id": "1687747536519",
    "img": "https://www.forevershining.com.au/design/saved-designs/screenshots/2023/06/1687747536519.jpg",
    "title": "Laser Etched Black Granite Plaque"
  },
  {
    "id": "1687745055332",
    "img": "https://www.forevershining.com.au/design/saved-designs/screenshots/2023/06/1687745055332.jpg",
    "title": "Laser Etched Black Granite Plaque"
  },
  {
    "id": "1687744773579",
    "img": "https://www.forevershining.com.au/design/saved-designs/screenshots/2023/06/1687744773579.jpg",
    "title": "Laser Etched Black Granite Plaque"
  },
  {
    "id": "1687742333723",
    "img": "https://www.forevershining.com.au/design/saved-designs/screenshots/2023/06/1687742333723.jpg",
    "title": "Laser Etched Black Granite Plaque"
  },
  {
    "id": "1687740233281",
    "img": "https://www.forevershining.com.au/design/saved-designs/screenshots/2023/06/1687740233281.jpg",
    "title": "Laser Etched Black Granite Plaque"
  },
  {
    "id": "1653473045815",
    "img": "https://www.forevershining.com.au/design/saved-designs/screenshots/2022/05/1653473045815.jpg",
    "title": "Laser Etched Black Granite Plaque"
  },
  {
    "id": "1653452706958",
    "img": "https://www.forevershining.com.au/design/saved-designs/screenshots/2022/05/1653452706958.jpg",
    "title": "Laser Etched Black Granite Plaque"
  },
  {
    "id": "1646447354192",
    "img": "https://www.forevershining.com.au/design/saved-designs/screenshots/2022/03/1646447354192.jpg",
    "title": "Laser Etched Black Granite Plaque"
  },
  {
    "id": "1620802592276",
    "img": "https://www.forevershining.com.au/design/saved-designs/screenshots/2021/05/1620802592276.jpg",
    "title": "Laser Etched Black Granite Plaque"
  },
  {
    "id": "1620500253693",
    "img": "https://www.forevershining.com.au/design/saved-designs/screenshots/2021/05/1620500253693.jpg",
    "title": "Laser Etched Black Granite Plaque"
  },
  {
    "id": "1602478856081",
    "img": "https://www.forevershining.com.au/design/saved-designs/screenshots/2020/10/1602478856081.jpg",
    "title": "Laser Etched Black Granite Plaque"
  },
  {
    "id": "1600233157512",
    "img": "https://www.forevershining.com.au/design/saved-designs/screenshots/2020/09/1600233157512.jpg",
    "title": "Laser Etched Black Granite Plaque"
  },
  {
    "id": "1600230906679",
    "img": "https://www.forevershining.com.au/design/saved-designs/screenshots/2020/09/1600230906679.jpg",
    "title": "Laser Etched Black Granite Plaque"
  },
  {
    "id": "1599313647335",
    "img": "https://www.forevershining.com.au/design/saved-designs/screenshots/2020/09/1599313647335.jpg",
    "title": "Laser Etched Black Granite Plaque"
  }
]