[
  {
    "id": "1719217663907",
    "img": "https://www.forevershining.com.au/design/saved-designs/screenshots/2024/06/1719217663907.jpg",
    "title": "Traditional Engraved Granite Plaque"
  },
  {
    "id": "1704435499884",
    "img": "https://www.forevershining.com.au/design/saved-designs/screenshots/2024/01/1704435499884.jpg",
    "title": "Traditional Engraved Granite Plaque"
  },
  {
    "id": "1704434044520",
    "img": "https://www.forevershining.com.au/design/saved-designs/screenshots/2024/01/1704434044520.jpg",
    "title": "Traditional Engraved Granite Plaque"
  },
  {
    "id": "1693776705694",
    "img": "https://www.forevershining.com.au/design/saved-designs/screenshots/2023/09/1693776705694.jpg",
    "title": "Traditional Engraved Granite Plaque"
  },
  {
    "id": "1693776196952",
    "img": "https://www.forevershining.com.au/design/saved-designs/screenshots/2023/09/1693776196952.jpg",
    "title": "Traditional Engraved Granite Plaque"
  },
  {
    "id": "1693776173008",
    "img": "https://www.forevershining.com.au/design/saved-designs/screenshots/2023/09/1693776173008.jpg",
    "title": "Traditional Engraved Granite Plaque"
  },
  {
    "id": "1693775801422",
    "img": "https://www.forevershining.com.au/design/saved-designs/screenshots/2023/09/1693775801422.jpg",
    "title": "Traditional Engraved Granite Plaque"
  },
  {
    "id": "1715769815989",
    "img": "https://www.forevershining.com.au/design/saved-designs/screenshots/2024/05/1715769815989.jpg",
    "title": "Traditional Engraved Granite Plaque"
  },
  {
    "id": "1715768591570",
    "img": "https://www.forevershining.com.au/design/saved-designs/screenshots/2024/05/1715768591570.jpg",
    "title": "Traditional Engraved Granite Plaque"
  },
  {
    "id": "1715136355967",
    "img": "https://www.forevershining.com.au/design/saved-designs/screenshots/2024/05/1715136355967.jpg",
    "title": "Traditional Engraved Granite Plaque"
  },
  {
    "id": "1619311636805",
    "img": "https://www.forevershining.com.au/design/saved-designs/screenshots/2021/04/1619311636805.jpg",
    "title": "Traditional Engraved Granite Plaque"
  },
  {
    "id": "1619290846530",
    "img": "https://www.forevershining.com.au/design/saved-designs/screenshots/2021/04/1619290846530.jpg",
    "title": "Traditional Engraved Granite Plaque"
  },
  {
    "id": "1619290621654",
    "img": "https://www.forevershining.com.au/design/saved-designs/screenshots/2021/04/1619290621654.jpg",
    "title": "Traditional Engraved Granite Plaque"
  }
]