[
  {
    "id": "1676039837234",
    "img": "https://www.forevershining.com.au/design/saved-designs/screenshots/2023/02/1676039837234.jpg",
    "title": "Stainless Steel Plaque"
  },
  {
    "id": "1668138518264",
    "img": "https://www.forevershining.com.au/design/saved-designs/screenshots/2022/11/1668138518264.jpg",
    "title": "Stainless Steel Plaque"
  },
  {
    "id": "1666045509017",
    "img": "https://www.forevershining.com.au/design/saved-designs/screenshots/2022/10/1666045509017.jpg",
    "title": "Stainless Steel Plaque"
  }
]