[
  {
    "id": "1707876531192",
    "img": "https://www.forevershining.com.au/design/saved-designs/screenshots/2024/02/1707876531192.jpg",
    "title": "Traditional Engraved Granite Plaque"
  },
  {
    "id": "1707872517056",
    "img": "https://www.forevershining.com.au/design/saved-designs/screenshots/2024/02/1707872517056.jpg",
    "title": "Traditional Engraved Granite Plaque"
  },
  {
    "id": "1693838688936",
    "img": "https://www.forevershining.com.au/design/saved-designs/screenshots/2023/09/1693838688936.jpg",
    "title": "Traditional Engraved Granite Plaque"
  },
  {
    "id": "1664502290642",
    "img": "https://www.forevershining.com.au/design/saved-designs/screenshots/2022/09/1664502290642.jpg",
    "title": "Traditional Engraved Granite Plaque"
  }
]