[
  {
    "id": "1716631790257",
    "img": "https://www.forevershining.com.au/design/saved-designs/screenshots/2024/05/1716631790257.jpg",
    "title": "Full Color Plaque"
  },
  {
    "id": "1713417998736",
    "img": "https://www.forevershining.com.au/design/saved-designs/screenshots/2024/04/1713417998736.jpg",
    "title": "Full Color Plaque"
  },
  {
    "id": "1713417733327",
    "img": "https://www.forevershining.com.au/design/saved-designs/screenshots/2024/04/1713417733327.jpg",
    "title": "Full Color Plaque"
  },
  {
    "id": "1713414033740",
    "img": "https://www.forevershining.com.au/design/saved-designs/screenshots/2024/04/1713414033740.jpg",
    "title": "Full Color Plaque"
  },
  {
    "id": "1706148437283",
    "img": "https://www.forevershining.com.au/design/saved-designs/screenshots/2024/01/1706148437283.jpg",
    "title": "Full Color Plaque"
  },
  {
    "id": "1687231942792",
    "img": "https://www.forevershining.com.au/design/saved-designs/screenshots/2023/06/1687231942792.jpg",
    "title": "Full Color Plaque"
  },
  {
    "id": "1676547933381",
    "img": "https://www.forevershining.com.au/design/saved-designs/screenshots/2023/02/1676547933381.jpg",
    "title": "Full Color Plaque"
  },
  {
    "id": "1667582718845",
    "img": "https://www.forevershining.com.au/design/saved-designs/screenshots/2022/11/1667582718845.jpg",
    "title": "Full Color Plaque"
  },
  {
    "id": "1652881057086",
    "img": "https://www.forevershining.com.au/design/saved-designs/screenshots/2022/05/1652881057086.jpg",
    "title": "Full Color Plaque"
  }
]