[
  {
    "id": "1715924193230",
    "img": "https://www.forevershining.com.au/design/saved-designs/screenshots/2024/05/1715924193230.jpg",
    "title": "Laser Etched Black Granite Plaque"
  },
  {
    "id": "1715923868920",
    "img": "https://www.forevershining.com.au/design/saved-designs/screenshots/2024/05/1715923868920.jpg",
    "title": "Laser Etched Black Granite Plaque"
  },
  {
    "id": "1674123305035",
    "img": "https://www.forevershining.com.au/design/saved-designs/screenshots/2023/01/1674123305035.jpg",
    "title": "Laser Etched Black Granite Plaque"
  },
  {
    "id": "1622779499134",
    "img": "https://www.forevershining.com.au/design/saved-designs/screenshots/2021/06/1622779499134.jpg",
    "title": "Laser Etched Black Granite Plaque"
  },
  {
    "id": "1614491674869",
    "img": "https://www.forevershining.com.au/design/saved-designs/screenshots/2021/02/1614491674869.jpg",
    "title": "Laser Etched Black Granite Plaque"
  },
  {
    "id": "1614482769670",
    "img": "https://www.forevershining.com.au/design/saved-designs/screenshots/2021/02/1614482769670.jpg",
    "title": "Laser Etched Black Granite Plaque"
  }
]