[
  {
    "id": "1719400611514",
    "img": "https://www.forevershining.com.au/design/saved-designs/screenshots/2024/06/1719400611514.jpg",
    "title": "Bronze Plaque"
  },
  {
    "id": "1711566245292",
    "img": "https://www.forevershining.com.au/design/saved-designs/screenshots/2024/03/1711566245292.jpg",
    "title": "Bronze Plaque"
  },
  {
    "id": "1711565361752",
    "img": "https://www.forevershining.com.au/design/saved-designs/screenshots/2024/03/1711565361752.jpg",
    "title": "Bronze Plaque"
  },
  {
    "id": "1706699471067",
    "img": "https://www.forevershining.com.au/design/saved-designs/screenshots/2024/01/1706699471067.jpg",
    "title": "Bronze Plaque"
  },
  {
    "id": "1706577239154",
    "img": "https://www.forevershining.com.au/design/saved-designs/screenshots/2024/01/1706577239154.jpg",
    "title": "Bronze Plaque"
  },
  {
    "id": "1706015954122",
    "img": "https://www.forevershining.com.au/design/saved-designs/screenshots/2024/01/1706015954122.jpg",
    "title": "Bronze Plaque"
  },
  {
    "id": "1706010941470",
    "img": "https://www.forevershining.com.au/design/saved-designs/screenshots/2024/01/1706010941470.jpg",
    "title": "Bronze Plaque"
  },
  {
    "id": "1695515188643",
    "img": "https://www.forevershining.com.au/design/saved-designs/screenshots/2023/09/1695515188643.jpg",
    "title": "Bronze Plaque"
  },
  {
    "id": "1693663728420",
    "img": "https://www.forevershining.com.au/design/saved-designs/screenshots/2023/09/1693663728420.jpg",
    "title": "Bronze Plaque"
  },
  {
    "id": "1693659985557",
    "img": "https://www.forevershining.com.au/design/saved-designs/screenshots/2023/09/1693659985557.jpg",
    "title": "Bronze Plaque"
  },
  {
    "id": "1689671444969",
    "img": "https://www.forevershining.com.au/design/saved-designs/screenshots/2023/07/1689671444969.jpg",
    "title": "Bronze Plaque"
  },
  {
    "id": "1689670532099",
    "img": "https://www.forevershining.com.au/design/saved-designs/screenshots/2023/07/1689670532099.jpg",
    "title": "Bronze Plaque"
  },
  {
    "id": "1685272822309",
    "img": "https://www.forevershining.com.au/design/saved-designs/screenshots/2023/05/1685272822309.jpg",
    "title": "Bronze Plaque"
  },
  {
    "id": "1681026893854",
    "img": "https://www.forevershining.com.au/design/saved-designs/screenshots/2023/04/1681026893854.jpg",
    "title": "Bronze Plaque"
  },
  {
    "id": "1681024328681",
    "img": "https://www.forevershining.com.au/design/saved-designs/screenshots/2023/04/1681024328681.jpg",
    "title": "Bronze Plaque"
  },
  {
    "id": "1681006734176",
    "img": "https://www.forevershining.com.au/design/saved-designs/screenshots/2023/04/1681006734176.jpg",
    "title": "Bronze Plaque"
  },
  {
    "id": "1681003567157",
    "img": "https://www.forevershining.com.au/design/saved-designs/screenshots/2023/04/1681003567157.jpg",
    "title": "Bronze Plaque"
  },
  {
    "id": "1679459511758",
    "img": "https://www.forevershining.com.au/design/saved-designs/screenshots/2023/03/1679459511758.jpg",
    "title": "Bronze Plaque"
  },
  {
    "id": "1679458348426",
    "img": "https://www.forevershining.com.au/design/saved-designs/screenshots/2023/03/1679458348426.jpg",
    "title": "Bronze Plaque"
  },
  {
    "id": "1679454805657",
    "img": "https://www.forevershining.com.au/design/saved-designs/screenshots/2023/03/1679454805657.jpg",
    "title": "Bronze Plaque"
  },
  {
    "id": "1676204859410",
    "img": "https://www.forevershining.com.au/design/saved-designs/screenshots/2023/02/1676204859410.jpg",
    "title": "Bronze Plaque"
  },
  {
    "id": "1675220233761",
    "img": "https://www.forevershining.com.au/design/saved-designs/screenshots/2023/02/1675220233761.jpg",
    "title": "Bronze Plaque"
  },
  {
    "id": "1673564250214",
    "img": "https://www.forevershining.com.au/design/saved-designs/screenshots/2023/01/1673564250214.jpg",
    "title": "Bronze Plaque"
  },
  {
    "id": "1670017109711",
    "img": "https://www.forevershining.com.au/design/saved-designs/screenshots/2022/12/1670017109711.jpg",
    "title": "Bronze Plaque"
  },
  {
    "id": "1669725613921",
    "img": "https://www.forevershining.com.au/design/saved-designs/screenshots/2022/11/1669725613921.jpg",
    "title": "Bronze Plaque"
  },
  {
    "id": "1667687653428",
    "img": "https://www.forevershining.com.au/design/saved-designs/screenshots/2022/11/1667687653428.jpg",
    "title": "Bronze Plaque"
  },
  {
    "id": "1667631141675",
    "img": "https://www.forevershining.com.au/design/saved-designs/screenshots/2022/11/1667631141675.jpg",
    "title": "Bronze Plaque"
  },
  {
    "id": "1667630932780",
    "img": "https://www.forevershining.com.au/design/saved-designs/screenshots/2022/11/1667630932780.jpg",
    "title": "Bronze Plaque"
  },
  {
    "id": "1667626059855",
    "img": "https://www.forevershining.com.au/design/saved-designs/screenshots/2022/11/1667626059855.jpg",
    "title": "Bronze Plaque"
  },
  {
    "id": "1667610731445",
    "img": "https://www.forevershining.com.au/design/saved-designs/screenshots/2022/11/1667610731445.jpg",
    "title": "Bronze Plaque"
  },
  {
    "id": "1667601821539",
    "img": "https://www.forevershining.com.au/design/saved-designs/screenshots/2022/11/1667601821539.jpg",
    "title": "Bronze Plaque"
  },
  {
    "id": "1667415840097",
    "img": "https://www.forevershining.com.au/design/saved-designs/screenshots/2022/11/1667415840097.jpg",
    "title": "Bronze Plaque"
  },
  {
    "id": "1667393544888",
    "img": "https://www.forevershining.com.au/design/saved-designs/screenshots/2022/11/1667393544888.jpg",
    "title": "Bronze Plaque"
  },
  {
    "id": "1667369079722",
    "img": "https://www.forevershining.com.au/design/saved-designs/screenshots/2022/11/1667369079722.jpg",
    "title": "Bronze Plaque"
  },
  {
    "id": "1667368718648",
    "img": "https://www.forevershining.com.au/design/saved-designs/screenshots/2022/11/1667368718648.jpg",
    "title": "Bronze Plaque"
  },
  {
    "id": "1667368341765",
    "img": "https://www.forevershining.com.au/design/saved-designs/screenshots/2022/11/1667368341765.jpg",
    "title": "Bronze Plaque"
  },
  {
    "id": "1667365293767",
    "img": "https://www.forevershining.com.au/design/saved-designs/screenshots/2022/11/1667365293767.jpg",
    "title": "Bronze Plaque"
  },
  {
    "id": "1667365589873",
    "img": "https://www.forevershining.com.au/design/saved-designs/screenshots/2022/11/1667365589873.jpg",
    "title": "Bronze Plaque"
  },
  {
    "id": "1667304020101",
    "img": "https://www.forevershining.com.au/design/saved-designs/screenshots/2022/11/1667304020101.jpg",
    "title": "Bronze Plaque"
  },
  {
    "id": "1667296660179",
    "img": "https://www.forevershining.com.au/design/saved-designs/screenshots/2022/11/1667296660179.jpg",
    "title": "Bronze Plaque"
  },
  {
    "id": "1667243100364",
    "img": "https://www.forevershining.com.au/design/saved-designs/screenshots/2022/10/1667243100364.jpg",
    "title": "Bronze Plaque"
  },
  {
    "id": "1667242990785",
    "img": "https://www.forevershining.com.au/design/saved-designs/screenshots/2022/10/1667242990785.jpg",
    "title": "Bronze Plaque"
  },
  {
    "id": "1667218069741",
    "img": "https://www.forevershining.com.au/design/saved-designs/screenshots/2022/10/1667218069741.jpg",
    "title": "Bronze Plaque"
  },
  {
    "id": "1667213876646",
    "img": "https://www.forevershining.com.au/design/saved-designs/screenshots/2022/10/1667213876646.jpg",
    "title": "Bronze Plaque"
  },
  {
    "id": "1665461684158",
    "img": "https://www.forevershining.com.au/design/saved-designs/screenshots/2022/10/1665461684158.jpg",
    "title": "Bronze Plaque"
  },
  {
    "id": "1664275546713",
    "img": "https://www.forevershining.com.au/design/saved-designs/screenshots/2022/09/1664275546713.jpg",
    "title": "Bronze Plaque"
  },
  {
    "id": "1664274743039",
    "img": "https://www.forevershining.com.au/design/saved-designs/screenshots/2022/09/1664274743039.jpg",
    "title": "Bronze Plaque"
  },
  {
    "id": "1663691432051",
    "img": "https://www.forevershining.com.au/design/saved-designs/screenshots/2022/09/1663691432051.jpg",
    "title": "Bronze Plaque"
  },
  {
    "id": "1663690705616",
    "img": "https://www.forevershining.com.au/design/saved-designs/screenshots/2022/09/1663690705616.jpg",
    "title": "Bronze Plaque"
  },
  {
    "id": "1663690538776",
    "img": "https://www.forevershining.com.au/design/saved-designs/screenshots/2022/09/1663690538776.jpg",
    "title": "Bronze Plaque"
  },
  {
    "id": "1663690131481",
    "img": "https://www.forevershining.com.au/design/saved-designs/screenshots/2022/09/1663690131481.jpg",
    "title": "Bronze Plaque"
  },
  {
    "id": "1663536934230",
    "img": "https://www.forevershining.com.au/design/saved-designs/screenshots/2022/09/1663536934230.jpg",
    "title": "Bronze Plaque"
  },
  {
    "id": "1663297335723",
    "img": "https://www.forevershining.com.au/design/saved-designs/screenshots/2022/09/1663297335723.jpg",
    "title": "Bronze Plaque"
  },
  {
    "id": "1663295816744",
    "img": "https://www.forevershining.com.au/design/saved-designs/screenshots/2022/09/1663295816744.jpg",
    "title": "Bronze Plaque"
  },
  {
    "id": "1663229736348",
    "img": "https://www.forevershining.com.au/design/saved-designs/screenshots/2022/09/1663229736348.jpg",
    "title": "Bronze Plaque"
  },
  {
    "id": "1663223078730",
    "img": "https://www.forevershining.com.au/design/saved-designs/screenshots/2022/09/1663223078730.jpg",
    "title": "Bronze Plaque"
  },
  {
    "id": "1663222234525",
    "img": "https://www.forevershining.com.au/design/saved-designs/screenshots/2022/09/1663222234525.jpg",
    "title": "Bronze Plaque"
  },
  {
    "id": "1660029809716",
    "img": "https://www.forevershining.com.au/design/saved-designs/screenshots/2022/08/1660029809716.jpg",
    "title": "Bronze Plaque"
  },
  {
    "id": "1659241400483",
    "img": "https://www.forevershining.com.au/design/saved-designs/screenshots/2022/07/1659241400483.jpg",
    "title": "Bronze Plaque"
  },
  {
    "id": "1659231244860",
    "img": "https://www.forevershining.com.au/design/saved-designs/screenshots/2022/07/1659231244860.jpg",
    "title": "Bronze Plaque"
  },
  {
    "id": "1656664668179",
    "img": "https://www.forevershining.com.au/design/saved-designs/screenshots/2022/07/1656664668179.jpg",
    "title": "Bronze Plaque"
  },
  {
    "id": "1656639192850",
    "img": "https://www.forevershining.com.au/design/saved-designs/screenshots/2022/07/1656639192850.jpg",
    "title": "Bronze Plaque"
  },
  {
    "id": "1649782336452",
    "img": "https://www.forevershining.com.au/design/saved-designs/screenshots/2022/04/1649782336452.jpg",
    "title": "Bronze Plaque"
  },
  {
    "id": "1647838566027",
    "img": "https://www.forevershining.com.au/design/saved-designs/screenshots/2022/03/1647838566027.jpg",
    "title": "Bronze Plaque"
  },
  {
    "id": "1647838517278",
    "img": "https://www.forevershining.com.au/design/saved-designs/screenshots/2022/03/1647838517278.jpg",
    "title": "Bronze Plaque"
  },
  {
    "id": "1646936021602",
    "img": "https://www.forevershining.com.au/design/saved-designs/screenshots/2022/03/1646936021602.jpg",
    "title": "Bronze Plaque"
  },
  {
    "id": "1646935464665",
    "img": "https://www.forevershining.com.au/design/saved-designs/screenshots/2022/03/1646935464665.jpg",
    "title": "Bronze Plaque"
  },
  {
    "id": "1635733350541",
    "img": "https://www.forevershining.com.au/design/saved-designs/screenshots/2021/11/1635733350541.jpg",
    "title": "Bronze Plaque"
  },
  {
    "id": "1635729450106",
    "img": "https://www.forevershining.com.au/design/saved-designs/screenshots/2021/11/1635729450106.jpg",
    "title": "Bronze Plaque"
  },
  {
    "id": "1635724657899",
    "img": "https://www.forevershining.com.au/design/saved-designs/screenshots/2021/11/1635724657899.jpg",
    "title": "Bronze Plaque"
  },
  {
    "id": "1635257665016",
    "img": "https://www.forevershining.com.au/design/saved-designs/screenshots/2021/10/1635257665016.jpg",
    "title": "Bronze Plaque"
  },
  {
    "id": "1635256990768",
    "img": "https://www.forevershining.com.au/design/saved-designs/screenshots/2021/10/1635256990768.jpg",
    "title": "Bronze Plaque"
  },
  {
    "id": "1632470129078",
    "img": "https://www.forevershining.com.au/design/saved-designs/screenshots/2021/09/1632470129078.jpg",
    "title": "Bronze Plaque"
  },
  {
    "id": "1619497342754",
    "img": "https://www.forevershining.com.au/design/saved-designs/screenshots/2021/04/1619497342754.jpg",
    "title": "Bronze Plaque"
  },
  {
    "id": "1618790451261",
    "img": "https://www.forevershining.com.au/design/saved-designs/screenshots/2021/04/1618790451261.jpg",
    "title": "Bronze Plaque"
  },
  {
    "id": "1616345645375",
    "img": "https://www.forevershining.com.au/design/saved-designs/screenshots/2021/03/1616345645375.jpg",
    "title": "Bronze Plaque"
  },
  {
    "id": "1612437656041",
    "img": "https://www.forevershining.com.au/design/saved-designs/screenshots/2021/02/1612437656041.jpg",
    "title": "Bronze Plaque"
  },
  {
    "id": "1612300693128",
    "img": "https://www.forevershining.com.au/design/saved-designs/screenshots/2021/02/1612300693128.jpg",
    "title": "Bronze Plaque"
  },
  {
    "id": "1611105115944",
    "img": "https://www.forevershining.com.au/design/saved-designs/screenshots/2021/01/1611105115944.jpg",
    "title": "Bronze Plaque"
  },
  {
    "id": "1610617558250",
    "img": "https://www.forevershining.com.au/design/saved-designs/screenshots/2021/01/1610617558250.jpg",
    "title": "Bronze Plaque"
  },
  {
    "id": "1611079608084",
    "img": "https://www.forevershining.com.au/design/saved-designs/screenshots/2021/01/1611079608084.jpg",
    "title": "Bronze Plaque"
  },
  {
    "id": "1607902572911",
    "img": "https://www.forevershining.com.au/design/saved-designs/screenshots/2020/12/1607902572911.jpg",
    "title": "Bronze Plaque"
  },
  {
    "id": "1606709211104",
    "img": "https://www.forevershining.com.au/design/saved-designs/screenshots/2020/11/1606709211104.jpg",
    "title": "Bronze Plaque"
  },
  {
    "id": "1604316139327",
    "img": "https://www.forevershining.com.au/design/saved-designs/screenshots/2020/11/1604316139327.jpg",
    "title": "Bronze Plaque"
  },
  {
    "id": "1604313961169",
    "img": "https://www.forevershining.com.au/design/saved-designs/screenshots/2020/11/1604313961169.jpg",
    "title": "Bronze Plaque"
  },
  {
    "id": "1604286244095",
    "img": "https://www.forevershining.com.au/design/saved-designs/screenshots/2020/11/1604286244095.jpg",
    "title": "Bronze Plaque"
  },
  {
    "id": "1594605450973",
    "img": "https://www.forevershining.com.au/design/saved-designs/screenshots/2020/07/1594605450973.jpg",
    "title": "Bronze Plaque"
  },
  {
    "id": "1594604713143",
    "img": "https://www.forevershining.com.au/design/saved-designs/screenshots/2020/07/1594604713143.jpg",
    "title": "Bronze Plaque"
  },
  {
    "id": "1591852648333",
    "img": "https://www.forevershining.com.au/design/saved-designs/screenshots/1591852648333.jpg",
    "title": "Bronze Plaque"
  },
  {
    "id": "1590829623160",
    "img": "https://www.forevershining.com.au/design/saved-designs/screenshots/1590829623160.jpg",
    "title": "Bronze Plaque"
  },
  {
    "id": "1590813702345",
    "img": "https://www.forevershining.com.au/design/saved-designs/screenshots/1590813702345.jpg",
    "title": "Bronze Plaque"
  },
  {
    "id": "1589590465662",
    "img": "https://www.forevershining.com.au/design/saved-designs/screenshots/1589590465662.jpg",
    "title": "Bronze Plaque"
  },
  {
    "id": "1583381834996",
    "img": "https://www.forevershining.com.au/design/saved-designs/screenshots/1583381834996.jpg",
    "title": "Bronze Plaque"
  },
  {
    "id": "1681286454835",
    "img": "https://www.forevershining.com.au/design/saved-designs/screenshots/2023/04/1681286454835.jpg",
    "title": "Bronze Plaque"
  },
  {
    "id": "1681286296185",
    "img": "https://www.forevershining.com.au/design/saved-designs/screenshots/2023/04/1681286296185.jpg",
    "title": "Bronze Plaque"
  },
  {
    "id": "1681286078929",
    "img": "https://www.forevershining.com.au/design/saved-designs/screenshots/2023/04/1681286078929.jpg",
    "title": "Bronze Plaque"
  },
  {
    "id": "1681214706488",
    "img": "https://www.forevershining.com.au/design/saved-designs/screenshots/2023/04/1681214706488.jpg",
    "title": "Bronze Plaque"
  },
  {
    "id": "1681214591859",
    "img": "https://www.forevershining.com.au/design/saved-designs/screenshots/2023/04/1681214591859.jpg",
    "title": "Bronze Plaque"
  },
  {
    "id": "1681214492652",
    "img": "https://www.forevershining.com.au/design/saved-designs/screenshots/2023/04/1681214492652.jpg",
    "title": "Bronze Plaque"
  },
  {
    "id": "1681213366980",
    "img": "https://www.forevershining.com.au/design/saved-designs/screenshots/2023/04/1681213366980.jpg",
    "title": "Bronze Plaque"
  },
  {
    "id": "1681213263850",
    "img": "https://www.forevershining.com.au/design/saved-designs/screenshots/2023/04/1681213263850.jpg",
    "title": "Bronze Plaque"
  },
  {
    "id": "1681212690154",
    "img": "https://www.forevershining.com.au/design/saved-designs/screenshots/2023/04/1681212690154.jpg",
    "title": "Bronze Plaque"
  },
  {
    "id": "1681212199827",
    "img": "https://www.forevershining.com.au/design/saved-designs/screenshots/2023/04/1681212199827.jpg",
    "title": "Bronze Plaque"
  },
  {
    "id": "1604303161558",
    "img": "https://www.forevershining.com.au/design/saved-designs/screenshots/1604303161558.jpg",
    "title": "Bronze Plaque"
  },
  {
    "id": "1594528355127",
    "img": "https://www.forevershining.com.au/design/saved-designs/screenshots/1594528355127.jpg",
    "title": "Bronze Plaque"
  }
]