[
  {
    "id": "1713964347118",
    "img": "https://www.forevershining.com.au/design/saved-designs/screenshots/2024/04/1713964347118.jpg",
    "title": "Bronze Plaque"
  },
  {
    "id": "1711090573468",
    "img": "https://www.forevershining.com.au/design/saved-designs/screenshots/2024/03/1711090573468.jpg",
    "title": "Bronze Plaque"
  },
  {
    "id": "1697076166431",
    "img": "https://www.forevershining.com.au/design/saved-designs/screenshots/2023/10/1697076166431.jpg",
    "title": "Bronze Plaque"
  },
  {
    "id": "1697076657295",
    "img": "https://www.forevershining.com.au/design/saved-designs/screenshots/2023/10/1697076657295.jpg",
    "title": "Bronze Plaque"
  },
  {
    "id": "1697076344037",
    "img": "https://www.forevershining.com.au/design/saved-designs/screenshots/2023/10/1697076344037.jpg",
    "title": "Bronze Plaque"
  },
  {
    "id": "1688446285766",
    "img": "https://www.forevershining.com.au/design/saved-designs/screenshots/2023/07/1688446285766.jpg",
    "title": "Bronze Plaque"
  },
  {
    "id": "1688431653658",
    "img": "https://www.forevershining.com.au/design/saved-designs/screenshots/2023/07/1688431653658.jpg",
    "title": "Bronze Plaque"
  },
  {
    "id": "1688370277322",
    "img": "https://www.forevershining.com.au/design/saved-designs/screenshots/2023/07/1688370277322.jpg",
    "title": "Bronze Plaque"
  },
  {
    "id": "1688366639610",
    "img": "https://www.forevershining.com.au/design/saved-designs/screenshots/2023/07/1688366639610.jpg",
    "title": "Bronze Plaque"
  },
  {
    "id": "1688360204158",
    "img": "https://www.forevershining.com.au/design/saved-designs/screenshots/2023/07/1688360204158.jpg",
    "title": "Bronze Plaque"
  },
  {
    "id": "1681802701318",
    "img": "https://www.forevershining.com.au/design/saved-designs/screenshots/2023/04/1681802701318.jpg",
    "title": "Bronze Plaque"
  },
  {
    "id": "1672407768577",
    "img": "https://www.forevershining.com.au/design/saved-designs/screenshots/2022/12/1672407768577.jpg",
    "title": "Bronze Plaque"
  },
  {
    "id": "1672395496445",
    "img": "https://www.forevershining.com.au/design/saved-designs/screenshots/2022/12/1672395496445.jpg",
    "title": "Bronze Plaque"
  },
  {
    "id": "1669096599238",
    "img": "https://www.forevershining.com.au/design/saved-designs/screenshots/2022/11/1669096599238.jpg",
    "title": "Bronze Plaque"
  },
  {
    "id": "1669084246491",
    "img": "https://www.forevershining.com.au/design/saved-designs/screenshots/2022/11/1669084246491.jpg",
    "title": "Bronze Plaque"
  },
  {
    "id": "1669034804532",
    "img": "https://www.forevershining.com.au/design/saved-designs/screenshots/2022/11/1669034804532.jpg",
    "title": "Bronze Plaque"
  },
  {
    "id": "1669017621976",
    "img": "https://www.forevershining.com.au/design/saved-designs/screenshots/2022/11/1669017621976.jpg",
    "title": "Bronze Plaque"
  },
  {
    "id": "1668524424893",
    "img": "https://www.forevershining.com.au/design/saved-designs/screenshots/2022/11/1668524424893.jpg",
    "title": "Bronze Plaque"
  },
  {
    "id": "1668522562010",
    "img": "https://www.forevershining.com.au/design/saved-designs/screenshots/2022/11/1668522562010.jpg",
    "title": "Bronze Plaque"
  },
  {
    "id": "1662933383540",
    "img": "https://www.forevershining.com.au/design/saved-designs/screenshots/2022/09/1662933383540.jpg",
    "title": "Bronze Plaque"
  },
  {
    "id": "1662090900900",
    "img": "https://www.forevershining.com.au/design/saved-designs/screenshots/2022/09/1662090900900.jpg",
    "title": "Bronze Plaque"
  },
  {
    "id": "1662089447500",
    "img": "https://www.forevershining.com.au/design/saved-designs/screenshots/2022/09/1662089447500.jpg",
    "title": "Bronze Plaque"
  },
  {
    "id": "1624590329328",
    "img": "https://www.forevershining.com.au/design/saved-designs/screenshots/2021/06/1624590329328.jpg",
    "title": "Bronze Plaque"
  },
  {
    "id": "1624587181019",
    "img": "https://www.forevershining.com.au/design/saved-designs/screenshots/2021/06/1624587181019.jpg",
    "title": "Bronze Plaque"
  },
  {
    "id": "1624562666416",
    "img": "https://www.forevershining.com.au/design/saved-designs/screenshots/2021/06/1624562666416.jpg",
    "title": "Bronze Plaque"
  },
  {
    "id": "1624538176077",
    "img": "https://www.forevershining.com.au/design/saved-designs/screenshots/2021/06/1624538176077.jpg",
    "title": "Bronze Plaque"
  },
  {
    "id": "1624510182177",
    "img": "https://www.forevershining.com.au/design/saved-designs/screenshots/2021/06/1624510182177.jpg",
    "title": "Bronze Plaque"
  },
  {
    "id": "1622562055932",
    "img": "https://www.forevershining.com.au/design/saved-designs/screenshots/2021/06/1622562055932.jpg",
    "title": "Bronze Plaque"
  },
  {
    "id": "1622559226885",
    "img": "https://www.forevershining.com.au/design/saved-designs/screenshots/2021/06/1622559226885.jpg",
    "title": "Bronze Plaque"
  },
  {
    "id": "1622557192970",
    "img": "https://www.forevershining.com.au/design/saved-designs/screenshots/2021/06/1622557192970.jpg",
    "title": "Bronze Plaque"
  },
  {
    "id": "1622553051661",
    "img": "https://www.forevershining.com.au/design/saved-designs/screenshots/2021/06/1622553051661.jpg",
    "title": "Bronze Plaque"
  },
  {
    "id": "1622552481636",
    "img": "https://www.forevershining.com.au/design/saved-designs/screenshots/2021/06/1622552481636.jpg",
    "title": "Bronze Plaque"
  },
  {
    "id": "1622552471067",
    "img": "https://www.forevershining.com.au/design/saved-designs/screenshots/2021/06/1622552471067.jpg",
    "title": "Bronze Plaque"
  },
  {
    "id": "1622517215838",
    "img": "https://www.forevershining.com.au/design/saved-designs/screenshots/2021/06/1622517215838.jpg",
    "title": "Bronze Plaque"
  },
  {
    "id": "1622516721682",
    "img": "https://www.forevershining.com.au/design/saved-designs/screenshots/2021/06/1622516721682.jpg",
    "title": "Bronze Plaque"
  },
  {
    "id": "1621480905123",
    "img": "https://www.forevershining.com.au/design/saved-designs/screenshots/2021/05/1621480905123.jpg",
    "title": "Bronze Plaque"
  },
  {
    "id": "1621412557210",
    "img": "https://www.forevershining.com.au/design/saved-designs/screenshots/2021/05/1621412557210.jpg",
    "title": "Bronze Plaque"
  },
  {
    "id": "1620803248277",
    "img": "https://www.forevershining.com.au/design/saved-designs/screenshots/2021/05/1620803248277.jpg",
    "title": "Bronze Plaque"
  },
  {
    "id": "1620614507701",
    "img": "https://www.forevershining.com.au/design/saved-designs/screenshots/2021/05/1620614507701.jpg",
    "title": "Bronze Plaque"
  },
  {
    "id": "1614395170319",
    "img": "https://www.forevershining.com.au/design/saved-designs/screenshots/2021/02/1614395170319.jpg",
    "title": "Bronze Plaque"
  },
  {
    "id": "1614393286470",
    "img": "https://www.forevershining.com.au/design/saved-designs/screenshots/2021/02/1614393286470.jpg",
    "title": "Bronze Plaque"
  },
  {
    "id": "1614390718620",
    "img": "https://www.forevershining.com.au/design/saved-designs/screenshots/2021/02/1614390718620.jpg",
    "title": "Bronze Plaque"
  },
  {
    "id": "1614306960283",
    "img": "https://www.forevershining.com.au/design/saved-designs/screenshots/2021/02/1614306960283.jpg",
    "title": "Bronze Plaque"
  },
  {
    "id": "1614330787031",
    "img": "https://www.forevershining.com.au/design/saved-designs/screenshots/2021/02/1614330787031.jpg",
    "title": "Bronze Plaque"
  },
  {
    "id": "1614325300425",
    "img": "https://www.forevershining.com.au/design/saved-designs/screenshots/2021/02/1614325300425.jpg",
    "title": "Bronze Plaque"
  },
  {
    "id": "1614325201788",
    "img": "https://www.forevershining.com.au/design/saved-designs/screenshots/2021/02/1614325201788.jpg",
    "title": "Bronze Plaque"
  },
  {
    "id": "1614325070740",
    "img": "https://www.forevershining.com.au/design/saved-designs/screenshots/2021/02/1614325070740.jpg",
    "title": "Bronze Plaque"
  },
  {
    "id": "1614325019045",
    "img": "https://www.forevershining.com.au/design/saved-designs/screenshots/2021/02/1614325019045.jpg",
    "title": "Bronze Plaque"
  },
  {
    "id": "1614324937029",
    "img": "https://www.forevershining.com.au/design/saved-designs/screenshots/2021/02/1614324937029.jpg",
    "title": "Bronze Plaque"
  },
  {
    "id": "1614324918220",
    "img": "https://www.forevershining.com.au/design/saved-designs/screenshots/2021/02/1614324918220.jpg",
    "title": "Bronze Plaque"
  },
  {
    "id": "1614324859148",
    "img": "https://www.forevershining.com.au/design/saved-designs/screenshots/2021/02/1614324859148.jpg",
    "title": "Bronze Plaque"
  },
  {
    "id": "1614324763063",
    "img": "https://www.forevershining.com.au/design/saved-designs/screenshots/2021/02/1614324763063.jpg",
    "title": "Bronze Plaque"
  },
  {
    "id": "1614324703495",
    "img": "https://www.forevershining.com.au/design/saved-designs/screenshots/2021/02/1614324703495.jpg",
    "title": "Bronze Plaque"
  },
  {
    "id": "1614324601502",
    "img": "https://www.forevershining.com.au/design/saved-designs/screenshots/2021/02/1614324601502.jpg",
    "title": "Bronze Plaque"
  },
  {
    "id": "1614324501797",
    "img": "https://www.forevershining.com.au/design/saved-designs/screenshots/2021/02/1614324501797.jpg",
    "title": "Bronze Plaque"
  },
  {
    "id": "1614324459704",
    "img": "https://www.forevershining.com.au/design/saved-designs/screenshots/2021/02/1614324459704.jpg",
    "title": "Bronze Plaque"
  },
  {
    "id": "1614324416228",
    "img": "https://www.forevershining.com.au/design/saved-designs/screenshots/2021/02/1614324416228.jpg",
    "title": "Bronze Plaque"
  },
  {
    "id": "1614324006881",
    "img": "https://www.forevershining.com.au/design/saved-designs/screenshots/2021/02/1614324006881.jpg",
    "title": "Bronze Plaque"
  },
  {
    "id": "1614323728792",
    "img": "https://www.forevershining.com.au/design/saved-designs/screenshots/2021/02/1614323728792.jpg",
    "title": "Bronze Plaque"
  },
  {
    "id": "1614323428908",
    "img": "https://www.forevershining.com.au/design/saved-designs/screenshots/2021/02/1614323428908.jpg",
    "title": "Bronze Plaque"
  },
  {
    "id": "1614321387088",
    "img": "https://www.forevershining.com.au/design/saved-designs/screenshots/2021/02/1614321387088.jpg",
    "title": "Bronze Plaque"
  },
  {
    "id": "1614319729575",
    "img": "https://www.forevershining.com.au/design/saved-designs/screenshots/2021/02/1614319729575.jpg",
    "title": "Bronze Plaque"
  },
  {
    "id": "1614316773523",
    "img": "https://www.forevershining.com.au/design/saved-designs/screenshots/2021/02/1614316773523.jpg",
    "title": "Bronze Plaque"
  },
  {
    "id": "1614315203194",
    "img": "https://www.forevershining.com.au/design/saved-designs/screenshots/2021/02/1614315203194.jpg",
    "title": "Bronze Plaque"
  },
  {
    "id": "1614314646766",
    "img": "https://www.forevershining.com.au/design/saved-designs/screenshots/2021/02/1614314646766.jpg",
    "title": "Bronze Plaque"
  },
  {
    "id": "1609660298694",
    "img": "https://www.forevershining.com.au/design/saved-designs/screenshots/2021/01/1609660298694.jpg",
    "title": "Bronze Plaque"
  },
  {
    "id": "1603676810552",
    "img": "https://www.forevershining.com.au/design/saved-designs/screenshots/2020/10/1603676810552.jpg",
    "title": "Bronze Plaque"
  },
  {
    "id": "1603354846000",
    "img": "https://www.forevershining.com.au/design/saved-designs/screenshots/2020/10/1603354846000.jpg",
    "title": "Bronze Plaque"
  },
  {
    "id": "1601858407106",
    "img": "https://www.forevershining.com.au/design/saved-designs/screenshots/2020/10/1601858407106.jpg",
    "title": "Bronze Plaque"
  },
  {
    "id": "1601853785795",
    "img": "https://www.forevershining.com.au/design/undefined",
    "title": "Bronze Plaque"
  },
  {
    "id": "1601800027140",
    "img": "https://www.forevershining.com.au/design/saved-designs/screenshots/2020/10/1601800027140.jpg",
    "title": "Bronze Plaque"
  },
  {
    "id": "1601695729064",
    "img": "https://www.forevershining.com.au/design/saved-designs/screenshots/2020/10/1601695729064.jpg",
    "title": "Bronze Plaque"
  },
  {
    "id": "1601856964155",
    "img": "https://www.forevershining.com.au/design/saved-designs/screenshots/1601856964155.jpg",
    "title": "Bronze Plaque"
  },
  {
    "id": "1601854159620",
    "img": "https://www.forevershining.com.au/design/saved-designs/screenshots/1601854159620.jpg",
    "title": "Bronze Plaque"
  }
]