[
  {
    "id": "1718066774743",
    "img": "https://www.forevershining.com.au/design/saved-designs/screenshots/2024/06/1718066774743.jpg",
    "title": "Laser Etched Black Granite Plaque"
  },
  {
    "id": "1713498621418",
    "img": "https://www.forevershining.com.au/design/saved-designs/screenshots/2024/04/1713498621418.jpg",
    "title": "Laser Etched Black Granite Plaque"
  },
  {
    "id": "1710060044223",
    "img": "https://www.forevershining.com.au/design/saved-designs/screenshots/2024/03/1710060044223.jpg",
    "title": "Laser Etched Black Granite Plaque"
  },
  {
    "id": "1708024512873",
    "img": "https://www.forevershining.com.au/design/saved-designs/screenshots/2024/02/1708024512873.jpg",
    "title": "Laser Etched Black Granite Plaque"
  },
  {
    "id": "1707995623274",
    "img": "https://www.forevershining.com.au/design/saved-designs/screenshots/2024/02/1707995623274.jpg",
    "title": "Laser Etched Black Granite Plaque"
  },
  {
    "id": "1689299138504",
    "img": "https://www.forevershining.com.au/design/saved-designs/screenshots/2023/07/1689299138504.jpg",
    "title": "Laser Etched Black Granite Plaque"
  },
  {
    "id": "1689223416036",
    "img": "https://www.forevershining.com.au/design/saved-designs/screenshots/2023/07/1689223416036.jpg",
    "title": "Laser Etched Black Granite Plaque"
  },
  {
    "id": "1689222666933",
    "img": "https://www.forevershining.com.au/design/saved-designs/screenshots/2023/07/1689222666933.jpg",
    "title": "Laser Etched Black Granite Plaque"
  },
  {
    "id": "1689221135816",
    "img": "https://www.forevershining.com.au/design/saved-designs/screenshots/2023/07/1689221135816.jpg",
    "title": "Laser Etched Black Granite Plaque"
  },
  {
    "id": "1677054793108",
    "img": "https://www.forevershining.com.au/design/saved-designs/screenshots/2023/02/1677054793108.jpg",
    "title": "Laser Etched Black Granite Plaque"
  },
  {
    "id": "1677052559662",
    "img": "https://www.forevershining.com.au/design/saved-designs/screenshots/2023/02/1677052559662.jpg",
    "title": "Laser Etched Black Granite Plaque"
  },
  {
    "id": "1666584761068",
    "img": "https://www.forevershining.com.au/design/saved-designs/screenshots/2022/10/1666584761068.jpg",
    "title": "Laser Etched Black Granite Plaque"
  },
  {
    "id": "1666582113588",
    "img": "https://www.forevershining.com.au/design/saved-designs/screenshots/2022/10/1666582113588.jpg",
    "title": "Laser Etched Black Granite Plaque"
  },
  {
    "id": "1657936216036",
    "img": "https://www.forevershining.com.au/design/saved-designs/screenshots/2022/07/1657936216036.jpg",
    "title": "Laser Etched Black Granite Plaque"
  },
  {
    "id": "1657934871796",
    "img": "https://www.forevershining.com.au/design/saved-designs/screenshots/2022/07/1657934871796.jpg",
    "title": "Laser Etched Black Granite Plaque"
  },
  {
    "id": "1657934570098",
    "img": "https://www.forevershining.com.au/design/saved-designs/screenshots/2022/07/1657934570098.jpg",
    "title": "Laser Etched Black Granite Plaque"
  },
  {
    "id": "1657932939167",
    "img": "https://www.forevershining.com.au/design/saved-designs/screenshots/2022/07/1657932939167.jpg",
    "title": "Laser Etched Black Granite Plaque"
  },
  {
    "id": "1657931130216",
    "img": "https://www.forevershining.com.au/design/saved-designs/screenshots/2022/07/1657931130216.jpg",
    "title": "Laser Etched Black Granite Plaque"
  },
  {
    "id": "1657798764036",
    "img": "https://www.forevershining.com.au/design/saved-designs/screenshots/2022/07/1657798764036.jpg",
    "title": "Laser Etched Black Granite Plaque"
  },
  {
    "id": "1631336885131",
    "img": "https://www.forevershining.com.au/design/saved-designs/screenshots/2021/09/1631336885131.jpg",
    "title": "Laser Etched Black Granite Plaque"
  },
  {
    "id": "1620952533988",
    "img": "https://www.forevershining.com.au/design/saved-designs/screenshots/2021/05/1620952533988.jpg",
    "title": "Laser Etched Black Granite Plaque"
  },
  {
    "id": "1620882470820",
    "img": "https://www.forevershining.com.au/design/saved-designs/screenshots/2021/05/1620882470820.jpg",
    "title": "Laser Etched Black Granite Plaque"
  },
  {
    "id": "1714799668924",
    "img": "https://www.forevershining.com.au/design/saved-designs/screenshots/2024/05/1714799668924.jpg",
    "title": "Laser Etched Black Granite Plaque"
  }
]