[
  {
    "id": "1710155561116",
    "img": "https://www.forevershining.com.au/design/saved-designs/screenshots/2024/03/1710155561116.jpg",
    "title": "Bronze Plaque"
  },
  {
    "id": "1710154169770",
    "img": "https://www.forevershining.com.au/design/saved-designs/screenshots/2024/03/1710154169770.jpg",
    "title": "Bronze Plaque"
  },
  {
    "id": "1710153640894",
    "img": "https://www.forevershining.com.au/design/saved-designs/screenshots/2024/03/1710153640894.jpg",
    "title": "Bronze Plaque"
  },
  {
    "id": "1710151289152",
    "img": "https://www.forevershining.com.au/design/saved-designs/screenshots/2024/03/1710151289152.jpg",
    "title": "Bronze Plaque"
  },
  {
    "id": "1709721332274",
    "img": "https://www.forevershining.com.au/design/saved-designs/screenshots/2024/03/1709721332274.jpg",
    "title": "Bronze Plaque"
  },
  {
    "id": "1709720012220",
    "img": "https://www.forevershining.com.au/design/saved-designs/screenshots/2024/03/1709720012220.jpg",
    "title": "Bronze Plaque"
  },
  {
    "id": "1709716338032",
    "img": "https://www.forevershining.com.au/design/saved-designs/screenshots/2024/03/1709716338032.jpg",
    "title": "Bronze Plaque"
  },
  {
    "id": "1709716047308",
    "img": "https://www.forevershining.com.au/design/saved-designs/screenshots/2024/03/1709716047308.jpg",
    "title": "Bronze Plaque"
  },
  {
    "id": "1709715385693",
    "img": "https://www.forevershining.com.au/design/saved-designs/screenshots/2024/03/1709715385693.jpg",
    "title": "Bronze Plaque"
  },
  {
    "id": "1709714597150",
    "img": "https://www.forevershining.com.au/design/saved-designs/screenshots/2024/03/1709714597150.jpg",
    "title": "Bronze Plaque"
  },
  {
    "id": "1709541612588",
    "img": "https://www.forevershining.com.au/design/saved-designs/screenshots/2024/03/1709541612588.jpg",
    "title": "Bronze Plaque"
  },
  {
    "id": "1709013384877",
    "img": "https://www.forevershining.com.au/design/saved-designs/screenshots/2024/02/1709013384877.jpg",
    "title": "Bronze Plaque"
  },
  {
    "id": "1709013225817",
    "img": "https://www.forevershining.com.au/design/saved-designs/screenshots/2024/02/1709013225817.jpg",
    "title": "Bronze Plaque"
  },
  {
    "id": "1709012897469",
    "img": "https://www.forevershining.com.au/design/saved-designs/screenshots/2024/02/1709012897469.jpg",
    "title": "Bronze Plaque"
  },
  {
    "id": "1706021843331",
    "img": "https://www.forevershining.com.au/design/saved-designs/screenshots/2024/01/1706021843331.jpg",
    "title": "Bronze Plaque"
  },
  {
    "id": "1706018375721",
    "img": "https://www.forevershining.com.au/design/saved-designs/screenshots/2024/01/1706018375721.jpg",
    "title": "Bronze Plaque"
  },
  {
    "id": "1701884731268",
    "img": "https://www.forevershining.com.au/design/saved-designs/screenshots/2023/12/1701884731268.jpg",
    "title": "Bronze Plaque"
  },
  {
    "id": "1701818350428",
    "img": "https://www.forevershining.com.au/design/saved-designs/screenshots/2023/12/1701818350428.jpg",
    "title": "Bronze Plaque"
  },
  {
    "id": "1697767869640",
    "img": "https://www.forevershining.com.au/design/saved-designs/screenshots/2023/10/1697767869640.jpg",
    "title": "Bronze Plaque"
  },
  {
    "id": "1697767711188",
    "img": "https://www.forevershining.com.au/design/saved-designs/screenshots/2023/10/1697767711188.jpg",
    "title": "Bronze Plaque"
  },
  {
    "id": "1697767603170",
    "img": "https://www.forevershining.com.au/design/saved-designs/screenshots/2023/10/1697767603170.jpg",
    "title": "Bronze Plaque"
  },
  {
    "id": "1697767509649",
    "img": "https://www.forevershining.com.au/design/saved-designs/screenshots/2023/10/1697767509649.jpg",
    "title": "Bronze Plaque"
  },
  {
    "id": "1697767275732",
    "img": "https://www.forevershining.com.au/design/saved-designs/screenshots/2023/10/1697767275732.jpg",
    "title": "Bronze Plaque"
  },
  {
    "id": "1697696929436",
    "img": "https://www.forevershining.com.au/design/saved-designs/screenshots/2023/10/1697696929436.jpg",
    "title": "Bronze Plaque"
  },
  {
    "id": "1697333026699",
    "img": "https://www.forevershining.com.au/design/saved-designs/screenshots/2023/10/1697333026699.jpg",
    "title": "Bronze Plaque"
  },
  {
    "id": "1697206696445",
    "img": "https://www.forevershining.com.au/design/saved-designs/screenshots/2023/10/1697206696445.jpg",
    "title": "Bronze Plaque"
  },
  {
    "id": "1697206376891",
    "img": "https://www.forevershining.com.au/design/saved-designs/screenshots/2023/10/1697206376891.jpg",
    "title": "Bronze Plaque"
  },
  {
    "id": "1696882224279",
    "img": "https://www.forevershining.com.au/design/saved-designs/screenshots/2023/10/1696882224279.jpg",
    "title": "Bronze Plaque"
  },
  {
    "id": "1696825264707",
    "img": "https://www.forevershining.com.au/design/saved-designs/screenshots/2023/10/1696825264707.jpg",
    "title": "Bronze Plaque"
  },
  {
    "id": "1696813099584",
    "img": "https://www.forevershining.com.au/design/saved-designs/screenshots/2023/10/1696813099584.jpg",
    "title": "Bronze Plaque"
  },
  {
    "id": "1696812544395",
    "img": "https://www.forevershining.com.au/design/saved-designs/screenshots/2023/10/1696812544395.jpg",
    "title": "Bronze Plaque"
  },
  {
    "id": "1696390581977",
    "img": "https://www.forevershining.com.au/design/saved-designs/screenshots/2023/10/1696390581977.jpg",
    "title": "Bronze Plaque"
  },
  {
    "id": "1696386235344",
    "img": "https://www.forevershining.com.au/design/saved-designs/screenshots/2023/10/1696386235344.jpg",
    "title": "Bronze Plaque"
  },
  {
    "id": "1696381500346",
    "img": "https://www.forevershining.com.au/design/saved-designs/screenshots/2023/10/1696381500346.jpg",
    "title": "Bronze Plaque"
  },
  {
    "id": "1696380707434",
    "img": "https://www.forevershining.com.au/design/saved-designs/screenshots/2023/10/1696380707434.jpg",
    "title": "Bronze Plaque"
  },
  {
    "id": "1696315517091",
    "img": "https://www.forevershining.com.au/design/saved-designs/screenshots/2023/10/1696315517091.jpg",
    "title": "Bronze Plaque"
  },
  {
    "id": "1696283545331",
    "img": "https://www.forevershining.com.au/design/saved-designs/screenshots/2023/10/1696283545331.jpg",
    "title": "Bronze Plaque"
  },
  {
    "id": "1696172618028",
    "img": "https://www.forevershining.com.au/design/saved-designs/screenshots/2023/10/1696172618028.jpg",
    "title": "Bronze Plaque"
  },
  {
    "id": "1696172185372",
    "img": "https://www.forevershining.com.au/design/saved-designs/screenshots/2023/10/1696172185372.jpg",
    "title": "Bronze Plaque"
  },
  {
    "id": "1696171020589",
    "img": "https://www.forevershining.com.au/design/saved-designs/screenshots/2023/10/1696171020589.jpg",
    "title": "Bronze Plaque"
  },
  {
    "id": "1696138738714",
    "img": "https://www.forevershining.com.au/design/saved-designs/screenshots/2023/10/1696138738714.jpg",
    "title": "Bronze Plaque"
  },
  {
    "id": "1696138544353",
    "img": "https://www.forevershining.com.au/design/saved-designs/screenshots/2023/10/1696138544353.jpg",
    "title": "Bronze Plaque"
  },
  {
    "id": "1696138205415",
    "img": "https://www.forevershining.com.au/design/saved-designs/screenshots/2023/10/1696138205415.jpg",
    "title": "Bronze Plaque"
  },
  {
    "id": "1696134930761",
    "img": "https://www.forevershining.com.au/design/saved-designs/screenshots/2023/10/1696134930761.jpg",
    "title": "Bronze Plaque"
  },
  {
    "id": "1694391170272",
    "img": "https://www.forevershining.com.au/design/saved-designs/screenshots/2023/09/1694391170272.jpg",
    "title": "Bronze Plaque"
  },
  {
    "id": "1687373052963",
    "img": "https://www.forevershining.com.au/design/saved-designs/screenshots/2023/06/1687373052963.jpg",
    "title": "Bronze Plaque"
  },
  {
    "id": "1687142521216",
    "img": "https://www.forevershining.com.au/design/saved-designs/screenshots/2023/06/1687142521216.jpg",
    "title": "Bronze Plaque"
  },
  {
    "id": "1686090794874",
    "img": "https://www.forevershining.com.au/design/saved-designs/screenshots/2023/06/1686090794874.jpg",
    "title": "Bronze Plaque"
  },
  {
    "id": "1677652356221",
    "img": "https://www.forevershining.com.au/design/saved-designs/screenshots/2023/03/1677652356221.jpg",
    "title": "Bronze Plaque"
  },
  {
    "id": "1677067307658",
    "img": "https://www.forevershining.com.au/design/saved-designs/screenshots/2023/02/1677067307658.jpg",
    "title": "Bronze Plaque"
  },
  {
    "id": "1677019667456",
    "img": "https://www.forevershining.com.au/design/saved-designs/screenshots/2023/02/1677019667456.jpg",
    "title": "Bronze Plaque"
  },
  {
    "id": "1675758276318",
    "img": "https://www.forevershining.com.au/design/saved-designs/screenshots/2023/02/1675758276318.jpg",
    "title": "Bronze Plaque"
  },
  {
    "id": "1675757376846",
    "img": "https://www.forevershining.com.au/design/saved-designs/screenshots/2023/02/1675757376846.jpg",
    "title": "Bronze Plaque"
  },
  {
    "id": "1675753313711",
    "img": "https://www.forevershining.com.au/design/saved-designs/screenshots/2023/02/1675753313711.jpg",
    "title": "Bronze Plaque"
  },
  {
    "id": "1675750083986",
    "img": "https://www.forevershining.com.au/design/saved-designs/screenshots/2023/02/1675750083986.jpg",
    "title": "Bronze Plaque"
  },
  {
    "id": "1675746599075",
    "img": "https://www.forevershining.com.au/design/saved-designs/screenshots/2023/02/1675746599075.jpg",
    "title": "Bronze Plaque"
  },
  {
    "id": "1675680834718",
    "img": "https://www.forevershining.com.au/design/saved-designs/screenshots/2023/02/1675680834718.jpg",
    "title": "Bronze Plaque"
  },
  {
    "id": "1675680491505",
    "img": "https://www.forevershining.com.au/design/saved-designs/screenshots/2023/02/1675680491505.jpg",
    "title": "Bronze Plaque"
  },
  {
    "id": "1671095375649",
    "img": "https://www.forevershining.com.au/design/saved-designs/screenshots/2022/12/1671095375649.jpg",
    "title": "Bronze Plaque"
  },
  {
    "id": "1667985345384",
    "img": "https://www.forevershining.com.au/design/saved-designs/screenshots/2022/11/1667985345384.jpg",
    "title": "Bronze Plaque"
  },
  {
    "id": "1662224538157",
    "img": "https://www.forevershining.com.au/design/saved-designs/screenshots/2022/09/1662224538157.jpg",
    "title": "Bronze Plaque"
  },
  {
    "id": "1662217769045",
    "img": "https://www.forevershining.com.au/design/saved-designs/screenshots/2022/09/1662217769045.jpg",
    "title": "Bronze Plaque"
  },
  {
    "id": "1655685716161",
    "img": "https://www.forevershining.com.au/design/saved-designs/screenshots/2022/06/1655685716161.jpg",
    "title": "Bronze Plaque"
  },
  {
    "id": "1653565067379",
    "img": "https://www.forevershining.com.au/design/saved-designs/screenshots/2022/06/1653565067379.jpg",
    "title": "Bronze Plaque"
  },
  {
    "id": "1637844455353",
    "img": "https://www.forevershining.com.au/design/saved-designs/screenshots/2021/11/1637844455353.jpg",
    "title": "Bronze Plaque"
  },
  {
    "id": "1636325143302",
    "img": "https://www.forevershining.com.au/design/saved-designs/screenshots/2021/11/1636325143302.jpg",
    "title": "Bronze Plaque"
  },
  {
    "id": "1636254527804",
    "img": "https://www.forevershining.com.au/design/saved-designs/screenshots/2021/11/1636254527804.jpg",
    "title": "Bronze Plaque"
  },
  {
    "id": "1636253833416",
    "img": "https://www.forevershining.com.au/design/saved-designs/screenshots/2021/11/1636253833416.jpg",
    "title": "Bronze Plaque"
  },
  {
    "id": "1636253069488",
    "img": "https://www.forevershining.com.au/design/saved-designs/screenshots/2021/11/1636253069488.jpg",
    "title": "Bronze Plaque"
  },
  {
    "id": "1635574910866",
    "img": "https://www.forevershining.com.au/design/saved-designs/screenshots/2021/10/1635574910866.jpg",
    "title": "Bronze Plaque"
  },
  {
    "id": "1635495197187",
    "img": "https://www.forevershining.com.au/design/saved-designs/screenshots/2021/10/1635495197187.jpg",
    "title": "Bronze Plaque"
  },
  {
    "id": "1635489722477",
    "img": "https://www.forevershining.com.au/design/saved-designs/screenshots/2021/10/1635489722477.jpg",
    "title": "Bronze Plaque"
  },
  {
    "id": "1635487915202",
    "img": "https://www.forevershining.com.au/design/saved-designs/screenshots/2021/10/1635487915202.jpg",
    "title": "Bronze Plaque"
  },
  {
    "id": "1635379155227",
    "img": "https://www.forevershining.com.au/design/saved-designs/screenshots/2021/10/1635379155227.jpg",
    "title": "Bronze Plaque"
  },
  {
    "id": "1635380634051",
    "img": "https://www.forevershining.com.au/design/saved-designs/screenshots/2021/10/1635380634051.jpg",
    "title": "Bronze Plaque"
  },
  {
    "id": "1635374680377",
    "img": "https://www.forevershining.com.au/design/saved-designs/screenshots/2021/10/1635374680377.jpg",
    "title": "Bronze Plaque"
  },
  {
    "id": "1635193830793",
    "img": "https://www.forevershining.com.au/design/saved-designs/screenshots/2021/10/1635193830793.jpg",
    "title": "Bronze Plaque"
  },
  {
    "id": "1635193714196",
    "img": "https://www.forevershining.com.au/design/saved-designs/screenshots/2021/10/1635193714196.jpg",
    "title": "Bronze Plaque"
  },
  {
    "id": "1623378025451",
    "img": "https://www.forevershining.com.au/design/saved-designs/screenshots/2021/06/1623378025451.jpg",
    "title": "Bronze Plaque"
  },
  {
    "id": "1621734104846",
    "img": "https://www.forevershining.com.au/design/saved-designs/screenshots/2021/05/1621734104846.jpg",
    "title": "Bronze Plaque"
  },
  {
    "id": "1615375699413",
    "img": "https://www.forevershining.com.au/design/saved-designs/screenshots/2021/03/1615375699413.jpg",
    "title": "Bronze Plaque"
  },
  {
    "id": "1615375092135",
    "img": "https://www.forevershining.com.au/design/saved-designs/screenshots/2021/03/1615375092135.jpg",
    "title": "Bronze Plaque"
  },
  {
    "id": "1614579816424",
    "img": "https://www.forevershining.com.au/design/saved-designs/screenshots/2021/03/1614579816424.jpg",
    "title": "Bronze Plaque"
  },
  {
    "id": "1614577091778",
    "img": "https://www.forevershining.com.au/design/saved-designs/screenshots/2021/03/1614577091778.jpg",
    "title": "Bronze Plaque"
  },
  {
    "id": "1614578742448",
    "img": "https://www.forevershining.com.au/design/saved-designs/screenshots/2021/03/1614578742448.jpg",
    "title": "Bronze Plaque"
  },
  {
    "id": "1614578450358",
    "img": "https://www.forevershining.com.au/design/saved-designs/screenshots/2021/03/1614578450358.jpg",
    "title": "Bronze Plaque"
  },
  {
    "id": "1614577439642",
    "img": "https://www.forevershining.com.au/design/saved-designs/screenshots/2021/03/1614577439642.jpg",
    "title": "Bronze Plaque"
  },
  {
    "id": "1614577392269",
    "img": "https://www.forevershining.com.au/design/saved-designs/screenshots/2021/03/1614577392269.jpg",
    "title": "Bronze Plaque"
  },
  {
    "id": "1614576151787",
    "img": "https://www.forevershining.com.au/design/saved-designs/screenshots/2021/03/1614576151787.jpg",
    "title": "Bronze Plaque"
  },
  {
    "id": "1614576074412",
    "img": "https://www.forevershining.com.au/design/saved-designs/screenshots/2021/03/1614576074412.jpg",
    "title": "Bronze Plaque"
  },
  {
    "id": "1614576001301",
    "img": "https://www.forevershining.com.au/design/saved-designs/screenshots/2021/03/1614576001301.jpg",
    "title": "Bronze Plaque"
  },
  {
    "id": "1614575463271",
    "img": "https://www.forevershining.com.au/design/saved-designs/screenshots/2021/03/1614575463271.jpg",
    "title": "Bronze Plaque"
  },
  {
    "id": "1614574086050",
    "img": "https://www.forevershining.com.au/design/saved-designs/screenshots/2021/03/1614574086050.jpg",
    "title": "Bronze Plaque"
  },
  {
    "id": "1614573798269",
    "img": "https://www.forevershining.com.au/design/saved-designs/screenshots/2021/03/1614573798269.jpg",
    "title": "Bronze Plaque"
  },
  {
    "id": "1614573562880",
    "img": "https://www.forevershining.com.au/design/saved-designs/screenshots/2021/03/1614573562880.jpg",
    "title": "Bronze Plaque"
  },
  {
    "id": "1614569826837",
    "img": "https://www.forevershining.com.au/design/saved-designs/screenshots/2021/03/1614569826837.jpg",
    "title": "Bronze Plaque"
  },
  {
    "id": "1611569330212",
    "img": "https://www.forevershining.com.au/design/saved-designs/screenshots/2021/01/1611569330212.jpg",
    "title": "Bronze Plaque"
  },
  {
    "id": "1610576979860",
    "img": "https://www.forevershining.com.au/design/saved-designs/screenshots/2021/01/1610576979860.jpg",
    "title": "Bronze Plaque"
  },
  {
    "id": "1609546148329",
    "img": "https://www.forevershining.com.au/design/saved-designs/screenshots/2021/01/1609546148329.jpg",
    "title": "Bronze Plaque"
  },
  {
    "id": "1606389949819",
    "img": "https://www.forevershining.com.au/design/saved-designs/screenshots/2020/11/1606389949819.jpg",
    "title": "Bronze Plaque"
  },
  {
    "id": "1605966439544",
    "img": "https://www.forevershining.com.au/design/saved-designs/screenshots/2020/11/1605966439544.jpg",
    "title": "Bronze Plaque"
  },
  {
    "id": "1605966012004",
    "img": "https://www.forevershining.com.au/design/saved-designs/screenshots/2020/11/1605966012004.jpg",
    "title": "Bronze Plaque"
  },
  {
    "id": "1605965199057",
    "img": "https://www.forevershining.com.au/design/saved-designs/screenshots/2020/11/1605965199057.jpg",
    "title": "Bronze Plaque"
  },
  {
    "id": "1605965095296",
    "img": "https://www.forevershining.com.au/design/saved-designs/screenshots/2020/11/1605965095296.jpg",
    "title": "Bronze Plaque"
  },
  {
    "id": "1605964448098",
    "img": "https://www.forevershining.com.au/design/saved-designs/screenshots/2020/11/1605964448098.jpg",
    "title": "Bronze Plaque"
  },
  {
    "id": "1605963827230",
    "img": "https://www.forevershining.com.au/design/saved-designs/screenshots/2020/11/1605963827230.jpg",
    "title": "Bronze Plaque"
  },
  {
    "id": "1605962748555",
    "img": "https://www.forevershining.com.au/design/saved-designs/screenshots/2020/11/1605962748555.jpg",
    "title": "Bronze Plaque"
  },
  {
    "id": "1605961332977",
    "img": "https://www.forevershining.com.au/design/saved-designs/screenshots/2020/11/1605961332977.jpg",
    "title": "Bronze Plaque"
  },
  {
    "id": "1605951851032",
    "img": "https://www.forevershining.com.au/design/saved-designs/screenshots/2020/11/1605951851032.jpg",
    "title": "Bronze Plaque"
  },
  {
    "id": "1604299520902",
    "img": "https://www.forevershining.com.au/design/saved-designs/screenshots/2020/11/1604299520902.jpg",
    "title": "Bronze Plaque"
  },
  {
    "id": "1604314001346",
    "img": "https://www.forevershining.com.au/design/saved-designs/screenshots/2020/11/1604314001346.jpg",
    "title": "Bronze Plaque"
  },
  {
    "id": "1604203169574",
    "img": "https://www.forevershining.com.au/design/saved-designs/screenshots/2020/11/1604203169574.jpg",
    "title": "Bronze Plaque"
  },
  {
    "id": "1604202735957",
    "img": "https://www.forevershining.com.au/design/saved-designs/screenshots/2020/11/1604202735957.jpg",
    "title": "Bronze Plaque"
  },
  {
    "id": "1602683707090",
    "img": "https://www.forevershining.com.au/design/saved-designs/screenshots/2020/10/1602683707090.jpg",
    "title": "Bronze Plaque"
  },
  {
    "id": "1600591322879",
    "img": "https://www.forevershining.com.au/design/saved-designs/screenshots/2020/09/1600591322879.jpg",
    "title": "Bronze Plaque"
  },
  {
    "id": "1589788523920",
    "img": "https://www.forevershining.com.au/design/saved-designs/screenshots/1589788523920.jpg",
    "title": "Bronze Plaque"
  },
  {
    "id": "1584501224899",
    "img": "https://www.forevershining.com.au/design/saved-designs/screenshots/1584501224899.jpg",
    "title": "Bronze Plaque"
  },
  {
    "id": "1584386339804",
    "img": "https://www.forevershining.com.au/design/saved-designs/screenshots/1584386339804.jpg",
    "title": "Bronze Plaque"
  },
  {
    "id": "1584341066486",
    "img": "https://www.forevershining.com.au/design/saved-designs/screenshots/1584341066486.jpg",
    "title": "Bronze Plaque"
  },
  {
    "id": "1584332078255",
    "img": "https://www.forevershining.com.au/design/saved-designs/screenshots/1584332078255.jpg",
    "title": "Bronze Plaque"
  },
  {
    "id": "1584322246000",
    "img": "https://www.forevershining.com.au/design/saved-designs/screenshots/1584322246000.jpg",
    "title": "Bronze Plaque"
  },
  {
    "id": "1584386020726",
    "img": "https://www.forevershining.com.au/design/saved-designs/screenshots/1584386020726.jpg",
    "title": "Bronze Plaque"
  }
]