[
  {
    "id": "1682328808968",
    "img": "https://www.forevershining.com.au/design/saved-designs/screenshots/2023/04/1682328808968.jpg",
    "title": "Laser Etched Black Granite Plaque"
  },
  {
    "id": "1674789927729",
    "img": "https://www.forevershining.com.au/design/saved-designs/screenshots/2023/01/1674789927729.jpg",
    "title": "Laser Etched Black Granite Plaque"
  },
  {
    "id": "1674006737600",
    "img": "https://www.forevershining.com.au/design/saved-designs/screenshots/2023/01/1674006737600.jpg",
    "title": "Laser Etched Black Granite Plaque"
  },
  {
    "id": "1674006312455",
    "img": "https://www.forevershining.com.au/design/saved-designs/screenshots/2023/01/1674006312455.jpg",
    "title": "Laser Etched Black Granite Plaque"
  },
  {
    "id": "1674005812696",
    "img": "https://www.forevershining.com.au/design/saved-designs/screenshots/2023/01/1674005812696.jpg",
    "title": "Laser Etched Black Granite Plaque"
  },
  {
    "id": "1674001152711",
    "img": "https://www.forevershining.com.au/design/saved-designs/screenshots/2023/01/1674001152711.jpg",
    "title": "Laser Etched Black Granite Plaque"
  },
  {
    "id": "1658721076705",
    "img": "https://www.forevershining.com.au/design/saved-designs/screenshots/2022/07/1658721076705.jpg",
    "title": "Laser Etched Black Granite Plaque"
  },
  {
    "id": "1658714181069",
    "img": "https://www.forevershining.com.au/design/saved-designs/screenshots/2022/07/1658714181069.jpg",
    "title": "Laser Etched Black Granite Plaque"
  },
  {
    "id": "1638875640704",
    "img": "https://www.forevershining.com.au/design/saved-designs/screenshots/2021/12/1638875640704.jpg",
    "title": "Laser Etched Black Granite Plaque"
  },
  {
    "id": "1638875304728",
    "img": "https://www.forevershining.com.au/design/saved-designs/screenshots/2021/12/1638875304728.jpg",
    "title": "Laser Etched Black Granite Plaque"
  },
  {
    "id": "1638835990882",
    "img": "https://www.forevershining.com.au/design/saved-designs/screenshots/2021/12/1638835990882.jpg",
    "title": "Laser Etched Black Granite Plaque"
  },
  {
    "id": "1606628249860",
    "img": "https://www.forevershining.com.au/design/saved-designs/screenshots/2020/11/1606628249860.jpg",
    "title": "Laser Etched Black Granite Plaque"
  },
  {
    "id": "1579572517157",
    "img": "https://www.forevershining.com.au/design/saved-designs/screenshots/1579572517157.jpg",
    "title": "Laser Etched Black Granite Plaque"
  },
  {
    "id": "1579568874832",
    "img": "https://www.forevershining.com.au/design/undefined",
    "title": "Laser Etched Black Granite Plaque"
  },
  {
    "id": "1579513536085",
    "img": "https://www.forevershining.com.au/design/saved-designs/screenshots/1579513536085.jpg",
    "title": "Laser Etched Black Granite Plaque"
  }
]