[
  {
    "id": "1717903164379",
    "img": "https://www.forevershining.com.au/design/saved-designs/screenshots/2024/06/1717903164379.jpg",
    "title": "Bronze Plaque"
  },
  {
    "id": "1717468758946",
    "img": "https://www.forevershining.com.au/design/saved-designs/screenshots/2024/06/1717468758946.jpg",
    "title": "Bronze Plaque"
  },
  {
    "id": "1716428466772",
    "img": "https://www.forevershining.com.au/design/saved-designs/screenshots/2024/05/1716428466772.jpg",
    "title": "Bronze Plaque"
  },
  {
    "id": "1716399248222",
    "img": "https://www.forevershining.com.au/design/saved-designs/screenshots/2024/05/1716399248222.jpg",
    "title": "Bronze Plaque"
  },
  {
    "id": "1716315406099",
    "img": "https://www.forevershining.com.au/design/saved-designs/screenshots/2024/05/1716315406099.jpg",
    "title": "Bronze Plaque"
  },
  {
    "id": "1716307481454",
    "img": "https://www.forevershining.com.au/design/saved-designs/screenshots/2024/05/1716307481454.jpg",
    "title": "Bronze Plaque"
  },
  {
    "id": "1709607438949",
    "img": "https://www.forevershining.com.au/design/saved-designs/screenshots/2024/03/1709607438949.jpg",
    "title": "Bronze Plaque"
  },
  {
    "id": "1708577110961",
    "img": "https://www.forevershining.com.au/design/saved-designs/screenshots/2024/02/1708577110961.jpg",
    "title": "Bronze Plaque"
  },
  {
    "id": "1707178608660",
    "img": "https://www.forevershining.com.au/design/saved-designs/screenshots/2024/02/1707178608660.jpg",
    "title": "Bronze Plaque"
  },
  {
    "id": "1707168599447",
    "img": "https://www.forevershining.com.au/design/saved-designs/screenshots/2024/02/1707168599447.jpg",
    "title": "Bronze Plaque"
  },
  {
    "id": "1705985914221",
    "img": "https://www.forevershining.com.au/design/saved-designs/screenshots/2024/01/1705985914221.jpg",
    "title": "Bronze Plaque"
  },
  {
    "id": "1705982087579",
    "img": "https://www.forevershining.com.au/design/saved-designs/screenshots/2024/01/1705982087579.jpg",
    "title": "Bronze Plaque"
  },
  {
    "id": "1702610444584",
    "img": "https://www.forevershining.com.au/design/saved-designs/screenshots/2023/12/1702610444584.jpg",
    "title": "Bronze Plaque"
  },
  {
    "id": "1702608594899",
    "img": "https://www.forevershining.com.au/design/saved-designs/screenshots/2023/12/1702608594899.jpg",
    "title": "Bronze Plaque"
  },
  {
    "id": "1702280069218",
    "img": "https://www.forevershining.com.au/design/saved-designs/screenshots/2023/12/1702280069218.jpg",
    "title": "Bronze Plaque"
  },
  {
    "id": "1702278925856",
    "img": "https://www.forevershining.com.au/design/saved-designs/screenshots/2023/12/1702278925856.jpg",
    "title": "Bronze Plaque"
  },
  {
    "id": "1701069106566",
    "img": "https://www.forevershining.com.au/design/saved-designs/screenshots/2023/11/1701069106566.jpg",
    "title": "Bronze Plaque"
  },
  {
    "id": "1701057001811",
    "img": "https://www.forevershining.com.au/design/saved-designs/screenshots/2023/11/1701057001811.jpg",
    "title": "Bronze Plaque"
  },
  {
    "id": "1696906738668",
    "img": "https://www.forevershining.com.au/design/saved-designs/screenshots/2023/10/1696906738668.jpg",
    "title": "Bronze Plaque"
  },
  {
    "id": "1696906038495",
    "img": "https://www.forevershining.com.au/design/saved-designs/screenshots/2023/10/1696906038495.jpg",
    "title": "Bronze Plaque"
  },
  {
    "id": "1696904772481",
    "img": "https://www.forevershining.com.au/design/saved-designs/screenshots/2023/10/1696904772481.jpg",
    "title": "Bronze Plaque"
  },
  {
    "id": "1692516105863",
    "img": "https://www.forevershining.com.au/design/saved-designs/screenshots/2023/08/1692516105863.jpg",
    "title": "Bronze Plaque"
  },
  {
    "id": "1692432971383",
    "img": "https://www.forevershining.com.au/design/saved-designs/screenshots/2023/08/1692432971383.jpg",
    "title": "Bronze Plaque"
  },
  {
    "id": "1692430453061",
    "img": "https://www.forevershining.com.au/design/saved-designs/screenshots/2023/08/1692430453061.jpg",
    "title": "Bronze Plaque"
  },
  {
    "id": "1687816108301",
    "img": "https://www.forevershining.com.au/design/saved-designs/screenshots/2023/06/1687816108301.jpg",
    "title": "Bronze Plaque"
  },
  {
    "id": "1687814933592",
    "img": "https://www.forevershining.com.au/design/saved-designs/screenshots/2023/06/1687814933592.jpg",
    "title": "Bronze Plaque"
  },
  {
    "id": "1687755994411",
    "img": "https://www.forevershining.com.au/design/saved-designs/screenshots/2023/06/1687755994411.jpg",
    "title": "Bronze Plaque"
  },
  {
    "id": "1687754818386",
    "img": "https://www.forevershining.com.au/design/saved-designs/screenshots/2023/06/1687754818386.jpg",
    "title": "Bronze Plaque"
  },
  {
    "id": "1687684587024",
    "img": "https://www.forevershining.com.au/design/saved-designs/screenshots/2023/06/1687684587024.jpg",
    "title": "Bronze Plaque"
  },
  {
    "id": "1687587291234",
    "img": "https://www.forevershining.com.au/design/saved-designs/screenshots/2023/06/1687587291234.jpg",
    "title": "Bronze Plaque"
  },
  {
    "id": "1687585559419",
    "img": "https://www.forevershining.com.au/design/saved-designs/screenshots/2023/06/1687585559419.jpg",
    "title": "Bronze Plaque"
  },
  {
    "id": "1687509348726",
    "img": "https://www.forevershining.com.au/design/saved-designs/screenshots/2023/06/1687509348726.jpg",
    "title": "Bronze Plaque"
  },
  {
    "id": "1687496921149",
    "img": "https://www.forevershining.com.au/design/saved-designs/screenshots/2023/06/1687496921149.jpg",
    "title": "Bronze Plaque"
  },
  {
    "id": "1685944090601",
    "img": "https://www.forevershining.com.au/design/saved-designs/screenshots/2023/06/1685944090601.jpg",
    "title": "Bronze Plaque"
  },
  {
    "id": "1685927881583",
    "img": "https://www.forevershining.com.au/design/saved-designs/screenshots/2023/06/1685927881583.jpg",
    "title": "Bronze Plaque"
  },
  {
    "id": "1680156952713",
    "img": "https://www.forevershining.com.au/design/saved-designs/screenshots/2023/03/1680156952713.jpg",
    "title": "Bronze Plaque"
  },
  {
    "id": "1680155365519",
    "img": "https://www.forevershining.com.au/design/saved-designs/screenshots/2023/03/1680155365519.jpg",
    "title": "Bronze Plaque"
  },
  {
    "id": "1679921769387",
    "img": "https://www.forevershining.com.au/design/saved-designs/screenshots/2023/03/1679921769387.jpg",
    "title": "Bronze Plaque"
  },
  {
    "id": "1679891103273",
    "img": "https://www.forevershining.com.au/design/saved-designs/screenshots/2023/03/1679891103273.jpg",
    "title": "Bronze Plaque"
  },
  {
    "id": "1679856525850",
    "img": "https://www.forevershining.com.au/design/saved-designs/screenshots/2023/03/1679856525850.jpg",
    "title": "Bronze Plaque"
  },
  {
    "id": "1679855938463",
    "img": "https://www.forevershining.com.au/design/saved-designs/screenshots/2023/03/1679855938463.jpg",
    "title": "Bronze Plaque"
  },
  {
    "id": "1671014197423",
    "img": "https://www.forevershining.com.au/design/saved-designs/screenshots/2022/12/1671014197423.jpg",
    "title": "Bronze Plaque"
  },
  {
    "id": "1668074006871",
    "img": "https://www.forevershining.com.au/design/saved-designs/screenshots/2022/11/1668074006871.jpg",
    "title": "Bronze Plaque"
  },
  {
    "id": "1667005535593",
    "img": "https://www.forevershining.com.au/design/saved-designs/screenshots/2022/10/1667005535593.jpg",
    "title": "Bronze Plaque"
  },
  {
    "id": "1667005425042",
    "img": "https://www.forevershining.com.au/design/saved-designs/screenshots/2022/10/1667005425042.jpg",
    "title": "Bronze Plaque"
  },
  {
    "id": "1667000525730",
    "img": "https://www.forevershining.com.au/design/saved-designs/screenshots/2022/10/1667000525730.jpg",
    "title": "Bronze Plaque"
  },
  {
    "id": "1666942985025",
    "img": "https://www.forevershining.com.au/design/saved-designs/screenshots/2022/10/1666942985025.jpg",
    "title": "Bronze Plaque"
  },
  {
    "id": "1661839471975",
    "img": "https://www.forevershining.com.au/design/saved-designs/screenshots/2022/08/1661839471975.jpg",
    "title": "Bronze Plaque"
  },
  {
    "id": "1661826077957",
    "img": "https://www.forevershining.com.au/design/saved-designs/screenshots/2022/08/1661826077957.jpg",
    "title": "Bronze Plaque"
  },
  {
    "id": "1661826020283",
    "img": "https://www.forevershining.com.au/design/saved-designs/screenshots/2022/08/1661826020283.jpg",
    "title": "Bronze Plaque"
  },
  {
    "id": "1661824682860",
    "img": "https://www.forevershining.com.au/design/saved-designs/screenshots/2022/08/1661824682860.jpg",
    "title": "Bronze Plaque"
  },
  {
    "id": "1661824646205",
    "img": "https://www.forevershining.com.au/design/saved-designs/screenshots/2022/08/1661824646205.jpg",
    "title": "Bronze Plaque"
  },
  {
    "id": "1661777344561",
    "img": "https://www.forevershining.com.au/design/saved-designs/screenshots/2022/08/1661777344561.jpg",
    "title": "Bronze Plaque"
  },
  {
    "id": "1661747236007",
    "img": "https://www.forevershining.com.au/design/saved-designs/screenshots/2022/08/1661747236007.jpg",
    "title": "Bronze Plaque"
  },
  {
    "id": "1661666618375",
    "img": "https://www.forevershining.com.au/design/saved-designs/screenshots/2022/08/1661666618375.jpg",
    "title": "Bronze Plaque"
  },
  {
    "id": "1661653584308",
    "img": "https://www.forevershining.com.au/design/saved-designs/screenshots/2022/08/1661653584308.jpg",
    "title": "Bronze Plaque"
  },
  {
    "id": "1661603853586",
    "img": "https://www.forevershining.com.au/design/saved-designs/screenshots/2022/08/1661603853586.jpg",
    "title": "Bronze Plaque"
  },
  {
    "id": "1651407957097",
    "img": "https://www.forevershining.com.au/design/saved-designs/screenshots/2022/05/1651407957097.jpg",
    "title": "Bronze Plaque"
  },
  {
    "id": "1651405381294",
    "img": "https://www.forevershining.com.au/design/saved-designs/screenshots/2022/05/1651405381294.jpg",
    "title": "Bronze Plaque"
  },
  {
    "id": "1651405044927",
    "img": "https://www.forevershining.com.au/design/saved-designs/screenshots/2022/05/1651405044927.jpg",
    "title": "Bronze Plaque"
  },
  {
    "id": "1651402669798",
    "img": "https://www.forevershining.com.au/design/saved-designs/screenshots/2022/05/1651402669798.jpg",
    "title": "Bronze Plaque"
  },
  {
    "id": "1649675680317",
    "img": "https://www.forevershining.com.au/design/saved-designs/screenshots/2022/04/1649675680317.jpg",
    "title": "Bronze Plaque"
  },
  {
    "id": "1649673405473",
    "img": "https://www.forevershining.com.au/design/saved-designs/screenshots/2022/04/1649673405473.jpg",
    "title": "Bronze Plaque"
  },
  {
    "id": "1649672918953",
    "img": "https://www.forevershining.com.au/design/saved-designs/screenshots/2022/04/1649672918953.jpg",
    "title": "Bronze Plaque"
  },
  {
    "id": "1649661667143",
    "img": "https://www.forevershining.com.au/design/saved-designs/screenshots/2022/04/1649661667143.jpg",
    "title": "Bronze Plaque"
  },
  {
    "id": "1649662838590",
    "img": "https://www.forevershining.com.au/design/saved-designs/screenshots/2022/04/1649662838590.jpg",
    "title": "Bronze Plaque"
  },
  {
    "id": "1646717397412",
    "img": "https://www.forevershining.com.au/design/saved-designs/screenshots/2022/03/1646717397412.jpg",
    "title": "Bronze Plaque"
  },
  {
    "id": "1646701115322",
    "img": "https://www.forevershining.com.au/design/saved-designs/screenshots/2022/03/1646701115322.jpg",
    "title": "Bronze Plaque"
  },
  {
    "id": "1646700030845",
    "img": "https://www.forevershining.com.au/design/saved-designs/screenshots/2022/03/1646700030845.jpg",
    "title": "Bronze Plaque"
  },
  {
    "id": "1646698660009",
    "img": "https://www.forevershining.com.au/design/saved-designs/screenshots/2022/03/1646698660009.jpg",
    "title": "Bronze Plaque"
  },
  {
    "id": "1646676065847",
    "img": "https://www.forevershining.com.au/design/saved-designs/screenshots/2022/03/1646676065847.jpg",
    "title": "Bronze Plaque"
  },
  {
    "id": "1646636992641",
    "img": "https://www.forevershining.com.au/design/saved-designs/screenshots/2022/03/1646636992641.jpg",
    "title": "Bronze Plaque"
  },
  {
    "id": "1636933759472",
    "img": "https://www.forevershining.com.au/design/saved-designs/screenshots/2021/11/1636933759472.jpg",
    "title": "Bronze Plaque"
  },
  {
    "id": "1636933076640",
    "img": "https://www.forevershining.com.au/design/saved-designs/screenshots/2021/11/1636933076640.jpg",
    "title": "Bronze Plaque"
  },
  {
    "id": "1613273638143",
    "img": "https://www.forevershining.com.au/design/saved-designs/screenshots/2021/02/1613273638143.jpg",
    "title": "Bronze Plaque"
  },
  {
    "id": "1613271413246",
    "img": "https://www.forevershining.com.au/design/saved-designs/screenshots/2021/02/1613271413246.jpg",
    "title": "Bronze Plaque"
  },
  {
    "id": "1613270595244",
    "img": "https://www.forevershining.com.au/design/saved-designs/screenshots/2021/02/1613270595244.jpg",
    "title": "Bronze Plaque"
  },
  {
    "id": "1612828708513",
    "img": "https://www.forevershining.com.au/design/saved-designs/screenshots/2021/02/1612828708513.jpg",
    "title": "Bronze Plaque"
  },
  {
    "id": "1605657024764",
    "img": "https://www.forevershining.com.au/design/saved-designs/screenshots/2020/11/1605657024764.jpg",
    "title": "Bronze Plaque"
  },
  {
    "id": "1605625115331",
    "img": "https://www.forevershining.com.au/design/saved-designs/screenshots/2020/11/1605625115331.jpg",
    "title": "Bronze Plaque"
  },
  {
    "id": "1605589754638",
    "img": "https://www.forevershining.com.au/design/saved-designs/screenshots/2020/11/1605589754638.jpg",
    "title": "Bronze Plaque"
  },
  {
    "id": "1605589677027",
    "img": "https://www.forevershining.com.au/design/saved-designs/screenshots/2020/11/1605589677027.jpg",
    "title": "Bronze Plaque"
  },
  {
    "id": "1605589635446",
    "img": "https://www.forevershining.com.au/design/saved-designs/screenshots/2020/11/1605589635446.jpg",
    "title": "Bronze Plaque"
  },
  {
    "id": "1605587946401",
    "img": "https://www.forevershining.com.au/design/saved-designs/screenshots/2020/11/1605587946401.jpg",
    "title": "Bronze Plaque"
  },
  {
    "id": "1605585718830",
    "img": "https://www.forevershining.com.au/design/saved-designs/screenshots/2020/11/1605585718830.jpg",
    "title": "Bronze Plaque"
  },
  {
    "id": "1605583477969",
    "img": "https://www.forevershining.com.au/design/saved-designs/screenshots/2020/11/1605583477969.jpg",
    "title": "Bronze Plaque"
  },
  {
    "id": "1605581682514",
    "img": "https://www.forevershining.com.au/design/saved-designs/screenshots/2020/11/1605581682514.jpg",
    "title": "Bronze Plaque"
  },
  {
    "id": "1605582695841",
    "img": "https://www.forevershining.com.au/design/saved-designs/screenshots/2020/11/1605582695841.jpg",
    "title": "Bronze Plaque"
  },
  {
    "id": "1605578220562",
    "img": "https://www.forevershining.com.au/design/saved-designs/screenshots/2020/11/1605578220562.jpg",
    "title": "Bronze Plaque"
  },
  {
    "id": "1605576407463",
    "img": "https://www.forevershining.com.au/design/saved-designs/screenshots/2020/11/1605576407463.jpg",
    "title": "Bronze Plaque"
  },
  {
    "id": "1601862750093",
    "img": "https://www.forevershining.com.au/design/saved-designs/screenshots/2020/10/1601862750093.jpg",
    "title": "Bronze Plaque"
  },
  {
    "id": "1600322522907",
    "img": "https://www.forevershining.com.au/design/saved-designs/screenshots/2020/09/1600322522907.jpg",
    "title": "Bronze Plaque"
  },
  {
    "id": "1600251165920",
    "img": "https://www.forevershining.com.au/design/saved-designs/screenshots/2020/09/1600251165920.jpg",
    "title": "Bronze Plaque"
  },
  {
    "id": "1714910832632",
    "img": "https://www.forevershining.com.au/design/saved-designs/screenshots/2024/05/1714910832632.jpg",
    "title": "Bronze Plaque"
  }
]