[
  {
    "id": "1670729365231",
    "img": "https://www.forevershining.com.au/design/saved-designs/screenshots/2022/12/1670729365231.jpg",
    "title": "Traditional Engraved Granite Plaque"
  },
  {
    "id": "1621826424717",
    "img": "https://www.forevershining.com.au/design/saved-designs/screenshots/2021/05/1621826424717.jpg",
    "title": "Traditional Engraved Granite Plaque"
  },
  {
    "id": "1617611607185",
    "img": "https://www.forevershining.com.au/design/saved-designs/screenshots/2021/04/1617611607185.jpg",
    "title": "Traditional Engraved Granite Plaque"
  },
  {
    "id": "1586601158364",
    "img": "https://www.forevershining.com.au/design/saved-designs/screenshots/1586601158364.jpg",
    "title": "Traditional Engraved Granite Plaque"
  },
  {
    "id": "1629958471598",
    "img": "https://www.forevershining.com.au/design/saved-designs/screenshots/2021/08/1629958471598.jpg",
    "title": "Traditional Engraved Granite Plaque"
  },
  {
    "id": "1629956790820",
    "img": "https://www.forevershining.com.au/design/saved-designs/screenshots/2021/08/1629956790820.jpg",
    "title": "Traditional Engraved Granite Plaque"
  },
  {
    "id": "1586590943543",
    "img": "https://www.forevershining.com.au/design/saved-designs/screenshots/1586590943543.jpg",
    "title": "Traditional Engraved Granite Plaque"
  }
]