[
  {
    "id": "1719304960704",
    "img": "https://www.forevershining.com.au/design/saved-designs/screenshots/2024/06/1719304960704.jpg",
    "title": "Bronze Plaque"
  },
  {
    "id": "1719226123097",
    "img": "https://www.forevershining.com.au/design/saved-designs/screenshots/2024/06/1719226123097.jpg",
    "title": "Bronze Plaque"
  },
  {
    "id": "1718152535520",
    "img": "https://www.forevershining.com.au/design/saved-designs/screenshots/2024/06/1718152535520.jpg",
    "title": "Bronze Plaque"
  },
  {
    "id": "1718150330057",
    "img": "https://www.forevershining.com.au/design/saved-designs/screenshots/2024/06/1718150330057.jpg",
    "title": "Bronze Plaque"
  },
  {
    "id": "1718100379590",
    "img": "https://www.forevershining.com.au/design/saved-designs/screenshots/2024/06/1718100379590.jpg",
    "title": "Bronze Plaque"
  },
  {
    "id": "1717051825077",
    "img": "https://www.forevershining.com.au/design/saved-designs/screenshots/2024/05/1717051825077.jpg",
    "title": "Bronze Plaque"
  },
  {
    "id": "1717051442520",
    "img": "https://www.forevershining.com.au/design/saved-designs/screenshots/2024/05/1717051442520.jpg",
    "title": "Bronze Plaque"
  },
  {
    "id": "1717049993611",
    "img": "https://www.forevershining.com.au/design/saved-designs/screenshots/2024/05/1717049993611.jpg",
    "title": "Bronze Plaque"
  },
  {
    "id": "1716965223105",
    "img": "https://www.forevershining.com.au/design/saved-designs/screenshots/2024/05/1716965223105.jpg",
    "title": "Bronze Plaque"
  },
  {
    "id": "1716964032804",
    "img": "https://www.forevershining.com.au/design/saved-designs/screenshots/2024/05/1716964032804.jpg",
    "title": "Bronze Plaque"
  },
  {
    "id": "1716960686685",
    "img": "https://www.forevershining.com.au/design/saved-designs/screenshots/2024/05/1716960686685.jpg",
    "title": "Bronze Plaque"
  },
  {
    "id": "1716625633758",
    "img": "https://www.forevershining.com.au/design/saved-designs/screenshots/2024/05/1716625633758.jpg",
    "title": "Bronze Plaque"
  },
  {
    "id": "1716621116994",
    "img": "https://www.forevershining.com.au/design/saved-designs/screenshots/2024/05/1716621116994.jpg",
    "title": "Bronze Plaque"
  },
  {
    "id": "1716553251874",
    "img": "https://www.forevershining.com.au/design/saved-designs/screenshots/2024/05/1716553251874.jpg",
    "title": "Bronze Plaque"
  },
  {
    "id": "1716558163991",
    "img": "https://www.forevershining.com.au/design/saved-designs/screenshots/2024/05/1716558163991.jpg",
    "title": "Bronze Plaque"
  },
  {
    "id": "1716472385090",
    "img": "https://www.forevershining.com.au/design/saved-designs/screenshots/2024/05/1716472385090.jpg",
    "title": "Bronze Plaque"
  },
  {
    "id": "1713417791021",
    "img": "https://www.forevershining.com.au/design/saved-designs/screenshots/2024/04/1713417791021.jpg",
    "title": "Bronze Plaque"
  },
  {
    "id": "1713415969203",
    "img": "https://www.forevershining.com.au/design/saved-designs/screenshots/2024/04/1713415969203.jpg",
    "title": "Bronze Plaque"
  },
  {
    "id": "1712818939638",
    "img": "https://www.forevershining.com.au/design/saved-designs/screenshots/2024/04/1712818939638.jpg",
    "title": "Bronze Plaque"
  },
  {
    "id": "1711616536985",
    "img": "https://www.forevershining.com.au/design/saved-designs/screenshots/2024/03/1711616536985.jpg",
    "title": "Bronze Plaque"
  },
  {
    "id": "1710318375873",
    "img": "https://www.forevershining.com.au/design/saved-designs/screenshots/2024/03/1710318375873.jpg",
    "title": "Bronze Plaque"
  },
  {
    "id": "1707964752989",
    "img": "https://www.forevershining.com.au/design/saved-designs/screenshots/2024/02/1707964752989.jpg",
    "title": "Bronze Plaque"
  },
  {
    "id": "1703655198187",
    "img": "https://www.forevershining.com.au/design/saved-designs/screenshots/2023/12/1703655198187.jpg",
    "title": "Bronze Plaque"
  },
  {
    "id": "1703389864637",
    "img": "https://www.forevershining.com.au/design/saved-designs/screenshots/2023/12/1703389864637.jpg",
    "title": "Bronze Plaque"
  },
  {
    "id": "1700107858869",
    "img": "https://www.forevershining.com.au/design/saved-designs/screenshots/2023/11/1700107858869.jpg",
    "title": "Bronze Plaque"
  },
  {
    "id": "1700028554783",
    "img": "https://www.forevershining.com.au/design/saved-designs/screenshots/2023/11/1700028554783.jpg",
    "title": "Bronze Plaque"
  },
  {
    "id": "1700028420274",
    "img": "https://www.forevershining.com.au/design/saved-designs/screenshots/2023/11/1700028420274.jpg",
    "title": "Bronze Plaque"
  },
  {
    "id": "1700027469131",
    "img": "https://www.forevershining.com.au/design/saved-designs/screenshots/2023/11/1700027469131.jpg",
    "title": "Bronze Plaque"
  },
  {
    "id": "1700008138830",
    "img": "https://www.forevershining.com.au/design/saved-designs/screenshots/2023/11/1700008138830.jpg",
    "title": "Bronze Plaque"
  },
  {
    "id": "1695516713825",
    "img": "https://www.forevershining.com.au/design/saved-designs/screenshots/2023/09/1695516713825.jpg",
    "title": "Bronze Plaque"
  },
  {
    "id": "1715237021139",
    "img": "https://www.forevershining.com.au/design/saved-designs/screenshots/2024/05/1715237021139.jpg",
    "title": "Bronze Plaque"
  },
  {
    "id": "1715165855032",
    "img": "https://www.forevershining.com.au/design/saved-designs/screenshots/2024/05/1715165855032.jpg",
    "title": "Bronze Plaque"
  },
  {
    "id": "1715119198327",
    "img": "https://www.forevershining.com.au/design/saved-designs/screenshots/2024/05/1715119198327.jpg",
    "title": "Bronze Plaque"
  },
  {
    "id": "1715118942476",
    "img": "https://www.forevershining.com.au/design/saved-designs/screenshots/2024/05/1715118942476.jpg",
    "title": "Bronze Plaque"
  },
  {
    "id": "1715118080831",
    "img": "https://www.forevershining.com.au/design/saved-designs/screenshots/2024/05/1715118080831.jpg",
    "title": "Bronze Plaque"
  },
  {
    "id": "1689071797926",
    "img": "https://www.forevershining.com.au/design/saved-designs/screenshots/2023/07/1689071797926.jpg",
    "title": "Bronze Plaque"
  },
  {
    "id": "1689071742900",
    "img": "https://www.forevershining.com.au/design/saved-designs/screenshots/2023/07/1689071742900.jpg",
    "title": "Bronze Plaque"
  },
  {
    "id": "1689070667345",
    "img": "https://www.forevershining.com.au/design/saved-designs/screenshots/2023/07/1689070667345.jpg",
    "title": "Bronze Plaque"
  },
  {
    "id": "1689070427850",
    "img": "https://www.forevershining.com.au/design/saved-designs/screenshots/2023/07/1689070427850.jpg",
    "title": "Bronze Plaque"
  },
  {
    "id": "1689070342381",
    "img": "https://www.forevershining.com.au/design/saved-designs/screenshots/2023/07/1689070342381.jpg",
    "title": "Bronze Plaque"
  },
  {
    "id": "1689070228212",
    "img": "https://www.forevershining.com.au/design/saved-designs/screenshots/2023/07/1689070228212.jpg",
    "title": "Bronze Plaque"
  },
  {
    "id": "1689068810724",
    "img": "https://www.forevershining.com.au/design/saved-designs/screenshots/2023/07/1689068810724.jpg",
    "title": "Bronze Plaque"
  },
  {
    "id": "1689064871242",
    "img": "https://www.forevershining.com.au/design/saved-designs/screenshots/2023/07/1689064871242.jpg",
    "title": "Bronze Plaque"
  },
  {
    "id": "1688957735638",
    "img": "https://www.forevershining.com.au/design/saved-designs/screenshots/2023/07/1688957735638.jpg",
    "title": "Bronze Plaque"
  },
  {
    "id": "1687220951942",
    "img": "https://www.forevershining.com.au/design/saved-designs/screenshots/2023/06/1687220951942.jpg",
    "title": "Bronze Plaque"
  },
  {
    "id": "1680761883696",
    "img": "https://www.forevershining.com.au/design/saved-designs/screenshots/2023/04/1680761883696.jpg",
    "title": "Bronze Plaque"
  },
  {
    "id": "1680684581741",
    "img": "https://www.forevershining.com.au/design/saved-designs/screenshots/2023/04/1680684581741.jpg",
    "title": "Bronze Plaque"
  },
  {
    "id": "1679194229256",
    "img": "https://www.forevershining.com.au/design/saved-designs/screenshots/2023/03/1679194229256.jpg",
    "title": "Bronze Plaque"
  },
  {
    "id": "1676629372144",
    "img": "https://www.forevershining.com.au/design/saved-designs/screenshots/2023/02/1676629372144.jpg",
    "title": "Bronze Plaque"
  },
  {
    "id": "1676629281817",
    "img": "https://www.forevershining.com.au/design/saved-designs/screenshots/2023/02/1676629281817.jpg",
    "title": "Bronze Plaque"
  },
  {
    "id": "1673467880189",
    "img": "https://www.forevershining.com.au/design/saved-designs/screenshots/2023/01/1673467880189.jpg",
    "title": "Bronze Plaque"
  },
  {
    "id": "1672219468294",
    "img": "https://www.forevershining.com.au/design/saved-designs/screenshots/2022/12/1672219468294.jpg",
    "title": "Bronze Plaque"
  },
  {
    "id": "1672216655317",
    "img": "https://www.forevershining.com.au/design/saved-designs/screenshots/2022/12/1672216655317.jpg",
    "title": "Bronze Plaque"
  },
  {
    "id": "1672216168624",
    "img": "https://www.forevershining.com.au/design/saved-designs/screenshots/2022/12/1672216168624.jpg",
    "title": "Bronze Plaque"
  },
  {
    "id": "1672209575121",
    "img": "https://www.forevershining.com.au/design/saved-designs/screenshots/2022/12/1672209575121.jpg",
    "title": "Bronze Plaque"
  },
  {
    "id": "1671188950908",
    "img": "https://www.forevershining.com.au/design/saved-designs/screenshots/2022/12/1671188950908.jpg",
    "title": "Bronze Plaque"
  },
  {
    "id": "1671184618932",
    "img": "https://www.forevershining.com.au/design/saved-designs/screenshots/2022/12/1671184618932.jpg",
    "title": "Bronze Plaque"
  },
  {
    "id": "1671184449456",
    "img": "https://www.forevershining.com.au/design/saved-designs/screenshots/2022/12/1671184449456.jpg",
    "title": "Bronze Plaque"
  },
  {
    "id": "1671181312450",
    "img": "https://www.forevershining.com.au/design/saved-designs/screenshots/2022/12/1671181312450.jpg",
    "title": "Bronze Plaque"
  },
  {
    "id": "1669736985916",
    "img": "https://www.forevershining.com.au/design/saved-designs/screenshots/2022/11/1669736985916.jpg",
    "title": "Bronze Plaque"
  },
  {
    "id": "1668349374535",
    "img": "https://www.forevershining.com.au/design/saved-designs/screenshots/2022/11/1668349374535.jpg",
    "title": "Bronze Plaque"
  },
  {
    "id": "1668346221384",
    "img": "https://www.forevershining.com.au/design/saved-designs/screenshots/2022/11/1668346221384.jpg",
    "title": "Bronze Plaque"
  },
  {
    "id": "1667939973023",
    "img": "https://www.forevershining.com.au/design/saved-designs/screenshots/2022/11/1667939973023.jpg",
    "title": "Bronze Plaque"
  },
  {
    "id": "1666389855863",
    "img": "https://www.forevershining.com.au/design/saved-designs/screenshots/2022/10/1666389855863.jpg",
    "title": "Bronze Plaque"
  },
  {
    "id": "1664113303443",
    "img": "https://www.forevershining.com.au/design/saved-designs/screenshots/2022/09/1664113303443.jpg",
    "title": "Bronze Plaque"
  },
  {
    "id": "1664113099010",
    "img": "https://www.forevershining.com.au/design/saved-designs/screenshots/2022/09/1664113099010.jpg",
    "title": "Bronze Plaque"
  },
  {
    "id": "1664112466998",
    "img": "https://www.forevershining.com.au/design/saved-designs/screenshots/2022/09/1664112466998.jpg",
    "title": "Bronze Plaque"
  },
  {
    "id": "1664111471430",
    "img": "https://www.forevershining.com.au/design/saved-designs/screenshots/2022/09/1664111471430.jpg",
    "title": "Bronze Plaque"
  },
  {
    "id": "1664110990598",
    "img": "https://www.forevershining.com.au/design/saved-designs/screenshots/2022/09/1664110990598.jpg",
    "title": "Bronze Plaque"
  },
  {
    "id": "1664057850672",
    "img": "https://www.forevershining.com.au/design/saved-designs/screenshots/2022/09/1664057850672.jpg",
    "title": "Bronze Plaque"
  },
  {
    "id": "1659808233325",
    "img": "https://www.forevershining.com.au/design/saved-designs/screenshots/2022/08/1659808233325.jpg",
    "title": "Bronze Plaque"
  },
  {
    "id": "1659798980546",
    "img": "https://www.forevershining.com.au/design/saved-designs/screenshots/2022/08/1659798980546.jpg",
    "title": "Bronze Plaque"
  },
  {
    "id": "1659795735700",
    "img": "https://www.forevershining.com.au/design/saved-designs/screenshots/2022/08/1659795735700.jpg",
    "title": "Bronze Plaque"
  },
  {
    "id": "1659710858538",
    "img": "https://www.forevershining.com.au/design/saved-designs/screenshots/2022/08/1659710858538.jpg",
    "title": "Bronze Plaque"
  },
  {
    "id": "1659708307688",
    "img": "https://www.forevershining.com.au/design/saved-designs/screenshots/2022/08/1659708307688.jpg",
    "title": "Bronze Plaque"
  },
  {
    "id": "1657158328879",
    "img": "https://www.forevershining.com.au/design/saved-designs/screenshots/2022/07/1657158328879.jpg",
    "title": "Bronze Plaque"
  },
  {
    "id": "1657119320234",
    "img": "https://www.forevershining.com.au/design/saved-designs/screenshots/2022/07/1657119320234.jpg",
    "title": "Bronze Plaque"
  },
  {
    "id": "1657118005969",
    "img": "https://www.forevershining.com.au/design/saved-designs/screenshots/2022/07/1657118005969.jpg",
    "title": "Bronze Plaque"
  },
  {
    "id": "1657071239071",
    "img": "https://www.forevershining.com.au/design/saved-designs/screenshots/2022/07/1657071239071.jpg",
    "title": "Bronze Plaque"
  },
  {
    "id": "1657069315546",
    "img": "https://www.forevershining.com.au/design/saved-designs/screenshots/2022/07/1657069315546.jpg",
    "title": "Bronze Plaque"
  },
  {
    "id": "1657027683309",
    "img": "https://www.forevershining.com.au/design/saved-designs/screenshots/2022/07/1657027683309.jpg",
    "title": "Bronze Plaque"
  },
  {
    "id": "1657027370320",
    "img": "https://www.forevershining.com.au/design/saved-designs/screenshots/2022/07/1657027370320.jpg",
    "title": "Bronze Plaque"
  },
  {
    "id": "1657026859463",
    "img": "https://www.forevershining.com.au/design/saved-designs/screenshots/2022/07/1657026859463.jpg",
    "title": "Bronze Plaque"
  },
  {
    "id": "1656991748865",
    "img": "https://www.forevershining.com.au/design/saved-designs/screenshots/2022/07/1656991748865.jpg",
    "title": "Bronze Plaque"
  },
  {
    "id": "1655533443573",
    "img": "https://www.forevershining.com.au/design/saved-designs/screenshots/2022/06/1655533443573.jpg",
    "title": "Bronze Plaque"
  },
  {
    "id": "1653015743391",
    "img": "https://www.forevershining.com.au/design/saved-designs/screenshots/2022/05/1653015743391.jpg",
    "title": "Bronze Plaque"
  },
  {
    "id": "1653014985181",
    "img": "https://www.forevershining.com.au/design/saved-designs/screenshots/2022/05/1653014985181.jpg",
    "title": "Bronze Plaque"
  },
  {
    "id": "1653013615241",
    "img": "https://www.forevershining.com.au/design/saved-designs/screenshots/2022/05/1653013615241.jpg",
    "title": "Bronze Plaque"
  },
  {
    "id": "1652928392136",
    "img": "https://www.forevershining.com.au/design/saved-designs/screenshots/2022/05/1652928392136.jpg",
    "title": "Bronze Plaque"
  },
  {
    "id": "1652926827758",
    "img": "https://www.forevershining.com.au/design/saved-designs/screenshots/2022/05/1652926827758.jpg",
    "title": "Bronze Plaque"
  },
  {
    "id": "1652920599898",
    "img": "https://www.forevershining.com.au/design/saved-designs/screenshots/2022/05/1652920599898.jpg",
    "title": "Bronze Plaque"
  },
  {
    "id": "1652902990194",
    "img": "https://www.forevershining.com.au/design/saved-designs/screenshots/2022/05/1652902990194.jpg",
    "title": "Bronze Plaque"
  },
  {
    "id": "1652901668410",
    "img": "https://www.forevershining.com.au/design/saved-designs/screenshots/2022/05/1652901668410.jpg",
    "title": "Bronze Plaque"
  },
  {
    "id": "1651410181873",
    "img": "https://www.forevershining.com.au/design/saved-designs/screenshots/2022/05/1651410181873.jpg",
    "title": "Bronze Plaque"
  },
  {
    "id": "1651410006748",
    "img": "https://www.forevershining.com.au/design/saved-designs/screenshots/2022/05/1651410006748.jpg",
    "title": "Bronze Plaque"
  },
  {
    "id": "1651284973078",
    "img": "https://www.forevershining.com.au/design/saved-designs/screenshots/2022/04/1651284973078.jpg",
    "title": "Bronze Plaque"
  },
  {
    "id": "1651210884082",
    "img": "https://www.forevershining.com.au/design/saved-designs/screenshots/2022/04/1651210884082.jpg",
    "title": "Bronze Plaque"
  },
  {
    "id": "1651194788379",
    "img": "https://www.forevershining.com.au/design/saved-designs/screenshots/2022/04/1651194788379.jpg",
    "title": "Bronze Plaque"
  },
  {
    "id": "1651111672906",
    "img": "https://www.forevershining.com.au/design/saved-designs/screenshots/2022/04/1651111672906.jpg",
    "title": "Bronze Plaque"
  },
  {
    "id": "1649143818150",
    "img": "https://www.forevershining.com.au/design/saved-designs/screenshots/2022/04/1649143818150.jpg",
    "title": "Bronze Plaque"
  },
  {
    "id": "1649089598164",
    "img": "https://www.forevershining.com.au/design/saved-designs/screenshots/2022/04/1649089598164.jpg",
    "title": "Bronze Plaque"
  },
  {
    "id": "1649089495247",
    "img": "https://www.forevershining.com.au/design/saved-designs/screenshots/2022/04/1649089495247.jpg",
    "title": "Bronze Plaque"
  },
  {
    "id": "1644901278211",
    "img": "https://www.forevershining.com.au/design/saved-designs/screenshots/2022/02/1644901278211.jpg",
    "title": "Bronze Plaque"
  },
  {
    "id": "1644822047184",
    "img": "https://www.forevershining.com.au/design/saved-designs/screenshots/2022/02/1644822047184.jpg",
    "title": "Bronze Plaque"
  },
  {
    "id": "1644816449558",
    "img": "https://www.forevershining.com.au/design/saved-designs/screenshots/2022/02/1644816449558.jpg",
    "title": "Bronze Plaque"
  },
  {
    "id": "1644812913715",
    "img": "https://www.forevershining.com.au/design/saved-designs/screenshots/2022/02/1644812913715.jpg",
    "title": "Bronze Plaque"
  },
  {
    "id": "1644784019331",
    "img": "https://www.forevershining.com.au/design/saved-designs/screenshots/2022/02/1644784019331.jpg",
    "title": "Bronze Plaque"
  },
  {
    "id": "1644757033452",
    "img": "https://www.forevershining.com.au/design/saved-designs/screenshots/2022/02/1644757033452.jpg",
    "title": "Bronze Plaque"
  },
  {
    "id": "1644756864446",
    "img": "https://www.forevershining.com.au/design/saved-designs/screenshots/2022/02/1644756864446.jpg",
    "title": "Bronze Plaque"
  },
  {
    "id": "1644666724180",
    "img": "https://www.forevershining.com.au/design/saved-designs/screenshots/2022/02/1644666724180.jpg",
    "title": "Bronze Plaque"
  },
  {
    "id": "1644635546049",
    "img": "https://www.forevershining.com.au/design/saved-designs/screenshots/2022/02/1644635546049.jpg",
    "title": "Bronze Plaque"
  },
  {
    "id": "1644632914095",
    "img": "https://www.forevershining.com.au/design/saved-designs/screenshots/2022/02/1644632914095.jpg",
    "title": "Bronze Plaque"
  },
  {
    "id": "1641790750203",
    "img": "https://www.forevershining.com.au/design/saved-designs/screenshots/2022/01/1641790750203.jpg",
    "title": "Bronze Plaque"
  },
  {
    "id": "1637552663603",
    "img": "https://www.forevershining.com.au/design/saved-designs/screenshots/2021/11/1637552663603.jpg",
    "title": "Bronze Plaque"
  },
  {
    "id": "1637551821905",
    "img": "https://www.forevershining.com.au/design/saved-designs/screenshots/2021/11/1637551821905.jpg",
    "title": "Bronze Plaque"
  },
  {
    "id": "1619594404954",
    "img": "https://www.forevershining.com.au/design/saved-designs/screenshots/2021/04/1619594404954.jpg",
    "title": "Bronze Plaque"
  },
  {
    "id": "1619584690993",
    "img": "https://www.forevershining.com.au/design/saved-designs/screenshots/2021/04/1619584690993.jpg",
    "title": "Bronze Plaque"
  },
  {
    "id": "1619066726107",
    "img": "https://www.forevershining.com.au/design/saved-designs/screenshots/2021/04/1619066726107.jpg",
    "title": "Bronze Plaque"
  },
  {
    "id": "1619059873903",
    "img": "https://www.forevershining.com.au/design/saved-designs/screenshots/2021/04/1619059873903.jpg",
    "title": "Bronze Plaque"
  },
  {
    "id": "1615323459918",
    "img": "https://www.forevershining.com.au/design/saved-designs/screenshots/2021/03/1615323459918.jpg",
    "title": "Bronze Plaque"
  },
  {
    "id": "1615287634238",
    "img": "https://www.forevershining.com.au/design/saved-designs/screenshots/2021/03/1615287634238.jpg",
    "title": "Bronze Plaque"
  },
  {
    "id": "1607880997909",
    "img": "https://www.forevershining.com.au/design/saved-designs/screenshots/2020/12/1607880997909.jpg",
    "title": "Bronze Plaque"
  },
  {
    "id": "1603274332336",
    "img": "https://www.forevershining.com.au/design/saved-designs/screenshots/2020/10/1603274332336.jpg",
    "title": "Bronze Plaque"
  },
  {
    "id": "1603263806603",
    "img": "https://www.forevershining.com.au/design/undefined",
    "title": "Bronze Plaque"
  },
  {
    "id": "1603273876227",
    "img": "https://www.forevershining.com.au/design/saved-designs/screenshots/1603273876227.jpg",
    "title": "Bronze Plaque"
  },
  {
    "id": "1592973430027",
    "img": "https://www.forevershining.com.au/design/saved-designs/screenshots/2020/06/1592973430027.jpg",
    "title": "Bronze Plaque"
  },
  {
    "id": "1592956976402",
    "img": "https://www.forevershining.com.au/design/saved-designs/screenshots/2020/06/1592956976402.jpg",
    "title": "Bronze Plaque"
  },
  {
    "id": "1592954084512",
    "img": "https://www.forevershining.com.au/design/saved-designs/screenshots/2020/06/1592954084512.jpg",
    "title": "Bronze Plaque"
  },
  {
    "id": "1592935145971",
    "img": "https://www.forevershining.com.au/design/saved-designs/screenshots/2020/06/1592935145971.jpg",
    "title": "Bronze Plaque"
  },
  {
    "id": "1591615732982",
    "img": "https://www.forevershining.com.au/design/saved-designs/screenshots/1591615732982.jpg",
    "title": "Bronze Plaque"
  },
  {
    "id": "1591613873807",
    "img": "https://www.forevershining.com.au/design/saved-designs/screenshots/1591613873807.jpg",
    "title": "Bronze Plaque"
  },
  {
    "id": "1591593458796",
    "img": "https://www.forevershining.com.au/design/saved-designs/screenshots/1591593458796.jpg",
    "title": "Bronze Plaque"
  },
  {
    "id": "1588301549185",
    "img": "https://www.forevershining.com.au/design/saved-designs/screenshots/1588301549185.jpg",
    "title": "Bronze Plaque"
  },
  {
    "id": "1588298504253",
    "img": "https://www.forevershining.com.au/design/saved-designs/screenshots/1588298504253.jpg",
    "title": "Bronze Plaque"
  },
  {
    "id": "1583898314202",
    "img": "https://www.forevershining.com.au/design/saved-designs/screenshots/1583898314202.jpg",
    "title": "Bronze Plaque"
  },
  {
    "id": "1583808442805",
    "img": "https://www.forevershining.com.au/design/saved-designs/screenshots/1583808442805.jpg",
    "title": "Bronze Plaque"
  },
  {
    "id": "1583627137001",
    "img": "https://www.forevershining.com.au/design/saved-designs/screenshots/1583627137001.jpg",
    "title": "Bronze Plaque"
  },
  {
    "id": "1583624376734",
    "img": "https://www.forevershining.com.au/design/saved-designs/screenshots/1583624376734.jpg",
    "title": "Bronze Plaque"
  },
  {
    "id": "1583616185431",
    "img": "https://www.forevershining.com.au/design/saved-designs/screenshots/1583616185431.jpg",
    "title": "Bronze Plaque"
  },
  {
    "id": "1583535470877",
    "img": "https://www.forevershining.com.au/design/saved-designs/screenshots/1583535470877.jpg",
    "title": "Bronze Plaque"
  },
  {
    "id": "1582199368358",
    "img": "https://www.forevershining.com.au/design/saved-designs/screenshots/1582199368358.jpg",
    "title": "Bronze Plaque"
  },
  {
    "id": "1581494428064",
    "img": "https://www.forevershining.com.au/design/saved-designs/screenshots/1581494428064.jpg",
    "title": "Bronze Plaque"
  },
  {
    "id": "1581494162891",
    "img": "https://www.forevershining.com.au/design/saved-designs/screenshots/1581494162891.jpg",
    "title": "Bronze Plaque"
  },
  {
    "id": "1581490875861",
    "img": "https://www.forevershining.com.au/design/undefined",
    "title": "Bronze Plaque"
  },
  {
    "id": "1581485597285",
    "img": "https://www.forevershining.com.au/design/saved-designs/screenshots/1581485597285.jpg",
    "title": "Bronze Plaque"
  },
  {
    "id": "1580859711744",
    "img": "https://www.forevershining.com.au/design/saved-designs/screenshots/1580859711744.jpg",
    "title": "Bronze Plaque"
  },
  {
    "id": "1580825596707",
    "img": "https://www.forevershining.com.au/design/saved-designs/screenshots/1580825596707.jpg",
    "title": "Bronze Plaque"
  },
  {
    "id": "1578906417099",
    "img": "https://www.forevershining.com.au/design/saved-designs/screenshots/1578906417099.jpg",
    "title": "Bronze Plaque"
  },
  {
    "id": "1578527992698",
    "img": "https://www.forevershining.com.au/design/saved-designs/screenshots/1578527992698.jpg",
    "title": "Bronze Plaque"
  },
  {
    "id": "1578527699253",
    "img": "https://www.forevershining.com.au/design/saved-designs/screenshots/1578527699253.jpg",
    "title": "Bronze Plaque"
  },
  {
    "id": "1578527060192",
    "img": "https://www.forevershining.com.au/design/saved-designs/screenshots/1578527060192.jpg",
    "title": "Bronze Plaque"
  },
  {
    "id": "1578524504560",
    "img": "https://www.forevershining.com.au/design/saved-designs/screenshots/1578524504560.jpg",
    "title": "Bronze Plaque"
  },
  {
    "id": "1578452985150",
    "img": "https://www.forevershining.com.au/design/saved-designs/screenshots/1578452985150.jpg",
    "title": "Bronze Plaque"
  },
  {
    "id": "1578452916369",
    "img": "https://www.forevershining.com.au/design/saved-designs/screenshots/1578452916369.jpg",
    "title": "Bronze Plaque"
  },
  {
    "id": "1714686544427",
    "img": "https://www.forevershining.com.au/design/saved-designs/screenshots/2024/05/1714686544427.jpg",
    "title": "Bronze Plaque"
  },
  {
    "id": "1714685456686",
    "img": "https://www.forevershining.com.au/design/saved-designs/screenshots/2024/05/1714685456686.jpg",
    "title": "Bronze Plaque"
  },
  {
    "id": "1714596322788",
    "img": "https://www.forevershining.com.au/design/saved-designs/screenshots/2024/05/1714596322788.jpg",
    "title": "Bronze Plaque"
  },
  {
    "id": "1714461137611",
    "img": "https://www.forevershining.com.au/design/saved-designs/screenshots/2024/05/1714461137611.jpg",
    "title": "Bronze Plaque"
  },
  {
    "id": "1580854723839",
    "img": "https://www.forevershining.com.au/design/saved-designs/screenshots/1580854723839.jpg",
    "title": "Bronze Plaque"
  }
]