[
  {
    "id": "1716946801225",
    "img": "https://www.forevershining.com.au/design/saved-designs/screenshots/2024/05/1716946801225.jpg",
    "title": "Bronze Plaque"
  },
  {
    "id": "1716941918520",
    "img": "https://www.forevershining.com.au/design/saved-designs/screenshots/2024/05/1716941918520.jpg",
    "title": "Bronze Plaque"
  },
  {
    "id": "1716940638119",
    "img": "https://www.forevershining.com.au/design/saved-designs/screenshots/2024/05/1716940638119.jpg",
    "title": "Bronze Plaque"
  },
  {
    "id": "1716220822211",
    "img": "https://www.forevershining.com.au/design/saved-designs/screenshots/2024/05/1716220822211.jpg",
    "title": "Bronze Plaque"
  },
  {
    "id": "1716101374067",
    "img": "https://www.forevershining.com.au/design/saved-designs/screenshots/2024/05/1716101374067.jpg",
    "title": "Bronze Plaque"
  },
  {
    "id": "1716101348181",
    "img": "https://www.forevershining.com.au/design/saved-designs/screenshots/2024/05/1716101348181.jpg",
    "title": "Bronze Plaque"
  },
  {
    "id": "1716101082372",
    "img": "https://www.forevershining.com.au/design/saved-designs/screenshots/2024/05/1716101082372.jpg",
    "title": "Bronze Plaque"
  },
  {
    "id": "1716099294699",
    "img": "https://www.forevershining.com.au/design/saved-designs/screenshots/2024/05/1716099294699.jpg",
    "title": "Bronze Plaque"
  },
  {
    "id": "1712657269936",
    "img": "https://www.forevershining.com.au/design/saved-designs/screenshots/2024/04/1712657269936.jpg",
    "title": "Bronze Plaque"
  },
  {
    "id": "1712657186666",
    "img": "https://www.forevershining.com.au/design/saved-designs/screenshots/2024/04/1712657186666.jpg",
    "title": "Bronze Plaque"
  },
  {
    "id": "1712657085289",
    "img": "https://www.forevershining.com.au/design/saved-designs/screenshots/2024/04/1712657085289.jpg",
    "title": "Bronze Plaque"
  },
  {
    "id": "1712382713169",
    "img": "https://www.forevershining.com.au/design/saved-designs/screenshots/2024/04/1712382713169.jpg",
    "title": "Bronze Plaque"
  },
  {
    "id": "1710049713029",
    "img": "https://www.forevershining.com.au/design/saved-designs/screenshots/2024/03/1710049713029.jpg",
    "title": "Bronze Plaque"
  },
  {
    "id": "1709513281651",
    "img": "https://www.forevershining.com.au/design/saved-designs/screenshots/2024/03/1709513281651.jpg",
    "title": "Bronze Plaque"
  },
  {
    "id": "1708575030034",
    "img": "https://www.forevershining.com.au/design/saved-designs/screenshots/2024/02/1708575030034.jpg",
    "title": "Bronze Plaque"
  },
  {
    "id": "1708574026384",
    "img": "https://www.forevershining.com.au/design/saved-designs/screenshots/2024/02/1708574026384.jpg",
    "title": "Bronze Plaque"
  },
  {
    "id": "1708295533514",
    "img": "https://www.forevershining.com.au/design/saved-designs/screenshots/2024/02/1708295533514.jpg",
    "title": "Bronze Plaque"
  },
  {
    "id": "1708224216932",
    "img": "https://www.forevershining.com.au/design/saved-designs/screenshots/2024/02/1708224216932.jpg",
    "title": "Bronze Plaque"
  },
  {
    "id": "1706509137228",
    "img": "https://www.forevershining.com.au/design/saved-designs/screenshots/2024/01/1706509137228.jpg",
    "title": "Bronze Plaque"
  },
  {
    "id": "1706420251848",
    "img": "https://www.forevershining.com.au/design/saved-designs/screenshots/2024/01/1706420251848.jpg",
    "title": "Bronze Plaque"
  },
  {
    "id": "1706416832125",
    "img": "https://www.forevershining.com.au/design/saved-designs/screenshots/2024/01/1706416832125.jpg",
    "title": "Bronze Plaque"
  },
  {
    "id": "1704177277561",
    "img": "https://www.forevershining.com.au/design/saved-designs/screenshots/2024/01/1704177277561.jpg",
    "title": "Bronze Plaque"
  },
  {
    "id": "1704176646526",
    "img": "https://www.forevershining.com.au/design/saved-designs/screenshots/2024/01/1704176646526.jpg",
    "title": "Bronze Plaque"
  },
  {
    "id": "1701145863201",
    "img": "https://www.forevershining.com.au/design/saved-designs/screenshots/2023/11/1701145863201.jpg",
    "title": "Bronze Plaque"
  },
  {
    "id": "1701145661070",
    "img": "https://www.forevershining.com.au/design/saved-designs/screenshots/2023/11/1701145661070.jpg",
    "title": "Bronze Plaque"
  },
  {
    "id": "1701139857784",
    "img": "https://www.forevershining.com.au/design/saved-designs/screenshots/2023/11/1701139857784.jpg",
    "title": "Bronze Plaque"
  },
  {
    "id": "1700619467921",
    "img": "https://www.forevershining.com.au/design/saved-designs/screenshots/2023/11/1700619467921.jpg",
    "title": "Bronze Plaque"
  },
  {
    "id": "1700567726528",
    "img": "https://www.forevershining.com.au/design/saved-designs/screenshots/2023/11/1700567726528.jpg",
    "title": "Bronze Plaque"
  },
  {
    "id": "1700556708166",
    "img": "https://www.forevershining.com.au/design/saved-designs/screenshots/2023/11/1700556708166.jpg",
    "title": "Bronze Plaque"
  },
  {
    "id": "1700463356230",
    "img": "https://www.forevershining.com.au/design/saved-designs/screenshots/2023/11/1700463356230.jpg",
    "title": "Bronze Plaque"
  },
  {
    "id": "1700461002127",
    "img": "https://www.forevershining.com.au/design/saved-designs/screenshots/2023/11/1700461002127.jpg",
    "title": "Bronze Plaque"
  },
  {
    "id": "1700460850224",
    "img": "https://www.forevershining.com.au/design/saved-designs/screenshots/2023/11/1700460850224.jpg",
    "title": "Bronze Plaque"
  },
  {
    "id": "1700458725940",
    "img": "https://www.forevershining.com.au/design/saved-designs/screenshots/2023/11/1700458725940.jpg",
    "title": "Bronze Plaque"
  },
  {
    "id": "1700458238801",
    "img": "https://www.forevershining.com.au/design/saved-designs/screenshots/2023/11/1700458238801.jpg",
    "title": "Bronze Plaque"
  },
  {
    "id": "1700218105531",
    "img": "https://www.forevershining.com.au/design/saved-designs/screenshots/2023/11/1700218105531.jpg",
    "title": "Bronze Plaque"
  },
  {
    "id": "1697935492439",
    "img": "https://www.forevershining.com.au/design/saved-designs/screenshots/2023/10/1697935492439.jpg",
    "title": "Bronze Plaque"
  },
  {
    "id": "1697933039730",
    "img": "https://www.forevershining.com.au/design/saved-designs/screenshots/2023/10/1697933039730.jpg",
    "title": "Bronze Plaque"
  },
  {
    "id": "1697418229408",
    "img": "https://www.forevershining.com.au/design/saved-designs/screenshots/2023/10/1697418229408.jpg",
    "title": "Bronze Plaque"
  },
  {
    "id": "1696392683156",
    "img": "https://www.forevershining.com.au/design/saved-designs/screenshots/2023/10/1696392683156.jpg",
    "title": "Bronze Plaque"
  },
  {
    "id": "1696391055002",
    "img": "https://www.forevershining.com.au/design/saved-designs/screenshots/2023/10/1696391055002.jpg",
    "title": "Bronze Plaque"
  },
  {
    "id": "1691638717516",
    "img": "https://www.forevershining.com.au/design/saved-designs/screenshots/2023/08/1691638717516.jpg",
    "title": "Bronze Plaque"
  },
  {
    "id": "1691638478119",
    "img": "https://www.forevershining.com.au/design/saved-designs/screenshots/2023/08/1691638478119.jpg",
    "title": "Bronze Plaque"
  },
  {
    "id": "1691632735250",
    "img": "https://www.forevershining.com.au/design/saved-designs/screenshots/2023/08/1691632735250.jpg",
    "title": "Bronze Plaque"
  },
  {
    "id": "1690864701863",
    "img": "https://www.forevershining.com.au/design/saved-designs/screenshots/2023/08/1690864701863.jpg",
    "title": "Bronze Plaque"
  },
  {
    "id": "1690863561831",
    "img": "https://www.forevershining.com.au/design/saved-designs/screenshots/2023/08/1690863561831.jpg",
    "title": "Bronze Plaque"
  },
  {
    "id": "1690862674636",
    "img": "https://www.forevershining.com.au/design/saved-designs/screenshots/2023/08/1690862674636.jpg",
    "title": "Bronze Plaque"
  },
  {
    "id": "1690861297464",
    "img": "https://www.forevershining.com.au/design/saved-designs/screenshots/2023/08/1690861297464.jpg",
    "title": "Bronze Plaque"
  },
  {
    "id": "1690861092203",
    "img": "https://www.forevershining.com.au/design/saved-designs/screenshots/2023/08/1690861092203.jpg",
    "title": "Bronze Plaque"
  },
  {
    "id": "1690860763004",
    "img": "https://www.forevershining.com.au/design/saved-designs/screenshots/2023/08/1690860763004.jpg",
    "title": "Bronze Plaque"
  },
  {
    "id": "1690859680912",
    "img": "https://www.forevershining.com.au/design/saved-designs/screenshots/2023/08/1690859680912.jpg",
    "title": "Bronze Plaque"
  },
  {
    "id": "1690855637203",
    "img": "https://www.forevershining.com.au/design/saved-designs/screenshots/2023/08/1690855637203.jpg",
    "title": "Bronze Plaque"
  },
  {
    "id": "1690763506088",
    "img": "https://www.forevershining.com.au/design/saved-designs/screenshots/2023/07/1690763506088.jpg",
    "title": "Bronze Plaque"
  },
  {
    "id": "1683619926505",
    "img": "https://www.forevershining.com.au/design/saved-designs/screenshots/2023/05/1683619926505.jpg",
    "title": "Bronze Plaque"
  },
  {
    "id": "1683617933667",
    "img": "https://www.forevershining.com.au/design/saved-designs/screenshots/2023/05/1683617933667.jpg",
    "title": "Bronze Plaque"
  },
  {
    "id": "1683612269526",
    "img": "https://www.forevershining.com.au/design/saved-designs/screenshots/2023/05/1683612269526.jpg",
    "title": "Bronze Plaque"
  },
  {
    "id": "1683610504699",
    "img": "https://www.forevershining.com.au/design/saved-designs/screenshots/2023/05/1683610504699.jpg",
    "title": "Bronze Plaque"
  },
  {
    "id": "1683600530189",
    "img": "https://www.forevershining.com.au/design/saved-designs/screenshots/2023/05/1683600530189.jpg",
    "title": "Bronze Plaque"
  },
  {
    "id": "1683465208102",
    "img": "https://www.forevershining.com.au/design/saved-designs/screenshots/2023/05/1683465208102.jpg",
    "title": "Bronze Plaque"
  },
  {
    "id": "1683464517791",
    "img": "https://www.forevershining.com.au/design/saved-designs/screenshots/2023/05/1683464517791.jpg",
    "title": "Bronze Plaque"
  },
  {
    "id": "1682326318502",
    "img": "https://www.forevershining.com.au/design/saved-designs/screenshots/2023/04/1682326318502.jpg",
    "title": "Bronze Plaque"
  },
  {
    "id": "1682312859645",
    "img": "https://www.forevershining.com.au/design/saved-designs/screenshots/2023/04/1682312859645.jpg",
    "title": "Bronze Plaque"
  },
  {
    "id": "1679988754004",
    "img": "https://www.forevershining.com.au/design/saved-designs/screenshots/2023/03/1679988754004.jpg",
    "title": "Bronze Plaque"
  },
  {
    "id": "1679513518951",
    "img": "https://www.forevershining.com.au/design/saved-designs/screenshots/2023/03/1679513518951.jpg",
    "title": "Bronze Plaque"
  },
  {
    "id": "1679513456853",
    "img": "https://www.forevershining.com.au/design/saved-designs/screenshots/2023/03/1679513456853.jpg",
    "title": "Bronze Plaque"
  },
  {
    "id": "1679512671315",
    "img": "https://www.forevershining.com.au/design/saved-designs/screenshots/2023/03/1679512671315.jpg",
    "title": "Bronze Plaque"
  },
  {
    "id": "1679468893790",
    "img": "https://www.forevershining.com.au/design/saved-designs/screenshots/2023/03/1679468893790.jpg",
    "title": "Bronze Plaque"
  },
  {
    "id": "1678826588401",
    "img": "https://www.forevershining.com.au/design/saved-designs/screenshots/2023/03/1678826588401.jpg",
    "title": "Bronze Plaque"
  },
  {
    "id": "1678694411241",
    "img": "https://www.forevershining.com.au/design/saved-designs/screenshots/2023/03/1678694411241.jpg",
    "title": "Bronze Plaque"
  },
  {
    "id": "1678693310576",
    "img": "https://www.forevershining.com.au/design/saved-designs/screenshots/2023/03/1678693310576.jpg",
    "title": "Bronze Plaque"
  },
  {
    "id": "1678690770856",
    "img": "https://www.forevershining.com.au/design/saved-designs/screenshots/2023/03/1678690770856.jpg",
    "title": "Bronze Plaque"
  },
  {
    "id": "1678689091556",
    "img": "https://www.forevershining.com.au/design/saved-designs/screenshots/2023/03/1678689091556.jpg",
    "title": "Bronze Plaque"
  },
  {
    "id": "1678687339252",
    "img": "https://www.forevershining.com.au/design/saved-designs/screenshots/2023/03/1678687339252.jpg",
    "title": "Bronze Plaque"
  },
  {
    "id": "1678686799850",
    "img": "https://www.forevershining.com.au/design/saved-designs/screenshots/2023/03/1678686799850.jpg",
    "title": "Bronze Plaque"
  },
  {
    "id": "1678685873015",
    "img": "https://www.forevershining.com.au/design/saved-designs/screenshots/2023/03/1678685873015.jpg",
    "title": "Bronze Plaque"
  },
  {
    "id": "1678684958214",
    "img": "https://www.forevershining.com.au/design/saved-designs/screenshots/2023/03/1678684958214.jpg",
    "title": "Bronze Plaque"
  },
  {
    "id": "1677778178130",
    "img": "https://www.forevershining.com.au/design/saved-designs/screenshots/2023/03/1677778178130.jpg",
    "title": "Bronze Plaque"
  },
  {
    "id": "1675424423689",
    "img": "https://www.forevershining.com.au/design/saved-designs/screenshots/2023/02/1675424423689.jpg",
    "title": "Bronze Plaque"
  },
  {
    "id": "1673865110617",
    "img": "https://www.forevershining.com.au/design/saved-designs/screenshots/2023/01/1673865110617.jpg",
    "title": "Bronze Plaque"
  },
  {
    "id": "1673861770497",
    "img": "https://www.forevershining.com.au/design/saved-designs/screenshots/2023/01/1673861770497.jpg",
    "title": "Bronze Plaque"
  },
  {
    "id": "1673825862491",
    "img": "https://www.forevershining.com.au/design/saved-designs/screenshots/2023/01/1673825862491.jpg",
    "title": "Bronze Plaque"
  },
  {
    "id": "1673147515091",
    "img": "https://www.forevershining.com.au/design/saved-designs/screenshots/2023/01/1673147515091.jpg",
    "title": "Bronze Plaque"
  },
  {
    "id": "1673067006669",
    "img": "https://www.forevershining.com.au/design/saved-designs/screenshots/2023/01/1673067006669.jpg",
    "title": "Bronze Plaque"
  },
  {
    "id": "1672825636531",
    "img": "https://www.forevershining.com.au/design/saved-designs/screenshots/2023/01/1672825636531.jpg",
    "title": "Bronze Plaque"
  },
  {
    "id": "1672809715409",
    "img": "https://www.forevershining.com.au/design/saved-designs/screenshots/2023/01/1672809715409.jpg",
    "title": "Bronze Plaque"
  },
  {
    "id": "1672640070380",
    "img": "https://www.forevershining.com.au/design/saved-designs/screenshots/2023/01/1672640070380.jpg",
    "title": "Bronze Plaque"
  },
  {
    "id": "1672639523328",
    "img": "https://www.forevershining.com.au/design/saved-designs/screenshots/2023/01/1672639523328.jpg",
    "title": "Bronze Plaque"
  },
  {
    "id": "1672634090087",
    "img": "https://www.forevershining.com.au/design/saved-designs/screenshots/2023/01/1672634090087.jpg",
    "title": "Bronze Plaque"
  },
  {
    "id": "1671618178238",
    "img": "https://www.forevershining.com.au/design/saved-designs/screenshots/2022/12/1671618178238.jpg",
    "title": "Bronze Plaque"
  },
  {
    "id": "1670915047721",
    "img": "https://www.forevershining.com.au/design/saved-designs/screenshots/2022/12/1670915047721.jpg",
    "title": "Bronze Plaque"
  },
  {
    "id": "1670912804867",
    "img": "https://www.forevershining.com.au/design/saved-designs/screenshots/2022/12/1670912804867.jpg",
    "title": "Bronze Plaque"
  },
  {
    "id": "1670912605596",
    "img": "https://www.forevershining.com.au/design/saved-designs/screenshots/2022/12/1670912605596.jpg",
    "title": "Bronze Plaque"
  },
  {
    "id": "1670567322332",
    "img": "https://www.forevershining.com.au/design/saved-designs/screenshots/2022/12/1670567322332.jpg",
    "title": "Bronze Plaque"
  },
  {
    "id": "1670227998798",
    "img": "https://www.forevershining.com.au/design/saved-designs/screenshots/2022/12/1670227998798.jpg",
    "title": "Bronze Plaque"
  },
  {
    "id": "1668763435641",
    "img": "https://www.forevershining.com.au/design/saved-designs/screenshots/2022/11/1668763435641.jpg",
    "title": "Bronze Plaque"
  },
  {
    "id": "1668128556044",
    "img": "https://www.forevershining.com.au/design/saved-designs/screenshots/2022/11/1668128556044.jpg",
    "title": "Bronze Plaque"
  },
  {
    "id": "1668125912727",
    "img": "https://www.forevershining.com.au/design/saved-designs/screenshots/2022/11/1668125912727.jpg",
    "title": "Bronze Plaque"
  },
  {
    "id": "1668061931073",
    "img": "https://www.forevershining.com.au/design/saved-designs/screenshots/2022/11/1668061931073.jpg",
    "title": "Bronze Plaque"
  },
  {
    "id": "1665726598183",
    "img": "https://www.forevershining.com.au/design/saved-designs/screenshots/2022/10/1665726598183.jpg",
    "title": "Bronze Plaque"
  },
  {
    "id": "1665726324094",
    "img": "https://www.forevershining.com.au/design/saved-designs/screenshots/2022/10/1665726324094.jpg",
    "title": "Bronze Plaque"
  },
  {
    "id": "1665726501843",
    "img": "https://www.forevershining.com.au/design/saved-designs/screenshots/2022/10/1665726501843.jpg",
    "title": "Bronze Plaque"
  },
  {
    "id": "1665725882400",
    "img": "https://www.forevershining.com.au/design/saved-designs/screenshots/2022/10/1665725882400.jpg",
    "title": "Bronze Plaque"
  },
  {
    "id": "1665724337300",
    "img": "https://www.forevershining.com.au/design/saved-designs/screenshots/2022/10/1665724337300.jpg",
    "title": "Bronze Plaque"
  },
  {
    "id": "1663647905528",
    "img": "https://www.forevershining.com.au/design/saved-designs/screenshots/2022/09/1663647905528.jpg",
    "title": "Bronze Plaque"
  },
  {
    "id": "1661924205700",
    "img": "https://www.forevershining.com.au/design/saved-designs/screenshots/2022/08/1661924205700.jpg",
    "title": "Bronze Plaque"
  },
  {
    "id": "1661905701120",
    "img": "https://www.forevershining.com.au/design/saved-designs/screenshots/2022/08/1661905701120.jpg",
    "title": "Bronze Plaque"
  },
  {
    "id": "1660546788315",
    "img": "https://www.forevershining.com.au/design/saved-designs/screenshots/2022/08/1660546788315.jpg",
    "title": "Bronze Plaque"
  },
  {
    "id": "1660544772256",
    "img": "https://www.forevershining.com.au/design/saved-designs/screenshots/2022/08/1660544772256.jpg",
    "title": "Bronze Plaque"
  },
  {
    "id": "1660544437795",
    "img": "https://www.forevershining.com.au/design/saved-designs/screenshots/2022/08/1660544437795.jpg",
    "title": "Bronze Plaque"
  },
  {
    "id": "1660543609710",
    "img": "https://www.forevershining.com.au/design/saved-designs/screenshots/2022/08/1660543609710.jpg",
    "title": "Bronze Plaque"
  },
  {
    "id": "1660541611547",
    "img": "https://www.forevershining.com.au/design/saved-designs/screenshots/2022/08/1660541611547.jpg",
    "title": "Bronze Plaque"
  },
  {
    "id": "1656914492634",
    "img": "https://www.forevershining.com.au/design/saved-designs/screenshots/2022/07/1656914492634.jpg",
    "title": "Bronze Plaque"
  },
  {
    "id": "1656914201759",
    "img": "https://www.forevershining.com.au/design/saved-designs/screenshots/2022/07/1656914201759.jpg",
    "title": "Bronze Plaque"
  },
  {
    "id": "1656859443832",
    "img": "https://www.forevershining.com.au/design/saved-designs/screenshots/2022/07/1656859443832.jpg",
    "title": "Bronze Plaque"
  },
  {
    "id": "1656857254466",
    "img": "https://www.forevershining.com.au/design/saved-designs/screenshots/2022/07/1656857254466.jpg",
    "title": "Bronze Plaque"
  },
  {
    "id": "1656844994519",
    "img": "https://www.forevershining.com.au/design/saved-designs/screenshots/2022/07/1656844994519.jpg",
    "title": "Bronze Plaque"
  },
  {
    "id": "1656844790401",
    "img": "https://www.forevershining.com.au/design/saved-designs/screenshots/2022/07/1656844790401.jpg",
    "title": "Bronze Plaque"
  },
  {
    "id": "1656838575782",
    "img": "https://www.forevershining.com.au/design/saved-designs/screenshots/2022/07/1656838575782.jpg",
    "title": "Bronze Plaque"
  },
  {
    "id": "1656833437848",
    "img": "https://www.forevershining.com.au/design/saved-designs/screenshots/2022/07/1656833437848.jpg",
    "title": "Bronze Plaque"
  },
  {
    "id": "1653274803560",
    "img": "https://www.forevershining.com.au/design/saved-designs/screenshots/2022/05/1653274803560.jpg",
    "title": "Bronze Plaque"
  },
  {
    "id": "1652668283743",
    "img": "https://www.forevershining.com.au/design/saved-designs/screenshots/2022/05/1652668283743.jpg",
    "title": "Bronze Plaque"
  },
  {
    "id": "1652406840239",
    "img": "https://www.forevershining.com.au/design/saved-designs/screenshots/2022/05/1652406840239.jpg",
    "title": "Bronze Plaque"
  },
  {
    "id": "1652084236385",
    "img": "https://www.forevershining.com.au/design/saved-designs/screenshots/2022/05/1652084236385.jpg",
    "title": "Bronze Plaque"
  },
  {
    "id": "1651580898856",
    "img": "https://www.forevershining.com.au/design/saved-designs/screenshots/2022/05/1651580898856.jpg",
    "title": "Bronze Plaque"
  },
  {
    "id": "1647320199942",
    "img": "https://www.forevershining.com.au/design/saved-designs/screenshots/2022/03/1647320199942.jpg",
    "title": "Bronze Plaque"
  },
  {
    "id": "1647319977859",
    "img": "https://www.forevershining.com.au/design/saved-designs/screenshots/2022/03/1647319977859.jpg",
    "title": "Bronze Plaque"
  },
  {
    "id": "1643272087547",
    "img": "https://www.forevershining.com.au/design/saved-designs/screenshots/2022/01/1643272087547.jpg",
    "title": "Bronze Plaque"
  },
  {
    "id": "1643271420313",
    "img": "https://www.forevershining.com.au/design/saved-designs/screenshots/2022/01/1643271420313.jpg",
    "title": "Bronze Plaque"
  },
  {
    "id": "1639457254626",
    "img": "https://www.forevershining.com.au/design/saved-designs/screenshots/2021/12/1639457254626.jpg",
    "title": "Bronze Plaque"
  },
  {
    "id": "1639454808931",
    "img": "https://www.forevershining.com.au/design/saved-designs/screenshots/2021/12/1639454808931.jpg",
    "title": "Bronze Plaque"
  },
  {
    "id": "1639450465493",
    "img": "https://www.forevershining.com.au/design/saved-designs/screenshots/2021/12/1639450465493.jpg",
    "title": "Bronze Plaque"
  },
  {
    "id": "1639449953895",
    "img": "https://www.forevershining.com.au/design/saved-designs/screenshots/2021/12/1639449953895.jpg",
    "title": "Bronze Plaque"
  },
  {
    "id": "1639446501067",
    "img": "https://www.forevershining.com.au/design/saved-designs/screenshots/2021/12/1639446501067.jpg",
    "title": "Bronze Plaque"
  },
  {
    "id": "1635256395301",
    "img": "https://www.forevershining.com.au/design/saved-designs/screenshots/2021/10/1635256395301.jpg",
    "title": "Bronze Plaque"
  },
  {
    "id": "1635214743732",
    "img": "https://www.forevershining.com.au/design/saved-designs/screenshots/2021/10/1635214743732.jpg",
    "title": "Bronze Plaque"
  },
  {
    "id": "1633688010216",
    "img": "https://www.forevershining.com.au/design/saved-designs/screenshots/2021/10/1633688010216.jpg",
    "title": "Bronze Plaque"
  },
  {
    "id": "1632378469896",
    "img": "https://www.forevershining.com.au/design/saved-designs/screenshots/2021/09/1632378469896.jpg",
    "title": "Bronze Plaque"
  },
  {
    "id": "1632377523281",
    "img": "https://www.forevershining.com.au/design/saved-designs/screenshots/2021/09/1632377523281.jpg",
    "title": "Bronze Plaque"
  },
  {
    "id": "1632368264402",
    "img": "https://www.forevershining.com.au/design/saved-designs/screenshots/2021/09/1632368264402.jpg",
    "title": "Bronze Plaque"
  },
  {
    "id": "1628314812360",
    "img": "https://www.forevershining.com.au/design/saved-designs/screenshots/2021/08/1628314812360.jpg",
    "title": "Bronze Plaque"
  },
  {
    "id": "1628254845960",
    "img": "https://www.forevershining.com.au/design/saved-designs/screenshots/2021/08/1628254845960.jpg",
    "title": "Bronze Plaque"
  },
  {
    "id": "1626431921716",
    "img": "https://www.forevershining.com.au/design/saved-designs/screenshots/2021/07/1626431921716.jpg",
    "title": "Bronze Plaque"
  },
  {
    "id": "1626424692287",
    "img": "https://www.forevershining.com.au/design/saved-designs/screenshots/2021/07/1626424692287.jpg",
    "title": "Bronze Plaque"
  },
  {
    "id": "1626398598154",
    "img": "https://www.forevershining.com.au/design/saved-designs/screenshots/2021/07/1626398598154.jpg",
    "title": "Bronze Plaque"
  },
  {
    "id": "1626314387100",
    "img": "https://www.forevershining.com.au/design/saved-designs/screenshots/2021/07/1626314387100.jpg",
    "title": "Bronze Plaque"
  },
  {
    "id": "1625660573263",
    "img": "https://www.forevershining.com.au/design/saved-designs/screenshots/2021/07/1625660573263.jpg",
    "title": "Bronze Plaque"
  },
  {
    "id": "1625637699895",
    "img": "https://www.forevershining.com.au/design/saved-designs/screenshots/2021/07/1625637699895.jpg",
    "title": "Bronze Plaque"
  },
  {
    "id": "1624498522771",
    "img": "https://www.forevershining.com.au/design/saved-designs/screenshots/2021/06/1624498522771.jpg",
    "title": "Bronze Plaque"
  },
  {
    "id": "1624493832073",
    "img": "https://www.forevershining.com.au/design/saved-designs/screenshots/2021/06/1624493832073.jpg",
    "title": "Bronze Plaque"
  },
  {
    "id": "1623910730965",
    "img": "https://www.forevershining.com.au/design/saved-designs/screenshots/2021/06/1623910730965.jpg",
    "title": "Bronze Plaque"
  },
  {
    "id": "1623332429386",
    "img": "https://www.forevershining.com.au/design/saved-designs/screenshots/2021/06/1623332429386.jpg",
    "title": "Bronze Plaque"
  },
  {
    "id": "1622472505055",
    "img": "https://www.forevershining.com.au/design/saved-designs/screenshots/2021/05/1622472505055.jpg",
    "title": "Bronze Plaque"
  },
  {
    "id": "1621731856860",
    "img": "https://www.forevershining.com.au/design/saved-designs/screenshots/2021/05/1621731856860.jpg",
    "title": "Bronze Plaque"
  },
  {
    "id": "1620296714123",
    "img": "https://www.forevershining.com.au/design/saved-designs/screenshots/2021/05/1620296714123.jpg",
    "title": "Bronze Plaque"
  },
  {
    "id": "1620265457058",
    "img": "https://www.forevershining.com.au/design/saved-designs/screenshots/2021/05/1620265457058.jpg",
    "title": "Bronze Plaque"
  },
  {
    "id": "1620117836173",
    "img": "https://www.forevershining.com.au/design/saved-designs/screenshots/2021/05/1620117836173.jpg",
    "title": "Bronze Plaque"
  },
  {
    "id": "1620017775489",
    "img": "https://www.forevershining.com.au/design/saved-designs/screenshots/2021/05/1620017775489.jpg",
    "title": "Bronze Plaque"
  },
  {
    "id": "1620060798248",
    "img": "https://www.forevershining.com.au/design/saved-designs/screenshots/2021/05/1620060798248.jpg",
    "title": "Bronze Plaque"
  },
  {
    "id": "1620058472677",
    "img": "https://www.forevershining.com.au/design/saved-designs/screenshots/2021/05/1620058472677.jpg",
    "title": "Bronze Plaque"
  },
  {
    "id": "1620053348934",
    "img": "https://www.forevershining.com.au/design/saved-designs/screenshots/2021/05/1620053348934.jpg",
    "title": "Bronze Plaque"
  },
  {
    "id": "1620053272908",
    "img": "https://www.forevershining.com.au/design/saved-designs/screenshots/2021/05/1620053272908.jpg",
    "title": "Bronze Plaque"
  },
  {
    "id": "1620039446343",
    "img": "https://www.forevershining.com.au/design/saved-designs/screenshots/2021/05/1620039446343.jpg",
    "title": "Bronze Plaque"
  },
  {
    "id": "1620034151937",
    "img": "https://www.forevershining.com.au/design/saved-designs/screenshots/2021/05/1620034151937.jpg",
    "title": "Bronze Plaque"
  },
  {
    "id": "1620008026967",
    "img": "https://www.forevershining.com.au/design/saved-designs/screenshots/2021/05/1620008026967.jpg",
    "title": "Bronze Plaque"
  },
  {
    "id": "1618164261538",
    "img": "https://www.forevershining.com.au/design/saved-designs/screenshots/2021/04/1618164261538.jpg",
    "title": "Bronze Plaque"
  },
  {
    "id": "1618131959994",
    "img": "https://www.forevershining.com.au/design/saved-designs/screenshots/2021/04/1618131959994.jpg",
    "title": "Bronze Plaque"
  },
  {
    "id": "1617142724925",
    "img": "https://www.forevershining.com.au/design/saved-designs/screenshots/2021/03/1617142724925.jpg",
    "title": "Bronze Plaque"
  },
  {
    "id": "1616996180247",
    "img": "https://www.forevershining.com.au/design/saved-designs/screenshots/2021/03/1616996180247.jpg",
    "title": "Bronze Plaque"
  },
  {
    "id": "1614416792006",
    "img": "https://www.forevershining.com.au/design/saved-designs/screenshots/2021/02/1614416792006.jpg",
    "title": "Bronze Plaque"
  },
  {
    "id": "1613698123893",
    "img": "https://www.forevershining.com.au/design/saved-designs/screenshots/2021/02/1613698123893.jpg",
    "title": "Bronze Plaque"
  },
  {
    "id": "1613641916650",
    "img": "https://www.forevershining.com.au/design/saved-designs/screenshots/2021/02/1613641916650.jpg",
    "title": "Bronze Plaque"
  },
  {
    "id": "1613640198956",
    "img": "https://www.forevershining.com.au/design/saved-designs/screenshots/2021/02/1613640198956.jpg",
    "title": "Bronze Plaque"
  },
  {
    "id": "1610532775564",
    "img": "https://www.forevershining.com.au/design/saved-designs/screenshots/2021/01/1610532775564.jpg",
    "title": "Bronze Plaque"
  },
  {
    "id": "1610531526906",
    "img": "https://www.forevershining.com.au/design/saved-designs/screenshots/2021/01/1610531526906.jpg",
    "title": "Bronze Plaque"
  },
  {
    "id": "1607375705499",
    "img": "https://www.forevershining.com.au/design/saved-designs/screenshots/2020/12/1607375705499.jpg",
    "title": "Bronze Plaque"
  },
  {
    "id": "1607375558007",
    "img": "https://www.forevershining.com.au/design/saved-designs/screenshots/2020/12/1607375558007.jpg",
    "title": "Bronze Plaque"
  },
  {
    "id": "1606584174376",
    "img": "https://www.forevershining.com.au/design/saved-designs/screenshots/2020/12/1606584174376.jpg",
    "title": "Bronze Plaque"
  },
  {
    "id": "1606989170159",
    "img": "https://www.forevershining.com.au/design/saved-designs/screenshots/2020/12/1606989170159.jpg",
    "title": "Bronze Plaque"
  },
  {
    "id": "1606980868464",
    "img": "https://www.forevershining.com.au/design/saved-designs/screenshots/2020/12/1606980868464.jpg",
    "title": "Bronze Plaque"
  },
  {
    "id": "1606935790530",
    "img": "https://www.forevershining.com.au/design/saved-designs/screenshots/2020/12/1606935790530.jpg",
    "title": "Bronze Plaque"
  },
  {
    "id": "1606859442192",
    "img": "https://www.forevershining.com.au/design/saved-designs/screenshots/2020/12/1606859442192.jpg",
    "title": "Bronze Plaque"
  },
  {
    "id": "1606843425878",
    "img": "https://www.forevershining.com.au/design/saved-designs/screenshots/2020/12/1606843425878.jpg",
    "title": "Bronze Plaque"
  },
  {
    "id": "1602814704886",
    "img": "https://www.forevershining.com.au/design/saved-designs/screenshots/2020/10/1602814704886.jpg",
    "title": "Bronze Plaque"
  },
  {
    "id": "1601880588962",
    "img": "https://www.forevershining.com.au/design/saved-designs/screenshots/2020/10/1601880588962.jpg",
    "title": "Bronze Plaque"
  },
  {
    "id": "1594202163837",
    "img": "https://www.forevershining.com.au/design/saved-designs/screenshots/2020/07/1594202163837.jpg",
    "title": "Bronze Plaque"
  },
  {
    "id": "1593071196228",
    "img": "https://www.forevershining.com.au/design/saved-designs/screenshots/2020/06/1593071196228.jpg",
    "title": "Bronze Plaque"
  },
  {
    "id": "1584272879961",
    "img": "https://www.forevershining.com.au/design/saved-designs/screenshots/1584272879961.jpg",
    "title": "Bronze Plaque"
  },
  {
    "id": "1583729117094",
    "img": "https://www.forevershining.com.au/design/saved-designs/screenshots/1583729117094.jpg",
    "title": "Bronze Plaque"
  },
  {
    "id": "1583380479924",
    "img": "https://www.forevershining.com.au/design/saved-designs/screenshots/1583380479924.jpg",
    "title": "Bronze Plaque"
  },
  {
    "id": "1583366742781",
    "img": "https://www.forevershining.com.au/design/saved-designs/screenshots/1583366742781.jpg",
    "title": "Bronze Plaque"
  },
  {
    "id": "1582239470307",
    "img": "https://www.forevershining.com.au/design/saved-designs/screenshots/1582239470307.jpg",
    "title": "Bronze Plaque"
  },
  {
    "id": "1578362592768",
    "img": "https://www.forevershining.com.au/design/saved-designs/screenshots/1578362592768.jpg",
    "title": "Bronze Plaque"
  },
  {
    "id": "1681107132813",
    "img": "https://www.forevershining.com.au/design/saved-designs/screenshots/2023/04/1681107132813.jpg",
    "title": "Bronze Plaque"
  },
  {
    "id": "1630482825313",
    "img": "https://www.forevershining.com.au/design/saved-designs/screenshots/2021/09/1630482825313.jpg",
    "title": "Bronze Plaque"
  },
  {
    "id": "1630392614351",
    "img": "https://www.forevershining.com.au/design/saved-designs/screenshots/2021/08/1630392614351.jpg",
    "title": "Bronze Plaque"
  },
  {
    "id": "1630392157991",
    "img": "https://www.forevershining.com.au/design/saved-designs/screenshots/2021/08/1630392157991.jpg",
    "title": "Bronze Plaque"
  }
]