[
  {
    "id": "1680498256448",
    "img": "https://www.forevershining.com.au/design/saved-designs/screenshots/2023/04/1680498256448.jpg",
    "title": "Bronze Plaque"
  },
  {
    "id": "1680497255366",
    "img": "https://www.forevershining.com.au/design/saved-designs/screenshots/2023/04/1680497255366.jpg",
    "title": "Bronze Plaque"
  },
  {
    "id": "1680496853262",
    "img": "https://www.forevershining.com.au/design/saved-designs/screenshots/2023/04/1680496853262.jpg",
    "title": "Bronze Plaque"
  },
  {
    "id": "1676884162707",
    "img": "https://www.forevershining.com.au/design/saved-designs/screenshots/2023/02/1676884162707.jpg",
    "title": "Bronze Plaque"
  },
  {
    "id": "1670497731264",
    "img": "https://www.forevershining.com.au/design/saved-designs/screenshots/2022/12/1670497731264.jpg",
    "title": "Bronze Plaque"
  }
]