[
  {
    "id": "1718845600007",
    "img": "https://www.forevershining.com.au/design/saved-designs/screenshots/2024/06/1718845600007.jpg",
    "title": "Laser Etched Black Granite Plaque"
  },
  {
    "id": "1718841613610",
    "img": "https://www.forevershining.com.au/design/saved-designs/screenshots/2024/06/1718841613610.jpg",
    "title": "Laser Etched Black Granite Plaque"
  },
  {
    "id": "1716904929598",
    "img": "https://www.forevershining.com.au/design/saved-designs/screenshots/2024/05/1716904929598.jpg",
    "title": "Laser Etched Black Granite Plaque"
  },
  {
    "id": "1716860772426",
    "img": "https://www.forevershining.com.au/design/saved-designs/screenshots/2024/05/1716860772426.jpg",
    "title": "Laser Etched Black Granite Plaque"
  },
  {
    "id": "1716229853928",
    "img": "https://www.forevershining.com.au/design/saved-designs/screenshots/2024/05/1716229853928.jpg",
    "title": "Laser Etched Black Granite Plaque"
  },
  {
    "id": "1713269088258",
    "img": "https://www.forevershining.com.au/design/saved-designs/screenshots/2024/04/1713269088258.jpg",
    "title": "Laser Etched Black Granite Plaque"
  },
  {
    "id": "1713268792330",
    "img": "https://www.forevershining.com.au/design/saved-designs/screenshots/2024/04/1713268792330.jpg",
    "title": "Laser Etched Black Granite Plaque"
  },
  {
    "id": "1713267557620",
    "img": "https://www.forevershining.com.au/design/saved-designs/screenshots/2024/04/1713267557620.jpg",
    "title": "Laser Etched Black Granite Plaque"
  },
  {
    "id": "1713265835798",
    "img": "https://www.forevershining.com.au/design/saved-designs/screenshots/2024/04/1713265835798.jpg",
    "title": "Laser Etched Black Granite Plaque"
  },
  {
    "id": "1713265774270",
    "img": "https://www.forevershining.com.au/design/saved-designs/screenshots/2024/04/1713265774270.jpg",
    "title": "Laser Etched Black Granite Plaque"
  },
  {
    "id": "1713265544122",
    "img": "https://www.forevershining.com.au/design/saved-designs/screenshots/2024/04/1713265544122.jpg",
    "title": "Laser Etched Black Granite Plaque"
  },
  {
    "id": "1713264262751",
    "img": "https://www.forevershining.com.au/design/saved-designs/screenshots/2024/04/1713264262751.jpg",
    "title": "Laser Etched Black Granite Plaque"
  },
  {
    "id": "1713264039465",
    "img": "https://www.forevershining.com.au/design/saved-designs/screenshots/2024/04/1713264039465.jpg",
    "title": "Laser Etched Black Granite Plaque"
  },
  {
    "id": "1713263633584",
    "img": "https://www.forevershining.com.au/design/saved-designs/screenshots/2024/04/1713263633584.jpg",
    "title": "Laser Etched Black Granite Plaque"
  },
  {
    "id": "1713251867901",
    "img": "https://www.forevershining.com.au/design/saved-designs/screenshots/2024/04/1713251867901.jpg",
    "title": "Laser Etched Black Granite Plaque"
  },
  {
    "id": "1713249510787",
    "img": "https://www.forevershining.com.au/design/saved-designs/screenshots/2024/04/1713249510787.jpg",
    "title": "Laser Etched Black Granite Plaque"
  },
  {
    "id": "1713247043577",
    "img": "https://www.forevershining.com.au/design/saved-designs/screenshots/2024/04/1713247043577.jpg",
    "title": "Laser Etched Black Granite Plaque"
  },
  {
    "id": "1713236105047",
    "img": "https://www.forevershining.com.au/design/saved-designs/screenshots/2024/04/1713236105047.jpg",
    "title": "Laser Etched Black Granite Plaque"
  },
  {
    "id": "1713240353825",
    "img": "https://www.forevershining.com.au/design/saved-designs/screenshots/2024/04/1713240353825.jpg",
    "title": "Laser Etched Black Granite Plaque"
  },
  {
    "id": "1713239671545",
    "img": "https://www.forevershining.com.au/design/saved-designs/screenshots/2024/04/1713239671545.jpg",
    "title": "Laser Etched Black Granite Plaque"
  },
  {
    "id": "1713233631073",
    "img": "https://www.forevershining.com.au/design/saved-designs/screenshots/2024/04/1713233631073.jpg",
    "title": "Laser Etched Black Granite Plaque"
  },
  {
    "id": "1713169746592",
    "img": "https://www.forevershining.com.au/design/saved-designs/screenshots/2024/04/1713169746592.jpg",
    "title": "Laser Etched Black Granite Plaque"
  },
  {
    "id": "1713167951090",
    "img": "https://www.forevershining.com.au/design/saved-designs/screenshots/2024/04/1713167951090.jpg",
    "title": "Laser Etched Black Granite Plaque"
  },
  {
    "id": "1711968603464",
    "img": "https://www.forevershining.com.au/design/saved-designs/screenshots/2024/04/1711968603464.jpg",
    "title": "Laser Etched Black Granite Plaque"
  },
  {
    "id": "1711833631831",
    "img": "https://www.forevershining.com.au/design/saved-designs/screenshots/2024/03/1711833631831.jpg",
    "title": "Laser Etched Black Granite Plaque"
  },
  {
    "id": "1710658654873",
    "img": "https://www.forevershining.com.au/design/saved-designs/screenshots/2024/03/1710658654873.jpg",
    "title": "Laser Etched Black Granite Plaque"
  },
  {
    "id": "1708437115106",
    "img": "https://www.forevershining.com.au/design/saved-designs/screenshots/2024/02/1708437115106.jpg",
    "title": "Laser Etched Black Granite Plaque"
  },
  {
    "id": "1707721973344",
    "img": "https://www.forevershining.com.au/design/saved-designs/screenshots/2024/02/1707721973344.jpg",
    "title": "Laser Etched Black Granite Plaque"
  },
  {
    "id": "1707707402148",
    "img": "https://www.forevershining.com.au/design/saved-designs/screenshots/2024/02/1707707402148.jpg",
    "title": "Laser Etched Black Granite Plaque"
  },
  {
    "id": "1707481592041",
    "img": "https://www.forevershining.com.au/design/saved-designs/screenshots/2024/02/1707481592041.jpg",
    "title": "Laser Etched Black Granite Plaque"
  },
  {
    "id": "1707481335621",
    "img": "https://www.forevershining.com.au/design/saved-designs/screenshots/2024/02/1707481335621.jpg",
    "title": "Laser Etched Black Granite Plaque"
  },
  {
    "id": "1707480806401",
    "img": "https://www.forevershining.com.au/design/saved-designs/screenshots/2024/02/1707480806401.jpg",
    "title": "Laser Etched Black Granite Plaque"
  },
  {
    "id": "1707381818860",
    "img": "https://www.forevershining.com.au/design/saved-designs/screenshots/2024/02/1707381818860.jpg",
    "title": "Laser Etched Black Granite Plaque"
  },
  {
    "id": "1706832761884",
    "img": "https://www.forevershining.com.au/design/saved-designs/screenshots/2024/02/1706832761884.jpg",
    "title": "Laser Etched Black Granite Plaque"
  },
  {
    "id": "1706783959277",
    "img": "https://www.forevershining.com.au/design/saved-designs/screenshots/2024/02/1706783959277.jpg",
    "title": "Laser Etched Black Granite Plaque"
  },
  {
    "id": "1706325809515",
    "img": "https://www.forevershining.com.au/design/saved-designs/screenshots/2024/01/1706325809515.jpg",
    "title": "Laser Etched Black Granite Plaque"
  },
  {
    "id": "1706152950497",
    "img": "https://www.forevershining.com.au/design/saved-designs/screenshots/2024/01/1706152950497.jpg",
    "title": "Laser Etched Black Granite Plaque"
  },
  {
    "id": "1706113974886",
    "img": "https://www.forevershining.com.au/design/saved-designs/screenshots/2024/01/1706113974886.jpg",
    "title": "Laser Etched Black Granite Plaque"
  },
  {
    "id": "1706108701527",
    "img": "https://www.forevershining.com.au/design/saved-designs/screenshots/2024/01/1706108701527.jpg",
    "title": "Laser Etched Black Granite Plaque"
  },
  {
    "id": "1705470209024",
    "img": "https://www.forevershining.com.au/design/saved-designs/screenshots/2024/01/1705470209024.jpg",
    "title": "Laser Etched Black Granite Plaque"
  },
  {
    "id": "1704862288346",
    "img": "https://www.forevershining.com.au/design/saved-designs/screenshots/2024/01/1704862288346.jpg",
    "title": "Laser Etched Black Granite Plaque"
  },
  {
    "id": "1704861069492",
    "img": "https://www.forevershining.com.au/design/saved-designs/screenshots/2024/01/1704861069492.jpg",
    "title": "Laser Etched Black Granite Plaque"
  },
  {
    "id": "1704860236904",
    "img": "https://www.forevershining.com.au/design/saved-designs/screenshots/2024/01/1704860236904.jpg",
    "title": "Laser Etched Black Granite Plaque"
  },
  {
    "id": "1701657473724",
    "img": "https://www.forevershining.com.au/design/saved-designs/screenshots/2023/12/1701657473724.jpg",
    "title": "Laser Etched Black Granite Plaque"
  },
  {
    "id": "1700447086136",
    "img": "https://www.forevershining.com.au/design/saved-designs/screenshots/2023/11/1700447086136.jpg",
    "title": "Laser Etched Black Granite Plaque"
  },
  {
    "id": "1697612468815",
    "img": "https://www.forevershining.com.au/design/saved-designs/screenshots/2023/10/1697612468815.jpg",
    "title": "Laser Etched Black Granite Plaque"
  },
  {
    "id": "1697574118931",
    "img": "https://www.forevershining.com.au/design/saved-designs/screenshots/2023/10/1697574118931.jpg",
    "title": "Laser Etched Black Granite Plaque"
  },
  {
    "id": "1693353805881",
    "img": "https://www.forevershining.com.au/design/saved-designs/screenshots/2023/08/1693353805881.jpg",
    "title": "Laser Etched Black Granite Plaque"
  },
  {
    "id": "1692770815549",
    "img": "https://www.forevershining.com.au/design/saved-designs/screenshots/2023/08/1692770815549.jpg",
    "title": "Laser Etched Black Granite Plaque"
  },
  {
    "id": "1692708248588",
    "img": "https://www.forevershining.com.au/design/saved-designs/screenshots/2023/08/1692708248588.jpg",
    "title": "Laser Etched Black Granite Plaque"
  },
  {
    "id": "1692700974579",
    "img": "https://www.forevershining.com.au/design/saved-designs/screenshots/2023/08/1692700974579.jpg",
    "title": "Laser Etched Black Granite Plaque"
  },
  {
    "id": "1692700919441",
    "img": "https://www.forevershining.com.au/design/saved-designs/screenshots/2023/08/1692700919441.jpg",
    "title": "Laser Etched Black Granite Plaque"
  },
  {
    "id": "1692694160693",
    "img": "https://www.forevershining.com.au/design/saved-designs/screenshots/2023/08/1692694160693.jpg",
    "title": "Laser Etched Black Granite Plaque"
  },
  {
    "id": "1692692949683",
    "img": "https://www.forevershining.com.au/design/saved-designs/screenshots/2023/08/1692692949683.jpg",
    "title": "Laser Etched Black Granite Plaque"
  },
  {
    "id": "1692692724796",
    "img": "https://www.forevershining.com.au/design/saved-designs/screenshots/2023/08/1692692724796.jpg",
    "title": "Laser Etched Black Granite Plaque"
  },
  {
    "id": "1692394204704",
    "img": "https://www.forevershining.com.au/design/saved-designs/screenshots/2023/08/1692394204704.jpg",
    "title": "Laser Etched Black Granite Plaque"
  },
  {
    "id": "1691320807064",
    "img": "https://www.forevershining.com.au/design/saved-designs/screenshots/2023/08/1691320807064.jpg",
    "title": "Laser Etched Black Granite Plaque"
  },
  {
    "id": "1690281483078",
    "img": "https://www.forevershining.com.au/design/saved-designs/screenshots/2023/07/1690281483078.jpg",
    "title": "Laser Etched Black Granite Plaque"
  },
  {
    "id": "1690151798453",
    "img": "https://www.forevershining.com.au/design/saved-designs/screenshots/2023/07/1690151798453.jpg",
    "title": "Laser Etched Black Granite Plaque"
  },
  {
    "id": "1716010383677",
    "img": "https://www.forevershining.com.au/design/saved-designs/screenshots/2024/05/1716010383677.jpg",
    "title": "Laser Etched Black Granite Plaque"
  },
  {
    "id": "1715934133691",
    "img": "https://www.forevershining.com.au/design/saved-designs/screenshots/2024/05/1715934133691.jpg",
    "title": "Laser Etched Black Granite Plaque"
  },
  {
    "id": "1715933024275",
    "img": "https://www.forevershining.com.au/design/saved-designs/screenshots/2024/05/1715933024275.jpg",
    "title": "Laser Etched Black Granite Plaque"
  },
  {
    "id": "1715931349712",
    "img": "https://www.forevershining.com.au/design/saved-designs/screenshots/2024/05/1715931349712.jpg",
    "title": "Laser Etched Black Granite Plaque"
  },
  {
    "id": "1715930158571",
    "img": "https://www.forevershining.com.au/design/saved-designs/screenshots/2024/05/1715930158571.jpg",
    "title": "Laser Etched Black Granite Plaque"
  },
  {
    "id": "1715669944512",
    "img": "https://www.forevershining.com.au/design/saved-designs/screenshots/2024/05/1715669944512.jpg",
    "title": "Laser Etched Black Granite Plaque"
  },
  {
    "id": "1715668231669",
    "img": "https://www.forevershining.com.au/design/saved-designs/screenshots/2024/05/1715668231669.jpg",
    "title": "Laser Etched Black Granite Plaque"
  },
  {
    "id": "1715654217519",
    "img": "https://www.forevershining.com.au/design/saved-designs/screenshots/2024/05/1715654217519.jpg",
    "title": "Laser Etched Black Granite Plaque"
  },
  {
    "id": "1715317753725",
    "img": "https://www.forevershining.com.au/design/saved-designs/screenshots/2024/05/1715317753725.jpg",
    "title": "Laser Etched Black Granite Plaque"
  },
  {
    "id": "1715050909571",
    "img": "https://www.forevershining.com.au/design/saved-designs/screenshots/2024/05/1715050909571.jpg",
    "title": "Laser Etched Black Granite Plaque"
  },
  {
    "id": "1715050324362",
    "img": "https://www.forevershining.com.au/design/saved-designs/screenshots/2024/05/1715050324362.jpg",
    "title": "Laser Etched Black Granite Plaque"
  },
  {
    "id": "1715049688912",
    "img": "https://www.forevershining.com.au/design/saved-designs/screenshots/2024/05/1715049688912.jpg",
    "title": "Laser Etched Black Granite Plaque"
  },
  {
    "id": "1715048527706",
    "img": "https://www.forevershining.com.au/design/saved-designs/screenshots/2024/05/1715048527706.jpg",
    "title": "Laser Etched Black Granite Plaque"
  },
  {
    "id": "1715051911787",
    "img": "https://www.forevershining.com.au/design/saved-designs/screenshots/2024/05/1715051911787.jpg",
    "title": "Laser Etched Black Granite Plaque"
  },
  {
    "id": "1715050515732",
    "img": "https://www.forevershining.com.au/design/saved-designs/screenshots/2024/05/1715050515732.jpg",
    "title": "Laser Etched Black Granite Plaque"
  },
  {
    "id": "1715050223159",
    "img": "https://www.forevershining.com.au/design/saved-designs/screenshots/2024/05/1715050223159.jpg",
    "title": "Laser Etched Black Granite Plaque"
  },
  {
    "id": "1715049246128",
    "img": "https://www.forevershining.com.au/design/saved-designs/screenshots/2024/05/1715049246128.jpg",
    "title": "Laser Etched Black Granite Plaque"
  },
  {
    "id": "1688759126626",
    "img": "https://www.forevershining.com.au/design/saved-designs/screenshots/2023/07/1688759126626.jpg",
    "title": "Laser Etched Black Granite Plaque"
  },
  {
    "id": "1688757613918",
    "img": "https://www.forevershining.com.au/design/saved-designs/screenshots/2023/07/1688757613918.jpg",
    "title": "Laser Etched Black Granite Plaque"
  },
  {
    "id": "1688754939586",
    "img": "https://www.forevershining.com.au/design/saved-designs/screenshots/2023/07/1688754939586.jpg",
    "title": "Laser Etched Black Granite Plaque"
  },
  {
    "id": "1688747730765",
    "img": "https://www.forevershining.com.au/design/saved-designs/screenshots/2023/07/1688747730765.jpg",
    "title": "Laser Etched Black Granite Plaque"
  },
  {
    "id": "1688533987217",
    "img": "https://www.forevershining.com.au/design/saved-designs/screenshots/2023/07/1688533987217.jpg",
    "title": "Laser Etched Black Granite Plaque"
  },
  {
    "id": "1688000272172",
    "img": "https://www.forevershining.com.au/design/saved-designs/screenshots/2023/06/1688000272172.jpg",
    "title": "Laser Etched Black Granite Plaque"
  },
  {
    "id": "1687960892061",
    "img": "https://www.forevershining.com.au/design/saved-designs/screenshots/2023/06/1687960892061.jpg",
    "title": "Laser Etched Black Granite Plaque"
  },
  {
    "id": "1687960207142",
    "img": "https://www.forevershining.com.au/design/saved-designs/screenshots/2023/06/1687960207142.jpg",
    "title": "Laser Etched Black Granite Plaque"
  },
  {
    "id": "1687956664372",
    "img": "https://www.forevershining.com.au/design/saved-designs/screenshots/2023/06/1687956664372.jpg",
    "title": "Laser Etched Black Granite Plaque"
  },
  {
    "id": "1687954498461",
    "img": "https://www.forevershining.com.au/design/saved-designs/screenshots/2023/06/1687954498461.jpg",
    "title": "Laser Etched Black Granite Plaque"
  },
  {
    "id": "1684206407095",
    "img": "https://www.forevershining.com.au/design/saved-designs/screenshots/2023/05/1684206407095.jpg",
    "title": "Laser Etched Black Granite Plaque"
  },
  {
    "id": "1684201463837",
    "img": "https://www.forevershining.com.au/design/saved-designs/screenshots/2023/05/1684201463837.jpg",
    "title": "Laser Etched Black Granite Plaque"
  },
  {
    "id": "1684200582973",
    "img": "https://www.forevershining.com.au/design/saved-designs/screenshots/2023/05/1684200582973.jpg",
    "title": "Laser Etched Black Granite Plaque"
  },
  {
    "id": "1684197404294",
    "img": "https://www.forevershining.com.au/design/saved-designs/screenshots/2023/05/1684197404294.jpg",
    "title": "Laser Etched Black Granite Plaque"
  },
  {
    "id": "1684174613754",
    "img": "https://www.forevershining.com.au/design/saved-designs/screenshots/2023/05/1684174613754.jpg",
    "title": "Laser Etched Black Granite Plaque"
  },
  {
    "id": "1683186067505",
    "img": "https://www.forevershining.com.au/design/saved-designs/screenshots/2023/05/1683186067505.jpg",
    "title": "Laser Etched Black Granite Plaque"
  },
  {
    "id": "1682507387288",
    "img": "https://www.forevershining.com.au/design/saved-designs/screenshots/2023/04/1682507387288.jpg",
    "title": "Laser Etched Black Granite Plaque"
  },
  {
    "id": "1682484894928",
    "img": "https://www.forevershining.com.au/design/saved-designs/screenshots/2023/04/1682484894928.jpg",
    "title": "Laser Etched Black Granite Plaque"
  },
  {
    "id": "1682466339756",
    "img": "https://www.forevershining.com.au/design/saved-designs/screenshots/2023/04/1682466339756.jpg",
    "title": "Laser Etched Black Granite Plaque"
  },
  {
    "id": "1682426669239",
    "img": "https://www.forevershining.com.au/design/saved-designs/screenshots/2023/04/1682426669239.jpg",
    "title": "Laser Etched Black Granite Plaque"
  },
  {
    "id": "1682400908688",
    "img": "https://www.forevershining.com.au/design/saved-designs/screenshots/2023/04/1682400908688.jpg",
    "title": "Laser Etched Black Granite Plaque"
  },
  {
    "id": "1682215247938",
    "img": "https://www.forevershining.com.au/design/saved-designs/screenshots/2023/04/1682215247938.jpg",
    "title": "Laser Etched Black Granite Plaque"
  },
  {
    "id": "1681804596018",
    "img": "https://www.forevershining.com.au/design/saved-designs/screenshots/2023/04/1681804596018.jpg",
    "title": "Laser Etched Black Granite Plaque"
  },
  {
    "id": "1681743895301",
    "img": "https://www.forevershining.com.au/design/saved-designs/screenshots/2023/04/1681743895301.jpg",
    "title": "Laser Etched Black Granite Plaque"
  },
  {
    "id": "1681743797412",
    "img": "https://www.forevershining.com.au/design/saved-designs/screenshots/2023/04/1681743797412.jpg",
    "title": "Laser Etched Black Granite Plaque"
  },
  {
    "id": "1681743370991",
    "img": "https://www.forevershining.com.au/design/saved-designs/screenshots/2023/04/1681743370991.jpg",
    "title": "Laser Etched Black Granite Plaque"
  },
  {
    "id": "1680185827128",
    "img": "https://www.forevershining.com.au/design/saved-designs/screenshots/2023/03/1680185827128.jpg",
    "title": "Laser Etched Black Granite Plaque"
  },
  {
    "id": "1679963341010",
    "img": "https://www.forevershining.com.au/design/saved-designs/screenshots/2023/03/1679963341010.jpg",
    "title": "Laser Etched Black Granite Plaque"
  },
  {
    "id": "1679371627518",
    "img": "https://www.forevershining.com.au/design/saved-designs/screenshots/2023/03/1679371627518.jpg",
    "title": "Laser Etched Black Granite Plaque"
  },
  {
    "id": "1679317511727",
    "img": "https://www.forevershining.com.au/design/saved-designs/screenshots/2023/03/1679317511727.jpg",
    "title": "Laser Etched Black Granite Plaque"
  },
  {
    "id": "1679317001349",
    "img": "https://www.forevershining.com.au/design/saved-designs/screenshots/2023/03/1679317001349.jpg",
    "title": "Laser Etched Black Granite Plaque"
  },
  {
    "id": "1679316697267",
    "img": "https://www.forevershining.com.au/design/saved-designs/screenshots/2023/03/1679316697267.jpg",
    "title": "Laser Etched Black Granite Plaque"
  },
  {
    "id": "1679316047286",
    "img": "https://www.forevershining.com.au/design/saved-designs/screenshots/2023/03/1679316047286.jpg",
    "title": "Laser Etched Black Granite Plaque"
  },
  {
    "id": "1679314126243",
    "img": "https://www.forevershining.com.au/design/saved-designs/screenshots/2023/03/1679314126243.jpg",
    "title": "Laser Etched Black Granite Plaque"
  },
  {
    "id": "1679082412506",
    "img": "https://www.forevershining.com.au/design/saved-designs/screenshots/2023/03/1679082412506.jpg",
    "title": "Laser Etched Black Granite Plaque"
  },
  {
    "id": "1678787433373",
    "img": "https://www.forevershining.com.au/design/saved-designs/screenshots/2023/03/1678787433373.jpg",
    "title": "Laser Etched Black Granite Plaque"
  },
  {
    "id": "1678648673384",
    "img": "https://www.forevershining.com.au/design/saved-designs/screenshots/2023/03/1678648673384.jpg",
    "title": "Laser Etched Black Granite Plaque"
  },
  {
    "id": "1678646693817",
    "img": "https://www.forevershining.com.au/design/saved-designs/screenshots/2023/03/1678646693817.jpg",
    "title": "Laser Etched Black Granite Plaque"
  },
  {
    "id": "1678321888361",
    "img": "https://www.forevershining.com.au/design/saved-designs/screenshots/2023/03/1678321888361.jpg",
    "title": "Laser Etched Black Granite Plaque"
  },
  {
    "id": "1677577754550",
    "img": "https://www.forevershining.com.au/design/saved-designs/screenshots/2023/02/1677577754550.jpg",
    "title": "Laser Etched Black Granite Plaque"
  },
  {
    "id": "1677574718811",
    "img": "https://www.forevershining.com.au/design/saved-designs/screenshots/2023/02/1677574718811.jpg",
    "title": "Laser Etched Black Granite Plaque"
  },
  {
    "id": "1677235086770",
    "img": "https://www.forevershining.com.au/design/saved-designs/screenshots/2023/02/1677235086770.jpg",
    "title": "Laser Etched Black Granite Plaque"
  },
  {
    "id": "1676962998015",
    "img": "https://www.forevershining.com.au/design/saved-designs/screenshots/2023/02/1676962998015.jpg",
    "title": "Laser Etched Black Granite Plaque"
  },
  {
    "id": "1676718521288",
    "img": "https://www.forevershining.com.au/design/saved-designs/screenshots/2023/02/1676718521288.jpg",
    "title": "Laser Etched Black Granite Plaque"
  },
  {
    "id": "1676638935809",
    "img": "https://www.forevershining.com.au/design/saved-designs/screenshots/2023/02/1676638935809.jpg",
    "title": "Laser Etched Black Granite Plaque"
  },
  {
    "id": "1675607499705",
    "img": "https://www.forevershining.com.au/design/saved-designs/screenshots/2023/02/1675607499705.jpg",
    "title": "Laser Etched Black Granite Plaque"
  },
  {
    "id": "1675606670099",
    "img": "https://www.forevershining.com.au/design/saved-designs/screenshots/2023/02/1675606670099.jpg",
    "title": "Laser Etched Black Granite Plaque"
  },
  {
    "id": "1674990751228",
    "img": "https://www.forevershining.com.au/design/saved-designs/screenshots/2023/01/1674990751228.jpg",
    "title": "Laser Etched Black Granite Plaque"
  },
  {
    "id": "1674644744699",
    "img": "https://www.forevershining.com.au/design/saved-designs/screenshots/2023/01/1674644744699.jpg",
    "title": "Laser Etched Black Granite Plaque"
  },
  {
    "id": "1674643402585",
    "img": "https://www.forevershining.com.au/design/saved-designs/screenshots/2023/01/1674643402585.jpg",
    "title": "Laser Etched Black Granite Plaque"
  },
  {
    "id": "1674641652249",
    "img": "https://www.forevershining.com.au/design/saved-designs/screenshots/2023/01/1674641652249.jpg",
    "title": "Laser Etched Black Granite Plaque"
  },
  {
    "id": "1674619382755",
    "img": "https://www.forevershining.com.au/design/saved-designs/screenshots/2023/01/1674619382755.jpg",
    "title": "Laser Etched Black Granite Plaque"
  },
  {
    "id": "1674616214917",
    "img": "https://www.forevershining.com.au/design/saved-designs/screenshots/2023/01/1674616214917.jpg",
    "title": "Laser Etched Black Granite Plaque"
  },
  {
    "id": "1673978047718",
    "img": "https://www.forevershining.com.au/design/saved-designs/screenshots/2023/01/1673978047718.jpg",
    "title": "Laser Etched Black Granite Plaque"
  },
  {
    "id": "1673977015859",
    "img": "https://www.forevershining.com.au/design/saved-designs/screenshots/2023/01/1673977015859.jpg",
    "title": "Laser Etched Black Granite Plaque"
  },
  {
    "id": "1673937951755",
    "img": "https://www.forevershining.com.au/design/saved-designs/screenshots/2023/01/1673937951755.jpg",
    "title": "Laser Etched Black Granite Plaque"
  },
  {
    "id": "1673589512654",
    "img": "https://www.forevershining.com.au/design/saved-designs/screenshots/2023/01/1673589512654.jpg",
    "title": "Laser Etched Black Granite Plaque"
  },
  {
    "id": "1673586830668",
    "img": "https://www.forevershining.com.au/design/saved-designs/screenshots/2023/01/1673586830668.jpg",
    "title": "Laser Etched Black Granite Plaque"
  },
  {
    "id": "1672918159778",
    "img": "https://www.forevershining.com.au/design/saved-designs/screenshots/2023/01/1672918159778.jpg",
    "title": "Laser Etched Black Granite Plaque"
  },
  {
    "id": "1672878942338",
    "img": "https://www.forevershining.com.au/design/saved-designs/screenshots/2023/01/1672878942338.jpg",
    "title": "Laser Etched Black Granite Plaque"
  },
  {
    "id": "1672505323216",
    "img": "https://www.forevershining.com.au/design/saved-designs/screenshots/2022/12/1672505323216.jpg",
    "title": "Laser Etched Black Granite Plaque"
  },
  {
    "id": "1671635173358",
    "img": "https://www.forevershining.com.au/design/saved-designs/screenshots/2022/12/1671635173358.jpg",
    "title": "Laser Etched Black Granite Plaque"
  },
  {
    "id": "1671635093944",
    "img": "https://www.forevershining.com.au/design/saved-designs/screenshots/2022/12/1671635093944.jpg",
    "title": "Laser Etched Black Granite Plaque"
  },
  {
    "id": "1671634741680",
    "img": "https://www.forevershining.com.au/design/saved-designs/screenshots/2022/12/1671634741680.jpg",
    "title": "Laser Etched Black Granite Plaque"
  },
  {
    "id": "1666592226358",
    "img": "https://www.forevershining.com.au/design/saved-designs/screenshots/2022/10/1666592226358.jpg",
    "title": "Laser Etched Black Granite Plaque"
  },
  {
    "id": "1666157221972",
    "img": "https://www.forevershining.com.au/design/saved-designs/screenshots/2022/10/1666157221972.jpg",
    "title": "Laser Etched Black Granite Plaque"
  },
  {
    "id": "1663902150627",
    "img": "https://www.forevershining.com.au/design/saved-designs/screenshots/2022/09/1663902150627.jpg",
    "title": "Laser Etched Black Granite Plaque"
  },
  {
    "id": "1661586085852",
    "img": "https://www.forevershining.com.au/design/saved-designs/screenshots/2022/09/1661586085852.jpg",
    "title": "Laser Etched Black Granite Plaque"
  },
  {
    "id": "1660292540957",
    "img": "https://www.forevershining.com.au/design/saved-designs/screenshots/2022/08/1660292540957.jpg",
    "title": "Laser Etched Black Granite Plaque"
  },
  {
    "id": "1658023158672",
    "img": "https://www.forevershining.com.au/design/saved-designs/screenshots/2022/07/1658023158672.jpg",
    "title": "Laser Etched Black Granite Plaque"
  },
  {
    "id": "1656551768414",
    "img": "https://www.forevershining.com.au/design/saved-designs/screenshots/2022/06/1656551768414.jpg",
    "title": "Laser Etched Black Granite Plaque"
  },
  {
    "id": "1654782810668",
    "img": "https://www.forevershining.com.au/design/saved-designs/screenshots/2022/06/1654782810668.jpg",
    "title": "Laser Etched Black Granite Plaque"
  },
  {
    "id": "1654143828392",
    "img": "https://www.forevershining.com.au/design/saved-designs/screenshots/2022/06/1654143828392.jpg",
    "title": "Laser Etched Black Granite Plaque"
  },
  {
    "id": "1653907182281",
    "img": "https://www.forevershining.com.au/design/saved-designs/screenshots/2022/05/1653907182281.jpg",
    "title": "Laser Etched Black Granite Plaque"
  },
  {
    "id": "1653906504540",
    "img": "https://www.forevershining.com.au/design/saved-designs/screenshots/2022/05/1653906504540.jpg",
    "title": "Laser Etched Black Granite Plaque"
  },
  {
    "id": "1653905753780",
    "img": "https://www.forevershining.com.au/design/saved-designs/screenshots/2022/05/1653905753780.jpg",
    "title": "Laser Etched Black Granite Plaque"
  },
  {
    "id": "1653903244616",
    "img": "https://www.forevershining.com.au/design/saved-designs/screenshots/2022/05/1653903244616.jpg",
    "title": "Laser Etched Black Granite Plaque"
  },
  {
    "id": "1653885289581",
    "img": "https://www.forevershining.com.au/design/saved-designs/screenshots/2022/05/1653885289581.jpg",
    "title": "Laser Etched Black Granite Plaque"
  },
  {
    "id": "1653881320870",
    "img": "https://www.forevershining.com.au/design/saved-designs/screenshots/2022/05/1653881320870.jpg",
    "title": "Laser Etched Black Granite Plaque"
  },
  {
    "id": "1653881299917",
    "img": "https://www.forevershining.com.au/design/saved-designs/screenshots/2022/05/1653881299917.jpg",
    "title": "Laser Etched Black Granite Plaque"
  },
  {
    "id": "1651993655828",
    "img": "https://www.forevershining.com.au/design/saved-designs/screenshots/2022/05/1651993655828.jpg",
    "title": "Laser Etched Black Granite Plaque"
  },
  {
    "id": "1645929142925",
    "img": "https://www.forevershining.com.au/design/saved-designs/screenshots/2022/02/1645929142925.jpg",
    "title": "Laser Etched Black Granite Plaque"
  },
  {
    "id": "1645601935166",
    "img": "https://www.forevershining.com.au/design/saved-designs/screenshots/2022/02/1645601935166.jpg",
    "title": "Laser Etched Black Granite Plaque"
  },
  {
    "id": "1645596468563",
    "img": "https://www.forevershining.com.au/design/saved-designs/screenshots/2022/02/1645596468563.jpg",
    "title": "Laser Etched Black Granite Plaque"
  },
  {
    "id": "1642913942956",
    "img": "https://www.forevershining.com.au/design/saved-designs/screenshots/2022/01/1642913942956.jpg",
    "title": "Laser Etched Black Granite Plaque"
  },
  {
    "id": "1642912834168",
    "img": "https://www.forevershining.com.au/design/saved-designs/screenshots/2022/01/1642912834168.jpg",
    "title": "Laser Etched Black Granite Plaque"
  },
  {
    "id": "1639564147387",
    "img": "https://www.forevershining.com.au/design/saved-designs/screenshots/2021/12/1639564147387.jpg",
    "title": "Laser Etched Black Granite Plaque"
  },
  {
    "id": "1637999763723",
    "img": "https://www.forevershining.com.au/design/saved-designs/screenshots/2021/11/1637999763723.jpg",
    "title": "Laser Etched Black Granite Plaque"
  },
  {
    "id": "1636685201636",
    "img": "https://www.forevershining.com.au/design/saved-designs/screenshots/2021/11/1636685201636.jpg",
    "title": "Laser Etched Black Granite Plaque"
  },
  {
    "id": "1625906791418",
    "img": "https://www.forevershining.com.au/design/saved-designs/screenshots/2021/07/1625906791418.jpg",
    "title": "Laser Etched Black Granite Plaque"
  },
  {
    "id": "1625901891896",
    "img": "https://www.forevershining.com.au/design/saved-designs/screenshots/2021/07/1625901891896.jpg",
    "title": "Laser Etched Black Granite Plaque"
  },
  {
    "id": "1625881122801",
    "img": "https://www.forevershining.com.au/design/saved-designs/screenshots/2021/07/1625881122801.jpg",
    "title": "Laser Etched Black Granite Plaque"
  },
  {
    "id": "1624181084336",
    "img": "https://www.forevershining.com.au/design/saved-designs/screenshots/2021/06/1624181084336.jpg",
    "title": "Laser Etched Black Granite Plaque"
  },
  {
    "id": "1623063074323",
    "img": "https://www.forevershining.com.au/design/saved-designs/screenshots/2021/06/1623063074323.jpg",
    "title": "Laser Etched Black Granite Plaque"
  },
  {
    "id": "1621730783812",
    "img": "https://www.forevershining.com.au/design/saved-designs/screenshots/2021/05/1621730783812.jpg",
    "title": "Laser Etched Black Granite Plaque"
  },
  {
    "id": "1620866243790",
    "img": "https://www.forevershining.com.au/design/saved-designs/screenshots/2021/05/1620866243790.jpg",
    "title": "Laser Etched Black Granite Plaque"
  },
  {
    "id": "1618204973961",
    "img": "https://www.forevershining.com.au/design/saved-designs/screenshots/2021/04/1618204973961.jpg",
    "title": "Laser Etched Black Granite Plaque"
  },
  {
    "id": "1618202514143",
    "img": "https://www.forevershining.com.au/design/saved-designs/screenshots/2021/04/1618202514143.jpg",
    "title": "Laser Etched Black Granite Plaque"
  },
  {
    "id": "1616936857122",
    "img": "https://www.forevershining.com.au/design/saved-designs/screenshots/2021/03/1616936857122.jpg",
    "title": "Laser Etched Black Granite Plaque"
  },
  {
    "id": "1616922033043",
    "img": "https://www.forevershining.com.au/design/saved-designs/screenshots/2021/03/1616922033043.jpg",
    "title": "Laser Etched Black Granite Plaque"
  },
  {
    "id": "1616888213564",
    "img": "https://www.forevershining.com.au/design/saved-designs/screenshots/2021/03/1616888213564.jpg",
    "title": "Laser Etched Black Granite Plaque"
  },
  {
    "id": "1616881465469",
    "img": "https://www.forevershining.com.au/design/saved-designs/screenshots/2021/03/1616881465469.jpg",
    "title": "Laser Etched Black Granite Plaque"
  },
  {
    "id": "1616878972322",
    "img": "https://www.forevershining.com.au/design/saved-designs/screenshots/2021/03/1616878972322.jpg",
    "title": "Laser Etched Black Granite Plaque"
  },
  {
    "id": "1616651973039",
    "img": "https://www.forevershining.com.au/design/saved-designs/screenshots/2021/03/1616651973039.jpg",
    "title": "Laser Etched Black Granite Plaque"
  },
  {
    "id": "1616651149940",
    "img": "https://www.forevershining.com.au/design/saved-designs/screenshots/2021/03/1616651149940.jpg",
    "title": "Laser Etched Black Granite Plaque"
  },
  {
    "id": "1614828338363",
    "img": "https://www.forevershining.com.au/design/saved-designs/screenshots/2021/03/1614828338363.jpg",
    "title": "Laser Etched Black Granite Plaque"
  },
  {
    "id": "1614036470239",
    "img": "https://www.forevershining.com.au/design/saved-designs/screenshots/2021/02/1614036470239.jpg",
    "title": "Laser Etched Black Granite Plaque"
  },
  {
    "id": "1612253867525",
    "img": "https://www.forevershining.com.au/design/saved-designs/screenshots/2021/02/1612253867525.jpg",
    "title": "Laser Etched Black Granite Plaque"
  },
  {
    "id": "1612253595541",
    "img": "https://www.forevershining.com.au/design/saved-designs/screenshots/2021/02/1612253595541.jpg",
    "title": "Laser Etched Black Granite Plaque"
  },
  {
    "id": "1610342851685",
    "img": "https://www.forevershining.com.au/design/saved-designs/screenshots/2021/01/1610342851685.jpg",
    "title": "Laser Etched Black Granite Plaque"
  },
  {
    "id": "1608109863459",
    "img": "https://www.forevershining.com.au/design/saved-designs/screenshots/2020/12/1608109863459.jpg",
    "title": "Laser Etched Black Granite Plaque"
  },
  {
    "id": "1606717977512",
    "img": "https://www.forevershining.com.au/design/saved-designs/screenshots/2020/11/1606717977512.jpg",
    "title": "Laser Etched Black Granite Plaque"
  },
  {
    "id": "1606229574876",
    "img": "https://www.forevershining.com.au/design/saved-designs/screenshots/2020/11/1606229574876.jpg",
    "title": "Laser Etched Black Granite Plaque"
  },
  {
    "id": "1606220035293",
    "img": "https://www.forevershining.com.au/design/saved-designs/screenshots/2020/11/1606220035293.jpg",
    "title": "Laser Etched Black Granite Plaque"
  },
  {
    "id": "1606219566720",
    "img": "https://www.forevershining.com.au/design/saved-designs/screenshots/2020/11/1606219566720.jpg",
    "title": "Laser Etched Black Granite Plaque"
  },
  {
    "id": "1606218978184",
    "img": "https://www.forevershining.com.au/design/saved-designs/screenshots/2020/11/1606218978184.jpg",
    "title": "Laser Etched Black Granite Plaque"
  },
  {
    "id": "1606218001785",
    "img": "https://www.forevershining.com.au/design/saved-designs/screenshots/2020/11/1606218001785.jpg",
    "title": "Laser Etched Black Granite Plaque"
  },
  {
    "id": "1606233167020",
    "img": "https://www.forevershining.com.au/design/saved-designs/screenshots/2020/11/1606233167020.jpg",
    "title": "Laser Etched Black Granite Plaque"
  },
  {
    "id": "1605301552583",
    "img": "https://www.forevershining.com.au/design/saved-designs/screenshots/2020/11/1605301552583.jpg",
    "title": "Laser Etched Black Granite Plaque"
  },
  {
    "id": "1605292964623",
    "img": "https://www.forevershining.com.au/design/saved-designs/screenshots/2020/11/1605292964623.jpg",
    "title": "Laser Etched Black Granite Plaque"
  },
  {
    "id": "1604894169934",
    "img": "https://www.forevershining.com.au/design/saved-designs/screenshots/2020/11/1604894169934.jpg",
    "title": "Laser Etched Black Granite Plaque"
  },
  {
    "id": "1603930916445",
    "img": "https://www.forevershining.com.au/design/saved-designs/screenshots/2020/10/1603930916445.jpg",
    "title": "Laser Etched Black Granite Plaque"
  },
  {
    "id": "1603928065201",
    "img": "https://www.forevershining.com.au/design/saved-designs/screenshots/2020/10/1603928065201.jpg",
    "title": "Laser Etched Black Granite Plaque"
  },
  {
    "id": "1603856581163",
    "img": "https://www.forevershining.com.au/design/saved-designs/screenshots/2020/10/1603856581163.jpg",
    "title": "Laser Etched Black Granite Plaque"
  },
  {
    "id": "1602824100055",
    "img": "https://www.forevershining.com.au/design/saved-designs/screenshots/2020/10/1602824100055.jpg",
    "title": "Laser Etched Black Granite Plaque"
  },
  {
    "id": "1602747623582",
    "img": "https://www.forevershining.com.au/design/saved-designs/screenshots/2020/10/1602747623582.jpg",
    "title": "Laser Etched Black Granite Plaque"
  },
  {
    "id": "1602652645744",
    "img": "https://www.forevershining.com.au/design/saved-designs/screenshots/2020/10/1602652645744.jpg",
    "title": "Laser Etched Black Granite Plaque"
  },
  {
    "id": "1602577662365",
    "img": "https://www.forevershining.com.au/design/saved-designs/screenshots/2020/10/1602577662365.jpg",
    "title": "Laser Etched Black Granite Plaque"
  },
  {
    "id": "1601001745126",
    "img": "https://www.forevershining.com.au/design/saved-designs/screenshots/2020/09/1601001745126.jpg",
    "title": "Laser Etched Black Granite Plaque"
  },
  {
    "id": "1600707813953",
    "img": "https://www.forevershining.com.au/design/saved-designs/screenshots/2020/09/1600707813953.jpg",
    "title": "Laser Etched Black Granite Plaque"
  },
  {
    "id": "1599626524206",
    "img": "https://www.forevershining.com.au/design/saved-designs/screenshots/2020/09/1599626524206.jpg",
    "title": "Laser Etched Black Granite Plaque"
  },
  {
    "id": "1599626510889",
    "img": "https://www.forevershining.com.au/design/saved-designs/screenshots/2020/09/1599626510889.jpg",
    "title": "Laser Etched Black Granite Plaque"
  },
  {
    "id": "1599626345513",
    "img": "https://www.forevershining.com.au/design/saved-designs/screenshots/2020/09/1599626345513.jpg",
    "title": "Laser Etched Black Granite Plaque"
  },
  {
    "id": "1599625048910",
    "img": "https://www.forevershining.com.au/design/saved-designs/screenshots/2020/09/1599625048910.jpg",
    "title": "Laser Etched Black Granite Plaque"
  },
  {
    "id": "1599622918927",
    "img": "https://www.forevershining.com.au/design/saved-designs/screenshots/2020/09/1599622918927.jpg",
    "title": "Laser Etched Black Granite Plaque"
  },
  {
    "id": "1599567914112",
    "img": "https://www.forevershining.com.au/design/saved-designs/screenshots/2020/09/1599567914112.jpg",
    "title": "Laser Etched Black Granite Plaque"
  },
  {
    "id": "1599543361892",
    "img": "https://www.forevershining.com.au/design/saved-designs/screenshots/2020/09/1599543361892.jpg",
    "title": "Laser Etched Black Granite Plaque"
  },
  {
    "id": "1598523314543",
    "img": "https://www.forevershining.com.au/design/saved-designs/screenshots/2020/08/1598523314543.jpg",
    "title": "Laser Etched Black Granite Plaque"
  },
  {
    "id": "1598514250761",
    "img": "https://www.forevershining.com.au/design/saved-designs/screenshots/2020/08/1598514250761.jpg",
    "title": "Laser Etched Black Granite Plaque"
  },
  {
    "id": "1597837194003",
    "img": "https://www.forevershining.com.au/design/saved-designs/screenshots/2020/08/1597837194003.jpg",
    "title": "Laser Etched Black Granite Plaque"
  },
  {
    "id": "1597815684399",
    "img": "https://www.forevershining.com.au/design/saved-designs/screenshots/2020/08/1597815684399.jpg",
    "title": "Laser Etched Black Granite Plaque"
  },
  {
    "id": "1597733486626",
    "img": "https://www.forevershining.com.au/design/saved-designs/screenshots/2020/08/1597733486626.jpg",
    "title": "Laser Etched Black Granite Plaque"
  },
  {
    "id": "1597732325975",
    "img": "https://www.forevershining.com.au/design/saved-designs/screenshots/2020/08/1597732325975.jpg",
    "title": "Laser Etched Black Granite Plaque"
  },
  {
    "id": "1597724923484",
    "img": "https://www.forevershining.com.au/design/saved-designs/screenshots/2020/08/1597724923484.jpg",
    "title": "Laser Etched Black Granite Plaque"
  },
  {
    "id": "1595138154010",
    "img": "https://www.forevershining.com.au/design/saved-designs/screenshots/2020/07/1595138154010.jpg",
    "title": "Laser Etched Black Granite Plaque"
  },
  {
    "id": "1594537561996",
    "img": "https://www.forevershining.com.au/design/undefined",
    "title": "Laser Etched Black Granite Plaque"
  },
  {
    "id": "1594455014915",
    "img": "https://www.forevershining.com.au/design/saved-designs/screenshots/2020/07/1594455014915.jpg",
    "title": "Laser Etched Black Granite Plaque"
  },
  {
    "id": "1594346052754",
    "img": "https://www.forevershining.com.au/design/saved-designs/screenshots/2020/07/1594346052754.jpg",
    "title": "Laser Etched Black Granite Plaque"
  },
  {
    "id": "1592288372371",
    "img": "https://www.forevershining.com.au/design/saved-designs/screenshots/1592288372371.jpg",
    "title": "Laser Etched Black Granite Plaque"
  },
  {
    "id": "1590033710934",
    "img": "https://www.forevershining.com.au/design/saved-designs/screenshots/1590033710934.jpg",
    "title": "Laser Etched Black Granite Plaque"
  },
  {
    "id": "1589957492216",
    "img": "https://www.forevershining.com.au/design/saved-designs/screenshots/1589957492216.jpg",
    "title": "Laser Etched Black Granite Plaque"
  },
  {
    "id": "1588550902089",
    "img": "https://www.forevershining.com.au/design/saved-designs/screenshots/1588550902089.jpg",
    "title": "Laser Etched Black Granite Plaque"
  },
  {
    "id": "1588397842750",
    "img": "https://www.forevershining.com.au/design/saved-designs/screenshots/1588397842750.jpg",
    "title": "Laser Etched Black Granite Plaque"
  },
  {
    "id": "1587419938878",
    "img": "https://www.forevershining.com.au/design/saved-designs/screenshots/1587419938878.jpg",
    "title": "Laser Etched Black Granite Plaque"
  },
  {
    "id": "1587258423321",
    "img": "https://www.forevershining.com.au/design/saved-designs/screenshots/1587258423321.jpg",
    "title": "Laser Etched Black Granite Plaque"
  },
  {
    "id": "1585790614649",
    "img": "https://www.forevershining.com.au/design/saved-designs/screenshots/1585790614649.jpg",
    "title": "Laser Etched Black Granite Plaque"
  },
  {
    "id": "1585735728511",
    "img": "https://www.forevershining.com.au/design/saved-designs/screenshots/1585735728511.jpg",
    "title": "Laser Etched Black Granite Plaque"
  },
  {
    "id": "1583462016544",
    "img": "https://www.forevershining.com.au/design/saved-designs/screenshots/1583462016544.jpg",
    "title": "Laser Etched Black Granite Plaque"
  },
  {
    "id": "1581633869254",
    "img": "https://www.forevershining.com.au/design/saved-designs/screenshots/1581633869254.jpg",
    "title": "Laser Etched Black Granite Plaque"
  },
  {
    "id": "1581577440351",
    "img": "https://www.forevershining.com.au/design/saved-designs/screenshots/1581577440351.jpg",
    "title": "Laser Etched Black Granite Plaque"
  },
  {
    "id": "1581577329237",
    "img": "https://www.forevershining.com.au/design/saved-designs/screenshots/1581577329237.jpg",
    "title": "Laser Etched Black Granite Plaque"
  },
  {
    "id": "1581576443404",
    "img": "https://www.forevershining.com.au/design/saved-designs/screenshots/1581576443404.jpg",
    "title": "Laser Etched Black Granite Plaque"
  },
  {
    "id": "1579347727144",
    "img": "https://www.forevershining.com.au/design/saved-designs/screenshots/1579347727144.jpg",
    "title": "Laser Etched Black Granite Plaque"
  },
  {
    "id": "1579344654984",
    "img": "https://www.forevershining.com.au/design/saved-designs/screenshots/1579344654984.jpg",
    "title": "Laser Etched Black Granite Plaque"
  },
  {
    "id": "1578905461145",
    "img": "https://www.forevershining.com.au/design/saved-designs/screenshots/1578905461145.jpg",
    "title": "Laser Etched Black Granite Plaque"
  },
  {
    "id": "1578888861055",
    "img": "https://www.forevershining.com.au/design/saved-designs/screenshots/1578888861055.jpg",
    "title": "Laser Etched Black Granite Plaque"
  },
  {
    "id": "1715047974588",
    "img": "https://www.forevershining.com.au/design/saved-designs/screenshots/2024/05/1715047974588.jpg",
    "title": "Laser Etched Black Granite Plaque"
  },
  {
    "id": "1714629557991",
    "img": "https://www.forevershining.com.au/design/saved-designs/screenshots/2024/05/1714629557991.jpg",
    "title": "Laser Etched Black Granite Plaque"
  },
  {
    "id": "1714616840806",
    "img": "https://www.forevershining.com.au/design/saved-designs/screenshots/2024/05/1714616840806.jpg",
    "title": "Laser Etched Black Granite Plaque"
  },
  {
    "id": "1714539400713",
    "img": "https://www.forevershining.com.au/design/saved-designs/screenshots/2024/05/1714539400713.jpg",
    "title": "Laser Etched Black Granite Plaque"
  },
  {
    "id": "1681742501709",
    "img": "https://www.forevershining.com.au/design/saved-designs/screenshots/2023/04/1681742501709.jpg",
    "title": "Laser Etched Black Granite Plaque"
  },
  {
    "id": "1681742371121",
    "img": "https://www.forevershining.com.au/design/saved-designs/screenshots/2023/04/1681742371121.jpg",
    "title": "Laser Etched Black Granite Plaque"
  },
  {
    "id": "1661301069544",
    "img": "https://www.forevershining.com.au/design/saved-designs/screenshots/2022/08/1661301069544.jpg",
    "title": "Laser Etched Black Granite Plaque"
  },
  {
    "id": "1629666790648",
    "img": "https://www.forevershining.com.au/design/saved-designs/screenshots/2021/08/1629666790648.jpg",
    "title": "Laser Etched Black Granite Plaque"
  },
  {
    "id": "1629660334783",
    "img": "https://www.forevershining.com.au/design/saved-designs/screenshots/2021/08/1629660334783.jpg",
    "title": "Laser Etched Black Granite Plaque"
  },
  {
    "id": "1629262333997",
    "img": "https://www.forevershining.com.au/design/saved-designs/screenshots/2021/08/1629262333997.jpg",
    "title": "Laser Etched Black Granite Plaque"
  },
  {
    "id": "1629261709863",
    "img": "https://www.forevershining.com.au/design/saved-designs/screenshots/2021/08/1629261709863.jpg",
    "title": "Laser Etched Black Granite Plaque"
  },
  {
    "id": "1629257992428",
    "img": "https://www.forevershining.com.au/design/saved-designs/screenshots/2021/08/1629257992428.jpg",
    "title": "Laser Etched Black Granite Plaque"
  }
]