[
  {
    "id": "1680950594457",
    "img": "https://www.forevershining.com.au/design/saved-designs/screenshots/2023/04/1680950594457.jpg",
    "title": "Laser Etched Black Granite Plaque"
  },
  {
    "id": "1675678697109",
    "img": "https://www.forevershining.com.au/design/saved-designs/screenshots/2023/02/1675678697109.jpg",
    "title": "Laser Etched Black Granite Plaque"
  },
  {
    "id": "1673563805823",
    "img": "https://www.forevershining.com.au/design/saved-designs/screenshots/2023/01/1673563805823.jpg",
    "title": "Laser Etched Black Granite Plaque"
  },
  {
    "id": "1673321181835",
    "img": "https://www.forevershining.com.au/design/saved-designs/screenshots/2023/01/1673321181835.jpg",
    "title": "Laser Etched Black Granite Plaque"
  },
  {
    "id": "1673321075794",
    "img": "https://www.forevershining.com.au/design/saved-designs/screenshots/2023/01/1673321075794.jpg",
    "title": "Laser Etched Black Granite Plaque"
  },
  {
    "id": "1673320966402",
    "img": "https://www.forevershining.com.au/design/saved-designs/screenshots/2023/01/1673320966402.jpg",
    "title": "Laser Etched Black Granite Plaque"
  },
  {
    "id": "1673320870799",
    "img": "https://www.forevershining.com.au/design/saved-designs/screenshots/2023/01/1673320870799.jpg",
    "title": "Laser Etched Black Granite Plaque"
  },
  {
    "id": "1673320231381",
    "img": "https://www.forevershining.com.au/design/saved-designs/screenshots/2023/01/1673320231381.jpg",
    "title": "Laser Etched Black Granite Plaque"
  },
  {
    "id": "1673320084693",
    "img": "https://www.forevershining.com.au/design/saved-designs/screenshots/2023/01/1673320084693.jpg",
    "title": "Laser Etched Black Granite Plaque"
  },
  {
    "id": "1673319748293",
    "img": "https://www.forevershining.com.au/design/saved-designs/screenshots/2023/01/1673319748293.jpg",
    "title": "Laser Etched Black Granite Plaque"
  },
  {
    "id": "1673319489053",
    "img": "https://www.forevershining.com.au/design/saved-designs/screenshots/2023/01/1673319489053.jpg",
    "title": "Laser Etched Black Granite Plaque"
  },
  {
    "id": "1673318449459",
    "img": "https://www.forevershining.com.au/design/saved-designs/screenshots/2023/01/1673318449459.jpg",
    "title": "Laser Etched Black Granite Plaque"
  },
  {
    "id": "1673313859201",
    "img": "https://www.forevershining.com.au/design/saved-designs/screenshots/2023/01/1673313859201.jpg",
    "title": "Laser Etched Black Granite Plaque"
  },
  {
    "id": "1673313134641",
    "img": "https://www.forevershining.com.au/design/saved-designs/screenshots/2023/01/1673313134641.jpg",
    "title": "Laser Etched Black Granite Plaque"
  },
  {
    "id": "1673313269037",
    "img": "https://www.forevershining.com.au/design/saved-designs/screenshots/2023/01/1673313269037.jpg",
    "title": "Laser Etched Black Granite Plaque"
  },
  {
    "id": "1673309583672",
    "img": "https://www.forevershining.com.au/design/saved-designs/screenshots/2023/01/1673309583672.jpg",
    "title": "Laser Etched Black Granite Plaque"
  },
  {
    "id": "1673309259936",
    "img": "https://www.forevershining.com.au/design/saved-designs/screenshots/2023/01/1673309259936.jpg",
    "title": "Laser Etched Black Granite Plaque"
  },
  {
    "id": "1673227565734",
    "img": "https://www.forevershining.com.au/design/saved-designs/screenshots/2023/01/1673227565734.jpg",
    "title": "Laser Etched Black Granite Plaque"
  },
  {
    "id": "1673223804334",
    "img": "https://www.forevershining.com.au/design/saved-designs/screenshots/2023/01/1673223804334.jpg",
    "title": "Laser Etched Black Granite Plaque"
  },
  {
    "id": "1658831087110",
    "img": "https://www.forevershining.com.au/design/saved-designs/screenshots/2022/07/1658831087110.jpg",
    "title": "Laser Etched Black Granite Plaque"
  },
  {
    "id": "1658304094102",
    "img": "https://www.forevershining.com.au/design/saved-designs/screenshots/2022/07/1658304094102.jpg",
    "title": "Laser Etched Black Granite Plaque"
  },
  {
    "id": "1658288744228",
    "img": "https://www.forevershining.com.au/design/saved-designs/screenshots/2022/07/1658288744228.jpg",
    "title": "Laser Etched Black Granite Plaque"
  }
]