[
  {
    "id": "1706768936270",
    "img": "https://www.forevershining.com.au/design/saved-designs/screenshots/2024/02/1706768936270.jpg",
    "title": "Traditional Engraved Granite Plaque"
  },
  {
    "id": "1675898425481",
    "img": "https://www.forevershining.com.au/design/saved-designs/screenshots/2023/02/1675898425481.jpg",
    "title": "Traditional Engraved Granite Plaque"
  },
  {
    "id": "1671451861835",
    "img": "https://www.forevershining.com.au/design/saved-designs/screenshots/2022/12/1671451861835.jpg",
    "title": "Traditional Engraved Granite Plaque"
  },
  {
    "id": "1671451286187",
    "img": "https://www.forevershining.com.au/design/saved-designs/screenshots/2022/12/1671451286187.jpg",
    "title": "Traditional Engraved Granite Plaque"
  },
  {
    "id": "1667206213332",
    "img": "https://www.forevershining.com.au/design/saved-designs/screenshots/2022/10/1667206213332.jpg",
    "title": "Traditional Engraved Granite Plaque"
  },
  {
    "id": "1665461603364",
    "img": "https://www.forevershining.com.au/design/saved-designs/screenshots/2022/10/1665461603364.jpg",
    "title": "Traditional Engraved Granite Plaque"
  },
  {
    "id": "1663688982477",
    "img": "https://www.forevershining.com.au/design/saved-designs/screenshots/2022/09/1663688982477.jpg",
    "title": "Traditional Engraved Granite Plaque"
  },
  {
    "id": "1663377027214",
    "img": "https://www.forevershining.com.au/design/saved-designs/screenshots/2022/09/1663377027214.jpg",
    "title": "Traditional Engraved Granite Plaque"
  },
  {
    "id": "1663375791431",
    "img": "https://www.forevershining.com.au/design/saved-designs/screenshots/2022/09/1663375791431.jpg",
    "title": "Traditional Engraved Granite Plaque"
  },
  {
    "id": "1647637771947",
    "img": "https://www.forevershining.com.au/design/saved-designs/screenshots/2022/03/1647637771947.jpg",
    "title": "Traditional Engraved Granite Plaque"
  },
  {
    "id": "1619402447931",
    "img": "https://www.forevershining.com.au/design/saved-designs/screenshots/2021/04/1619402447931.jpg",
    "title": "Traditional Engraved Granite Plaque"
  },
  {
    "id": "1612336322219",
    "img": "https://www.forevershining.com.au/design/saved-designs/screenshots/2021/02/1612336322219.jpg",
    "title": "Traditional Engraved Granite Plaque"
  },
  {
    "id": "1591321659486",
    "img": "https://www.forevershining.com.au/design/saved-designs/screenshots/1591321659486.jpg",
    "title": "Traditional Engraved Granite Plaque"
  },
  {
    "id": "1581386961730",
    "img": "https://www.forevershining.com.au/design/saved-designs/screenshots/1581386961730.jpg",
    "title": "Traditional Engraved Granite Plaque"
  },
  {
    "id": "1581385998357",
    "img": "https://www.forevershining.com.au/design/saved-designs/screenshots/1581385998357.jpg",
    "title": "Traditional Engraved Granite Plaque"
  }
]