[
  {
    "id": "1688474853103",
    "img": "https://www.forevershining.com.au/design/saved-designs/screenshots/2023/07/1688474853103.jpg",
    "title": "Laser Etched Black Granite Plaque"
  },
  {
    "id": "1688470794737",
    "img": "https://www.forevershining.com.au/design/saved-designs/screenshots/2023/07/1688470794737.jpg",
    "title": "Laser Etched Black Granite Plaque"
  },
  {
    "id": "1688466287487",
    "img": "https://www.forevershining.com.au/design/saved-designs/screenshots/2023/07/1688466287487.jpg",
    "title": "Laser Etched Black Granite Plaque"
  },
  {
    "id": "1688353385584",
    "img": "https://www.forevershining.com.au/design/saved-designs/screenshots/2023/07/1688353385584.jpg",
    "title": "Laser Etched Black Granite Plaque"
  },
  {
    "id": "1676373842104",
    "img": "https://www.forevershining.com.au/design/saved-designs/screenshots/2023/02/1676373842104.jpg",
    "title": "Laser Etched Black Granite Plaque"
  },
  {
    "id": "1673173793522",
    "img": "https://www.forevershining.com.au/design/saved-designs/screenshots/2023/01/1673173793522.jpg",
    "title": "Laser Etched Black Granite Plaque"
  },
  {
    "id": "1673173093143",
    "img": "https://www.forevershining.com.au/design/saved-designs/screenshots/2023/01/1673173093143.jpg",
    "title": "Laser Etched Black Granite Plaque"
  },
  {
    "id": "1651564085798",
    "img": "https://www.forevershining.com.au/design/saved-designs/screenshots/2022/05/1651564085798.jpg",
    "title": "Laser Etched Black Granite Plaque"
  },
  {
    "id": "1651563069549",
    "img": "https://www.forevershining.com.au/design/saved-designs/screenshots/2022/05/1651563069549.jpg",
    "title": "Laser Etched Black Granite Plaque"
  },
  {
    "id": "1624658164182",
    "img": "https://www.forevershining.com.au/design/saved-designs/screenshots/2021/06/1624658164182.jpg",
    "title": "Laser Etched Black Granite Plaque"
  },
  {
    "id": "1624603278818",
    "img": "https://www.forevershining.com.au/design/saved-designs/screenshots/2021/06/1624603278818.jpg",
    "title": "Laser Etched Black Granite Plaque"
  },
  {
    "id": "1622730305172",
    "img": "https://www.forevershining.com.au/design/saved-designs/screenshots/2021/06/1622730305172.jpg",
    "title": "Laser Etched Black Granite Plaque"
  },
  {
    "id": "1622730213431",
    "img": "https://www.forevershining.com.au/design/saved-designs/screenshots/2021/06/1622730213431.jpg",
    "title": "Laser Etched Black Granite Plaque"
  },
  {
    "id": "1622728814751",
    "img": "https://www.forevershining.com.au/design/saved-designs/screenshots/2021/06/1622728814751.jpg",
    "title": "Laser Etched Black Granite Plaque"
  },
  {
    "id": "1622718684021",
    "img": "https://www.forevershining.com.au/design/saved-designs/screenshots/2021/06/1622718684021.jpg",
    "title": "Laser Etched Black Granite Plaque"
  },
  {
    "id": "1622717788154",
    "img": "https://www.forevershining.com.au/design/saved-designs/screenshots/2021/06/1622717788154.jpg",
    "title": "Laser Etched Black Granite Plaque"
  },
  {
    "id": "1622717237692",
    "img": "https://www.forevershining.com.au/design/saved-designs/screenshots/2021/06/1622717237692.jpg",
    "title": "Laser Etched Black Granite Plaque"
  },
  {
    "id": "1622713855360",
    "img": "https://www.forevershining.com.au/design/saved-designs/screenshots/2021/06/1622713855360.jpg",
    "title": "Laser Etched Black Granite Plaque"
  },
  {
    "id": "1622630041120",
    "img": "https://www.forevershining.com.au/design/saved-designs/screenshots/2021/06/1622630041120.jpg",
    "title": "Laser Etched Black Granite Plaque"
  },
  {
    "id": "1622628806711",
    "img": "https://www.forevershining.com.au/design/saved-designs/screenshots/2021/06/1622628806711.jpg",
    "title": "Laser Etched Black Granite Plaque"
  },
  {
    "id": "1621480916836",
    "img": "https://www.forevershining.com.au/design/saved-designs/screenshots/2021/05/1621480916836.jpg",
    "title": "Laser Etched Black Granite Plaque"
  },
  {
    "id": "1621480668437",
    "img": "https://www.forevershining.com.au/design/saved-designs/screenshots/2021/05/1621480668437.jpg",
    "title": "Laser Etched Black Granite Plaque"
  },
  {
    "id": "1621479775677",
    "img": "https://www.forevershining.com.au/design/saved-designs/screenshots/2021/05/1621479775677.jpg",
    "title": "Laser Etched Black Granite Plaque"
  },
  {
    "id": "1621478876704",
    "img": "https://www.forevershining.com.au/design/saved-designs/screenshots/2021/05/1621478876704.jpg",
    "title": "Laser Etched Black Granite Plaque"
  },
  {
    "id": "1621478732678",
    "img": "https://www.forevershining.com.au/design/saved-designs/screenshots/2021/05/1621478732678.jpg",
    "title": "Laser Etched Black Granite Plaque"
  },
  {
    "id": "1621474345949",
    "img": "https://www.forevershining.com.au/design/saved-designs/screenshots/2021/05/1621474345949.jpg",
    "title": "Laser Etched Black Granite Plaque"
  }
]