[
  {
    "id": "1690687579831",
    "img": "https://www.forevershining.com.au/design/saved-designs/screenshots/2023/07/1690687579831.jpg",
    "title": "Full Color Plaque"
  },
  {
    "id": "1631251754667",
    "img": "https://www.forevershining.com.au/design/saved-designs/screenshots/2021/09/1631251754667.jpg",
    "title": "Full Color Plaque"
  },
  {
    "id": "1631251625437",
    "img": "https://www.forevershining.com.au/design/saved-designs/screenshots/2021/09/1631251625437.jpg",
    "title": "Full Color Plaque"
  },
  {
    "id": "1631245391245",
    "img": "https://www.forevershining.com.au/design/saved-designs/screenshots/2021/09/1631245391245.jpg",
    "title": "Full Color Plaque"
  },
  {
    "id": "1631245307492",
    "img": "https://www.forevershining.com.au/design/saved-designs/screenshots/2021/09/1631245307492.jpg",
    "title": "Full Color Plaque"
  },
  {
    "id": "1631245206025",
    "img": "https://www.forevershining.com.au/design/saved-designs/screenshots/2021/09/1631245206025.jpg",
    "title": "Full Color Plaque"
  },
  {
    "id": "1631244634754",
    "img": "https://www.forevershining.com.au/design/saved-designs/screenshots/2021/09/1631244634754.jpg",
    "title": "Full Color Plaque"
  },
  {
    "id": "1631244492663",
    "img": "https://www.forevershining.com.au/design/saved-designs/screenshots/2021/09/1631244492663.jpg",
    "title": "Full Color Plaque"
  },
  {
    "id": "1631244115686",
    "img": "https://www.forevershining.com.au/design/saved-designs/screenshots/2021/09/1631244115686.jpg",
    "title": "Full Color Plaque"
  },
  {
    "id": "1631243907072",
    "img": "https://www.forevershining.com.au/design/saved-designs/screenshots/2021/09/1631243907072.jpg",
    "title": "Full Color Plaque"
  }
]