[
  {
    "id": "1709083651852",
    "img": "https://www.forevershining.com.au/design/saved-designs/screenshots/2024/02/1709083651852.jpg",
    "title": "Full Color Plaque"
  },
  {
    "id": "1678786257211",
    "img": "https://www.forevershining.com.au/design/saved-designs/screenshots/2023/03/1678786257211.jpg",
    "title": "Full Color Plaque"
  },
  {
    "id": "1677645866397",
    "img": "https://www.forevershining.com.au/design/saved-designs/screenshots/2023/03/1677645866397.jpg",
    "title": "Full Color Plaque"
  },
  {
    "id": "1677647402639",
    "img": "https://www.forevershining.com.au/design/saved-designs/screenshots/2023/03/1677647402639.jpg",
    "title": "Full Color Plaque"
  }
]