[
  {
    "id": "1709438058050",
    "img": "https://www.forevershining.com.au/design/saved-designs/screenshots/2024/03/1709438058050.jpg",
    "title": "Traditional Engraved Granite Plaque"
  },
  {
    "id": "1709437953775",
    "img": "https://www.forevershining.com.au/design/saved-designs/screenshots/2024/03/1709437953775.jpg",
    "title": "Traditional Engraved Granite Plaque"
  },
  {
    "id": "1693009983068",
    "img": "https://www.forevershining.com.au/design/saved-designs/screenshots/2023/08/1693009983068.jpg",
    "title": "Traditional Engraved Granite Plaque"
  },
  {
    "id": "1693000315295",
    "img": "https://www.forevershining.com.au/design/saved-designs/screenshots/2023/08/1693000315295.jpg",
    "title": "Traditional Engraved Granite Plaque"
  },
  {
    "id": "1692999678756",
    "img": "https://www.forevershining.com.au/design/saved-designs/screenshots/2023/08/1692999678756.jpg",
    "title": "Traditional Engraved Granite Plaque"
  },
  {
    "id": "1692999378536",
    "img": "https://www.forevershining.com.au/design/saved-designs/screenshots/2023/08/1692999378536.jpg",
    "title": "Traditional Engraved Granite Plaque"
  },
  {
    "id": "1676265194394",
    "img": "https://www.forevershining.com.au/design/saved-designs/screenshots/2023/02/1676265194394.jpg",
    "title": "Traditional Engraved Granite Plaque"
  },
  {
    "id": "1671860266322",
    "img": "https://www.forevershining.com.au/design/saved-designs/screenshots/2022/12/1671860266322.jpg",
    "title": "Traditional Engraved Granite Plaque"
  },
  {
    "id": "1671859322520",
    "img": "https://www.forevershining.com.au/design/saved-designs/screenshots/2022/12/1671859322520.jpg",
    "title": "Traditional Engraved Granite Plaque"
  },
  {
    "id": "1671858179189",
    "img": "https://www.forevershining.com.au/design/saved-designs/screenshots/2022/12/1671858179189.jpg",
    "title": "Traditional Engraved Granite Plaque"
  },
  {
    "id": "1657507729408",
    "img": "https://www.forevershining.com.au/design/saved-designs/screenshots/2022/07/1657507729408.jpg",
    "title": "Traditional Engraved Granite Plaque"
  },
  {
    "id": "1616656065919",
    "img": "https://www.forevershining.com.au/design/saved-designs/screenshots/2021/03/1616656065919.jpg",
    "title": "Traditional Engraved Granite Plaque"
  },
  {
    "id": "1609647985342",
    "img": "https://www.forevershining.com.au/design/saved-designs/screenshots/2021/01/1609647985342.jpg",
    "title": "Traditional Engraved Granite Plaque"
  },
  {
    "id": "1608627224127",
    "img": "https://www.forevershining.com.au/design/saved-designs/screenshots/2020/12/1608627224127.jpg",
    "title": "Traditional Engraved Granite Plaque"
  },
  {
    "id": "1608624791138",
    "img": "https://www.forevershining.com.au/design/saved-designs/screenshots/2020/12/1608624791138.jpg",
    "title": "Traditional Engraved Granite Plaque"
  },
  {
    "id": "1584218454586",
    "img": "https://www.forevershining.com.au/design/saved-designs/screenshots/1584218454586.jpg",
    "title": "Traditional Engraved Granite Plaque"
  }
]