[
  {
    "id": "1714131564514",
    "img": "https://www.forevershining.com.au/design/saved-designs/screenshots/2024/04/1714131564514.jpg",
    "title": "Bronze Plaque"
  },
  {
    "id": "1714131319511",
    "img": "https://www.forevershining.com.au/design/saved-designs/screenshots/2024/04/1714131319511.jpg",
    "title": "Bronze Plaque"
  },
  {
    "id": "1713929217857",
    "img": "https://www.forevershining.com.au/design/saved-designs/screenshots/2024/04/1713929217857.jpg",
    "title": "Bronze Plaque"
  },
  {
    "id": "1713927210337",
    "img": "https://www.forevershining.com.au/design/saved-designs/screenshots/2024/04/1713927210337.jpg",
    "title": "Bronze Plaque"
  },
  {
    "id": "1713926194989",
    "img": "https://www.forevershining.com.au/design/saved-designs/screenshots/2024/04/1713926194989.jpg",
    "title": "Bronze Plaque"
  },
  {
    "id": "1713926133850",
    "img": "https://www.forevershining.com.au/design/saved-designs/screenshots/2024/04/1713926133850.jpg",
    "title": "Bronze Plaque"
  },
  {
    "id": "1713925640921",
    "img": "https://www.forevershining.com.au/design/saved-designs/screenshots/2024/04/1713925640921.jpg",
    "title": "Bronze Plaque"
  },
  {
    "id": "1710655171231",
    "img": "https://www.forevershining.com.au/design/saved-designs/screenshots/2024/03/1710655171231.jpg",
    "title": "Bronze Plaque"
  },
  {
    "id": "1710654980464",
    "img": "https://www.forevershining.com.au/design/saved-designs/screenshots/2024/03/1710654980464.jpg",
    "title": "Bronze Plaque"
  },
  {
    "id": "1710654907195",
    "img": "https://www.forevershining.com.au/design/saved-designs/screenshots/2024/03/1710654907195.jpg",
    "title": "Bronze Plaque"
  },
  {
    "id": "1710654823805",
    "img": "https://www.forevershining.com.au/design/saved-designs/screenshots/2024/03/1710654823805.jpg",
    "title": "Bronze Plaque"
  },
  {
    "id": "1710654792656",
    "img": "https://www.forevershining.com.au/design/saved-designs/screenshots/2024/03/1710654792656.jpg",
    "title": "Bronze Plaque"
  },
  {
    "id": "1710653890053",
    "img": "https://www.forevershining.com.au/design/saved-designs/screenshots/2024/03/1710653890053.jpg",
    "title": "Bronze Plaque"
  },
  {
    "id": "1715839642405",
    "img": "https://www.forevershining.com.au/design/saved-designs/screenshots/2024/05/1715839642405.jpg",
    "title": "Bronze Plaque"
  },
  {
    "id": "1683426022451",
    "img": "https://www.forevershining.com.au/design/saved-designs/screenshots/2023/05/1683426022451.jpg",
    "title": "Bronze Plaque"
  },
  {
    "id": "1683424715278",
    "img": "https://www.forevershining.com.au/design/saved-designs/screenshots/2023/05/1683424715278.jpg",
    "title": "Bronze Plaque"
  },
  {
    "id": "1683342836324",
    "img": "https://www.forevershining.com.au/design/saved-designs/screenshots/2023/05/1683342836324.jpg",
    "title": "Bronze Plaque"
  },
  {
    "id": "1672312496082",
    "img": "https://www.forevershining.com.au/design/saved-designs/screenshots/2022/12/1672312496082.jpg",
    "title": "Bronze Plaque"
  },
  {
    "id": "1665382911323",
    "img": "https://www.forevershining.com.au/design/saved-designs/screenshots/2022/10/1665382911323.jpg",
    "title": "Bronze Plaque"
  },
  {
    "id": "1616023057609",
    "img": "https://www.forevershining.com.au/design/saved-designs/screenshots/2021/03/1616023057609.jpg",
    "title": "Bronze Plaque"
  },
  {
    "id": "1616022640395",
    "img": "https://www.forevershining.com.au/design/saved-designs/screenshots/2021/03/1616022640395.jpg",
    "title": "Bronze Plaque"
  },
  {
    "id": "1614561206032",
    "img": "https://www.forevershining.com.au/design/saved-designs/screenshots/2021/03/1614561206032.jpg",
    "title": "Bronze Plaque"
  },
  {
    "id": "1614560846782",
    "img": "https://www.forevershining.com.au/design/saved-designs/screenshots/2021/03/1614560846782.jpg",
    "title": "Bronze Plaque"
  },
  {
    "id": "1614560305801",
    "img": "https://www.forevershining.com.au/design/saved-designs/screenshots/2021/03/1614560305801.jpg",
    "title": "Bronze Plaque"
  },
  {
    "id": "1614559783403",
    "img": "https://www.forevershining.com.au/design/saved-designs/screenshots/2021/03/1614559783403.jpg",
    "title": "Bronze Plaque"
  },
  {
    "id": "1614546771093",
    "img": "https://www.forevershining.com.au/design/saved-designs/screenshots/2021/02/1614546771093.jpg",
    "title": "Bronze Plaque"
  },
  {
    "id": "1614479782069",
    "img": "https://www.forevershining.com.au/design/saved-designs/screenshots/2021/02/1614479782069.jpg",
    "title": "Bronze Plaque"
  },
  {
    "id": "1614261967354",
    "img": "https://www.forevershining.com.au/design/saved-designs/screenshots/2021/02/1614261967354.jpg",
    "title": "Bronze Plaque"
  },
  {
    "id": "1614261815347",
    "img": "https://www.forevershining.com.au/design/saved-designs/screenshots/2021/02/1614261815347.jpg",
    "title": "Bronze Plaque"
  },
  {
    "id": "1594096649531",
    "img": "https://www.forevershining.com.au/design/saved-designs/screenshots/2020/07/1594096649531.jpg",
    "title": "Bronze Plaque"
  }
]