[
  {
    "id": "1717552769087",
    "img": "https://www.forevershining.com.au/design/saved-designs/screenshots/2024/06/1717552769087.jpg",
    "title": "Bronze Plaque"
  },
  {
    "id": "1717544550239",
    "img": "https://www.forevershining.com.au/design/saved-designs/screenshots/2024/06/1717544550239.jpg",
    "title": "Bronze Plaque"
  },
  {
    "id": "1711327463639",
    "img": "https://www.forevershining.com.au/design/saved-designs/screenshots/2024/03/1711327463639.jpg",
    "title": "Bronze Plaque"
  },
  {
    "id": "1705714399728",
    "img": "https://www.forevershining.com.au/design/saved-designs/screenshots/2024/01/1705714399728.jpg",
    "title": "Bronze Plaque"
  },
  {
    "id": "1697074890995",
    "img": "https://www.forevershining.com.au/design/saved-designs/screenshots/2023/10/1697074890995.jpg",
    "title": "Bronze Plaque"
  },
  {
    "id": "1696713516514",
    "img": "https://www.forevershining.com.au/design/saved-designs/screenshots/2023/10/1696713516514.jpg",
    "title": "Bronze Plaque"
  },
  {
    "id": "1696712749542",
    "img": "https://www.forevershining.com.au/design/saved-designs/screenshots/2023/10/1696712749542.jpg",
    "title": "Bronze Plaque"
  },
  {
    "id": "1695354777457",
    "img": "https://www.forevershining.com.au/design/saved-designs/screenshots/2023/09/1695354777457.jpg",
    "title": "Bronze Plaque"
  },
  {
    "id": "1695280897612",
    "img": "https://www.forevershining.com.au/design/saved-designs/screenshots/2023/09/1695280897612.jpg",
    "title": "Bronze Plaque"
  },
  {
    "id": "1695280809403",
    "img": "https://www.forevershining.com.au/design/saved-designs/screenshots/2023/09/1695280809403.jpg",
    "title": "Bronze Plaque"
  },
  {
    "id": "1695280632292",
    "img": "https://www.forevershining.com.au/design/saved-designs/screenshots/2023/09/1695280632292.jpg",
    "title": "Bronze Plaque"
  },
  {
    "id": "1695278549511",
    "img": "https://www.forevershining.com.au/design/saved-designs/screenshots/2023/09/1695278549511.jpg",
    "title": "Bronze Plaque"
  },
  {
    "id": "1692933725699",
    "img": "https://www.forevershining.com.au/design/saved-designs/screenshots/2023/08/1692933725699.jpg",
    "title": "Bronze Plaque"
  },
  {
    "id": "1692932541964",
    "img": "https://www.forevershining.com.au/design/saved-designs/screenshots/2023/08/1692932541964.jpg",
    "title": "Bronze Plaque"
  },
  {
    "id": "1692851039899",
    "img": "https://www.forevershining.com.au/design/saved-designs/screenshots/2023/08/1692851039899.jpg",
    "title": "Bronze Plaque"
  },
  {
    "id": "1692794728010",
    "img": "https://www.forevershining.com.au/design/saved-designs/screenshots/2023/08/1692794728010.jpg",
    "title": "Bronze Plaque"
  },
  {
    "id": "1684584000689",
    "img": "https://www.forevershining.com.au/design/saved-designs/screenshots/2023/05/1684584000689.jpg",
    "title": "Bronze Plaque"
  },
  {
    "id": "1666235194663",
    "img": "https://www.forevershining.com.au/design/saved-designs/screenshots/2022/10/1666235194663.jpg",
    "title": "Bronze Plaque"
  },
  {
    "id": "1666228474777",
    "img": "https://www.forevershining.com.au/design/saved-designs/screenshots/2022/10/1666228474777.jpg",
    "title": "Bronze Plaque"
  },
  {
    "id": "1666225589164",
    "img": "https://www.forevershining.com.au/design/saved-designs/screenshots/2022/10/1666225589164.jpg",
    "title": "Bronze Plaque"
  },
  {
    "id": "1660834259771",
    "img": "https://www.forevershining.com.au/design/saved-designs/screenshots/2022/08/1660834259771.jpg",
    "title": "Bronze Plaque"
  },
  {
    "id": "1660544245445",
    "img": "https://www.forevershining.com.au/design/saved-designs/screenshots/2022/08/1660544245445.jpg",
    "title": "Bronze Plaque"
  },
  {
    "id": "1658983378174",
    "img": "https://www.forevershining.com.au/design/saved-designs/screenshots/2022/07/1658983378174.jpg",
    "title": "Bronze Plaque"
  },
  {
    "id": "1658977077960",
    "img": "https://www.forevershining.com.au/design/saved-designs/screenshots/2022/07/1658977077960.jpg",
    "title": "Bronze Plaque"
  },
  {
    "id": "1658371225495",
    "img": "https://www.forevershining.com.au/design/saved-designs/screenshots/2022/07/1658371225495.jpg",
    "title": "Bronze Plaque"
  },
  {
    "id": "1658370008589",
    "img": "https://www.forevershining.com.au/design/saved-designs/screenshots/2022/07/1658370008589.jpg",
    "title": "Bronze Plaque"
  },
  {
    "id": "1658369883862",
    "img": "https://www.forevershining.com.au/design/saved-designs/screenshots/2022/07/1658369883862.jpg",
    "title": "Bronze Plaque"
  },
  {
    "id": "1658369480065",
    "img": "https://www.forevershining.com.au/design/saved-designs/screenshots/2022/07/1658369480065.jpg",
    "title": "Bronze Plaque"
  },
  {
    "id": "1658369220412",
    "img": "https://www.forevershining.com.au/design/saved-designs/screenshots/2022/07/1658369220412.jpg",
    "title": "Bronze Plaque"
  },
  {
    "id": "1658368711532",
    "img": "https://www.forevershining.com.au/design/saved-designs/screenshots/2022/07/1658368711532.jpg",
    "title": "Bronze Plaque"
  },
  {
    "id": "1658368346330",
    "img": "https://www.forevershining.com.au/design/saved-designs/screenshots/2022/07/1658368346330.jpg",
    "title": "Bronze Plaque"
  },
  {
    "id": "1658367237867",
    "img": "https://www.forevershining.com.au/design/saved-designs/screenshots/2022/07/1658367237867.jpg",
    "title": "Bronze Plaque"
  },
  {
    "id": "1658366672086",
    "img": "https://www.forevershining.com.au/design/saved-designs/screenshots/2022/07/1658366672086.jpg",
    "title": "Bronze Plaque"
  },
  {
    "id": "1658366112776",
    "img": "https://www.forevershining.com.au/design/saved-designs/screenshots/2022/07/1658366112776.jpg",
    "title": "Bronze Plaque"
  },
  {
    "id": "1656813484007",
    "img": "https://www.forevershining.com.au/design/saved-designs/screenshots/2022/07/1656813484007.jpg",
    "title": "Bronze Plaque"
  },
  {
    "id": "1655800892669",
    "img": "https://www.forevershining.com.au/design/saved-designs/screenshots/2022/06/1655800892669.jpg",
    "title": "Bronze Plaque"
  },
  {
    "id": "1655791414572",
    "img": "https://www.forevershining.com.au/design/saved-designs/screenshots/2022/06/1655791414572.jpg",
    "title": "Bronze Plaque"
  },
  {
    "id": "1650836832371",
    "img": "https://www.forevershining.com.au/design/saved-designs/screenshots/2022/04/1650836832371.jpg",
    "title": "Bronze Plaque"
  },
  {
    "id": "1643588857543",
    "img": "https://www.forevershining.com.au/design/saved-designs/screenshots/2022/01/1643588857543.jpg",
    "title": "Bronze Plaque"
  },
  {
    "id": "1623822919689",
    "img": "https://www.forevershining.com.au/design/saved-designs/screenshots/2021/06/1623822919689.jpg",
    "title": "Bronze Plaque"
  },
  {
    "id": "1623761902567",
    "img": "https://www.forevershining.com.au/design/saved-designs/screenshots/2021/06/1623761902567.jpg",
    "title": "Bronze Plaque"
  },
  {
    "id": "1620708298616",
    "img": "https://www.forevershining.com.au/design/saved-designs/screenshots/2021/05/1620708298616.jpg",
    "title": "Bronze Plaque"
  },
  {
    "id": "1620706604091",
    "img": "https://www.forevershining.com.au/design/saved-designs/screenshots/2021/05/1620706604091.jpg",
    "title": "Bronze Plaque"
  },
  {
    "id": "1620706531904",
    "img": "https://www.forevershining.com.au/design/saved-designs/screenshots/2021/05/1620706531904.jpg",
    "title": "Bronze Plaque"
  },
  {
    "id": "1620706467146",
    "img": "https://www.forevershining.com.au/design/saved-designs/screenshots/2021/05/1620706467146.jpg",
    "title": "Bronze Plaque"
  },
  {
    "id": "1620698982037",
    "img": "https://www.forevershining.com.au/design/saved-designs/screenshots/2021/05/1620698982037.jpg",
    "title": "Bronze Plaque"
  },
  {
    "id": "1619945288104",
    "img": "https://www.forevershining.com.au/design/saved-designs/screenshots/2021/05/1619945288104.jpg",
    "title": "Bronze Plaque"
  },
  {
    "id": "1619917212763",
    "img": "https://www.forevershining.com.au/design/saved-designs/screenshots/2021/05/1619917212763.jpg",
    "title": "Bronze Plaque"
  },
  {
    "id": "1619916794175",
    "img": "https://www.forevershining.com.au/design/saved-designs/screenshots/2021/05/1619916794175.jpg",
    "title": "Bronze Plaque"
  },
  {
    "id": "1619836906410",
    "img": "https://www.forevershining.com.au/design/saved-designs/screenshots/2021/05/1619836906410.jpg",
    "title": "Bronze Plaque"
  },
  {
    "id": "1619320600899",
    "img": "https://www.forevershining.com.au/design/saved-designs/screenshots/2021/05/1619320600899.jpg",
    "title": "Bronze Plaque"
  },
  {
    "id": "1617414285169",
    "img": "https://www.forevershining.com.au/design/saved-designs/screenshots/2021/04/1617414285169.jpg",
    "title": "Bronze Plaque"
  },
  {
    "id": "1615225743943",
    "img": "https://www.forevershining.com.au/design/saved-designs/screenshots/2021/03/1615225743943.jpg",
    "title": "Bronze Plaque"
  },
  {
    "id": "1615178837637",
    "img": "https://www.forevershining.com.au/design/saved-designs/screenshots/2021/03/1615178837637.jpg",
    "title": "Bronze Plaque"
  },
  {
    "id": "1615177878553",
    "img": "https://www.forevershining.com.au/design/saved-designs/screenshots/2021/03/1615177878553.jpg",
    "title": "Bronze Plaque"
  },
  {
    "id": "1615169059706",
    "img": "https://www.forevershining.com.au/design/saved-designs/screenshots/2021/03/1615169059706.jpg",
    "title": "Bronze Plaque"
  },
  {
    "id": "1615162383913",
    "img": "https://www.forevershining.com.au/design/saved-designs/screenshots/2021/03/1615162383913.jpg",
    "title": "Bronze Plaque"
  },
  {
    "id": "1615161186314",
    "img": "https://www.forevershining.com.au/design/saved-designs/screenshots/2021/03/1615161186314.jpg",
    "title": "Bronze Plaque"
  },
  {
    "id": "1615160250033",
    "img": "https://www.forevershining.com.au/design/saved-designs/screenshots/2021/03/1615160250033.jpg",
    "title": "Bronze Plaque"
  },
  {
    "id": "1615105672929",
    "img": "https://www.forevershining.com.au/design/saved-designs/screenshots/2021/03/1615105672929.jpg",
    "title": "Bronze Plaque"
  },
  {
    "id": "1615046822952",
    "img": "https://www.forevershining.com.au/design/saved-designs/screenshots/2021/03/1615046822952.jpg",
    "title": "Bronze Plaque"
  },
  {
    "id": "1615021940779",
    "img": "https://www.forevershining.com.au/design/saved-designs/screenshots/2021/03/1615021940779.jpg",
    "title": "Bronze Plaque"
  },
  {
    "id": "1615021801569",
    "img": "https://www.forevershining.com.au/design/saved-designs/screenshots/2021/03/1615021801569.jpg",
    "title": "Bronze Plaque"
  },
  {
    "id": "1615021403022",
    "img": "https://www.forevershining.com.au/design/saved-designs/screenshots/2021/03/1615021403022.jpg",
    "title": "Bronze Plaque"
  },
  {
    "id": "1615017960712",
    "img": "https://www.forevershining.com.au/design/saved-designs/screenshots/2021/03/1615017960712.jpg",
    "title": "Bronze Plaque"
  },
  {
    "id": "1612110096543",
    "img": "https://www.forevershining.com.au/design/saved-designs/screenshots/2021/01/1612110096543.jpg",
    "title": "Bronze Plaque"
  },
  {
    "id": "1612026854496",
    "img": "https://www.forevershining.com.au/design/saved-designs/screenshots/2021/01/1612026854496.jpg",
    "title": "Bronze Plaque"
  },
  {
    "id": "1611807439680",
    "img": "https://www.forevershining.com.au/design/saved-designs/screenshots/2021/01/1611807439680.jpg",
    "title": "Bronze Plaque"
  },
  {
    "id": "1611721999558",
    "img": "https://www.forevershining.com.au/design/saved-designs/screenshots/2021/01/1611721999558.jpg",
    "title": "Bronze Plaque"
  },
  {
    "id": "1600590629784",
    "img": "https://www.forevershining.com.au/design/saved-designs/screenshots/2020/09/1600590629784.jpg",
    "title": "Bronze Plaque"
  },
  {
    "id": "1600435025907",
    "img": "https://www.forevershining.com.au/design/saved-designs/screenshots/2020/09/1600435025907.jpg",
    "title": "Bronze Plaque"
  },
  {
    "id": "1598242048601",
    "img": "https://www.forevershining.com.au/design/saved-designs/screenshots/2020/08/1598242048601.jpg",
    "title": "Bronze Plaque"
  },
  {
    "id": "1597369373357",
    "img": "https://www.forevershining.com.au/design/saved-designs/screenshots/2020/08/1597369373357.jpg",
    "title": "Bronze Plaque"
  },
  {
    "id": "1597350092524",
    "img": "https://www.forevershining.com.au/design/saved-designs/screenshots/2020/08/1597350092524.jpg",
    "title": "Bronze Plaque"
  },
  {
    "id": "1597344540715",
    "img": "https://www.forevershining.com.au/design/saved-designs/screenshots/2020/08/1597344540715.jpg",
    "title": "Bronze Plaque"
  },
  {
    "id": "1593767735041",
    "img": "https://www.forevershining.com.au/design/saved-designs/screenshots/2020/07/1593767735041.jpg",
    "title": "Bronze Plaque"
  },
  {
    "id": "1593678230563",
    "img": "https://www.forevershining.com.au/design/saved-designs/screenshots/2020/07/1593678230563.jpg",
    "title": "Bronze Plaque"
  }
]