[
  {
    "id": "1719470936486",
    "img": "https://www.forevershining.com.au/design/saved-designs/screenshots/2024/06/1719470936486.jpg",
    "title": "Bronze Plaque"
  },
  {
    "id": "1719465618692",
    "img": "https://www.forevershining.com.au/design/saved-designs/screenshots/2024/06/1719465618692.jpg",
    "title": "Bronze Plaque"
  },
  {
    "id": "1719106360502",
    "img": "https://www.forevershining.com.au/design/saved-designs/screenshots/2024/06/1719106360502.jpg",
    "title": "Bronze Plaque"
  },
  {
    "id": "1716965271438",
    "img": "https://www.forevershining.com.au/design/saved-designs/screenshots/2024/05/1716965271438.jpg",
    "title": "Bronze Plaque"
  },
  {
    "id": "1712116416781",
    "img": "https://www.forevershining.com.au/design/saved-designs/screenshots/2024/04/1712116416781.jpg",
    "title": "Bronze Plaque"
  },
  {
    "id": "1709772885675",
    "img": "https://www.forevershining.com.au/design/saved-designs/screenshots/2024/03/1709772885675.jpg",
    "title": "Bronze Plaque"
  },
  {
    "id": "1709717162393",
    "img": "https://www.forevershining.com.au/design/saved-designs/screenshots/2024/03/1709717162393.jpg",
    "title": "Bronze Plaque"
  },
  {
    "id": "1709705853214",
    "img": "https://www.forevershining.com.au/design/saved-designs/screenshots/2024/03/1709705853214.jpg",
    "title": "Bronze Plaque"
  },
  {
    "id": "1705653442011",
    "img": "https://www.forevershining.com.au/design/saved-designs/screenshots/2024/01/1705653442011.jpg",
    "title": "Bronze Plaque"
  },
  {
    "id": "1705993293137",
    "img": "https://www.forevershining.com.au/design/saved-designs/screenshots/2024/01/1705993293137.jpg",
    "title": "Bronze Plaque"
  },
  {
    "id": "1705991520416",
    "img": "https://www.forevershining.com.au/design/saved-designs/screenshots/2024/01/1705991520416.jpg",
    "title": "Bronze Plaque"
  },
  {
    "id": "1705989683272",
    "img": "https://www.forevershining.com.au/design/saved-designs/screenshots/2024/01/1705989683272.jpg",
    "title": "Bronze Plaque"
  },
  {
    "id": "1705988845472",
    "img": "https://www.forevershining.com.au/design/saved-designs/screenshots/2024/01/1705988845472.jpg",
    "title": "Bronze Plaque"
  },
  {
    "id": "1705988743130",
    "img": "https://www.forevershining.com.au/design/saved-designs/screenshots/2024/01/1705988743130.jpg",
    "title": "Bronze Plaque"
  },
  {
    "id": "1705666562081",
    "img": "https://www.forevershining.com.au/design/saved-designs/screenshots/2024/01/1705666562081.jpg",
    "title": "Bronze Plaque"
  },
  {
    "id": "1699935110156",
    "img": "https://www.forevershining.com.au/design/saved-designs/screenshots/2023/11/1699935110156.jpg",
    "title": "Bronze Plaque"
  },
  {
    "id": "1693917215215",
    "img": "https://www.forevershining.com.au/design/saved-designs/screenshots/2023/09/1693917215215.jpg",
    "title": "Bronze Plaque"
  },
  {
    "id": "1715067141988",
    "img": "https://www.forevershining.com.au/design/saved-designs/screenshots/2024/05/1715067141988.jpg",
    "title": "Bronze Plaque"
  },
  {
    "id": "1686642243043",
    "img": "https://www.forevershining.com.au/design/saved-designs/screenshots/2023/06/1686642243043.jpg",
    "title": "Bronze Plaque"
  },
  {
    "id": "1685747757584",
    "img": "https://www.forevershining.com.au/design/saved-designs/screenshots/2023/06/1685747757584.jpg",
    "title": "Bronze Plaque"
  },
  {
    "id": "1685712300700",
    "img": "https://www.forevershining.com.au/design/saved-designs/screenshots/2023/06/1685712300700.jpg",
    "title": "Bronze Plaque"
  },
  {
    "id": "1685668354009",
    "img": "https://www.forevershining.com.au/design/saved-designs/screenshots/2023/06/1685668354009.jpg",
    "title": "Bronze Plaque"
  },
  {
    "id": "1685668186948",
    "img": "https://www.forevershining.com.au/design/saved-designs/screenshots/2023/06/1685668186948.jpg",
    "title": "Bronze Plaque"
  },
  {
    "id": "1685522978025",
    "img": "https://www.forevershining.com.au/design/saved-designs/screenshots/2023/05/1685522978025.jpg",
    "title": "Bronze Plaque"
  },
  {
    "id": "1682511027838",
    "img": "https://www.forevershining.com.au/design/saved-designs/screenshots/2023/04/1682511027838.jpg",
    "title": "Bronze Plaque"
  },
  {
    "id": "1682510471061",
    "img": "https://www.forevershining.com.au/design/saved-designs/screenshots/2023/04/1682510471061.jpg",
    "title": "Bronze Plaque"
  },
  {
    "id": "1681894615417",
    "img": "https://www.forevershining.com.au/design/saved-designs/screenshots/2023/04/1681894615417.jpg",
    "title": "Bronze Plaque"
  },
  {
    "id": "1681812482205",
    "img": "https://www.forevershining.com.au/design/saved-designs/screenshots/2023/04/1681812482205.jpg",
    "title": "Bronze Plaque"
  },
  {
    "id": "1681807750977",
    "img": "https://www.forevershining.com.au/design/saved-designs/screenshots/2023/04/1681807750977.jpg",
    "title": "Bronze Plaque"
  },
  {
    "id": "1680342231975",
    "img": "https://www.forevershining.com.au/design/saved-designs/screenshots/2023/04/1680342231975.jpg",
    "title": "Bronze Plaque"
  },
  {
    "id": "1680022683820",
    "img": "https://www.forevershining.com.au/design/saved-designs/screenshots/2023/04/1680022683820.jpg",
    "title": "Bronze Plaque"
  },
  {
    "id": "1680322180796",
    "img": "https://www.forevershining.com.au/design/saved-designs/screenshots/2023/04/1680322180796.jpg",
    "title": "Bronze Plaque"
  },
  {
    "id": "1680283227729",
    "img": "https://www.forevershining.com.au/design/saved-designs/screenshots/2023/03/1680283227729.jpg",
    "title": "Bronze Plaque"
  },
  {
    "id": "1680283075192",
    "img": "https://www.forevershining.com.au/design/saved-designs/screenshots/2023/03/1680283075192.jpg",
    "title": "Bronze Plaque"
  },
  {
    "id": "1680282996495",
    "img": "https://www.forevershining.com.au/design/saved-designs/screenshots/2023/03/1680282996495.jpg",
    "title": "Bronze Plaque"
  },
  {
    "id": "1680282932936",
    "img": "https://www.forevershining.com.au/design/saved-designs/screenshots/2023/03/1680282932936.jpg",
    "title": "Bronze Plaque"
  },
  {
    "id": "1680281768769",
    "img": "https://www.forevershining.com.au/design/saved-designs/screenshots/2023/03/1680281768769.jpg",
    "title": "Bronze Plaque"
  },
  {
    "id": "1680281191076",
    "img": "https://www.forevershining.com.au/design/saved-designs/screenshots/2023/03/1680281191076.jpg",
    "title": "Bronze Plaque"
  },
  {
    "id": "1680281020512",
    "img": "https://www.forevershining.com.au/design/saved-designs/screenshots/2023/03/1680281020512.jpg",
    "title": "Bronze Plaque"
  },
  {
    "id": "1680279736949",
    "img": "https://www.forevershining.com.au/design/saved-designs/screenshots/2023/03/1680279736949.jpg",
    "title": "Bronze Plaque"
  },
  {
    "id": "1680266135598",
    "img": "https://www.forevershining.com.au/design/saved-designs/screenshots/2023/03/1680266135598.jpg",
    "title": "Bronze Plaque"
  },
  {
    "id": "1679784854848",
    "img": "https://www.forevershining.com.au/design/saved-designs/screenshots/2023/03/1679784854848.jpg",
    "title": "Bronze Plaque"
  },
  {
    "id": "1679784723477",
    "img": "https://www.forevershining.com.au/design/saved-designs/screenshots/2023/03/1679784723477.jpg",
    "title": "Bronze Plaque"
  },
  {
    "id": "1678785736451",
    "img": "https://www.forevershining.com.au/design/saved-designs/screenshots/2023/03/1678785736451.jpg",
    "title": "Bronze Plaque"
  },
  {
    "id": "1676548548792",
    "img": "https://www.forevershining.com.au/design/saved-designs/screenshots/2023/02/1676548548792.jpg",
    "title": "Bronze Plaque"
  },
  {
    "id": "1676277974565",
    "img": "https://www.forevershining.com.au/design/saved-designs/screenshots/2023/02/1676277974565.jpg",
    "title": "Bronze Plaque"
  },
  {
    "id": "1674653312604",
    "img": "https://www.forevershining.com.au/design/saved-designs/screenshots/2023/01/1674653312604.jpg",
    "title": "Bronze Plaque"
  },
  {
    "id": "1673879438566",
    "img": "https://www.forevershining.com.au/design/saved-designs/screenshots/2023/01/1673879438566.jpg",
    "title": "Bronze Plaque"
  },
  {
    "id": "1673338930226",
    "img": "https://www.forevershining.com.au/design/saved-designs/screenshots/2023/01/1673338930226.jpg",
    "title": "Bronze Plaque"
  },
  {
    "id": "1673327316752",
    "img": "https://www.forevershining.com.au/design/saved-designs/screenshots/2023/01/1673327316752.jpg",
    "title": "Bronze Plaque"
  },
  {
    "id": "1673324074278",
    "img": "https://www.forevershining.com.au/design/saved-designs/screenshots/2023/01/1673324074278.jpg",
    "title": "Bronze Plaque"
  },
  {
    "id": "1673322489211",
    "img": "https://www.forevershining.com.au/design/saved-designs/screenshots/2023/01/1673322489211.jpg",
    "title": "Bronze Plaque"
  },
  {
    "id": "1673322084833",
    "img": "https://www.forevershining.com.au/design/saved-designs/screenshots/2023/01/1673322084833.jpg",
    "title": "Bronze Plaque"
  },
  {
    "id": "1671094754340",
    "img": "https://www.forevershining.com.au/design/saved-designs/screenshots/2022/12/1671094754340.jpg",
    "title": "Bronze Plaque"
  },
  {
    "id": "1671005655595",
    "img": "https://www.forevershining.com.au/design/saved-designs/screenshots/2022/12/1671005655595.jpg",
    "title": "Bronze Plaque"
  },
  {
    "id": "1670974530166",
    "img": "https://www.forevershining.com.au/design/saved-designs/screenshots/2022/12/1670974530166.jpg",
    "title": "Bronze Plaque"
  },
  {
    "id": "1670974197787",
    "img": "https://www.forevershining.com.au/design/saved-designs/screenshots/2022/12/1670974197787.jpg",
    "title": "Bronze Plaque"
  },
  {
    "id": "1670835984097",
    "img": "https://www.forevershining.com.au/design/saved-designs/screenshots/2022/12/1670835984097.jpg",
    "title": "Bronze Plaque"
  },
  {
    "id": "1669944747342",
    "img": "https://www.forevershining.com.au/design/saved-designs/screenshots/2022/12/1669944747342.jpg",
    "title": "Bronze Plaque"
  },
  {
    "id": "1669635929561",
    "img": "https://www.forevershining.com.au/design/saved-designs/screenshots/2022/11/1669635929561.jpg",
    "title": "Bronze Plaque"
  },
  {
    "id": "1669634319174",
    "img": "https://www.forevershining.com.au/design/saved-designs/screenshots/2022/11/1669634319174.jpg",
    "title": "Bronze Plaque"
  },
  {
    "id": "1668673842388",
    "img": "https://www.forevershining.com.au/design/saved-designs/screenshots/2022/11/1668673842388.jpg",
    "title": "Bronze Plaque"
  },
  {
    "id": "1668569736177",
    "img": "https://www.forevershining.com.au/design/saved-designs/screenshots/2022/11/1668569736177.jpg",
    "title": "Bronze Plaque"
  },
  {
    "id": "1668568903895",
    "img": "https://www.forevershining.com.au/design/saved-designs/screenshots/2022/11/1668568903895.jpg",
    "title": "Bronze Plaque"
  },
  {
    "id": "1668568379662",
    "img": "https://www.forevershining.com.au/design/saved-designs/screenshots/2022/11/1668568379662.jpg",
    "title": "Bronze Plaque"
  },
  {
    "id": "1668526138683",
    "img": "https://www.forevershining.com.au/design/saved-designs/screenshots/2022/11/1668526138683.jpg",
    "title": "Bronze Plaque"
  },
  {
    "id": "1668525562604",
    "img": "https://www.forevershining.com.au/design/saved-designs/screenshots/2022/11/1668525562604.jpg",
    "title": "Bronze Plaque"
  },
  {
    "id": "1667895660309",
    "img": "https://www.forevershining.com.au/design/saved-designs/screenshots/2022/11/1667895660309.jpg",
    "title": "Bronze Plaque"
  },
  {
    "id": "1667458736503",
    "img": "https://www.forevershining.com.au/design/saved-designs/screenshots/2022/11/1667458736503.jpg",
    "title": "Bronze Plaque"
  },
  {
    "id": "1665909125093",
    "img": "https://www.forevershining.com.au/design/saved-designs/screenshots/2022/10/1665909125093.jpg",
    "title": "Bronze Plaque"
  },
  {
    "id": "1665486019385",
    "img": "https://www.forevershining.com.au/design/saved-designs/screenshots/2022/10/1665486019385.jpg",
    "title": "Bronze Plaque"
  },
  {
    "id": "1663043756454",
    "img": "https://www.forevershining.com.au/design/saved-designs/screenshots/2022/09/1663043756454.jpg",
    "title": "Bronze Plaque"
  },
  {
    "id": "1662429774710",
    "img": "https://www.forevershining.com.au/design/saved-designs/screenshots/2022/09/1662429774710.jpg",
    "title": "Bronze Plaque"
  },
  {
    "id": "1661396395817",
    "img": "https://www.forevershining.com.au/design/saved-designs/screenshots/2022/08/1661396395817.jpg",
    "title": "Bronze Plaque"
  },
  {
    "id": "1661396267708",
    "img": "https://www.forevershining.com.au/design/saved-designs/screenshots/2022/08/1661396267708.jpg",
    "title": "Bronze Plaque"
  },
  {
    "id": "1659469005631",
    "img": "https://www.forevershining.com.au/design/saved-designs/screenshots/2022/08/1659469005631.jpg",
    "title": "Bronze Plaque"
  },
  {
    "id": "1659468884605",
    "img": "https://www.forevershining.com.au/design/saved-designs/screenshots/2022/08/1659468884605.jpg",
    "title": "Bronze Plaque"
  },
  {
    "id": "1659467087557",
    "img": "https://www.forevershining.com.au/design/saved-designs/screenshots/2022/08/1659467087557.jpg",
    "title": "Bronze Plaque"
  },
  {
    "id": "1656669040979",
    "img": "https://www.forevershining.com.au/design/saved-designs/screenshots/2022/07/1656669040979.jpg",
    "title": "Bronze Plaque"
  },
  {
    "id": "1655260482383",
    "img": "https://www.forevershining.com.au/design/saved-designs/screenshots/2022/06/1655260482383.jpg",
    "title": "Bronze Plaque"
  },
  {
    "id": "1655256616491",
    "img": "https://www.forevershining.com.au/design/saved-designs/screenshots/2022/06/1655256616491.jpg",
    "title": "Bronze Plaque"
  },
  {
    "id": "1655226886489",
    "img": "https://www.forevershining.com.au/design/saved-designs/screenshots/2022/06/1655226886489.jpg",
    "title": "Bronze Plaque"
  },
  {
    "id": "1655226821397",
    "img": "https://www.forevershining.com.au/design/saved-designs/screenshots/2022/06/1655226821397.jpg",
    "title": "Bronze Plaque"
  },
  {
    "id": "1652665484977",
    "img": "https://www.forevershining.com.au/design/saved-designs/screenshots/2022/05/1652665484977.jpg",
    "title": "Bronze Plaque"
  },
  {
    "id": "1650014387199",
    "img": "https://www.forevershining.com.au/design/saved-designs/screenshots/2022/04/1650014387199.jpg",
    "title": "Bronze Plaque"
  },
  {
    "id": "1649910038616",
    "img": "https://www.forevershining.com.au/design/saved-designs/screenshots/2022/04/1649910038616.jpg",
    "title": "Bronze Plaque"
  },
  {
    "id": "1649178553559",
    "img": "https://www.forevershining.com.au/design/saved-designs/screenshots/2022/04/1649178553559.jpg",
    "title": "Bronze Plaque"
  },
  {
    "id": "1649148679415",
    "img": "https://www.forevershining.com.au/design/saved-designs/screenshots/2022/04/1649148679415.jpg",
    "title": "Bronze Plaque"
  },
  {
    "id": "1644896374849",
    "img": "https://www.forevershining.com.au/design/saved-designs/screenshots/2022/02/1644896374849.jpg",
    "title": "Bronze Plaque"
  },
  {
    "id": "1636006417461",
    "img": "https://www.forevershining.com.au/design/saved-designs/screenshots/2021/11/1636006417461.jpg",
    "title": "Bronze Plaque"
  },
  {
    "id": "1636006352510",
    "img": "https://www.forevershining.com.au/design/saved-designs/screenshots/2021/11/1636006352510.jpg",
    "title": "Bronze Plaque"
  },
  {
    "id": "1636006295710",
    "img": "https://www.forevershining.com.au/design/saved-designs/screenshots/2021/11/1636006295710.jpg",
    "title": "Bronze Plaque"
  },
  {
    "id": "1633797669747",
    "img": "https://www.forevershining.com.au/design/saved-designs/screenshots/2021/10/1633797669747.jpg",
    "title": "Bronze Plaque"
  },
  {
    "id": "1633793426022",
    "img": "https://www.forevershining.com.au/design/saved-designs/screenshots/2021/10/1633793426022.jpg",
    "title": "Bronze Plaque"
  },
  {
    "id": "1633785831805",
    "img": "https://www.forevershining.com.au/design/saved-designs/screenshots/2021/10/1633785831805.jpg",
    "title": "Bronze Plaque"
  },
  {
    "id": "1633691789546",
    "img": "https://www.forevershining.com.au/design/saved-designs/screenshots/2021/10/1633691789546.jpg",
    "title": "Bronze Plaque"
  },
  {
    "id": "1631779030757",
    "img": "https://www.forevershining.com.au/design/saved-designs/screenshots/2021/09/1631779030757.jpg",
    "title": "Bronze Plaque"
  },
  {
    "id": "1631499145993",
    "img": "https://www.forevershining.com.au/design/saved-designs/screenshots/2021/09/1631499145993.jpg",
    "title": "Bronze Plaque"
  },
  {
    "id": "1631496680206",
    "img": "https://www.forevershining.com.au/design/saved-designs/screenshots/2021/09/1631496680206.jpg",
    "title": "Bronze Plaque"
  },
  {
    "id": "1628420273982",
    "img": "https://www.forevershining.com.au/design/saved-designs/screenshots/2021/08/1628420273982.jpg",
    "title": "Bronze Plaque"
  },
  {
    "id": "1628362541765",
    "img": "https://www.forevershining.com.au/design/saved-designs/screenshots/2021/08/1628362541765.jpg",
    "title": "Bronze Plaque"
  },
  {
    "id": "1628354260981",
    "img": "https://www.forevershining.com.au/design/saved-designs/screenshots/2021/08/1628354260981.jpg",
    "title": "Bronze Plaque"
  },
  {
    "id": "1628355443969",
    "img": "https://www.forevershining.com.au/design/undefined",
    "title": "Bronze Plaque"
  },
  {
    "id": "1619504070583",
    "img": "https://www.forevershining.com.au/design/saved-designs/screenshots/2021/04/1619504070583.jpg",
    "title": "Bronze Plaque"
  },
  {
    "id": "1618465573307",
    "img": "https://www.forevershining.com.au/design/saved-designs/screenshots/2021/04/1618465573307.jpg",
    "title": "Bronze Plaque"
  },
  {
    "id": "1617869530837",
    "img": "https://www.forevershining.com.au/design/saved-designs/screenshots/2021/04/1617869530837.jpg",
    "title": "Bronze Plaque"
  },
  {
    "id": "1617861640662",
    "img": "https://www.forevershining.com.au/design/saved-designs/screenshots/2021/04/1617861640662.jpg",
    "title": "Bronze Plaque"
  },
  {
    "id": "1617860364984",
    "img": "https://www.forevershining.com.au/design/saved-designs/screenshots/2021/04/1617860364984.jpg",
    "title": "Bronze Plaque"
  },
  {
    "id": "1617860240131",
    "img": "https://www.forevershining.com.au/design/saved-designs/screenshots/2021/04/1617860240131.jpg",
    "title": "Bronze Plaque"
  },
  {
    "id": "1617858819017",
    "img": "https://www.forevershining.com.au/design/saved-designs/screenshots/2021/04/1617858819017.jpg",
    "title": "Bronze Plaque"
  },
  {
    "id": "1617857983762",
    "img": "https://www.forevershining.com.au/design/saved-designs/screenshots/2021/04/1617857983762.jpg",
    "title": "Bronze Plaque"
  },
  {
    "id": "1617857250790",
    "img": "https://www.forevershining.com.au/design/saved-designs/screenshots/2021/04/1617857250790.jpg",
    "title": "Bronze Plaque"
  },
  {
    "id": "1617856502873",
    "img": "https://www.forevershining.com.au/design/saved-designs/screenshots/2021/04/1617856502873.jpg",
    "title": "Bronze Plaque"
  },
  {
    "id": "1617855453346",
    "img": "https://www.forevershining.com.au/design/saved-designs/screenshots/2021/04/1617855453346.jpg",
    "title": "Bronze Plaque"
  },
  {
    "id": "1617847669585",
    "img": "https://www.forevershining.com.au/design/saved-designs/screenshots/2021/04/1617847669585.jpg",
    "title": "Bronze Plaque"
  },
  {
    "id": "1612840629986",
    "img": "https://www.forevershining.com.au/design/saved-designs/screenshots/2021/02/1612840629986.jpg",
    "title": "Bronze Plaque"
  },
  {
    "id": "1612580347042",
    "img": "https://www.forevershining.com.au/design/saved-designs/screenshots/2021/02/1612580347042.jpg",
    "title": "Bronze Plaque"
  },
  {
    "id": "1611646982083",
    "img": "https://www.forevershining.com.au/design/saved-designs/screenshots/2021/01/1611646982083.jpg",
    "title": "Bronze Plaque"
  },
  {
    "id": "1611620760765",
    "img": "https://www.forevershining.com.au/design/saved-designs/screenshots/2021/01/1611620760765.jpg",
    "title": "Bronze Plaque"
  },
  {
    "id": "1611597038696",
    "img": "https://www.forevershining.com.au/design/saved-designs/screenshots/2021/01/1611597038696.jpg",
    "title": "Bronze Plaque"
  },
  {
    "id": "1611289618026",
    "img": "https://www.forevershining.com.au/design/saved-designs/screenshots/2021/01/1611289618026.jpg",
    "title": "Bronze Plaque"
  },
  {
    "id": "1611214792273",
    "img": "https://www.forevershining.com.au/design/saved-designs/screenshots/2021/01/1611214792273.jpg",
    "title": "Bronze Plaque"
  },
  {
    "id": "1607423532110",
    "img": "https://www.forevershining.com.au/design/saved-designs/screenshots/2020/12/1607423532110.jpg",
    "title": "Bronze Plaque"
  },
  {
    "id": "1607413693522",
    "img": "https://www.forevershining.com.au/design/saved-designs/screenshots/2020/12/1607413693522.jpg",
    "title": "Bronze Plaque"
  },
  {
    "id": "1607418084059",
    "img": "https://www.forevershining.com.au/design/saved-designs/screenshots/2020/12/1607418084059.jpg",
    "title": "Bronze Plaque"
  },
  {
    "id": "1607402580684",
    "img": "https://www.forevershining.com.au/design/saved-designs/screenshots/2020/12/1607402580684.jpg",
    "title": "Bronze Plaque"
  },
  {
    "id": "1607408623512",
    "img": "https://www.forevershining.com.au/design/saved-designs/screenshots/2020/12/1607408623512.jpg",
    "title": "Bronze Plaque"
  },
  {
    "id": "1607401918765",
    "img": "https://www.forevershining.com.au/design/saved-designs/screenshots/2020/12/1607401918765.jpg",
    "title": "Bronze Plaque"
  },
  {
    "id": "1606302644187",
    "img": "https://www.forevershining.com.au/design/saved-designs/screenshots/2020/11/1606302644187.jpg",
    "title": "Bronze Plaque"
  },
  {
    "id": "1602156551107",
    "img": "https://www.forevershining.com.au/design/saved-designs/screenshots/2020/10/1602156551107.jpg",
    "title": "Bronze Plaque"
  },
  {
    "id": "1602132331193",
    "img": "https://www.forevershining.com.au/design/saved-designs/screenshots/2020/10/1602132331193.jpg",
    "title": "Bronze Plaque"
  },
  {
    "id": "1601693237929",
    "img": "https://www.forevershining.com.au/design/saved-designs/screenshots/2020/10/1601693237929.jpg",
    "title": "Bronze Plaque"
  },
  {
    "id": "1601688052716",
    "img": "https://www.forevershining.com.au/design/saved-designs/screenshots/2020/10/1601688052716.jpg",
    "title": "Bronze Plaque"
  },
  {
    "id": "1601626189355",
    "img": "https://www.forevershining.com.au/design/saved-designs/screenshots/2020/10/1601626189355.jpg",
    "title": "Bronze Plaque"
  },
  {
    "id": "1601618542023",
    "img": "https://www.forevershining.com.au/design/saved-designs/screenshots/2020/10/1601618542023.jpg",
    "title": "Bronze Plaque"
  },
  {
    "id": "1601180465779",
    "img": "https://www.forevershining.com.au/design/saved-designs/screenshots/2020/09/1601180465779.jpg",
    "title": "Bronze Plaque"
  },
  {
    "id": "1601169915722",
    "img": "https://www.forevershining.com.au/design/saved-designs/screenshots/2020/09/1601169915722.jpg",
    "title": "Bronze Plaque"
  },
  {
    "id": "1596868154382",
    "img": "https://www.forevershining.com.au/design/saved-designs/screenshots/2020/08/1596868154382.jpg",
    "title": "Bronze Plaque"
  },
  {
    "id": "1594892242444",
    "img": "https://www.forevershining.com.au/design/saved-designs/screenshots/2020/07/1594892242444.jpg",
    "title": "Bronze Plaque"
  },
  {
    "id": "1594879259124",
    "img": "https://www.forevershining.com.au/design/saved-designs/screenshots/2020/07/1594879259124.jpg",
    "title": "Bronze Plaque"
  },
  {
    "id": "1594877438923",
    "img": "https://www.forevershining.com.au/design/saved-designs/screenshots/2020/07/1594877438923.jpg",
    "title": "Bronze Plaque"
  },
  {
    "id": "1594692368036",
    "img": "https://www.forevershining.com.au/design/saved-designs/screenshots/1594692368036.jpg",
    "title": "Bronze Plaque"
  },
  {
    "id": "1594642519664",
    "img": "https://www.forevershining.com.au/design/saved-designs/screenshots/2020/07/1594642519664.jpg",
    "title": "Bronze Plaque"
  },
  {
    "id": "1594443533909",
    "img": "https://www.forevershining.com.au/design/saved-designs/screenshots/1594443533909.jpg",
    "title": "Bronze Plaque"
  },
  {
    "id": "1594435784704",
    "img": "https://www.forevershining.com.au/design/saved-designs/screenshots/2020/07/1594435784704.jpg",
    "title": "Bronze Plaque"
  },
  {
    "id": "1594364018007",
    "img": "https://www.forevershining.com.au/design/saved-designs/screenshots/2020/07/1594364018007.jpg",
    "title": "Bronze Plaque"
  },
  {
    "id": "1590471026571",
    "img": "https://www.forevershining.com.au/design/saved-designs/screenshots/1590471026571.jpg",
    "title": "Bronze Plaque"
  },
  {
    "id": "1590470788019",
    "img": "https://www.forevershining.com.au/design/saved-designs/screenshots/1590470788019.jpg",
    "title": "Bronze Plaque"
  },
  {
    "id": "1590470239957",
    "img": "https://www.forevershining.com.au/design/saved-designs/screenshots/1590470239957.jpg",
    "title": "Bronze Plaque"
  },
  {
    "id": "1590470146686",
    "img": "https://www.forevershining.com.au/design/saved-designs/screenshots/1590470146686.jpg",
    "title": "Bronze Plaque"
  },
  {
    "id": "1590469744513",
    "img": "https://www.forevershining.com.au/design/saved-designs/screenshots/1590469744513.jpg",
    "title": "Bronze Plaque"
  },
  {
    "id": "1590282028616",
    "img": "https://www.forevershining.com.au/design/saved-designs/screenshots/1590282028616.jpg",
    "title": "Bronze Plaque"
  },
  {
    "id": "1589190363117",
    "img": "https://www.forevershining.com.au/design/saved-designs/screenshots/1589190363117.jpg",
    "title": "Bronze Plaque"
  },
  {
    "id": "1583320161710",
    "img": "https://www.forevershining.com.au/design/saved-designs/screenshots/1583320161710.jpg",
    "title": "Bronze Plaque"
  },
  {
    "id": "1583112838300",
    "img": "https://www.forevershining.com.au/design/saved-designs/screenshots/1583112838300.jpg",
    "title": "Bronze Plaque"
  },
  {
    "id": "1662078123513",
    "img": "https://www.forevershining.com.au/design/saved-designs/screenshots/2022/09/1662078123513.jpg",
    "title": "Bronze Plaque"
  },
  {
    "id": "1594437035760",
    "img": "https://www.forevershining.com.au/design/saved-designs/screenshots/2020/07/1594437035760.jpg",
    "title": "Bronze Plaque"
  }
]