[
  {
    "id": "1718330325854",
    "img": "https://www.forevershining.com.au/design/saved-designs/screenshots/2024/06/1718330325854.jpg",
    "title": "Stainless Steel Plaque"
  },
  {
    "id": "1717739102354",
    "img": "https://www.forevershining.com.au/design/saved-designs/screenshots/2024/06/1717739102354.jpg",
    "title": "Stainless Steel Plaque"
  },
  {
    "id": "1717726634769",
    "img": "https://www.forevershining.com.au/design/saved-designs/screenshots/2024/06/1717726634769.jpg",
    "title": "Stainless Steel Plaque"
  },
  {
    "id": "1710133950829",
    "img": "https://www.forevershining.com.au/design/saved-designs/screenshots/2024/03/1710133950829.jpg",
    "title": "Stainless Steel Plaque"
  },
  {
    "id": "1710122562158",
    "img": "https://www.forevershining.com.au/design/saved-designs/screenshots/2024/03/1710122562158.jpg",
    "title": "Stainless Steel Plaque"
  },
  {
    "id": "1710076397774",
    "img": "https://www.forevershining.com.au/design/saved-designs/screenshots/2024/03/1710076397774.jpg",
    "title": "Stainless Steel Plaque"
  },
  {
    "id": "1709792893353",
    "img": "https://www.forevershining.com.au/design/saved-designs/screenshots/2024/03/1709792893353.jpg",
    "title": "Stainless Steel Plaque"
  },
  {
    "id": "1709716339446",
    "img": "https://www.forevershining.com.au/design/saved-designs/screenshots/2024/03/1709716339446.jpg",
    "title": "Stainless Steel Plaque"
  },
  {
    "id": "1709714760334",
    "img": "https://www.forevershining.com.au/design/saved-designs/screenshots/2024/03/1709714760334.jpg",
    "title": "Stainless Steel Plaque"
  },
  {
    "id": "1709078954249",
    "img": "https://www.forevershining.com.au/design/saved-designs/screenshots/2024/02/1709078954249.jpg",
    "title": "Stainless Steel Plaque"
  },
  {
    "id": "1709070816244",
    "img": "https://www.forevershining.com.au/design/saved-designs/screenshots/2024/02/1709070816244.jpg",
    "title": "Stainless Steel Plaque"
  },
  {
    "id": "1708158716212",
    "img": "https://www.forevershining.com.au/design/saved-designs/screenshots/2024/02/1708158716212.jpg",
    "title": "Stainless Steel Plaque"
  },
  {
    "id": "1705031803486",
    "img": "https://www.forevershining.com.au/design/saved-designs/screenshots/2024/01/1705031803486.jpg",
    "title": "Stainless Steel Plaque"
  },
  {
    "id": "1705031543150",
    "img": "https://www.forevershining.com.au/design/saved-designs/screenshots/2024/01/1705031543150.jpg",
    "title": "Stainless Steel Plaque"
  },
  {
    "id": "1702507411905",
    "img": "https://www.forevershining.com.au/design/saved-designs/screenshots/2023/12/1702507411905.jpg",
    "title": "Stainless Steel Plaque"
  },
  {
    "id": "1702477896379",
    "img": "https://www.forevershining.com.au/design/saved-designs/screenshots/2023/12/1702477896379.jpg",
    "title": "Stainless Steel Plaque"
  },
  {
    "id": "1702476266445",
    "img": "https://www.forevershining.com.au/design/saved-designs/screenshots/2023/12/1702476266445.jpg",
    "title": "Stainless Steel Plaque"
  },
  {
    "id": "1701415151459",
    "img": "https://www.forevershining.com.au/design/saved-designs/screenshots/2023/12/1701415151459.jpg",
    "title": "Stainless Steel Plaque"
  },
  {
    "id": "1701414019930",
    "img": "https://www.forevershining.com.au/design/saved-designs/screenshots/2023/12/1701414019930.jpg",
    "title": "Stainless Steel Plaque"
  },
  {
    "id": "1696474720191",
    "img": "https://www.forevershining.com.au/design/saved-designs/screenshots/2023/10/1696474720191.jpg",
    "title": "Stainless Steel Plaque"
  },
  {
    "id": "1696473755980",
    "img": "https://www.forevershining.com.au/design/saved-designs/screenshots/2023/10/1696473755980.jpg",
    "title": "Stainless Steel Plaque"
  },
  {
    "id": "1693280699129",
    "img": "https://www.forevershining.com.au/design/saved-designs/screenshots/2023/08/1693280699129.jpg",
    "title": "Stainless Steel Plaque"
  },
  {
    "id": "1691433842015",
    "img": "https://www.forevershining.com.au/design/saved-designs/screenshots/2023/08/1691433842015.jpg",
    "title": "Stainless Steel Plaque"
  },
  {
    "id": "1688617215990",
    "img": "https://www.forevershining.com.au/design/saved-designs/screenshots/2023/07/1688617215990.jpg",
    "title": "Stainless Steel Plaque"
  },
  {
    "id": "1688616904388",
    "img": "https://www.forevershining.com.au/design/saved-designs/screenshots/2023/07/1688616904388.jpg",
    "title": "Stainless Steel Plaque"
  },
  {
    "id": "1688616807129",
    "img": "https://www.forevershining.com.au/design/saved-designs/screenshots/2023/07/1688616807129.jpg",
    "title": "Stainless Steel Plaque"
  },
  {
    "id": "1688616515592",
    "img": "https://www.forevershining.com.au/design/saved-designs/screenshots/2023/07/1688616515592.jpg",
    "title": "Stainless Steel Plaque"
  },
  {
    "id": "1688611232170",
    "img": "https://www.forevershining.com.au/design/saved-designs/screenshots/2023/07/1688611232170.jpg",
    "title": "Stainless Steel Plaque"
  },
  {
    "id": "1684458100170",
    "img": "https://www.forevershining.com.au/design/saved-designs/screenshots/2023/05/1684458100170.jpg",
    "title": "Stainless Steel Plaque"
  },
  {
    "id": "1682585506361",
    "img": "https://www.forevershining.com.au/design/saved-designs/screenshots/2023/04/1682585506361.jpg",
    "title": "Stainless Steel Plaque"
  },
  {
    "id": "1682585404387",
    "img": "https://www.forevershining.com.au/design/saved-designs/screenshots/2023/04/1682585404387.jpg",
    "title": "Stainless Steel Plaque"
  },
  {
    "id": "1682584185233",
    "img": "https://www.forevershining.com.au/design/saved-designs/screenshots/2023/04/1682584185233.jpg",
    "title": "Stainless Steel Plaque"
  },
  {
    "id": "1682583747995",
    "img": "https://www.forevershining.com.au/design/saved-designs/screenshots/2023/04/1682583747995.jpg",
    "title": "Stainless Steel Plaque"
  },
  {
    "id": "1679657258328",
    "img": "https://www.forevershining.com.au/design/saved-designs/screenshots/2023/03/1679657258328.jpg",
    "title": "Stainless Steel Plaque"
  },
  {
    "id": "1679657133825",
    "img": "https://www.forevershining.com.au/design/saved-designs/screenshots/2023/03/1679657133825.jpg",
    "title": "Stainless Steel Plaque"
  },
  {
    "id": "1678525161588",
    "img": "https://www.forevershining.com.au/design/saved-designs/screenshots/2023/03/1678525161588.jpg",
    "title": "Stainless Steel Plaque"
  },
  {
    "id": "1678524989415",
    "img": "https://www.forevershining.com.au/design/saved-designs/screenshots/2023/03/1678524989415.jpg",
    "title": "Stainless Steel Plaque"
  },
  {
    "id": "1678524962541",
    "img": "https://www.forevershining.com.au/design/saved-designs/screenshots/2023/03/1678524962541.jpg",
    "title": "Stainless Steel Plaque"
  },
  {
    "id": "1678524604619",
    "img": "https://www.forevershining.com.au/design/saved-designs/screenshots/2023/03/1678524604619.jpg",
    "title": "Stainless Steel Plaque"
  },
  {
    "id": "1678523311328",
    "img": "https://www.forevershining.com.au/design/saved-designs/screenshots/2023/03/1678523311328.jpg",
    "title": "Stainless Steel Plaque"
  },
  {
    "id": "1678523117760",
    "img": "https://www.forevershining.com.au/design/saved-designs/screenshots/2023/03/1678523117760.jpg",
    "title": "Stainless Steel Plaque"
  },
  {
    "id": "1678522111805",
    "img": "https://www.forevershining.com.au/design/saved-designs/screenshots/2023/03/1678522111805.jpg",
    "title": "Stainless Steel Plaque"
  },
  {
    "id": "1676369280181",
    "img": "https://www.forevershining.com.au/design/saved-designs/screenshots/2023/02/1676369280181.jpg",
    "title": "Stainless Steel Plaque"
  },
  {
    "id": "1674570418044",
    "img": "https://www.forevershining.com.au/design/saved-designs/screenshots/2023/01/1674570418044.jpg",
    "title": "Stainless Steel Plaque"
  },
  {
    "id": "1673345096040",
    "img": "https://www.forevershining.com.au/design/saved-designs/screenshots/2023/01/1673345096040.jpg",
    "title": "Stainless Steel Plaque"
  },
  {
    "id": "1673344695980",
    "img": "https://www.forevershining.com.au/design/saved-designs/screenshots/2023/01/1673344695980.jpg",
    "title": "Stainless Steel Plaque"
  },
  {
    "id": "1673344602778",
    "img": "https://www.forevershining.com.au/design/saved-designs/screenshots/2023/01/1673344602778.jpg",
    "title": "Stainless Steel Plaque"
  },
  {
    "id": "1673343957787",
    "img": "https://www.forevershining.com.au/design/saved-designs/screenshots/2023/01/1673343957787.jpg",
    "title": "Stainless Steel Plaque"
  },
  {
    "id": "1673343635843",
    "img": "https://www.forevershining.com.au/design/saved-designs/screenshots/2023/01/1673343635843.jpg",
    "title": "Stainless Steel Plaque"
  },
  {
    "id": "1668490896172",
    "img": "https://www.forevershining.com.au/design/saved-designs/screenshots/2022/11/1668490896172.jpg",
    "title": "Stainless Steel Plaque"
  },
  {
    "id": "1668210507879",
    "img": "https://www.forevershining.com.au/design/saved-designs/screenshots/2022/11/1668210507879.jpg",
    "title": "Stainless Steel Plaque"
  },
  {
    "id": "1668203582618",
    "img": "https://www.forevershining.com.au/design/saved-designs/screenshots/2022/11/1668203582618.jpg",
    "title": "Stainless Steel Plaque"
  },
  {
    "id": "1664756584068",
    "img": "https://www.forevershining.com.au/design/saved-designs/screenshots/2022/10/1664756584068.jpg",
    "title": "Stainless Steel Plaque"
  },
  {
    "id": "1663665493286",
    "img": "https://www.forevershining.com.au/design/saved-designs/screenshots/2022/09/1663665493286.jpg",
    "title": "Stainless Steel Plaque"
  },
  {
    "id": "1663652367458",
    "img": "https://www.forevershining.com.au/design/saved-designs/screenshots/2022/09/1663652367458.jpg",
    "title": "Stainless Steel Plaque"
  },
  {
    "id": "1663651124377",
    "img": "https://www.forevershining.com.au/design/saved-designs/screenshots/2022/09/1663651124377.jpg",
    "title": "Stainless Steel Plaque"
  },
  {
    "id": "1658120637282",
    "img": "https://www.forevershining.com.au/design/saved-designs/screenshots/2022/07/1658120637282.jpg",
    "title": "Stainless Steel Plaque"
  },
  {
    "id": "1647577182527",
    "img": "https://www.forevershining.com.au/design/saved-designs/screenshots/2022/03/1647577182527.jpg",
    "title": "Stainless Steel Plaque"
  },
  {
    "id": "1647577025299",
    "img": "https://www.forevershining.com.au/design/saved-designs/screenshots/2022/03/1647577025299.jpg",
    "title": "Stainless Steel Plaque"
  },
  {
    "id": "1647576034755",
    "img": "https://www.forevershining.com.au/design/saved-designs/screenshots/2022/03/1647576034755.jpg",
    "title": "Stainless Steel Plaque"
  },
  {
    "id": "1645403496439",
    "img": "https://www.forevershining.com.au/design/saved-designs/screenshots/2022/02/1645403496439.jpg",
    "title": "Stainless Steel Plaque"
  },
  {
    "id": "1645403251793",
    "img": "https://www.forevershining.com.au/design/saved-designs/screenshots/2022/02/1645403251793.jpg",
    "title": "Stainless Steel Plaque"
  },
  {
    "id": "1645402659855",
    "img": "https://www.forevershining.com.au/design/saved-designs/screenshots/2022/02/1645402659855.jpg",
    "title": "Stainless Steel Plaque"
  },
  {
    "id": "1645402232760",
    "img": "https://www.forevershining.com.au/design/saved-designs/screenshots/2022/02/1645402232760.jpg",
    "title": "Stainless Steel Plaque"
  },
  {
    "id": "1645401013388",
    "img": "https://www.forevershining.com.au/design/saved-designs/screenshots/2022/02/1645401013388.jpg",
    "title": "Stainless Steel Plaque"
  },
  {
    "id": "1637802349610",
    "img": "https://www.forevershining.com.au/design/saved-designs/screenshots/2021/11/1637802349610.jpg",
    "title": "Stainless Steel Plaque"
  },
  {
    "id": "1636417318954",
    "img": "https://www.forevershining.com.au/design/saved-designs/screenshots/2021/11/1636417318954.jpg",
    "title": "Stainless Steel Plaque"
  },
  {
    "id": "1631605240945",
    "img": "https://www.forevershining.com.au/design/saved-designs/screenshots/2021/09/1631605240945.jpg",
    "title": "Stainless Steel Plaque"
  },
  {
    "id": "1681369601758",
    "img": "https://www.forevershining.com.au/design/saved-designs/screenshots/2023/04/1681369601758.jpg",
    "title": "Stainless Steel Plaque"
  },
  {
    "id": "1681369174003",
    "img": "https://www.forevershining.com.au/design/saved-designs/screenshots/2023/04/1681369174003.jpg",
    "title": "Stainless Steel Plaque"
  },
  {
    "id": "1681368037560",
    "img": "https://www.forevershining.com.au/design/saved-designs/screenshots/2023/04/1681368037560.jpg",
    "title": "Stainless Steel Plaque"
  },
  {
    "id": "1630898706140",
    "img": "https://www.forevershining.com.au/design/saved-designs/screenshots/2021/09/1630898706140.jpg",
    "title": "Stainless Steel Plaque"
  },
  {
    "id": "1630291485222",
    "img": "https://www.forevershining.com.au/design/saved-designs/screenshots/2021/08/1630291485222.jpg",
    "title": "Stainless Steel Plaque"
  },
  {
    "id": "1630290851708",
    "img": "https://www.forevershining.com.au/design/saved-designs/screenshots/2021/08/1630290851708.jpg",
    "title": "Stainless Steel Plaque"
  },
  {
    "id": "1630283979828",
    "img": "https://www.forevershining.com.au/design/saved-designs/screenshots/2021/08/1630283979828.jpg",
    "title": "Stainless Steel Plaque"
  },
  {
    "id": "1630203609251",
    "img": "https://www.forevershining.com.au/design/saved-designs/screenshots/2021/08/1630203609251.jpg",
    "title": "Stainless Steel Plaque"
  }
]