[
  {
    "id": "1662685863878",
    "img": "https://www.forevershining.com.au/design/saved-designs/screenshots/2022/09/1662685863878.jpg",
    "title": "Bronze Plaque"
  },
  {
    "id": "1607600942580",
    "img": "https://www.forevershining.com.au/design/saved-designs/screenshots/2020/12/1607600942580.jpg",
    "title": "Bronze Plaque"
  },
  {
    "id": "1607598067978",
    "img": "https://www.forevershining.com.au/design/saved-designs/screenshots/2020/12/1607598067978.jpg",
    "title": "Bronze Plaque"
  },
  {
    "id": "1603961116613",
    "img": "https://www.forevershining.com.au/design/saved-designs/screenshots/2020/10/1603961116613.jpg",
    "title": "Bronze Plaque"
  },
  {
    "id": "1603278981939",
    "img": "https://www.forevershining.com.au/design/saved-designs/screenshots/2020/10/1603278981939.jpg",
    "title": "Bronze Plaque"
  }
]