[
  {
    "id": "1712535839576",
    "img": "https://www.forevershining.com.au/design/saved-designs/screenshots/2024/04/1712535839576.jpg",
    "title": "Laser Etched Black Granite Plaque"
  },
  {
    "id": "1712533815536",
    "img": "https://www.forevershining.com.au/design/saved-designs/screenshots/2024/04/1712533815536.jpg",
    "title": "Laser Etched Black Granite Plaque"
  },
  {
    "id": "1712532966136",
    "img": "https://www.forevershining.com.au/design/saved-designs/screenshots/2024/04/1712532966136.jpg",
    "title": "Laser Etched Black Granite Plaque"
  },
  {
    "id": "1712532709118",
    "img": "https://www.forevershining.com.au/design/saved-designs/screenshots/2024/04/1712532709118.jpg",
    "title": "Laser Etched Black Granite Plaque"
  },
  {
    "id": "1712532396266",
    "img": "https://www.forevershining.com.au/design/saved-designs/screenshots/2024/04/1712532396266.jpg",
    "title": "Laser Etched Black Granite Plaque"
  },
  {
    "id": "1712531751440",
    "img": "https://www.forevershining.com.au/design/saved-designs/screenshots/2024/04/1712531751440.jpg",
    "title": "Laser Etched Black Granite Plaque"
  },
  {
    "id": "1712132897038",
    "img": "https://www.forevershining.com.au/design/saved-designs/screenshots/2024/04/1712132897038.jpg",
    "title": "Laser Etched Black Granite Plaque"
  },
  {
    "id": "1712132545041",
    "img": "https://www.forevershining.com.au/design/saved-designs/screenshots/2024/04/1712132545041.jpg",
    "title": "Laser Etched Black Granite Plaque"
  },
  {
    "id": "1712131828241",
    "img": "https://www.forevershining.com.au/design/saved-designs/screenshots/2024/04/1712131828241.jpg",
    "title": "Laser Etched Black Granite Plaque"
  },
  {
    "id": "1704435977373",
    "img": "https://www.forevershining.com.au/design/saved-designs/screenshots/2024/01/1704435977373.jpg",
    "title": "Laser Etched Black Granite Plaque"
  },
  {
    "id": "1704431557963",
    "img": "https://www.forevershining.com.au/design/saved-designs/screenshots/2024/01/1704431557963.jpg",
    "title": "Laser Etched Black Granite Plaque"
  },
  {
    "id": "1699958985865",
    "img": "https://www.forevershining.com.au/design/saved-designs/screenshots/2023/11/1699958985865.jpg",
    "title": "Laser Etched Black Granite Plaque"
  },
  {
    "id": "1699930168737",
    "img": "https://www.forevershining.com.au/design/saved-designs/screenshots/2023/11/1699930168737.jpg",
    "title": "Laser Etched Black Granite Plaque"
  },
  {
    "id": "1699921372760",
    "img": "https://www.forevershining.com.au/design/saved-designs/screenshots/2023/11/1699921372760.jpg",
    "title": "Laser Etched Black Granite Plaque"
  },
  {
    "id": "1699868748231",
    "img": "https://www.forevershining.com.au/design/saved-designs/screenshots/2023/11/1699868748231.jpg",
    "title": "Laser Etched Black Granite Plaque"
  },
  {
    "id": "1697109374488",
    "img": "https://www.forevershining.com.au/design/saved-designs/screenshots/2023/10/1697109374488.jpg",
    "title": "Laser Etched Black Granite Plaque"
  },
  {
    "id": "1696842632013",
    "img": "https://www.forevershining.com.au/design/saved-designs/screenshots/2023/10/1696842632013.jpg",
    "title": "Laser Etched Black Granite Plaque"
  },
  {
    "id": "1696842590231",
    "img": "https://www.forevershining.com.au/design/saved-designs/screenshots/2023/10/1696842590231.jpg",
    "title": "Laser Etched Black Granite Plaque"
  },
  {
    "id": "1696842404373",
    "img": "https://www.forevershining.com.au/design/saved-designs/screenshots/2023/10/1696842404373.jpg",
    "title": "Laser Etched Black Granite Plaque"
  },
  {
    "id": "1696842341432",
    "img": "https://www.forevershining.com.au/design/saved-designs/screenshots/2023/10/1696842341432.jpg",
    "title": "Laser Etched Black Granite Plaque"
  },
  {
    "id": "1696842281082",
    "img": "https://www.forevershining.com.au/design/saved-designs/screenshots/2023/10/1696842281082.jpg",
    "title": "Laser Etched Black Granite Plaque"
  },
  {
    "id": "1696841862460",
    "img": "https://www.forevershining.com.au/design/saved-designs/screenshots/2023/10/1696841862460.jpg",
    "title": "Laser Etched Black Granite Plaque"
  },
  {
    "id": "1696839478500",
    "img": "https://www.forevershining.com.au/design/saved-designs/screenshots/2023/10/1696839478500.jpg",
    "title": "Laser Etched Black Granite Plaque"
  },
  {
    "id": "1696839126725",
    "img": "https://www.forevershining.com.au/design/saved-designs/screenshots/2023/10/1696839126725.jpg",
    "title": "Laser Etched Black Granite Plaque"
  },
  {
    "id": "1696838334634",
    "img": "https://www.forevershining.com.au/design/saved-designs/screenshots/2023/10/1696838334634.jpg",
    "title": "Laser Etched Black Granite Plaque"
  },
  {
    "id": "1693279480535",
    "img": "https://www.forevershining.com.au/design/saved-designs/screenshots/2023/08/1693279480535.jpg",
    "title": "Laser Etched Black Granite Plaque"
  },
  {
    "id": "1693275086006",
    "img": "https://www.forevershining.com.au/design/saved-designs/screenshots/2023/08/1693275086006.jpg",
    "title": "Laser Etched Black Granite Plaque"
  },
  {
    "id": "1693199138915",
    "img": "https://www.forevershining.com.au/design/saved-designs/screenshots/2023/08/1693199138915.jpg",
    "title": "Laser Etched Black Granite Plaque"
  },
  {
    "id": "1693197624574",
    "img": "https://www.forevershining.com.au/design/saved-designs/screenshots/2023/08/1693197624574.jpg",
    "title": "Laser Etched Black Granite Plaque"
  },
  {
    "id": "1685524839212",
    "img": "https://www.forevershining.com.au/design/saved-designs/screenshots/2023/05/1685524839212.jpg",
    "title": "Laser Etched Black Granite Plaque"
  },
  {
    "id": "1685524064591",
    "img": "https://www.forevershining.com.au/design/saved-designs/screenshots/2023/05/1685524064591.jpg",
    "title": "Laser Etched Black Granite Plaque"
  },
  {
    "id": "1685523508396",
    "img": "https://www.forevershining.com.au/design/saved-designs/screenshots/2023/05/1685523508396.jpg",
    "title": "Laser Etched Black Granite Plaque"
  },
  {
    "id": "1674645905723",
    "img": "https://www.forevershining.com.au/design/saved-designs/screenshots/2023/01/1674645905723.jpg",
    "title": "Laser Etched Black Granite Plaque"
  },
  {
    "id": "1673322788560",
    "img": "https://www.forevershining.com.au/design/saved-designs/screenshots/2023/01/1673322788560.jpg",
    "title": "Laser Etched Black Granite Plaque"
  },
  {
    "id": "1671179477593",
    "img": "https://www.forevershining.com.au/design/saved-designs/screenshots/2022/12/1671179477593.jpg",
    "title": "Laser Etched Black Granite Plaque"
  },
  {
    "id": "1671076674713",
    "img": "https://www.forevershining.com.au/design/saved-designs/screenshots/2022/12/1671076674713.jpg",
    "title": "Laser Etched Black Granite Plaque"
  },
  {
    "id": "1671058964010",
    "img": "https://www.forevershining.com.au/design/saved-designs/screenshots/2022/12/1671058964010.jpg",
    "title": "Laser Etched Black Granite Plaque"
  },
  {
    "id": "1671058127666",
    "img": "https://www.forevershining.com.au/design/saved-designs/screenshots/2022/12/1671058127666.jpg",
    "title": "Laser Etched Black Granite Plaque"
  },
  {
    "id": "1671057948171",
    "img": "https://www.forevershining.com.au/design/saved-designs/screenshots/2022/12/1671057948171.jpg",
    "title": "Laser Etched Black Granite Plaque"
  },
  {
    "id": "1670978067144",
    "img": "https://www.forevershining.com.au/design/saved-designs/screenshots/2022/12/1670978067144.jpg",
    "title": "Laser Etched Black Granite Plaque"
  },
  {
    "id": "1670634968759",
    "img": "https://www.forevershining.com.au/design/saved-designs/screenshots/2022/12/1670634968759.jpg",
    "title": "Laser Etched Black Granite Plaque"
  },
  {
    "id": "1668577130686",
    "img": "https://www.forevershining.com.au/design/saved-designs/screenshots/2022/11/1668577130686.jpg",
    "title": "Laser Etched Black Granite Plaque"
  },
  {
    "id": "1662946713268",
    "img": "https://www.forevershining.com.au/design/saved-designs/screenshots/2022/09/1662946713268.jpg",
    "title": "Laser Etched Black Granite Plaque"
  },
  {
    "id": "1662946282490",
    "img": "https://www.forevershining.com.au/design/saved-designs/screenshots/2022/09/1662946282490.jpg",
    "title": "Laser Etched Black Granite Plaque"
  },
  {
    "id": "1662429091137",
    "img": "https://www.forevershining.com.au/design/saved-designs/screenshots/2022/09/1662429091137.jpg",
    "title": "Laser Etched Black Granite Plaque"
  },
  {
    "id": "1662428949745",
    "img": "https://www.forevershining.com.au/design/saved-designs/screenshots/2022/09/1662428949745.jpg",
    "title": "Laser Etched Black Granite Plaque"
  },
  {
    "id": "1662427381431",
    "img": "https://www.forevershining.com.au/design/saved-designs/screenshots/2022/09/1662427381431.jpg",
    "title": "Laser Etched Black Granite Plaque"
  },
  {
    "id": "1655251950769",
    "img": "https://www.forevershining.com.au/design/saved-designs/screenshots/2022/06/1655251950769.jpg",
    "title": "Laser Etched Black Granite Plaque"
  },
  {
    "id": "1655251784909",
    "img": "https://www.forevershining.com.au/design/saved-designs/screenshots/2022/06/1655251784909.jpg",
    "title": "Laser Etched Black Granite Plaque"
  },
  {
    "id": "1651562972988",
    "img": "https://www.forevershining.com.au/design/saved-designs/screenshots/2022/05/1651562972988.jpg",
    "title": "Laser Etched Black Granite Plaque"
  },
  {
    "id": "1651560322672",
    "img": "https://www.forevershining.com.au/design/saved-designs/screenshots/2022/05/1651560322672.jpg",
    "title": "Laser Etched Black Granite Plaque"
  },
  {
    "id": "1641906174332",
    "img": "https://www.forevershining.com.au/design/saved-designs/screenshots/2022/01/1641906174332.jpg",
    "title": "Laser Etched Black Granite Plaque"
  },
  {
    "id": "1636625046692",
    "img": "https://www.forevershining.com.au/design/saved-designs/screenshots/2021/11/1636625046692.jpg",
    "title": "Laser Etched Black Granite Plaque"
  },
  {
    "id": "1632650453759",
    "img": "https://www.forevershining.com.au/design/saved-designs/screenshots/2021/09/1632650453759.jpg",
    "title": "Laser Etched Black Granite Plaque"
  },
  {
    "id": "1622504820495",
    "img": "https://www.forevershining.com.au/design/saved-designs/screenshots/2021/05/1622504820495.jpg",
    "title": "Laser Etched Black Granite Plaque"
  },
  {
    "id": "1618554548506",
    "img": "https://www.forevershining.com.au/design/saved-designs/screenshots/2021/04/1618554548506.jpg",
    "title": "Laser Etched Black Granite Plaque"
  },
  {
    "id": "1618546883572",
    "img": "https://www.forevershining.com.au/design/saved-designs/screenshots/2021/04/1618546883572.jpg",
    "title": "Laser Etched Black Granite Plaque"
  },
  {
    "id": "1618546288127",
    "img": "https://www.forevershining.com.au/design/saved-designs/screenshots/2021/04/1618546288127.jpg",
    "title": "Laser Etched Black Granite Plaque"
  },
  {
    "id": "1618465678200",
    "img": "https://www.forevershining.com.au/design/saved-designs/screenshots/2021/04/1618465678200.jpg",
    "title": "Laser Etched Black Granite Plaque"
  },
  {
    "id": "1614123448902",
    "img": "https://www.forevershining.com.au/design/saved-designs/screenshots/2021/02/1614123448902.jpg",
    "title": "Laser Etched Black Granite Plaque"
  },
  {
    "id": "1609941111201",
    "img": "https://www.forevershining.com.au/design/saved-designs/screenshots/2021/01/1609941111201.jpg",
    "title": "Laser Etched Black Granite Plaque"
  },
  {
    "id": "1604954105364",
    "img": "https://www.forevershining.com.au/design/saved-designs/screenshots/2020/11/1604954105364.jpg",
    "title": "Laser Etched Black Granite Plaque"
  },
  {
    "id": "1601535496567",
    "img": "https://www.forevershining.com.au/design/saved-designs/screenshots/2020/10/1601535496567.jpg",
    "title": "Laser Etched Black Granite Plaque"
  },
  {
    "id": "1601521068052",
    "img": "https://www.forevershining.com.au/design/saved-designs/screenshots/2020/10/1601521068052.jpg",
    "title": "Laser Etched Black Granite Plaque"
  },
  {
    "id": "1601508900791",
    "img": "https://www.forevershining.com.au/design/saved-designs/screenshots/2020/09/1601508900791.jpg",
    "title": "Laser Etched Black Granite Plaque"
  },
  {
    "id": "1601267914563",
    "img": "https://www.forevershining.com.au/design/saved-designs/screenshots/2020/09/1601267914563.jpg",
    "title": "Laser Etched Black Granite Plaque"
  },
  {
    "id": "1598329022742",
    "img": "https://www.forevershining.com.au/design/saved-designs/screenshots/2020/08/1598329022742.jpg",
    "title": "Laser Etched Black Granite Plaque"
  },
  {
    "id": "1595215467828",
    "img": "https://www.forevershining.com.au/design/saved-designs/screenshots/2020/07/1595215467828.jpg",
    "title": "Laser Etched Black Granite Plaque"
  },
  {
    "id": "1594869947697",
    "img": "https://www.forevershining.com.au/design/saved-designs/screenshots/2020/07/1594869947697.jpg",
    "title": "Laser Etched Black Granite Plaque"
  },
  {
    "id": "1594609885624",
    "img": "https://www.forevershining.com.au/design/saved-designs/screenshots/2020/07/1594609885624.jpg",
    "title": "Laser Etched Black Granite Plaque"
  },
  {
    "id": "1592377456103",
    "img": "https://www.forevershining.com.au/design/saved-designs/screenshots/1592377456103.jpg",
    "title": "Laser Etched Black Granite Plaque"
  },
  {
    "id": "1592372846566",
    "img": "https://www.forevershining.com.au/design/saved-designs/screenshots/1592372846566.jpg",
    "title": "Laser Etched Black Granite Plaque"
  },
  {
    "id": "1591330830009",
    "img": "https://www.forevershining.com.au/design/saved-designs/screenshots/1591330830009.jpg",
    "title": "Laser Etched Black Granite Plaque"
  },
  {
    "id": "1591330726172",
    "img": "https://www.forevershining.com.au/design/saved-designs/screenshots/1591330726172.jpg",
    "title": "Laser Etched Black Granite Plaque"
  },
  {
    "id": "1591330467691",
    "img": "https://www.forevershining.com.au/design/saved-designs/screenshots/1591330467691.jpg",
    "title": "Laser Etched Black Granite Plaque"
  },
  {
    "id": "1589185887366",
    "img": "https://www.forevershining.com.au/design/saved-designs/screenshots/1589185887366.jpg",
    "title": "Laser Etched Black Granite Plaque"
  },
  {
    "id": "1589184945132",
    "img": "https://www.forevershining.com.au/design/saved-designs/screenshots/1589184945132.jpg",
    "title": "Laser Etched Black Granite Plaque"
  },
  {
    "id": "1589181283065",
    "img": "https://www.forevershining.com.au/design/saved-designs/screenshots/1589181283065.jpg",
    "title": "Laser Etched Black Granite Plaque"
  },
  {
    "id": "1583279851888",
    "img": "https://www.forevershining.com.au/design/saved-designs/screenshots/1583279851888.jpg",
    "title": "Laser Etched Black Granite Plaque"
  },
  {
    "id": "1583205606165",
    "img": "https://www.forevershining.com.au/design/saved-designs/screenshots/1583205606165.jpg",
    "title": "Laser Etched Black Granite Plaque"
  },
  {
    "id": "1581322529453",
    "img": "https://www.forevershining.com.au/design/saved-designs/screenshots/1581322529453.jpg",
    "title": "Laser Etched Black Granite Plaque"
  },
  {
    "id": "1581322250037",
    "img": "https://www.forevershining.com.au/design/saved-designs/screenshots/1581322250037.jpg",
    "title": "Laser Etched Black Granite Plaque"
  },
  {
    "id": "1581320954067",
    "img": "https://www.forevershining.com.au/design/saved-designs/screenshots/1581320954067.jpg",
    "title": "Laser Etched Black Granite Plaque"
  },
  {
    "id": "1580524774256",
    "img": "https://www.forevershining.com.au/design/saved-designs/screenshots/1580524774256.jpg",
    "title": "Laser Etched Black Granite Plaque"
  },
  {
    "id": "1580508629012",
    "img": "https://www.forevershining.com.au/design/saved-designs/screenshots/1580508629012.jpg",
    "title": "Laser Etched Black Granite Plaque"
  },
  {
    "id": "1580506919912",
    "img": "https://www.forevershining.com.au/design/saved-designs/screenshots/1580506919912.jpg",
    "title": "Laser Etched Black Granite Plaque"
  },
  {
    "id": "1661383767040",
    "img": "https://www.forevershining.com.au/design/saved-designs/screenshots/2022/08/1661383767040.jpg",
    "title": "Laser Etched Black Granite Plaque"
  },
  {
    "id": "1661317878917",
    "img": "https://www.forevershining.com.au/design/saved-designs/screenshots/2022/08/1661317878917.jpg",
    "title": "Laser Etched Black Granite Plaque"
  },
  {
    "id": "1661317269343",
    "img": "https://www.forevershining.com.au/design/saved-designs/screenshots/2022/08/1661317269343.jpg",
    "title": "Laser Etched Black Granite Plaque"
  },
  {
    "id": "1660115371907",
    "img": "https://www.forevershining.com.au/design/saved-designs/screenshots/2022/08/1660115371907.jpg",
    "title": "Laser Etched Black Granite Plaque"
  },
  {
    "id": "1598310445607",
    "img": "https://www.forevershining.com.au/design/saved-designs/screenshots/1598310445607.jpg",
    "title": "Laser Etched Black Granite Plaque"
  }
]