[
  {
    "id": "1717378691562",
    "img": "https://www.forevershining.com.au/design/saved-designs/screenshots/2024/06/1717378691562.jpg",
    "title": "Bronze Plaque"
  },
  {
    "id": "1717371658862",
    "img": "https://www.forevershining.com.au/design/saved-designs/screenshots/2024/06/1717371658862.jpg",
    "title": "Bronze Plaque"
  },
  {
    "id": "1717037744871",
    "img": "https://www.forevershining.com.au/design/saved-designs/screenshots/2024/05/1717037744871.jpg",
    "title": "Bronze Plaque"
  },
  {
    "id": "1716857383666",
    "img": "https://www.forevershining.com.au/design/saved-designs/screenshots/2024/05/1716857383666.jpg",
    "title": "Bronze Plaque"
  },
  {
    "id": "1713839335073",
    "img": "https://www.forevershining.com.au/design/saved-designs/screenshots/2024/04/1713839335073.jpg",
    "title": "Bronze Plaque"
  },
  {
    "id": "1713088082526",
    "img": "https://www.forevershining.com.au/design/saved-designs/screenshots/2024/04/1713088082526.jpg",
    "title": "Bronze Plaque"
  },
  {
    "id": "1713084231506",
    "img": "https://www.forevershining.com.au/design/saved-designs/screenshots/2024/04/1713084231506.jpg",
    "title": "Bronze Plaque"
  },
  {
    "id": "1713084153187",
    "img": "https://www.forevershining.com.au/design/saved-designs/screenshots/2024/04/1713084153187.jpg",
    "title": "Bronze Plaque"
  },
  {
    "id": "1713084065896",
    "img": "https://www.forevershining.com.au/design/saved-designs/screenshots/2024/04/1713084065896.jpg",
    "title": "Bronze Plaque"
  },
  {
    "id": "1713083865851",
    "img": "https://www.forevershining.com.au/design/saved-designs/screenshots/2024/04/1713083865851.jpg",
    "title": "Bronze Plaque"
  },
  {
    "id": "1713083751554",
    "img": "https://www.forevershining.com.au/design/saved-designs/screenshots/2024/04/1713083751554.jpg",
    "title": "Bronze Plaque"
  },
  {
    "id": "1713081571955",
    "img": "https://www.forevershining.com.au/design/saved-designs/screenshots/2024/04/1713081571955.jpg",
    "title": "Bronze Plaque"
  },
  {
    "id": "1713076779801",
    "img": "https://www.forevershining.com.au/design/saved-designs/screenshots/2024/04/1713076779801.jpg",
    "title": "Bronze Plaque"
  },
  {
    "id": "1705913176551",
    "img": "https://www.forevershining.com.au/design/saved-designs/screenshots/2024/01/1705913176551.jpg",
    "title": "Bronze Plaque"
  },
  {
    "id": "1699748219944",
    "img": "https://www.forevershining.com.au/design/saved-designs/screenshots/2023/11/1699748219944.jpg",
    "title": "Bronze Plaque"
  },
  {
    "id": "1695811401126",
    "img": "https://www.forevershining.com.au/design/saved-designs/screenshots/2023/09/1695811401126.jpg",
    "title": "Bronze Plaque"
  },
  {
    "id": "1695728066107",
    "img": "https://www.forevershining.com.au/design/saved-designs/screenshots/2023/09/1695728066107.jpg",
    "title": "Bronze Plaque"
  },
  {
    "id": "1695727426874",
    "img": "https://www.forevershining.com.au/design/saved-designs/screenshots/2023/09/1695727426874.jpg",
    "title": "Bronze Plaque"
  },
  {
    "id": "1695719478327",
    "img": "https://www.forevershining.com.au/design/saved-designs/screenshots/2023/09/1695719478327.jpg",
    "title": "Bronze Plaque"
  },
  {
    "id": "1695699200157",
    "img": "https://www.forevershining.com.au/design/saved-designs/screenshots/2023/09/1695699200157.jpg",
    "title": "Bronze Plaque"
  },
  {
    "id": "1692247622875",
    "img": "https://www.forevershining.com.au/design/saved-designs/screenshots/2023/08/1692247622875.jpg",
    "title": "Bronze Plaque"
  },
  {
    "id": "1715588673073",
    "img": "https://www.forevershining.com.au/design/saved-designs/screenshots/2024/05/1715588673073.jpg",
    "title": "Bronze Plaque"
  },
  {
    "id": "1715588413015",
    "img": "https://www.forevershining.com.au/design/saved-designs/screenshots/2024/05/1715588413015.jpg",
    "title": "Bronze Plaque"
  },
  {
    "id": "1715588191775",
    "img": "https://www.forevershining.com.au/design/saved-designs/screenshots/2024/05/1715588191775.jpg",
    "title": "Bronze Plaque"
  },
  {
    "id": "1715583212810",
    "img": "https://www.forevershining.com.au/design/saved-designs/screenshots/2024/05/1715583212810.jpg",
    "title": "Bronze Plaque"
  },
  {
    "id": "1683313254643",
    "img": "https://www.forevershining.com.au/design/saved-designs/screenshots/2023/05/1683313254643.jpg",
    "title": "Bronze Plaque"
  },
  {
    "id": "1680818649362",
    "img": "https://www.forevershining.com.au/design/saved-designs/screenshots/2023/04/1680818649362.jpg",
    "title": "Bronze Plaque"
  },
  {
    "id": "1671988551600",
    "img": "https://www.forevershining.com.au/design/saved-designs/screenshots/2022/12/1671988551600.jpg",
    "title": "Bronze Plaque"
  },
  {
    "id": "1671984620020",
    "img": "https://www.forevershining.com.au/design/saved-designs/screenshots/2022/12/1671984620020.jpg",
    "title": "Bronze Plaque"
  },
  {
    "id": "1671981940294",
    "img": "https://www.forevershining.com.au/design/saved-designs/screenshots/2022/12/1671981940294.jpg",
    "title": "Bronze Plaque"
  },
  {
    "id": "1671546456716",
    "img": "https://www.forevershining.com.au/design/saved-designs/screenshots/2022/12/1671546456716.jpg",
    "title": "Bronze Plaque"
  },
  {
    "id": "1667984979613",
    "img": "https://www.forevershining.com.au/design/saved-designs/screenshots/2022/11/1667984979613.jpg",
    "title": "Bronze Plaque"
  },
  {
    "id": "1667848915139",
    "img": "https://www.forevershining.com.au/design/saved-designs/screenshots/2022/11/1667848915139.jpg",
    "title": "Bronze Plaque"
  },
  {
    "id": "1667803256059",
    "img": "https://www.forevershining.com.au/design/saved-designs/screenshots/2022/11/1667803256059.jpg",
    "title": "Bronze Plaque"
  },
  {
    "id": "1667413789500",
    "img": "https://www.forevershining.com.au/design/saved-designs/screenshots/2022/11/1667413789500.jpg",
    "title": "Bronze Plaque"
  },
  {
    "id": "1667412330075",
    "img": "https://www.forevershining.com.au/design/saved-designs/screenshots/2022/11/1667412330075.jpg",
    "title": "Bronze Plaque"
  },
  {
    "id": "1667245439786",
    "img": "https://www.forevershining.com.au/design/saved-designs/screenshots/2022/10/1667245439786.jpg",
    "title": "Bronze Plaque"
  },
  {
    "id": "1658863954723",
    "img": "https://www.forevershining.com.au/design/saved-designs/screenshots/2022/07/1658863954723.jpg",
    "title": "Bronze Plaque"
  },
  {
    "id": "1658843294611",
    "img": "https://www.forevershining.com.au/design/saved-designs/screenshots/2022/07/1658843294611.jpg",
    "title": "Bronze Plaque"
  },
  {
    "id": "1658834471221",
    "img": "https://www.forevershining.com.au/design/saved-designs/screenshots/2022/07/1658834471221.jpg",
    "title": "Bronze Plaque"
  },
  {
    "id": "1658128218615",
    "img": "https://www.forevershining.com.au/design/saved-designs/screenshots/2022/07/1658128218615.jpg",
    "title": "Bronze Plaque"
  },
  {
    "id": "1658125967837",
    "img": "https://www.forevershining.com.au/design/saved-designs/screenshots/2022/07/1658125967837.jpg",
    "title": "Bronze Plaque"
  },
  {
    "id": "1657504603080",
    "img": "https://www.forevershining.com.au/design/saved-designs/screenshots/2022/07/1657504603080.jpg",
    "title": "Bronze Plaque"
  },
  {
    "id": "1657504451783",
    "img": "https://www.forevershining.com.au/design/saved-designs/screenshots/2022/07/1657504451783.jpg",
    "title": "Bronze Plaque"
  },
  {
    "id": "1657502059101",
    "img": "https://www.forevershining.com.au/design/saved-designs/screenshots/2022/07/1657502059101.jpg",
    "title": "Bronze Plaque"
  },
  {
    "id": "1656987192946",
    "img": "https://www.forevershining.com.au/design/saved-designs/screenshots/2022/07/1656987192946.jpg",
    "title": "Bronze Plaque"
  },
  {
    "id": "1656986919035",
    "img": "https://www.forevershining.com.au/design/saved-designs/screenshots/2022/07/1656986919035.jpg",
    "title": "Bronze Plaque"
  },
  {
    "id": "1656983584496",
    "img": "https://www.forevershining.com.au/design/saved-designs/screenshots/2022/07/1656983584496.jpg",
    "title": "Bronze Plaque"
  },
  {
    "id": "1656982520686",
    "img": "https://www.forevershining.com.au/design/saved-designs/screenshots/2022/07/1656982520686.jpg",
    "title": "Bronze Plaque"
  },
  {
    "id": "1656941257563",
    "img": "https://www.forevershining.com.au/design/saved-designs/screenshots/2022/07/1656941257563.jpg",
    "title": "Bronze Plaque"
  },
  {
    "id": "1656941214430",
    "img": "https://www.forevershining.com.au/design/saved-designs/screenshots/2022/07/1656941214430.jpg",
    "title": "Bronze Plaque"
  },
  {
    "id": "1656938372581",
    "img": "https://www.forevershining.com.au/design/saved-designs/screenshots/2022/07/1656938372581.jpg",
    "title": "Bronze Plaque"
  },
  {
    "id": "1656935897234",
    "img": "https://www.forevershining.com.au/design/saved-designs/screenshots/2022/07/1656935897234.jpg",
    "title": "Bronze Plaque"
  },
  {
    "id": "1655529833297",
    "img": "https://www.forevershining.com.au/design/saved-designs/screenshots/2022/06/1655529833297.jpg",
    "title": "Bronze Plaque"
  },
  {
    "id": "1655488039990",
    "img": "https://www.forevershining.com.au/design/saved-designs/screenshots/2022/06/1655488039990.jpg",
    "title": "Bronze Plaque"
  },
  {
    "id": "1650287862869",
    "img": "https://www.forevershining.com.au/design/saved-designs/screenshots/2022/04/1650287862869.jpg",
    "title": "Bronze Plaque"
  },
  {
    "id": "1650260815462",
    "img": "https://www.forevershining.com.au/design/saved-designs/screenshots/2022/04/1650260815462.jpg",
    "title": "Bronze Plaque"
  },
  {
    "id": "1622270620977",
    "img": "https://www.forevershining.com.au/design/saved-designs/screenshots/2021/05/1622270620977.jpg",
    "title": "Bronze Plaque"
  },
  {
    "id": "1621637561544",
    "img": "https://www.forevershining.com.au/design/saved-designs/screenshots/2021/05/1621637561544.jpg",
    "title": "Bronze Plaque"
  },
  {
    "id": "1621637151718",
    "img": "https://www.forevershining.com.au/design/saved-designs/screenshots/2021/05/1621637151718.jpg",
    "title": "Bronze Plaque"
  },
  {
    "id": "1621627593627",
    "img": "https://www.forevershining.com.au/design/saved-designs/screenshots/2021/05/1621627593627.jpg",
    "title": "Bronze Plaque"
  },
  {
    "id": "1621627577697",
    "img": "https://www.forevershining.com.au/design/saved-designs/screenshots/2021/05/1621627577697.jpg",
    "title": "Bronze Plaque"
  },
  {
    "id": "1621624239646",
    "img": "https://www.forevershining.com.au/design/saved-designs/screenshots/2021/05/1621624239646.jpg",
    "title": "Bronze Plaque"
  },
  {
    "id": "1621623700195",
    "img": "https://www.forevershining.com.au/design/saved-designs/screenshots/2021/05/1621623700195.jpg",
    "title": "Bronze Plaque"
  },
  {
    "id": "1621571313287",
    "img": "https://www.forevershining.com.au/design/saved-designs/screenshots/2021/05/1621571313287.jpg",
    "title": "Bronze Plaque"
  },
  {
    "id": "1621570374017",
    "img": "https://www.forevershining.com.au/design/saved-designs/screenshots/2021/05/1621570374017.jpg",
    "title": "Bronze Plaque"
  },
  {
    "id": "1620007979812",
    "img": "https://www.forevershining.com.au/design/saved-designs/screenshots/2021/05/1620007979812.jpg",
    "title": "Bronze Plaque"
  },
  {
    "id": "1620001205151",
    "img": "https://www.forevershining.com.au/design/saved-designs/screenshots/2021/05/1620001205151.jpg",
    "title": "Bronze Plaque"
  },
  {
    "id": "1616807216810",
    "img": "https://www.forevershining.com.au/design/saved-designs/screenshots/2021/03/1616807216810.jpg",
    "title": "Bronze Plaque"
  },
  {
    "id": "1616659151028",
    "img": "https://www.forevershining.com.au/design/saved-designs/screenshots/2021/03/1616659151028.jpg",
    "title": "Bronze Plaque"
  },
  {
    "id": "1616573147385",
    "img": "https://www.forevershining.com.au/design/saved-designs/screenshots/2021/03/1616573147385.jpg",
    "title": "Bronze Plaque"
  },
  {
    "id": "1616572933553",
    "img": "https://www.forevershining.com.au/design/saved-designs/screenshots/2021/03/1616572933553.jpg",
    "title": "Bronze Plaque"
  },
  {
    "id": "1616572838941",
    "img": "https://www.forevershining.com.au/design/saved-designs/screenshots/2021/03/1616572838941.jpg",
    "title": "Bronze Plaque"
  },
  {
    "id": "1616572781605",
    "img": "https://www.forevershining.com.au/design/saved-designs/screenshots/2021/03/1616572781605.jpg",
    "title": "Bronze Plaque"
  },
  {
    "id": "1616572014883",
    "img": "https://www.forevershining.com.au/design/saved-designs/screenshots/2021/03/1616572014883.jpg",
    "title": "Bronze Plaque"
  },
  {
    "id": "1616571925525",
    "img": "https://www.forevershining.com.au/design/saved-designs/screenshots/2021/03/1616571925525.jpg",
    "title": "Bronze Plaque"
  },
  {
    "id": "1616571555953",
    "img": "https://www.forevershining.com.au/design/saved-designs/screenshots/2021/03/1616571555953.jpg",
    "title": "Bronze Plaque"
  },
  {
    "id": "1616571530433",
    "img": "https://www.forevershining.com.au/design/saved-designs/screenshots/2021/03/1616571530433.jpg",
    "title": "Bronze Plaque"
  },
  {
    "id": "1616570426763",
    "img": "https://www.forevershining.com.au/design/saved-designs/screenshots/2021/03/1616570426763.jpg",
    "title": "Bronze Plaque"
  },
  {
    "id": "1616564815658",
    "img": "https://www.forevershining.com.au/design/saved-designs/screenshots/2021/03/1616564815658.jpg",
    "title": "Bronze Plaque"
  },
  {
    "id": "1616564758450",
    "img": "https://www.forevershining.com.au/design/saved-designs/screenshots/2021/03/1616564758450.jpg",
    "title": "Bronze Plaque"
  },
  {
    "id": "1616564684171",
    "img": "https://www.forevershining.com.au/design/saved-designs/screenshots/2021/03/1616564684171.jpg",
    "title": "Bronze Plaque"
  },
  {
    "id": "1616560539517",
    "img": "https://www.forevershining.com.au/design/saved-designs/screenshots/2021/03/1616560539517.jpg",
    "title": "Bronze Plaque"
  },
  {
    "id": "1616154719583",
    "img": "https://www.forevershining.com.au/design/saved-designs/screenshots/2021/03/1616154719583.jpg",
    "title": "Bronze Plaque"
  },
  {
    "id": "1616154690266",
    "img": "https://www.forevershining.com.au/design/saved-designs/screenshots/2021/03/1616154690266.jpg",
    "title": "Bronze Plaque"
  },
  {
    "id": "1616154307635",
    "img": "https://www.forevershining.com.au/design/saved-designs/screenshots/2021/03/1616154307635.jpg",
    "title": "Bronze Plaque"
  },
  {
    "id": "1616154300482",
    "img": "https://www.forevershining.com.au/design/saved-designs/screenshots/2021/03/1616154300482.jpg",
    "title": "Bronze Plaque"
  },
  {
    "id": "1616154195445",
    "img": "https://www.forevershining.com.au/design/saved-designs/screenshots/2021/03/1616154195445.jpg",
    "title": "Bronze Plaque"
  },
  {
    "id": "1616153232795",
    "img": "https://www.forevershining.com.au/design/saved-designs/screenshots/2021/03/1616153232795.jpg",
    "title": "Bronze Plaque"
  },
  {
    "id": "1616152952663",
    "img": "https://www.forevershining.com.au/design/saved-designs/screenshots/2021/03/1616152952663.jpg",
    "title": "Bronze Plaque"
  },
  {
    "id": "1616150712487",
    "img": "https://www.forevershining.com.au/design/saved-designs/screenshots/2021/03/1616150712487.jpg",
    "title": "Bronze Plaque"
  },
  {
    "id": "1616150669272",
    "img": "https://www.forevershining.com.au/design/saved-designs/screenshots/2021/03/1616150669272.jpg",
    "title": "Bronze Plaque"
  },
  {
    "id": "1616150369920",
    "img": "https://www.forevershining.com.au/design/saved-designs/screenshots/2021/03/1616150369920.jpg",
    "title": "Bronze Plaque"
  },
  {
    "id": "1616150359283",
    "img": "https://www.forevershining.com.au/design/saved-designs/screenshots/2021/03/1616150359283.jpg",
    "title": "Bronze Plaque"
  },
  {
    "id": "1615795660599",
    "img": "https://www.forevershining.com.au/design/saved-designs/screenshots/2021/03/1615795660599.jpg",
    "title": "Bronze Plaque"
  },
  {
    "id": "1610997230352",
    "img": "https://www.forevershining.com.au/design/saved-designs/screenshots/2021/01/1610997230352.jpg",
    "title": "Bronze Plaque"
  },
  {
    "id": "1606377254393",
    "img": "https://www.forevershining.com.au/design/saved-designs/screenshots/2020/11/1606377254393.jpg",
    "title": "Bronze Plaque"
  },
  {
    "id": "1606359908969",
    "img": "https://www.forevershining.com.au/design/saved-designs/screenshots/2020/11/1606359908969.jpg",
    "title": "Bronze Plaque"
  },
  {
    "id": "1606359808066",
    "img": "https://www.forevershining.com.au/design/saved-designs/screenshots/2020/11/1606359808066.jpg",
    "title": "Bronze Plaque"
  },
  {
    "id": "1606352185184",
    "img": "https://www.forevershining.com.au/design/saved-designs/screenshots/2020/11/1606352185184.jpg",
    "title": "Bronze Plaque"
  },
  {
    "id": "1592725165686",
    "img": "https://www.forevershining.com.au/design/saved-designs/screenshots/1592725165686.jpg",
    "title": "Bronze Plaque"
  },
  {
    "id": "1592665479697",
    "img": "https://www.forevershining.com.au/design/saved-designs/screenshots/1592665479697.jpg",
    "title": "Bronze Plaque"
  },
  {
    "id": "1663743592859",
    "img": "https://www.forevershining.com.au/design/saved-designs/screenshots/2022/09/1663743592859.jpg",
    "title": "Bronze Plaque"
  }
]