[
  {
    "id": "1668142777034",
    "img": "https://www.forevershining.com.au/design/saved-designs/screenshots/2022/11/1668142777034.jpg",
    "title": "Bronze Plaque"
  },
  {
    "id": "1668138197862",
    "img": "https://www.forevershining.com.au/design/saved-designs/screenshots/2022/11/1668138197862.jpg",
    "title": "Bronze Plaque"
  },
  {
    "id": "1667457940123",
    "img": "https://www.forevershining.com.au/design/saved-designs/screenshots/2022/11/1667457940123.jpg",
    "title": "Bronze Plaque"
  },
  {
    "id": "1666052834287",
    "img": "https://www.forevershining.com.au/design/saved-designs/screenshots/2022/10/1666052834287.jpg",
    "title": "Bronze Plaque"
  },
  {
    "id": "1666052771468",
    "img": "https://www.forevershining.com.au/design/saved-designs/screenshots/2022/10/1666052771468.jpg",
    "title": "Bronze Plaque"
  },
  {
    "id": "1666052608076",
    "img": "https://www.forevershining.com.au/design/saved-designs/screenshots/2022/10/1666052608076.jpg",
    "title": "Bronze Plaque"
  },
  {
    "id": "1666052534347",
    "img": "https://www.forevershining.com.au/design/saved-designs/screenshots/2022/10/1666052534347.jpg",
    "title": "Bronze Plaque"
  },
  {
    "id": "1666052314266",
    "img": "https://www.forevershining.com.au/design/saved-designs/screenshots/2022/10/1666052314266.jpg",
    "title": "Bronze Plaque"
  },
  {
    "id": "1666051881915",
    "img": "https://www.forevershining.com.au/design/saved-designs/screenshots/2022/10/1666051881915.jpg",
    "title": "Bronze Plaque"
  },
  {
    "id": "1666051039096",
    "img": "https://www.forevershining.com.au/design/saved-designs/screenshots/2022/10/1666051039096.jpg",
    "title": "Bronze Plaque"
  },
  {
    "id": "1653927872794",
    "img": "https://www.forevershining.com.au/design/saved-designs/screenshots/2022/05/1653927872794.jpg",
    "title": "Bronze Plaque"
  },
  {
    "id": "1635269774826",
    "img": "https://www.forevershining.com.au/design/saved-designs/screenshots/2021/10/1635269774826.jpg",
    "title": "Bronze Plaque"
  },
  {
    "id": "1635267928147",
    "img": "https://www.forevershining.com.au/design/saved-designs/screenshots/2021/10/1635267928147.jpg",
    "title": "Bronze Plaque"
  },
  {
    "id": "1635266767930",
    "img": "https://www.forevershining.com.au/design/saved-designs/screenshots/2021/10/1635266767930.jpg",
    "title": "Bronze Plaque"
  },
  {
    "id": "1591100958532",
    "img": "https://www.forevershining.com.au/design/saved-designs/screenshots/1591100958532.jpg",
    "title": "Bronze Plaque"
  },
  {
    "id": "1588637776022",
    "img": "https://www.forevershining.com.au/design/saved-designs/screenshots/1588637776022.jpg",
    "title": "Bronze Plaque"
  },
  {
    "id": "1659443792880",
    "img": "https://www.forevershining.com.au/design/saved-designs/screenshots/2022/08/1659443792880.jpg",
    "title": "Bronze Plaque"
  }
]