[
  {
    "id": "1709289369968",
    "img": "https://www.forevershining.com.au/design/saved-designs/screenshots/2024/03/1709289369968.jpg",
    "title": "Bronze Plaque"
  },
  {
    "id": "1678277540337",
    "img": "https://www.forevershining.com.au/design/saved-designs/screenshots/2023/03/1678277540337.jpg",
    "title": "Bronze Plaque"
  },
  {
    "id": "1678243067104",
    "img": "https://www.forevershining.com.au/design/saved-designs/screenshots/2023/03/1678243067104.jpg",
    "title": "Bronze Plaque"
  },
  {
    "id": "1678242947118",
    "img": "https://www.forevershining.com.au/design/saved-designs/screenshots/2023/03/1678242947118.jpg",
    "title": "Bronze Plaque"
  },
  {
    "id": "1678242621761",
    "img": "https://www.forevershining.com.au/design/saved-designs/screenshots/2023/03/1678242621761.jpg",
    "title": "Bronze Plaque"
  },
  {
    "id": "1678242159268",
    "img": "https://www.forevershining.com.au/design/saved-designs/screenshots/2023/03/1678242159268.jpg",
    "title": "Bronze Plaque"
  },
  {
    "id": "1678239557043",
    "img": "https://www.forevershining.com.au/design/saved-designs/screenshots/2023/03/1678239557043.jpg",
    "title": "Bronze Plaque"
  },
  {
    "id": "1678178037913",
    "img": "https://www.forevershining.com.au/design/saved-designs/screenshots/2023/03/1678178037913.jpg",
    "title": "Bronze Plaque"
  },
  {
    "id": "1674117643429",
    "img": "https://www.forevershining.com.au/design/saved-designs/screenshots/2023/01/1674117643429.jpg",
    "title": "Bronze Plaque"
  },
  {
    "id": "1674100077086",
    "img": "https://www.forevershining.com.au/design/saved-designs/screenshots/2023/01/1674100077086.jpg",
    "title": "Bronze Plaque"
  },
  {
    "id": "1674096800847",
    "img": "https://www.forevershining.com.au/design/saved-designs/screenshots/2023/01/1674096800847.jpg",
    "title": "Bronze Plaque"
  },
  {
    "id": "1674081611875",
    "img": "https://www.forevershining.com.au/design/saved-designs/screenshots/2023/01/1674081611875.jpg",
    "title": "Bronze Plaque"
  },
  {
    "id": "1667987924233",
    "img": "https://www.forevershining.com.au/design/saved-designs/screenshots/2022/11/1667987924233.jpg",
    "title": "Bronze Plaque"
  },
  {
    "id": "1636600461126",
    "img": "https://www.forevershining.com.au/design/saved-designs/screenshots/2021/11/1636600461126.jpg",
    "title": "Bronze Plaque"
  },
  {
    "id": "1614748912379",
    "img": "https://www.forevershining.com.au/design/saved-designs/screenshots/2021/03/1614748912379.jpg",
    "title": "Bronze Plaque"
  },
  {
    "id": "1614748073877",
    "img": "https://www.forevershining.com.au/design/saved-designs/screenshots/2021/03/1614748073877.jpg",
    "title": "Bronze Plaque"
  },
  {
    "id": "1614746846029",
    "img": "https://www.forevershining.com.au/design/saved-designs/screenshots/2021/03/1614746846029.jpg",
    "title": "Bronze Plaque"
  },
  {
    "id": "1614746032983",
    "img": "https://www.forevershining.com.au/design/saved-designs/screenshots/2021/03/1614746032983.jpg",
    "title": "Bronze Plaque"
  },
  {
    "id": "1614745759548",
    "img": "https://www.forevershining.com.au/design/saved-designs/screenshots/2021/03/1614745759548.jpg",
    "title": "Bronze Plaque"
  },
  {
    "id": "1614698115913",
    "img": "https://www.forevershining.com.au/design/saved-designs/screenshots/2021/03/1614698115913.jpg",
    "title": "Bronze Plaque"
  },
  {
    "id": "1614698036003",
    "img": "https://www.forevershining.com.au/design/saved-designs/screenshots/2021/03/1614698036003.jpg",
    "title": "Bronze Plaque"
  },
  {
    "id": "1614697682949",
    "img": "https://www.forevershining.com.au/design/saved-designs/screenshots/2021/03/1614697682949.jpg",
    "title": "Bronze Plaque"
  },
  {
    "id": "1614697656603",
    "img": "https://www.forevershining.com.au/design/saved-designs/screenshots/2021/03/1614697656603.jpg",
    "title": "Bronze Plaque"
  },
  {
    "id": "1614697506977",
    "img": "https://www.forevershining.com.au/design/saved-designs/screenshots/2021/03/1614697506977.jpg",
    "title": "Bronze Plaque"
  },
  {
    "id": "1614696943750",
    "img": "https://www.forevershining.com.au/design/saved-designs/screenshots/2021/03/1614696943750.jpg",
    "title": "Bronze Plaque"
  },
  {
    "id": "1614696609642",
    "img": "https://www.forevershining.com.au/design/saved-designs/screenshots/2021/03/1614696609642.jpg",
    "title": "Bronze Plaque"
  },
  {
    "id": "1614696527977",
    "img": "https://www.forevershining.com.au/design/saved-designs/screenshots/2021/03/1614696527977.jpg",
    "title": "Bronze Plaque"
  },
  {
    "id": "1614696511034",
    "img": "https://www.forevershining.com.au/design/saved-designs/screenshots/2021/03/1614696511034.jpg",
    "title": "Bronze Plaque"
  },
  {
    "id": "1614696479937",
    "img": "https://www.forevershining.com.au/design/saved-designs/screenshots/2021/03/1614696479937.jpg",
    "title": "Bronze Plaque"
  },
  {
    "id": "1614695949878",
    "img": "https://www.forevershining.com.au/design/saved-designs/screenshots/2021/03/1614695949878.jpg",
    "title": "Bronze Plaque"
  },
  {
    "id": "1614695527435",
    "img": "https://www.forevershining.com.au/design/saved-designs/screenshots/2021/03/1614695527435.jpg",
    "title": "Bronze Plaque"
  },
  {
    "id": "1614694835503",
    "img": "https://www.forevershining.com.au/design/saved-designs/screenshots/2021/03/1614694835503.jpg",
    "title": "Bronze Plaque"
  },
  {
    "id": "1614692950104",
    "img": "https://www.forevershining.com.au/design/saved-designs/screenshots/2021/03/1614692950104.jpg",
    "title": "Bronze Plaque"
  },
  {
    "id": "1614692070135",
    "img": "https://www.forevershining.com.au/design/saved-designs/screenshots/2021/03/1614692070135.jpg",
    "title": "Bronze Plaque"
  },
  {
    "id": "1614692050188",
    "img": "https://www.forevershining.com.au/design/saved-designs/screenshots/2021/03/1614692050188.jpg",
    "title": "Bronze Plaque"
  },
  {
    "id": "1614690741453",
    "img": "https://www.forevershining.com.au/design/saved-designs/screenshots/2021/03/1614690741453.jpg",
    "title": "Bronze Plaque"
  },
  {
    "id": "1614689040760",
    "img": "https://www.forevershining.com.au/design/saved-designs/screenshots/2021/03/1614689040760.jpg",
    "title": "Bronze Plaque"
  },
  {
    "id": "1614688533293",
    "img": "https://www.forevershining.com.au/design/saved-designs/screenshots/2021/03/1614688533293.jpg",
    "title": "Bronze Plaque"
  },
  {
    "id": "1614686997887",
    "img": "https://www.forevershining.com.au/design/saved-designs/screenshots/2021/03/1614686997887.jpg",
    "title": "Bronze Plaque"
  },
  {
    "id": "1614686948182",
    "img": "https://www.forevershining.com.au/design/saved-designs/screenshots/2021/03/1614686948182.jpg",
    "title": "Bronze Plaque"
  },
  {
    "id": "1614686918537",
    "img": "https://www.forevershining.com.au/design/saved-designs/screenshots/2021/03/1614686918537.jpg",
    "title": "Bronze Plaque"
  },
  {
    "id": "1614686835841",
    "img": "https://www.forevershining.com.au/design/saved-designs/screenshots/2021/03/1614686835841.jpg",
    "title": "Bronze Plaque"
  },
  {
    "id": "1614686811917",
    "img": "https://www.forevershining.com.au/design/saved-designs/screenshots/2021/03/1614686811917.jpg",
    "title": "Bronze Plaque"
  },
  {
    "id": "1614686790872",
    "img": "https://www.forevershining.com.au/design/saved-designs/screenshots/2021/03/1614686790872.jpg",
    "title": "Bronze Plaque"
  },
  {
    "id": "1614686751602",
    "img": "https://www.forevershining.com.au/design/saved-designs/screenshots/2021/03/1614686751602.jpg",
    "title": "Bronze Plaque"
  },
  {
    "id": "1614686470870",
    "img": "https://www.forevershining.com.au/design/saved-designs/screenshots/2021/03/1614686470870.jpg",
    "title": "Bronze Plaque"
  },
  {
    "id": "1614686446619",
    "img": "https://www.forevershining.com.au/design/saved-designs/screenshots/2021/03/1614686446619.jpg",
    "title": "Bronze Plaque"
  },
  {
    "id": "1614686433082",
    "img": "https://www.forevershining.com.au/design/saved-designs/screenshots/2021/03/1614686433082.jpg",
    "title": "Bronze Plaque"
  },
  {
    "id": "1614685687575",
    "img": "https://www.forevershining.com.au/design/saved-designs/screenshots/2021/03/1614685687575.jpg",
    "title": "Bronze Plaque"
  },
  {
    "id": "1614685471664",
    "img": "https://www.forevershining.com.au/design/saved-designs/screenshots/2021/03/1614685471664.jpg",
    "title": "Bronze Plaque"
  },
  {
    "id": "1614685462536",
    "img": "https://www.forevershining.com.au/design/saved-designs/screenshots/2021/03/1614685462536.jpg",
    "title": "Bronze Plaque"
  },
  {
    "id": "1598848936479",
    "img": "https://www.forevershining.com.au/design/saved-designs/screenshots/2020/08/1598848936479.jpg",
    "title": "Bronze Plaque"
  },
  {
    "id": "1583897995079",
    "img": "https://www.forevershining.com.au/design/saved-designs/screenshots/1583897995079.jpg",
    "title": "Bronze Plaque"
  },
  {
    "id": "1579836979214",
    "img": "https://www.forevershining.com.au/design/saved-designs/screenshots/1579836979214.jpg",
    "title": "Bronze Plaque"
  },
  {
    "id": "1579836538900",
    "img": "https://www.forevershining.com.au/design/saved-designs/screenshots/1579836538900.jpg",
    "title": "Bronze Plaque"
  },
  {
    "id": "1579836273940",
    "img": "https://www.forevershining.com.au/design/saved-designs/screenshots/1579836273940.jpg",
    "title": "Bronze Plaque"
  },
  {
    "id": "1579781805807",
    "img": "https://www.forevershining.com.au/design/saved-designs/screenshots/1579781805807.jpg",
    "title": "Bronze Plaque"
  },
  {
    "id": "1579581818044",
    "img": "https://www.forevershining.com.au/design/saved-designs/screenshots/1579581818044.jpg",
    "title": "Bronze Plaque"
  },
  {
    "id": "1579581378184",
    "img": "https://www.forevershining.com.au/design/saved-designs/screenshots/1579581378184.jpg",
    "title": "Bronze Plaque"
  }
]