[
  {
    "id": "1716488621090",
    "img": "https://www.forevershining.com.au/design/saved-designs/screenshots/2024/05/1716488621090.jpg",
    "title": "Traditional Engraved Granite Plaque"
  },
  {
    "id": "1716487955031",
    "img": "https://www.forevershining.com.au/design/saved-designs/screenshots/2024/05/1716487955031.jpg",
    "title": "Traditional Engraved Granite Plaque"
  },
  {
    "id": "1707014837973",
    "img": "https://www.forevershining.com.au/design/saved-designs/screenshots/2024/02/1707014837973.jpg",
    "title": "Traditional Engraved Granite Plaque"
  },
  {
    "id": "1707012940182",
    "img": "https://www.forevershining.com.au/design/saved-designs/screenshots/2024/02/1707012940182.jpg",
    "title": "Traditional Engraved Granite Plaque"
  },
  {
    "id": "1678426646618",
    "img": "https://www.forevershining.com.au/design/saved-designs/screenshots/2023/03/1678426646618.jpg",
    "title": "Traditional Engraved Granite Plaque"
  },
  {
    "id": "1663811099263",
    "img": "https://www.forevershining.com.au/design/saved-designs/screenshots/2022/09/1663811099263.jpg",
    "title": "Traditional Engraved Granite Plaque"
  },
  {
    "id": "1654815737285",
    "img": "https://www.forevershining.com.au/design/saved-designs/screenshots/2022/06/1654815737285.jpg",
    "title": "Traditional Engraved Granite Plaque"
  },
  {
    "id": "1623972982852",
    "img": "https://www.forevershining.com.au/design/saved-designs/screenshots/2021/06/1623972982852.jpg",
    "title": "Traditional Engraved Granite Plaque"
  },
  {
    "id": "1623971983301",
    "img": "https://www.forevershining.com.au/design/saved-designs/screenshots/2021/06/1623971983301.jpg",
    "title": "Traditional Engraved Granite Plaque"
  },
  {
    "id": "1623890782015",
    "img": "https://www.forevershining.com.au/design/saved-designs/screenshots/2021/06/1623890782015.jpg",
    "title": "Traditional Engraved Granite Plaque"
  },
  {
    "id": "1623732815891",
    "img": "https://www.forevershining.com.au/design/saved-designs/screenshots/2021/06/1623732815891.jpg",
    "title": "Traditional Engraved Granite Plaque"
  },
  {
    "id": "1597391120606",
    "img": "https://www.forevershining.com.au/design/saved-designs/screenshots/2020/08/1597391120606.jpg",
    "title": "Traditional Engraved Granite Plaque"
  },
  {
    "id": "1587548539970",
    "img": "https://www.forevershining.com.au/design/saved-designs/screenshots/1587548539970.jpg",
    "title": "Traditional Engraved Granite Plaque"
  },
  {
    "id": "1597397505898",
    "img": "https://www.forevershining.com.au/design/saved-designs/screenshots/1597397505898.jpg",
    "title": "Traditional Engraved Granite Plaque"
  }
]