[
  {
    "id": "1719359873537",
    "img": "https://www.forevershining.com.au/design/saved-designs/screenshots/2024/06/1719359873537.jpg",
    "title": "Stainless Steel Plaque"
  },
  {
    "id": "1719359515021",
    "img": "https://www.forevershining.com.au/design/saved-designs/screenshots/2024/06/1719359515021.jpg",
    "title": "Stainless Steel Plaque"
  },
  {
    "id": "1719359144210",
    "img": "https://www.forevershining.com.au/design/saved-designs/screenshots/2024/06/1719359144210.jpg",
    "title": "Stainless Steel Plaque"
  },
  {
    "id": "1719358128196",
    "img": "https://www.forevershining.com.au/design/saved-designs/screenshots/2024/06/1719358128196.jpg",
    "title": "Stainless Steel Plaque"
  },
  {
    "id": "1703817138479",
    "img": "https://www.forevershining.com.au/design/saved-designs/screenshots/2023/12/1703817138479.jpg",
    "title": "Stainless Steel Plaque"
  },
  {
    "id": "1703811214554",
    "img": "https://www.forevershining.com.au/design/saved-designs/screenshots/2023/12/1703811214554.jpg",
    "title": "Stainless Steel Plaque"
  },
  {
    "id": "1699865443604",
    "img": "https://www.forevershining.com.au/design/saved-designs/screenshots/2023/11/1699865443604.jpg",
    "title": "Stainless Steel Plaque"
  },
  {
    "id": "1686596641083",
    "img": "https://www.forevershining.com.au/design/saved-designs/screenshots/2023/06/1686596641083.jpg",
    "title": "Stainless Steel Plaque"
  },
  {
    "id": "1677251224792",
    "img": "https://www.forevershining.com.au/design/saved-designs/screenshots/2023/02/1677251224792.jpg",
    "title": "Stainless Steel Plaque"
  },
  {
    "id": "1661243248046",
    "img": "https://www.forevershining.com.au/design/saved-designs/screenshots/2022/08/1661243248046.jpg",
    "title": "Stainless Steel Plaque"
  },
  {
    "id": "1654324248004",
    "img": "https://www.forevershining.com.au/design/saved-designs/screenshots/2022/06/1654324248004.jpg",
    "title": "Stainless Steel Plaque"
  },
  {
    "id": "1653011243196",
    "img": "https://www.forevershining.com.au/design/saved-designs/screenshots/2022/05/1653011243196.jpg",
    "title": "Stainless Steel Plaque"
  },
  {
    "id": "1650786382433",
    "img": "https://www.forevershining.com.au/design/saved-designs/screenshots/2022/04/1650786382433.jpg",
    "title": "Stainless Steel Plaque"
  },
  {
    "id": "1650786118182",
    "img": "https://www.forevershining.com.au/design/saved-designs/screenshots/2022/04/1650786118182.jpg",
    "title": "Stainless Steel Plaque"
  },
  {
    "id": "1650593991696",
    "img": "https://www.forevershining.com.au/design/saved-designs/screenshots/2022/04/1650593991696.jpg",
    "title": "Stainless Steel Plaque"
  },
  {
    "id": "1649132319411",
    "img": "https://www.forevershining.com.au/design/saved-designs/screenshots/2022/04/1649132319411.jpg",
    "title": "Stainless Steel Plaque"
  },
  {
    "id": "1649130275231",
    "img": "https://www.forevershining.com.au/design/saved-designs/screenshots/2022/04/1649130275231.jpg",
    "title": "Stainless Steel Plaque"
  },
  {
    "id": "1647961428138",
    "img": "https://www.forevershining.com.au/design/saved-designs/screenshots/2022/03/1647961428138.jpg",
    "title": "Stainless Steel Plaque"
  },
  {
    "id": "1637035932465",
    "img": "https://www.forevershining.com.au/design/saved-designs/screenshots/2021/11/1637035932465.jpg",
    "title": "Stainless Steel Plaque"
  },
  {
    "id": "1637035352956",
    "img": "https://www.forevershining.com.au/design/saved-designs/screenshots/2021/11/1637035352956.jpg",
    "title": "Stainless Steel Plaque"
  },
  {
    "id": "1637035030018",
    "img": "https://www.forevershining.com.au/design/saved-designs/screenshots/2021/11/1637035030018.jpg",
    "title": "Stainless Steel Plaque"
  },
  {
    "id": "1637033624866",
    "img": "https://www.forevershining.com.au/design/saved-designs/screenshots/2021/11/1637033624866.jpg",
    "title": "Stainless Steel Plaque"
  }
]