[
  {
    "id": "1677244707718",
    "img": "https://www.forevershining.com.au/design/saved-designs/screenshots/2023/02/1677244707718.jpg",
    "title": "Full Color Plaque"
  },
  {
    "id": "1676886539205",
    "img": "https://www.forevershining.com.au/design/saved-designs/screenshots/2023/02/1676886539205.jpg",
    "title": "Full Color Plaque"
  },
  {
    "id": "1628836191466",
    "img": "https://www.forevershining.com.au/design/saved-designs/screenshots/2021/08/1628836191466.jpg",
    "title": "Full Color Plaque"
  },
  {
    "id": "1628833266017",
    "img": "https://www.forevershining.com.au/design/saved-designs/screenshots/2021/08/1628833266017.jpg",
    "title": "Full Color Plaque"
  }
]