[
  {
    "id": "1682069007734",
    "img": "https://www.forevershining.com.au/design/saved-designs/screenshots/2023/04/1682069007734.jpg",
    "title": "Stainless Steel Plaque"
  },
  {
    "id": "1682068922236",
    "img": "https://www.forevershining.com.au/design/saved-designs/screenshots/2023/04/1682068922236.jpg",
    "title": "Stainless Steel Plaque"
  },
  {
    "id": "1682064608391",
    "img": "https://www.forevershining.com.au/design/saved-designs/screenshots/2023/04/1682064608391.jpg",
    "title": "Stainless Steel Plaque"
  }
]