[
  {
    "id": "1683320246167",
    "img": "https://www.forevershining.com.au/design/saved-designs/screenshots/2023/05/1683320246167.jpg",
    "title": "Full Color Plaque"
  },
  {
    "id": "1682328292765",
    "img": "https://www.forevershining.com.au/design/saved-designs/screenshots/2023/04/1682328292765.jpg",
    "title": "Full Color Plaque"
  },
  {
    "id": "1669985539578",
    "img": "https://www.forevershining.com.au/design/saved-designs/screenshots/2022/12/1669985539578.jpg",
    "title": "Full Color Plaque"
  },
  {
    "id": "1668669994341",
    "img": "https://www.forevershining.com.au/design/saved-designs/screenshots/2022/11/1668669994341.jpg",
    "title": "Full Color Plaque"
  }
]