[
  {
    "id": "1588661687644",
    "img": "https://www.forevershining.com.au/design/saved-designs/screenshots/1588661687644.jpg",
    "title": "Laser Etched Black Granite Plaque"
  },
  {
    "id": "1580285992247",
    "img": "https://www.forevershining.com.au/design/saved-designs/screenshots/1580285992247.jpg",
    "title": "Laser Etched Black Granite Plaque"
  },
  {
    "id": "1580285803156",
    "img": "https://www.forevershining.com.au/design/saved-designs/screenshots/1580285803156.jpg",
    "title": "Laser Etched Black Granite Plaque"
  },
  {
    "id": "1580285620715",
    "img": "https://www.forevershining.com.au/design/saved-designs/screenshots/1580285620715.jpg",
    "title": "Laser Etched Black Granite Plaque"
  },
  {
    "id": "1580281400534",
    "img": "https://www.forevershining.com.au/design/saved-designs/screenshots/1580281400534.jpg",
    "title": "Laser Etched Black Granite Plaque"
  }
]