[
  {
    "id": "1713782738761",
    "img": "https://www.forevershining.com.au/design/saved-designs/screenshots/2024/04/1713782738761.jpg",
    "title": "Bronze Plaque"
  },
  {
    "id": "1713782147464",
    "img": "https://www.forevershining.com.au/design/saved-designs/screenshots/2024/04/1713782147464.jpg",
    "title": "Bronze Plaque"
  },
  {
    "id": "1713778195621",
    "img": "https://www.forevershining.com.au/design/saved-designs/screenshots/2024/04/1713778195621.jpg",
    "title": "Bronze Plaque"
  },
  {
    "id": "1708534810977",
    "img": "https://www.forevershining.com.au/design/saved-designs/screenshots/2024/02/1708534810977.jpg",
    "title": "Bronze Plaque"
  },
  {
    "id": "1708534656248",
    "img": "https://www.forevershining.com.au/design/saved-designs/screenshots/2024/02/1708534656248.jpg",
    "title": "Bronze Plaque"
  },
  {
    "id": "1708534040993",
    "img": "https://www.forevershining.com.au/design/saved-designs/screenshots/2024/02/1708534040993.jpg",
    "title": "Bronze Plaque"
  },
  {
    "id": "1696035002446",
    "img": "https://www.forevershining.com.au/design/saved-designs/screenshots/2023/09/1696035002446.jpg",
    "title": "Bronze Plaque"
  },
  {
    "id": "1695832232637",
    "img": "https://www.forevershining.com.au/design/saved-designs/screenshots/2023/09/1695832232637.jpg",
    "title": "Bronze Plaque"
  },
  {
    "id": "1695831705342",
    "img": "https://www.forevershining.com.au/design/saved-designs/screenshots/2023/09/1695831705342.jpg",
    "title": "Bronze Plaque"
  },
  {
    "id": "1695831046954",
    "img": "https://www.forevershining.com.au/design/saved-designs/screenshots/2023/09/1695831046954.jpg",
    "title": "Bronze Plaque"
  },
  {
    "id": "1695830909144",
    "img": "https://www.forevershining.com.au/design/saved-designs/screenshots/2023/09/1695830909144.jpg",
    "title": "Bronze Plaque"
  },
  {
    "id": "1695828551716",
    "img": "https://www.forevershining.com.au/design/saved-designs/screenshots/2023/09/1695828551716.jpg",
    "title": "Bronze Plaque"
  },
  {
    "id": "1695814915727",
    "img": "https://www.forevershining.com.au/design/saved-designs/screenshots/2023/09/1695814915727.jpg",
    "title": "Bronze Plaque"
  },
  {
    "id": "1695812522033",
    "img": "https://www.forevershining.com.au/design/saved-designs/screenshots/2023/09/1695812522033.jpg",
    "title": "Bronze Plaque"
  },
  {
    "id": "1695783787596",
    "img": "https://www.forevershining.com.au/design/saved-designs/screenshots/2023/09/1695783787596.jpg",
    "title": "Bronze Plaque"
  },
  {
    "id": "1685401352564",
    "img": "https://www.forevershining.com.au/design/saved-designs/screenshots/2023/05/1685401352564.jpg",
    "title": "Bronze Plaque"
  },
  {
    "id": "1682504561454",
    "img": "https://www.forevershining.com.au/design/saved-designs/screenshots/2023/04/1682504561454.jpg",
    "title": "Bronze Plaque"
  },
  {
    "id": "1682492966986",
    "img": "https://www.forevershining.com.au/design/saved-designs/screenshots/2023/04/1682492966986.jpg",
    "title": "Bronze Plaque"
  },
  {
    "id": "1681992750998",
    "img": "https://www.forevershining.com.au/design/saved-designs/screenshots/2023/04/1681992750998.jpg",
    "title": "Bronze Plaque"
  },
  {
    "id": "1681992189133",
    "img": "https://www.forevershining.com.au/design/saved-designs/screenshots/2023/04/1681992189133.jpg",
    "title": "Bronze Plaque"
  },
  {
    "id": "1681991527086",
    "img": "https://www.forevershining.com.au/design/saved-designs/screenshots/2023/04/1681991527086.jpg",
    "title": "Bronze Plaque"
  },
  {
    "id": "1678700407264",
    "img": "https://www.forevershining.com.au/design/saved-designs/screenshots/2023/03/1678700407264.jpg",
    "title": "Bronze Plaque"
  },
  {
    "id": "1675254974712",
    "img": "https://www.forevershining.com.au/design/saved-designs/screenshots/2023/02/1675254974712.jpg",
    "title": "Bronze Plaque"
  },
  {
    "id": "1674012988713",
    "img": "https://www.forevershining.com.au/design/saved-designs/screenshots/2023/01/1674012988713.jpg",
    "title": "Bronze Plaque"
  },
  {
    "id": "1674008128537",
    "img": "https://www.forevershining.com.au/design/saved-designs/screenshots/2023/01/1674008128537.jpg",
    "title": "Bronze Plaque"
  },
  {
    "id": "1674007398008",
    "img": "https://www.forevershining.com.au/design/saved-designs/screenshots/2023/01/1674007398008.jpg",
    "title": "Bronze Plaque"
  },
  {
    "id": "1674006213481",
    "img": "https://www.forevershining.com.au/design/saved-designs/screenshots/2023/01/1674006213481.jpg",
    "title": "Bronze Plaque"
  },
  {
    "id": "1674006099806",
    "img": "https://www.forevershining.com.au/design/saved-designs/screenshots/2023/01/1674006099806.jpg",
    "title": "Bronze Plaque"
  },
  {
    "id": "1674004547938",
    "img": "https://www.forevershining.com.au/design/saved-designs/screenshots/2023/01/1674004547938.jpg",
    "title": "Bronze Plaque"
  },
  {
    "id": "1666061999200",
    "img": "https://www.forevershining.com.au/design/saved-designs/screenshots/2022/10/1666061999200.jpg",
    "title": "Bronze Plaque"
  },
  {
    "id": "1658721369480",
    "img": "https://www.forevershining.com.au/design/saved-designs/screenshots/2022/07/1658721369480.jpg",
    "title": "Bronze Plaque"
  },
  {
    "id": "1658715930986",
    "img": "https://www.forevershining.com.au/design/saved-designs/screenshots/2022/07/1658715930986.jpg",
    "title": "Bronze Plaque"
  },
  {
    "id": "1658713033774",
    "img": "https://www.forevershining.com.au/design/saved-designs/screenshots/2022/07/1658713033774.jpg",
    "title": "Bronze Plaque"
  },
  {
    "id": "1658714099649",
    "img": "https://www.forevershining.com.au/design/saved-designs/screenshots/2022/07/1658714099649.jpg",
    "title": "Bronze Plaque"
  },
  {
    "id": "1658714032188",
    "img": "https://www.forevershining.com.au/design/saved-designs/screenshots/2022/07/1658714032188.jpg",
    "title": "Bronze Plaque"
  },
  {
    "id": "1658713908299",
    "img": "https://www.forevershining.com.au/design/saved-designs/screenshots/2022/07/1658713908299.jpg",
    "title": "Bronze Plaque"
  },
  {
    "id": "1658713729518",
    "img": "https://www.forevershining.com.au/design/saved-designs/screenshots/2022/07/1658713729518.jpg",
    "title": "Bronze Plaque"
  },
  {
    "id": "1658665010375",
    "img": "https://www.forevershining.com.au/design/saved-designs/screenshots/2022/07/1658665010375.jpg",
    "title": "Bronze Plaque"
  },
  {
    "id": "1658545804195",
    "img": "https://www.forevershining.com.au/design/saved-designs/screenshots/2022/07/1658545804195.jpg",
    "title": "Bronze Plaque"
  },
  {
    "id": "1648433351532",
    "img": "https://www.forevershining.com.au/design/saved-designs/screenshots/2022/03/1648433351532.jpg",
    "title": "Bronze Plaque"
  },
  {
    "id": "1648192159218",
    "img": "https://www.forevershining.com.au/design/saved-designs/screenshots/2022/03/1648192159218.jpg",
    "title": "Bronze Plaque"
  },
  {
    "id": "1638874566057",
    "img": "https://www.forevershining.com.au/design/saved-designs/screenshots/2021/12/1638874566057.jpg",
    "title": "Bronze Plaque"
  },
  {
    "id": "1624238431990",
    "img": "https://www.forevershining.com.au/design/saved-designs/screenshots/2021/06/1624238431990.jpg",
    "title": "Bronze Plaque"
  },
  {
    "id": "1614974649843",
    "img": "https://www.forevershining.com.au/design/saved-designs/screenshots/2021/03/1614974649843.jpg",
    "title": "Bronze Plaque"
  },
  {
    "id": "1588915243325",
    "img": "https://www.forevershining.com.au/design/saved-designs/screenshots/1588915243325.jpg",
    "title": "Bronze Plaque"
  },
  {
    "id": "1583475235207",
    "img": "https://www.forevershining.com.au/design/saved-designs/screenshots/1583475235207.jpg",
    "title": "Bronze Plaque"
  },
  {
    "id": "1629078055759",
    "img": "https://www.forevershining.com.au/design/saved-designs/screenshots/2021/08/1629078055759.jpg",
    "title": "Bronze Plaque"
  },
  {
    "id": "1629077967950",
    "img": "https://www.forevershining.com.au/design/saved-designs/screenshots/2021/08/1629077967950.jpg",
    "title": "Bronze Plaque"
  },
  {
    "id": "1629077625018",
    "img": "https://www.forevershining.com.au/design/saved-designs/screenshots/2021/08/1629077625018.jpg",
    "title": "Bronze Plaque"
  }
]