[
  {
    "id": "1716611281932",
    "img": "https://www.forevershining.com.au/design/saved-designs/screenshots/2024/05/1716611281932.jpg",
    "title": "Traditional Engraved Granite Plaque"
  },
  {
    "id": "1716601739392",
    "img": "https://www.forevershining.com.au/design/saved-designs/screenshots/2024/05/1716601739392.jpg",
    "title": "Traditional Engraved Granite Plaque"
  },
  {
    "id": "1716575956706",
    "img": "https://www.forevershining.com.au/design/saved-designs/screenshots/2024/05/1716575956706.jpg",
    "title": "Traditional Engraved Granite Plaque"
  },
  {
    "id": "1695682998376",
    "img": "https://www.forevershining.com.au/design/saved-designs/screenshots/2023/09/1695682998376.jpg",
    "title": "Traditional Engraved Granite Plaque"
  },
  {
    "id": "1695625083727",
    "img": "https://www.forevershining.com.au/design/saved-designs/screenshots/2023/09/1695625083727.jpg",
    "title": "Traditional Engraved Granite Plaque"
  },
  {
    "id": "1681895152310",
    "img": "https://www.forevershining.com.au/design/saved-designs/screenshots/2023/04/1681895152310.jpg",
    "title": "Traditional Engraved Granite Plaque"
  },
  {
    "id": "1676631584652",
    "img": "https://www.forevershining.com.au/design/saved-designs/screenshots/2023/02/1676631584652.jpg",
    "title": "Traditional Engraved Granite Plaque"
  },
  {
    "id": "1671551522748",
    "img": "https://www.forevershining.com.au/design/saved-designs/screenshots/2022/12/1671551522748.jpg",
    "title": "Traditional Engraved Granite Plaque"
  },
  {
    "id": "1671550994970",
    "img": "https://www.forevershining.com.au/design/saved-designs/screenshots/2022/12/1671550994970.jpg",
    "title": "Traditional Engraved Granite Plaque"
  },
  {
    "id": "1665565943003",
    "img": "https://www.forevershining.com.au/design/saved-designs/screenshots/2022/10/1665565943003.jpg",
    "title": "Traditional Engraved Granite Plaque"
  },
  {
    "id": "1664170285427",
    "img": "https://www.forevershining.com.au/design/saved-designs/screenshots/2022/09/1664170285427.jpg",
    "title": "Traditional Engraved Granite Plaque"
  },
  {
    "id": "1664153715626",
    "img": "https://www.forevershining.com.au/design/saved-designs/screenshots/2022/09/1664153715626.jpg",
    "title": "Traditional Engraved Granite Plaque"
  },
  {
    "id": "1661243729292",
    "img": "https://www.forevershining.com.au/design/saved-designs/screenshots/2022/08/1661243729292.jpg",
    "title": "Traditional Engraved Granite Plaque"
  },
  {
    "id": "1654323186946",
    "img": "https://www.forevershining.com.au/design/saved-designs/screenshots/2022/06/1654323186946.jpg",
    "title": "Traditional Engraved Granite Plaque"
  },
  {
    "id": "1654313904949",
    "img": "https://www.forevershining.com.au/design/saved-designs/screenshots/2022/06/1654313904949.jpg",
    "title": "Traditional Engraved Granite Plaque"
  },
  {
    "id": "1647891142946",
    "img": "https://www.forevershining.com.au/design/saved-designs/screenshots/2022/03/1647891142946.jpg",
    "title": "Traditional Engraved Granite Plaque"
  },
  {
    "id": "1619065451124",
    "img": "https://www.forevershining.com.au/design/saved-designs/screenshots/2021/04/1619065451124.jpg",
    "title": "Traditional Engraved Granite Plaque"
  },
  {
    "id": "1608810116141",
    "img": "https://www.forevershining.com.au/design/saved-designs/screenshots/2020/12/1608810116141.jpg",
    "title": "Traditional Engraved Granite Plaque"
  },
  {
    "id": "1607899842708",
    "img": "https://www.forevershining.com.au/design/saved-designs/screenshots/2020/12/1607899842708.jpg",
    "title": "Traditional Engraved Granite Plaque"
  },
  {
    "id": "1604412520324",
    "img": "https://www.forevershining.com.au/design/saved-designs/screenshots/2020/11/1604412520324.jpg",
    "title": "Traditional Engraved Granite Plaque"
  },
  {
    "id": "1603284284204",
    "img": "https://www.forevershining.com.au/design/saved-designs/screenshots/2020/10/1603284284204.jpg",
    "title": "Traditional Engraved Granite Plaque"
  },
  {
    "id": "1585558017326",
    "img": "https://www.forevershining.com.au/design/saved-designs/screenshots/1585558017326.jpg",
    "title": "Traditional Engraved Granite Plaque"
  }
]