[
  {
    "id": "1681895654400",
    "img": "https://www.forevershining.com.au/design/saved-designs/screenshots/2023/04/1681895654400.jpg",
    "title": "Stainless Steel Plaque"
  },
  {
    "id": "1673341782395",
    "img": "https://www.forevershining.com.au/design/saved-designs/screenshots/2023/01/1673341782395.jpg",
    "title": "Stainless Steel Plaque"
  },
  {
    "id": "1662684733593",
    "img": "https://www.forevershining.com.au/design/saved-designs/screenshots/2022/09/1662684733593.jpg",
    "title": "Stainless Steel Plaque"
  }
]