[
  {
    "id": "1718688843705",
    "img": "https://www.forevershining.com.au/design/saved-designs/screenshots/2024/06/1718688843705.jpg",
    "title": "Bronze Plaque"
  },
  {
    "id": "1708922324981",
    "img": "https://www.forevershining.com.au/design/saved-designs/screenshots/2024/02/1708922324981.jpg",
    "title": "Bronze Plaque"
  },
  {
    "id": "1708313566146",
    "img": "https://www.forevershining.com.au/design/saved-designs/screenshots/2024/02/1708313566146.jpg",
    "title": "Bronze Plaque"
  },
  {
    "id": "1708317776015",
    "img": "https://www.forevershining.com.au/design/saved-designs/screenshots/2024/02/1708317776015.jpg",
    "title": "Bronze Plaque"
  },
  {
    "id": "1708313305585",
    "img": "https://www.forevershining.com.au/design/saved-designs/screenshots/2024/02/1708313305585.jpg",
    "title": "Bronze Plaque"
  },
  {
    "id": "1708296127670",
    "img": "https://www.forevershining.com.au/design/saved-designs/screenshots/2024/02/1708296127670.jpg",
    "title": "Bronze Plaque"
  },
  {
    "id": "1708062157654",
    "img": "https://www.forevershining.com.au/design/saved-designs/screenshots/2024/02/1708062157654.jpg",
    "title": "Bronze Plaque"
  },
  {
    "id": "1707780730121",
    "img": "https://www.forevershining.com.au/design/saved-designs/screenshots/2024/02/1707780730121.jpg",
    "title": "Bronze Plaque"
  },
  {
    "id": "1707264761216",
    "img": "https://www.forevershining.com.au/design/saved-designs/screenshots/2024/02/1707264761216.jpg",
    "title": "Bronze Plaque"
  },
  {
    "id": "1707264519114",
    "img": "https://www.forevershining.com.au/design/saved-designs/screenshots/2024/02/1707264519114.jpg",
    "title": "Bronze Plaque"
  },
  {
    "id": "1707264109535",
    "img": "https://www.forevershining.com.au/design/saved-designs/screenshots/2024/02/1707264109535.jpg",
    "title": "Bronze Plaque"
  },
  {
    "id": "1707262947864",
    "img": "https://www.forevershining.com.au/design/saved-designs/screenshots/2024/02/1707262947864.jpg",
    "title": "Bronze Plaque"
  },
  {
    "id": "1707185131973",
    "img": "https://www.forevershining.com.au/design/saved-designs/screenshots/2024/02/1707185131973.jpg",
    "title": "Bronze Plaque"
  },
  {
    "id": "1698915614046",
    "img": "https://www.forevershining.com.au/design/saved-designs/screenshots/2023/11/1698915614046.jpg",
    "title": "Bronze Plaque"
  },
  {
    "id": "1694014295666",
    "img": "https://www.forevershining.com.au/design/saved-designs/screenshots/2023/09/1694014295666.jpg",
    "title": "Bronze Plaque"
  },
  {
    "id": "1689737779719",
    "img": "https://www.forevershining.com.au/design/saved-designs/screenshots/2023/07/1689737779719.jpg",
    "title": "Bronze Plaque"
  },
  {
    "id": "1689667010044",
    "img": "https://www.forevershining.com.au/design/saved-designs/screenshots/2023/07/1689667010044.jpg",
    "title": "Bronze Plaque"
  },
  {
    "id": "1670832203932",
    "img": "https://www.forevershining.com.au/design/saved-designs/screenshots/2022/12/1670832203932.jpg",
    "title": "Bronze Plaque"
  },
  {
    "id": "1670830809913",
    "img": "https://www.forevershining.com.au/design/saved-designs/screenshots/2022/12/1670830809913.jpg",
    "title": "Bronze Plaque"
  },
  {
    "id": "1670829722847",
    "img": "https://www.forevershining.com.au/design/saved-designs/screenshots/2022/12/1670829722847.jpg",
    "title": "Bronze Plaque"
  },
  {
    "id": "1670825178580",
    "img": "https://www.forevershining.com.au/design/saved-designs/screenshots/2022/12/1670825178580.jpg",
    "title": "Bronze Plaque"
  },
  {
    "id": "1663642845116",
    "img": "https://www.forevershining.com.au/design/saved-designs/screenshots/2022/09/1663642845116.jpg",
    "title": "Bronze Plaque"
  },
  {
    "id": "1663560796321",
    "img": "https://www.forevershining.com.au/design/saved-designs/screenshots/2022/09/1663560796321.jpg",
    "title": "Bronze Plaque"
  },
  {
    "id": "1663560989591",
    "img": "https://www.forevershining.com.au/design/saved-designs/screenshots/2022/09/1663560989591.jpg",
    "title": "Bronze Plaque"
  },
  {
    "id": "1645089974556",
    "img": "https://www.forevershining.com.au/design/saved-designs/screenshots/2022/02/1645089974556.jpg",
    "title": "Bronze Plaque"
  },
  {
    "id": "1621929973834",
    "img": "https://www.forevershining.com.au/design/saved-designs/screenshots/2021/05/1621929973834.jpg",
    "title": "Bronze Plaque"
  },
  {
    "id": "1621909181310",
    "img": "https://www.forevershining.com.au/design/saved-designs/screenshots/2021/05/1621909181310.jpg",
    "title": "Bronze Plaque"
  },
  {
    "id": "1617941868113",
    "img": "https://www.forevershining.com.au/design/saved-designs/screenshots/2021/04/1617941868113.jpg",
    "title": "Bronze Plaque"
  },
  {
    "id": "1617891799281",
    "img": "https://www.forevershining.com.au/design/saved-designs/screenshots/2021/04/1617891799281.jpg",
    "title": "Bronze Plaque"
  },
  {
    "id": "1617851949691",
    "img": "https://www.forevershining.com.au/design/saved-designs/screenshots/2021/04/1617851949691.jpg",
    "title": "Bronze Plaque"
  },
  {
    "id": "1617848507725",
    "img": "https://www.forevershining.com.au/design/saved-designs/screenshots/2021/04/1617848507725.jpg",
    "title": "Bronze Plaque"
  },
  {
    "id": "1617655715188",
    "img": "https://www.forevershining.com.au/design/saved-designs/screenshots/2021/04/1617655715188.jpg",
    "title": "Bronze Plaque"
  },
  {
    "id": "1617608286961",
    "img": "https://www.forevershining.com.au/design/saved-designs/screenshots/2021/04/1617608286961.jpg",
    "title": "Bronze Plaque"
  },
  {
    "id": "1617495697434",
    "img": "https://www.forevershining.com.au/design/saved-designs/screenshots/2021/04/1617495697434.jpg",
    "title": "Bronze Plaque"
  },
  {
    "id": "1617488076859",
    "img": "https://www.forevershining.com.au/design/saved-designs/screenshots/2021/04/1617488076859.jpg",
    "title": "Bronze Plaque"
  },
  {
    "id": "1616997931937",
    "img": "https://www.forevershining.com.au/design/saved-designs/screenshots/2021/03/1616997931937.jpg",
    "title": "Bronze Plaque"
  },
  {
    "id": "1614656318865",
    "img": "https://www.forevershining.com.au/design/saved-designs/screenshots/2021/03/1614656318865.jpg",
    "title": "Bronze Plaque"
  },
  {
    "id": "1612588614458",
    "img": "https://www.forevershining.com.au/design/saved-designs/screenshots/2021/02/1612588614458.jpg",
    "title": "Bronze Plaque"
  },
  {
    "id": "1610914830995",
    "img": "https://www.forevershining.com.au/design/saved-designs/screenshots/2021/02/1610914830995.jpg",
    "title": "Bronze Plaque"
  },
  {
    "id": "1612576614205",
    "img": "https://www.forevershining.com.au/design/saved-designs/screenshots/2021/02/1612576614205.jpg",
    "title": "Bronze Plaque"
  },
  {
    "id": "1612572412433",
    "img": "https://www.forevershining.com.au/design/saved-designs/screenshots/2021/02/1612572412433.jpg",
    "title": "Bronze Plaque"
  },
  {
    "id": "1612575882111",
    "img": "https://www.forevershining.com.au/design/saved-designs/screenshots/2021/02/1612575882111.jpg",
    "title": "Bronze Plaque"
  },
  {
    "id": "1612549629010",
    "img": "https://www.forevershining.com.au/design/saved-designs/screenshots/2021/02/1612549629010.jpg",
    "title": "Bronze Plaque"
  },
  {
    "id": "1612492247824",
    "img": "https://www.forevershining.com.au/design/saved-designs/screenshots/2021/02/1612492247824.jpg",
    "title": "Bronze Plaque"
  },
  {
    "id": "1606101649314",
    "img": "https://www.forevershining.com.au/design/saved-designs/screenshots/2020/11/1606101649314.jpg",
    "title": "Bronze Plaque"
  },
  {
    "id": "1606101454952",
    "img": "https://www.forevershining.com.au/design/saved-designs/screenshots/2020/11/1606101454952.jpg",
    "title": "Bronze Plaque"
  },
  {
    "id": "1606101213982",
    "img": "https://www.forevershining.com.au/design/saved-designs/screenshots/2020/11/1606101213982.jpg",
    "title": "Bronze Plaque"
  },
  {
    "id": "1606046020113",
    "img": "https://www.forevershining.com.au/design/saved-designs/screenshots/2020/11/1606046020113.jpg",
    "title": "Bronze Plaque"
  },
  {
    "id": "1598677791793",
    "img": "https://www.forevershining.com.au/design/saved-designs/screenshots/2020/08/1598677791793.jpg",
    "title": "Bronze Plaque"
  },
  {
    "id": "1598676446526",
    "img": "https://www.forevershining.com.au/design/saved-designs/screenshots/2020/08/1598676446526.jpg",
    "title": "Bronze Plaque"
  },
  {
    "id": "1598663423265",
    "img": "https://www.forevershining.com.au/design/saved-designs/screenshots/2020/08/1598663423265.jpg",
    "title": "Bronze Plaque"
  },
  {
    "id": "1597675893088",
    "img": "https://www.forevershining.com.au/design/saved-designs/screenshots/2020/08/1597675893088.jpg",
    "title": "Bronze Plaque"
  },
  {
    "id": "1597675848054",
    "img": "https://www.forevershining.com.au/design/saved-designs/screenshots/2020/08/1597675848054.jpg",
    "title": "Bronze Plaque"
  },
  {
    "id": "1597675748478",
    "img": "https://www.forevershining.com.au/design/saved-designs/screenshots/2020/08/1597675748478.jpg",
    "title": "Bronze Plaque"
  },
  {
    "id": "1597675545567",
    "img": "https://www.forevershining.com.au/design/saved-designs/screenshots/2020/08/1597675545567.jpg",
    "title": "Bronze Plaque"
  },
  {
    "id": "1597664785555",
    "img": "https://www.forevershining.com.au/design/saved-designs/screenshots/2020/08/1597664785555.jpg",
    "title": "Bronze Plaque"
  },
  {
    "id": "1597650638982",
    "img": "https://www.forevershining.com.au/design/saved-designs/screenshots/2020/08/1597650638982.jpg",
    "title": "Bronze Plaque"
  },
  {
    "id": "1593398444650",
    "img": "https://www.forevershining.com.au/design/saved-designs/screenshots/2020/06/1593398444650.jpg",
    "title": "Bronze Plaque"
  },
  {
    "id": "1593370752381",
    "img": "https://www.forevershining.com.au/design/saved-designs/screenshots/2020/06/1593370752381.jpg",
    "title": "Bronze Plaque"
  },
  {
    "id": "1593349920945",
    "img": "https://www.forevershining.com.au/design/saved-designs/screenshots/2020/06/1593349920945.jpg",
    "title": "Bronze Plaque"
  },
  {
    "id": "1593349004270",
    "img": "https://www.forevershining.com.au/design/saved-designs/screenshots/2020/06/1593349004270.jpg",
    "title": "Bronze Plaque"
  },
  {
    "id": "1593348538273",
    "img": "https://www.forevershining.com.au/design/saved-designs/screenshots/2020/06/1593348538273.jpg",
    "title": "Bronze Plaque"
  },
  {
    "id": "1593346637510",
    "img": "https://www.forevershining.com.au/design/saved-designs/screenshots/2020/06/1593346637510.jpg",
    "title": "Bronze Plaque"
  },
  {
    "id": "1593346316791",
    "img": "https://www.forevershining.com.au/design/saved-designs/screenshots/2020/06/1593346316791.jpg",
    "title": "Bronze Plaque"
  },
  {
    "id": "1593339625494",
    "img": "https://www.forevershining.com.au/design/saved-designs/screenshots/2020/06/1593339625494.jpg",
    "title": "Bronze Plaque"
  },
  {
    "id": "1593179473122",
    "img": "https://www.forevershining.com.au/design/saved-designs/screenshots/2020/06/1593179473122.jpg",
    "title": "Bronze Plaque"
  },
  {
    "id": "1588184312777",
    "img": "https://www.forevershining.com.au/design/saved-designs/screenshots/1588184312777.jpg",
    "title": "Bronze Plaque"
  },
  {
    "id": "1586389758162",
    "img": "https://www.forevershining.com.au/design/saved-designs/screenshots/1586389758162.jpg",
    "title": "Bronze Plaque"
  },
  {
    "id": "1586336954272",
    "img": "https://www.forevershining.com.au/design/saved-designs/screenshots/1586336954272.jpg",
    "title": "Bronze Plaque"
  },
  {
    "id": "1581488253441",
    "img": "https://www.forevershining.com.au/design/saved-designs/screenshots/1581488253441.jpg",
    "title": "Bronze Plaque"
  },
  {
    "id": "1580939503456",
    "img": "https://www.forevershining.com.au/design/saved-designs/screenshots/1580939503456.jpg",
    "title": "Bronze Plaque"
  },
  {
    "id": "1715008515746",
    "img": "https://www.forevershining.com.au/design/saved-designs/screenshots/2024/05/1715008515746.jpg",
    "title": "Bronze Plaque"
  }
]