[
  {
    "id": "1708570649949",
    "img": "https://www.forevershining.com.au/design/saved-designs/screenshots/2024/02/1708570649949.jpg",
    "title": "Bronze Plaque"
  },
  {
    "id": "1708569769051",
    "img": "https://www.forevershining.com.au/design/saved-designs/screenshots/2024/02/1708569769051.jpg",
    "title": "Bronze Plaque"
  },
  {
    "id": "1708569508098",
    "img": "https://www.forevershining.com.au/design/saved-designs/screenshots/2024/02/1708569508098.jpg",
    "title": "Bronze Plaque"
  },
  {
    "id": "1708568825792",
    "img": "https://www.forevershining.com.au/design/saved-designs/screenshots/2024/02/1708568825792.jpg",
    "title": "Bronze Plaque"
  },
  {
    "id": "1702871338796",
    "img": "https://www.forevershining.com.au/design/saved-designs/screenshots/2023/12/1702871338796.jpg",
    "title": "Bronze Plaque"
  },
  {
    "id": "1702870982118",
    "img": "https://www.forevershining.com.au/design/saved-designs/screenshots/2023/12/1702870982118.jpg",
    "title": "Bronze Plaque"
  },
  {
    "id": "1702870740505",
    "img": "https://www.forevershining.com.au/design/saved-designs/screenshots/2023/12/1702870740505.jpg",
    "title": "Bronze Plaque"
  },
  {
    "id": "1702798774074",
    "img": "https://www.forevershining.com.au/design/saved-designs/screenshots/2023/12/1702798774074.jpg",
    "title": "Bronze Plaque"
  },
  {
    "id": "1702796739327",
    "img": "https://www.forevershining.com.au/design/saved-designs/screenshots/2023/12/1702796739327.jpg",
    "title": "Bronze Plaque"
  },
  {
    "id": "1702796389986",
    "img": "https://www.forevershining.com.au/design/saved-designs/screenshots/2023/12/1702796389986.jpg",
    "title": "Bronze Plaque"
  },
  {
    "id": "1702778460276",
    "img": "https://www.forevershining.com.au/design/saved-designs/screenshots/2023/12/1702778460276.jpg",
    "title": "Bronze Plaque"
  },
  {
    "id": "1702778327695",
    "img": "https://www.forevershining.com.au/design/saved-designs/screenshots/2023/12/1702778327695.jpg",
    "title": "Bronze Plaque"
  },
  {
    "id": "1702713386700",
    "img": "https://www.forevershining.com.au/design/saved-designs/screenshots/2023/12/1702713386700.jpg",
    "title": "Bronze Plaque"
  },
  {
    "id": "1702710443644",
    "img": "https://www.forevershining.com.au/design/saved-designs/screenshots/2023/12/1702710443644.jpg",
    "title": "Bronze Plaque"
  },
  {
    "id": "1702098729978",
    "img": "https://www.forevershining.com.au/design/saved-designs/screenshots/2023/12/1702098729978.jpg",
    "title": "Bronze Plaque"
  },
  {
    "id": "1702095848793",
    "img": "https://www.forevershining.com.au/design/saved-designs/screenshots/2023/12/1702095848793.jpg",
    "title": "Bronze Plaque"
  },
  {
    "id": "1701997846219",
    "img": "https://www.forevershining.com.au/design/saved-designs/screenshots/2023/12/1701997846219.jpg",
    "title": "Bronze Plaque"
  },
  {
    "id": "1701431980924",
    "img": "https://www.forevershining.com.au/design/saved-designs/screenshots/2023/12/1701431980924.jpg",
    "title": "Bronze Plaque"
  },
  {
    "id": "1701429335590",
    "img": "https://www.forevershining.com.au/design/saved-designs/screenshots/2023/12/1701429335590.jpg",
    "title": "Bronze Plaque"
  },
  {
    "id": "1698673944100",
    "img": "https://www.forevershining.com.au/design/saved-designs/screenshots/2023/10/1698673944100.jpg",
    "title": "Bronze Plaque"
  },
  {
    "id": "1698673750168",
    "img": "https://www.forevershining.com.au/design/saved-designs/screenshots/2023/10/1698673750168.jpg",
    "title": "Bronze Plaque"
  },
  {
    "id": "1698667994541",
    "img": "https://www.forevershining.com.au/design/saved-designs/screenshots/2023/10/1698667994541.jpg",
    "title": "Bronze Plaque"
  },
  {
    "id": "1691060526406",
    "img": "https://www.forevershining.com.au/design/saved-designs/screenshots/2023/08/1691060526406.jpg",
    "title": "Bronze Plaque"
  },
  {
    "id": "1691058319974",
    "img": "https://www.forevershining.com.au/design/saved-designs/screenshots/2023/08/1691058319974.jpg",
    "title": "Bronze Plaque"
  },
  {
    "id": "1691055751448",
    "img": "https://www.forevershining.com.au/design/saved-designs/screenshots/2023/08/1691055751448.jpg",
    "title": "Bronze Plaque"
  },
  {
    "id": "1691033199200",
    "img": "https://www.forevershining.com.au/design/saved-designs/screenshots/2023/08/1691033199200.jpg",
    "title": "Bronze Plaque"
  },
  {
    "id": "1675302069463",
    "img": "https://www.forevershining.com.au/design/saved-designs/screenshots/2023/02/1675302069463.jpg",
    "title": "Bronze Plaque"
  },
  {
    "id": "1674475446646",
    "img": "https://www.forevershining.com.au/design/saved-designs/screenshots/2023/01/1674475446646.jpg",
    "title": "Bronze Plaque"
  },
  {
    "id": "1672285754362",
    "img": "https://www.forevershining.com.au/design/saved-designs/screenshots/2022/12/1672285754362.jpg",
    "title": "Bronze Plaque"
  },
  {
    "id": "1672283911550",
    "img": "https://www.forevershining.com.au/design/saved-designs/screenshots/2022/12/1672283911550.jpg",
    "title": "Bronze Plaque"
  },
  {
    "id": "1670466165758",
    "img": "https://www.forevershining.com.au/design/saved-designs/screenshots/2022/12/1670466165758.jpg",
    "title": "Bronze Plaque"
  },
  {
    "id": "1670466016315",
    "img": "https://www.forevershining.com.au/design/saved-designs/screenshots/2022/12/1670466016315.jpg",
    "title": "Bronze Plaque"
  },
  {
    "id": "1668146274315",
    "img": "https://www.forevershining.com.au/design/saved-designs/screenshots/2022/11/1668146274315.jpg",
    "title": "Bronze Plaque"
  },
  {
    "id": "1668146075886",
    "img": "https://www.forevershining.com.au/design/saved-designs/screenshots/2022/11/1668146075886.jpg",
    "title": "Bronze Plaque"
  },
  {
    "id": "1668144644313",
    "img": "https://www.forevershining.com.au/design/saved-designs/screenshots/2022/11/1668144644313.jpg",
    "title": "Bronze Plaque"
  },
  {
    "id": "1668045362525",
    "img": "https://www.forevershining.com.au/design/saved-designs/screenshots/2022/11/1668045362525.jpg",
    "title": "Bronze Plaque"
  },
  {
    "id": "1668004104318",
    "img": "https://www.forevershining.com.au/design/saved-designs/screenshots/2022/11/1668004104318.jpg",
    "title": "Bronze Plaque"
  },
  {
    "id": "1667931387744",
    "img": "https://www.forevershining.com.au/design/saved-designs/screenshots/2022/11/1667931387744.jpg",
    "title": "Bronze Plaque"
  },
  {
    "id": "1667846961228",
    "img": "https://www.forevershining.com.au/design/saved-designs/screenshots/2022/11/1667846961228.jpg",
    "title": "Bronze Plaque"
  },
  {
    "id": "1667564477083",
    "img": "https://www.forevershining.com.au/design/saved-designs/screenshots/2022/11/1667564477083.jpg",
    "title": "Bronze Plaque"
  },
  {
    "id": "1667564391634",
    "img": "https://www.forevershining.com.au/design/saved-designs/screenshots/2022/11/1667564391634.jpg",
    "title": "Bronze Plaque"
  },
  {
    "id": "1667559805042",
    "img": "https://www.forevershining.com.au/design/saved-designs/screenshots/2022/11/1667559805042.jpg",
    "title": "Bronze Plaque"
  },
  {
    "id": "1667245380047",
    "img": "https://www.forevershining.com.au/design/saved-designs/screenshots/2022/10/1667245380047.jpg",
    "title": "Bronze Plaque"
  },
  {
    "id": "1667244544276",
    "img": "https://www.forevershining.com.au/design/saved-designs/screenshots/2022/10/1667244544276.jpg",
    "title": "Bronze Plaque"
  },
  {
    "id": "1667244506539",
    "img": "https://www.forevershining.com.au/design/saved-designs/screenshots/2022/10/1667244506539.jpg",
    "title": "Bronze Plaque"
  },
  {
    "id": "1666079814705",
    "img": "https://www.forevershining.com.au/design/saved-designs/screenshots/2022/10/1666079814705.jpg",
    "title": "Bronze Plaque"
  },
  {
    "id": "1662622377026",
    "img": "https://www.forevershining.com.au/design/saved-designs/screenshots/2022/09/1662622377026.jpg",
    "title": "Bronze Plaque"
  },
  {
    "id": "1662086991900",
    "img": "https://www.forevershining.com.au/design/saved-designs/screenshots/2022/09/1662086991900.jpg",
    "title": "Bronze Plaque"
  },
  {
    "id": "1662016301658",
    "img": "https://www.forevershining.com.au/design/saved-designs/screenshots/2022/09/1662016301658.jpg",
    "title": "Bronze Plaque"
  },
  {
    "id": "1662016237064",
    "img": "https://www.forevershining.com.au/design/saved-designs/screenshots/2022/09/1662016237064.jpg",
    "title": "Bronze Plaque"
  },
  {
    "id": "1662016094112",
    "img": "https://www.forevershining.com.au/design/saved-designs/screenshots/2022/09/1662016094112.jpg",
    "title": "Bronze Plaque"
  },
  {
    "id": "1661929916450",
    "img": "https://www.forevershining.com.au/design/saved-designs/screenshots/2022/08/1661929916450.jpg",
    "title": "Bronze Plaque"
  },
  {
    "id": "1661929800802",
    "img": "https://www.forevershining.com.au/design/saved-designs/screenshots/2022/08/1661929800802.jpg",
    "title": "Bronze Plaque"
  },
  {
    "id": "1661924946118",
    "img": "https://www.forevershining.com.au/design/saved-designs/screenshots/2022/08/1661924946118.jpg",
    "title": "Bronze Plaque"
  },
  {
    "id": "1661924579837",
    "img": "https://www.forevershining.com.au/design/saved-designs/screenshots/2022/08/1661924579837.jpg",
    "title": "Bronze Plaque"
  },
  {
    "id": "1661876908622",
    "img": "https://www.forevershining.com.au/design/saved-designs/screenshots/2022/08/1661876908622.jpg",
    "title": "Bronze Plaque"
  },
  {
    "id": "1661876854552",
    "img": "https://www.forevershining.com.au/design/saved-designs/screenshots/2022/08/1661876854552.jpg",
    "title": "Bronze Plaque"
  },
  {
    "id": "1661874389273",
    "img": "https://www.forevershining.com.au/design/saved-designs/screenshots/2022/08/1661874389273.jpg",
    "title": "Bronze Plaque"
  },
  {
    "id": "1658973294422",
    "img": "https://www.forevershining.com.au/design/saved-designs/screenshots/2022/07/1658973294422.jpg",
    "title": "Bronze Plaque"
  },
  {
    "id": "1658914981996",
    "img": "https://www.forevershining.com.au/design/saved-designs/screenshots/2022/07/1658914981996.jpg",
    "title": "Bronze Plaque"
  },
  {
    "id": "1657632841146",
    "img": "https://www.forevershining.com.au/design/saved-designs/screenshots/2022/07/1657632841146.jpg",
    "title": "Bronze Plaque"
  },
  {
    "id": "1656918260396",
    "img": "https://www.forevershining.com.au/design/saved-designs/screenshots/2022/07/1656918260396.jpg",
    "title": "Bronze Plaque"
  },
  {
    "id": "1651620640288",
    "img": "https://www.forevershining.com.au/design/saved-designs/screenshots/2022/05/1651620640288.jpg",
    "title": "Bronze Plaque"
  },
  {
    "id": "1651595488879",
    "img": "https://www.forevershining.com.au/design/saved-designs/screenshots/2022/05/1651595488879.jpg",
    "title": "Bronze Plaque"
  },
  {
    "id": "1651585200379",
    "img": "https://www.forevershining.com.au/design/saved-designs/screenshots/2022/05/1651585200379.jpg",
    "title": "Bronze Plaque"
  },
  {
    "id": "1651519579925",
    "img": "https://www.forevershining.com.au/design/saved-designs/screenshots/2022/05/1651519579925.jpg",
    "title": "Bronze Plaque"
  },
  {
    "id": "1649781996204",
    "img": "https://www.forevershining.com.au/design/saved-designs/screenshots/2022/04/1649781996204.jpg",
    "title": "Bronze Plaque"
  },
  {
    "id": "1648530999906",
    "img": "https://www.forevershining.com.au/design/saved-designs/screenshots/2022/03/1648530999906.jpg",
    "title": "Bronze Plaque"
  },
  {
    "id": "1648530910486",
    "img": "https://www.forevershining.com.au/design/saved-designs/screenshots/2022/03/1648530910486.jpg",
    "title": "Bronze Plaque"
  },
  {
    "id": "1648530668292",
    "img": "https://www.forevershining.com.au/design/saved-designs/screenshots/2022/03/1648530668292.jpg",
    "title": "Bronze Plaque"
  },
  {
    "id": "1648524436971",
    "img": "https://www.forevershining.com.au/design/saved-designs/screenshots/2022/03/1648524436971.jpg",
    "title": "Bronze Plaque"
  },
  {
    "id": "1638332703389",
    "img": "https://www.forevershining.com.au/design/saved-designs/screenshots/2021/12/1638332703389.jpg",
    "title": "Bronze Plaque"
  },
  {
    "id": "1638270521144",
    "img": "https://www.forevershining.com.au/design/saved-designs/screenshots/2021/11/1638270521144.jpg",
    "title": "Bronze Plaque"
  },
  {
    "id": "1638269148421",
    "img": "https://www.forevershining.com.au/design/saved-designs/screenshots/2021/11/1638269148421.jpg",
    "title": "Bronze Plaque"
  },
  {
    "id": "1638266871814",
    "img": "https://www.forevershining.com.au/design/saved-designs/screenshots/2021/11/1638266871814.jpg",
    "title": "Bronze Plaque"
  },
  {
    "id": "1625124778019",
    "img": "https://www.forevershining.com.au/design/saved-designs/screenshots/2021/07/1625124778019.jpg",
    "title": "Bronze Plaque"
  },
  {
    "id": "1625114183358",
    "img": "https://www.forevershining.com.au/design/saved-designs/screenshots/2021/07/1625114183358.jpg",
    "title": "Bronze Plaque"
  },
  {
    "id": "1624966759302",
    "img": "https://www.forevershining.com.au/design/saved-designs/screenshots/2021/06/1624966759302.jpg",
    "title": "Bronze Plaque"
  },
  {
    "id": "1624966388202",
    "img": "https://www.forevershining.com.au/design/saved-designs/screenshots/2021/06/1624966388202.jpg",
    "title": "Bronze Plaque"
  },
  {
    "id": "1624966343450",
    "img": "https://www.forevershining.com.au/design/saved-designs/screenshots/2021/06/1624966343450.jpg",
    "title": "Bronze Plaque"
  },
  {
    "id": "1624964917023",
    "img": "https://www.forevershining.com.au/design/saved-designs/screenshots/2021/06/1624964917023.jpg",
    "title": "Bronze Plaque"
  },
  {
    "id": "1624965114457",
    "img": "https://www.forevershining.com.au/design/saved-designs/screenshots/2021/06/1624965114457.jpg",
    "title": "Bronze Plaque"
  },
  {
    "id": "1624964452990",
    "img": "https://www.forevershining.com.au/design/saved-designs/screenshots/2021/06/1624964452990.jpg",
    "title": "Bronze Plaque"
  },
  {
    "id": "1624963019238",
    "img": "https://www.forevershining.com.au/design/saved-designs/screenshots/2021/06/1624963019238.jpg",
    "title": "Bronze Plaque"
  },
  {
    "id": "1624961627370",
    "img": "https://www.forevershining.com.au/design/saved-designs/screenshots/2021/06/1624961627370.jpg",
    "title": "Bronze Plaque"
  },
  {
    "id": "1624095276192",
    "img": "https://www.forevershining.com.au/design/saved-designs/screenshots/2021/06/1624095276192.jpg",
    "title": "Bronze Plaque"
  },
  {
    "id": "1624090787258",
    "img": "https://www.forevershining.com.au/design/saved-designs/screenshots/2021/06/1624090787258.jpg",
    "title": "Bronze Plaque"
  },
  {
    "id": "1623862400676",
    "img": "https://www.forevershining.com.au/design/saved-designs/screenshots/2021/06/1623862400676.jpg",
    "title": "Bronze Plaque"
  },
  {
    "id": "1623859560532",
    "img": "https://www.forevershining.com.au/design/saved-designs/screenshots/2021/06/1623859560532.jpg",
    "title": "Bronze Plaque"
  },
  {
    "id": "1610161672548",
    "img": "https://www.forevershining.com.au/design/saved-designs/screenshots/2021/01/1610161672548.jpg",
    "title": "Bronze Plaque"
  },
  {
    "id": "1607918715685",
    "img": "https://www.forevershining.com.au/design/saved-designs/screenshots/2020/12/1607918715685.jpg",
    "title": "Bronze Plaque"
  },
  {
    "id": "1607915543298",
    "img": "https://www.forevershining.com.au/design/saved-designs/screenshots/2020/12/1607915543298.jpg",
    "title": "Bronze Plaque"
  },
  {
    "id": "1607913575747",
    "img": "https://www.forevershining.com.au/design/saved-designs/screenshots/2020/12/1607913575747.jpg",
    "title": "Bronze Plaque"
  },
  {
    "id": "1607913543749",
    "img": "https://www.forevershining.com.au/design/saved-designs/screenshots/2020/12/1607913543749.jpg",
    "title": "Bronze Plaque"
  },
  {
    "id": "1606716232708",
    "img": "https://www.forevershining.com.au/design/saved-designs/screenshots/2020/11/1606716232708.jpg",
    "title": "Bronze Plaque"
  },
  {
    "id": "1606716210827",
    "img": "https://www.forevershining.com.au/design/saved-designs/screenshots/2020/11/1606716210827.jpg",
    "title": "Bronze Plaque"
  },
  {
    "id": "1606715925713",
    "img": "https://www.forevershining.com.au/design/saved-designs/screenshots/2020/11/1606715925713.jpg",
    "title": "Bronze Plaque"
  },
  {
    "id": "1606714753684",
    "img": "https://www.forevershining.com.au/design/saved-designs/screenshots/2020/11/1606714753684.jpg",
    "title": "Bronze Plaque"
  },
  {
    "id": "1604900771004",
    "img": "https://www.forevershining.com.au/design/saved-designs/screenshots/2020/11/1604900771004.jpg",
    "title": "Bronze Plaque"
  },
  {
    "id": "1604669071891",
    "img": "https://www.forevershining.com.au/design/saved-designs/screenshots/2020/11/1604669071891.jpg",
    "title": "Bronze Plaque"
  },
  {
    "id": "1604650165842",
    "img": "https://www.forevershining.com.au/design/saved-designs/screenshots/2020/11/1604650165842.jpg",
    "title": "Bronze Plaque"
  },
  {
    "id": "1604648309409",
    "img": "https://www.forevershining.com.au/design/saved-designs/screenshots/2020/11/1604648309409.jpg",
    "title": "Bronze Plaque"
  },
  {
    "id": "1604632453788",
    "img": "https://www.forevershining.com.au/design/saved-designs/screenshots/2020/11/1604632453788.jpg",
    "title": "Bronze Plaque"
  },
  {
    "id": "1604568220498",
    "img": "https://www.forevershining.com.au/design/saved-designs/screenshots/2020/11/1604568220498.jpg",
    "title": "Bronze Plaque"
  },
  {
    "id": "1604567826470",
    "img": "https://www.forevershining.com.au/design/saved-designs/screenshots/2020/11/1604567826470.jpg",
    "title": "Bronze Plaque"
  },
  {
    "id": "1604554007559",
    "img": "https://www.forevershining.com.au/design/saved-designs/screenshots/2020/11/1604554007559.jpg",
    "title": "Bronze Plaque"
  },
  {
    "id": "1604532337375",
    "img": "https://www.forevershining.com.au/design/saved-designs/screenshots/2020/11/1604532337375.jpg",
    "title": "Bronze Plaque"
  },
  {
    "id": "1595714388000",
    "img": "https://www.forevershining.com.au/design/saved-designs/screenshots/2020/07/1595714388000.jpg",
    "title": "Bronze Plaque"
  },
  {
    "id": "1595241147156",
    "img": "https://www.forevershining.com.au/design/saved-designs/screenshots/2020/07/1595241147156.jpg",
    "title": "Bronze Plaque"
  },
  {
    "id": "1595240052208",
    "img": "https://www.forevershining.com.au/design/saved-designs/screenshots/2020/07/1595240052208.jpg",
    "title": "Bronze Plaque"
  },
  {
    "id": "1592905563657",
    "img": "https://www.forevershining.com.au/design/saved-designs/screenshots/2020/06/1592905563657.jpg",
    "title": "Bronze Plaque"
  },
  {
    "id": "1592534392831",
    "img": "https://www.forevershining.com.au/design/saved-designs/screenshots/1592534392831.jpg",
    "title": "Bronze Plaque"
  },
  {
    "id": "1592370839616",
    "img": "https://www.forevershining.com.au/design/saved-designs/screenshots/1592370839616.jpg",
    "title": "Bronze Plaque"
  },
  {
    "id": "1592369662859",
    "img": "https://www.forevershining.com.au/design/saved-designs/screenshots/1592369662859.jpg",
    "title": "Bronze Plaque"
  },
  {
    "id": "1592358314394",
    "img": "https://www.forevershining.com.au/design/saved-designs/screenshots/1592358314394.jpg",
    "title": "Bronze Plaque"
  },
  {
    "id": "1592252054683",
    "img": "https://www.forevershining.com.au/design/saved-designs/screenshots/1592252054683.jpg",
    "title": "Bronze Plaque"
  },
  {
    "id": "1592273651892",
    "img": "https://www.forevershining.com.au/design/saved-designs/screenshots/1592273651892.jpg",
    "title": "Bronze Plaque"
  },
  {
    "id": "1583897028741",
    "img": "https://www.forevershining.com.au/design/saved-designs/screenshots/1583897028741.jpg",
    "title": "Bronze Plaque"
  },
  {
    "id": "1582700901860",
    "img": "https://www.forevershining.com.au/design/saved-designs/screenshots/1582700901860.jpg",
    "title": "Bronze Plaque"
  },
  {
    "id": "1581652653727",
    "img": "https://www.forevershining.com.au/design/saved-designs/screenshots/1581652653727.jpg",
    "title": "Bronze Plaque"
  },
  {
    "id": "1663717434519",
    "img": "https://www.forevershining.com.au/design/saved-designs/screenshots/2022/09/1663717434519.jpg",
    "title": "Bronze Plaque"
  },
  {
    "id": "1663692232537",
    "img": "https://www.forevershining.com.au/design/saved-designs/screenshots/2022/09/1663692232537.jpg",
    "title": "Bronze Plaque"
  }
]