[
  {
    "id": "1629768153986",
    "img": "https://www.forevershining.com.au/design/saved-designs/screenshots/2021/08/1629768153986.jpg",
    "title": "Full Color Plaque"
  },
  {
    "id": "1629741332993",
    "img": "https://www.forevershining.com.au/design/saved-designs/screenshots/2021/08/1629741332993.jpg",
    "title": "Full Color Plaque"
  },
  {
    "id": "1629213750111",
    "img": "https://www.forevershining.com.au/design/saved-designs/screenshots/2021/08/1629213750111.jpg",
    "title": "Full Color Plaque"
  },
  {
    "id": "1629136661718",
    "img": "https://www.forevershining.com.au/design/saved-designs/screenshots/2021/08/1629136661718.jpg",
    "title": "Full Color Plaque"
  }
]