[
  {
    "id": "1678782944845",
    "img": "https://www.forevershining.com.au/design/saved-designs/screenshots/2023/03/1678782944845.jpg",
    "title": "Bronze Plaque"
  },
  {
    "id": "1647592166964",
    "img": "https://www.forevershining.com.au/design/saved-designs/screenshots/2022/03/1647592166964.jpg",
    "title": "Bronze Plaque"
  },
  {
    "id": "1608494063805",
    "img": "https://www.forevershining.com.au/design/saved-designs/screenshots/2020/12/1608494063805.jpg",
    "title": "Bronze Plaque"
  },
  {
    "id": "1587630325253",
    "img": "https://www.forevershining.com.au/design/saved-designs/screenshots/1587630325253.jpg",
    "title": "Bronze Plaque"
  },
  {
    "id": "1587628579190",
    "img": "https://www.forevershining.com.au/design/saved-designs/screenshots/1587628579190.jpg",
    "title": "Bronze Plaque"
  },
  {
    "id": "1579746033450",
    "img": "https://www.forevershining.com.au/design/saved-designs/screenshots/1579746033450.jpg",
    "title": "Bronze Plaque"
  }
]