[
  {
    "id": "1709855267357",
    "img": "https://www.forevershining.com.au/design/saved-designs/screenshots/2024/03/1709855267357.jpg",
    "title": "Laser Etched Black Granite Plaque"
  },
  {
    "id": "1709697093195",
    "img": "https://www.forevershining.com.au/design/saved-designs/screenshots/2024/03/1709697093195.jpg",
    "title": "Laser Etched Black Granite Plaque"
  },
  {
    "id": "1709683849476",
    "img": "https://www.forevershining.com.au/design/saved-designs/screenshots/2024/03/1709683849476.jpg",
    "title": "Laser Etched Black Granite Plaque"
  },
  {
    "id": "1678263657273",
    "img": "https://www.forevershining.com.au/design/saved-designs/screenshots/2023/03/1678263657273.jpg",
    "title": "Laser Etched Black Granite Plaque"
  },
  {
    "id": "1678261169464",
    "img": "https://www.forevershining.com.au/design/saved-designs/screenshots/2023/03/1678261169464.jpg",
    "title": "Laser Etched Black Granite Plaque"
  },
  {
    "id": "1678235684303",
    "img": "https://www.forevershining.com.au/design/saved-designs/screenshots/2023/03/1678235684303.jpg",
    "title": "Laser Etched Black Granite Plaque"
  },
  {
    "id": "1678193670593",
    "img": "https://www.forevershining.com.au/design/saved-designs/screenshots/2023/03/1678193670593.jpg",
    "title": "Laser Etched Black Granite Plaque"
  },
  {
    "id": "1678186323077",
    "img": "https://www.forevershining.com.au/design/saved-designs/screenshots/2023/03/1678186323077.jpg",
    "title": "Laser Etched Black Granite Plaque"
  },
  {
    "id": "1678185714692",
    "img": "https://www.forevershining.com.au/design/saved-designs/screenshots/2023/03/1678185714692.jpg",
    "title": "Laser Etched Black Granite Plaque"
  },
  {
    "id": "1678178126686",
    "img": "https://www.forevershining.com.au/design/saved-designs/screenshots/2023/03/1678178126686.jpg",
    "title": "Laser Etched Black Granite Plaque"
  },
  {
    "id": "1674099320032",
    "img": "https://www.forevershining.com.au/design/saved-designs/screenshots/2023/01/1674099320032.jpg",
    "title": "Laser Etched Black Granite Plaque"
  },
  {
    "id": "1614726557755",
    "img": "https://www.forevershining.com.au/design/saved-designs/screenshots/2021/03/1614726557755.jpg",
    "title": "Laser Etched Black Granite Plaque"
  }
]