[
  {
    "id": "1719222519020",
    "img": "https://www.forevershining.com.au/design/saved-designs/screenshots/2024/06/1719222519020.jpg",
    "title": "Bronze Plaque"
  },
  {
    "id": "1696991667881",
    "img": "https://www.forevershining.com.au/design/saved-designs/screenshots/2023/10/1696991667881.jpg",
    "title": "Bronze Plaque"
  },
  {
    "id": "1696917217705",
    "img": "https://www.forevershining.com.au/design/saved-designs/screenshots/2023/10/1696917217705.jpg",
    "title": "Bronze Plaque"
  },
  {
    "id": "1665981877471",
    "img": "https://www.forevershining.com.au/design/saved-designs/screenshots/2022/10/1665981877471.jpg",
    "title": "Bronze Plaque"
  },
  {
    "id": "1635040527038",
    "img": "https://www.forevershining.com.au/design/saved-designs/screenshots/2021/10/1635040527038.jpg",
    "title": "Bronze Plaque"
  },
  {
    "id": "1613129007575",
    "img": "https://www.forevershining.com.au/design/saved-designs/screenshots/2021/02/1613129007575.jpg",
    "title": "Bronze Plaque"
  },
  {
    "id": "1613022826754",
    "img": "https://www.forevershining.com.au/design/saved-designs/screenshots/2021/02/1613022826754.jpg",
    "title": "Bronze Plaque"
  },
  {
    "id": "1613011783640",
    "img": "https://www.forevershining.com.au/design/saved-designs/screenshots/2021/02/1613011783640.jpg",
    "title": "Bronze Plaque"
  },
  {
    "id": "1613003801073",
    "img": "https://www.forevershining.com.au/design/saved-designs/screenshots/2021/02/1613003801073.jpg",
    "title": "Bronze Plaque"
  },
  {
    "id": "1601263725107",
    "img": "https://www.forevershining.com.au/design/saved-designs/screenshots/2020/09/1601263725107.jpg",
    "title": "Bronze Plaque"
  },
  {
    "id": "1659304080527",
    "img": "https://www.forevershining.com.au/design/saved-designs/screenshots/2022/07/1659304080527.jpg",
    "title": "Bronze Plaque"
  }
]