[
  {
    "id": "1698977952454",
    "img": "https://www.forevershining.com.au/design/saved-designs/screenshots/2023/11/1698977952454.jpg",
    "title": "Stainless Steel Plaque"
  },
  {
    "id": "1698976872111",
    "img": "https://www.forevershining.com.au/design/saved-designs/screenshots/2023/11/1698976872111.jpg",
    "title": "Stainless Steel Plaque"
  },
  {
    "id": "1629960528854",
    "img": "https://www.forevershining.com.au/design/saved-designs/screenshots/2021/08/1629960528854.jpg",
    "title": "Stainless Steel Plaque"
  },
  {
    "id": "1629958589354",
    "img": "https://www.forevershining.com.au/design/saved-designs/screenshots/2021/08/1629958589354.jpg",
    "title": "Stainless Steel Plaque"
  }
]