[
  {
    "id": "1709920211822",
    "img": "https://www.forevershining.com.au/design/saved-designs/screenshots/2024/03/1709920211822.jpg",
    "title": "Stainless Steel Plaque"
  },
  {
    "id": "1709910012068",
    "img": "https://www.forevershining.com.au/design/saved-designs/screenshots/2024/03/1709910012068.jpg",
    "title": "Stainless Steel Plaque"
  },
  {
    "id": "1709744301379",
    "img": "https://www.forevershining.com.au/design/saved-designs/screenshots/2024/03/1709744301379.jpg",
    "title": "Stainless Steel Plaque"
  },
  {
    "id": "1685663038286",
    "img": "https://www.forevershining.com.au/design/saved-designs/screenshots/2023/06/1685663038286.jpg",
    "title": "Stainless Steel Plaque"
  },
  {
    "id": "1685501313216",
    "img": "https://www.forevershining.com.au/design/saved-designs/screenshots/2023/05/1685501313216.jpg",
    "title": "Stainless Steel Plaque"
  },
  {
    "id": "1685476077588",
    "img": "https://www.forevershining.com.au/design/saved-designs/screenshots/2023/05/1685476077588.jpg",
    "title": "Stainless Steel Plaque"
  },
  {
    "id": "1684140935355",
    "img": "https://www.forevershining.com.au/design/saved-designs/screenshots/2023/05/1684140935355.jpg",
    "title": "Stainless Steel Plaque"
  },
  {
    "id": "1683186603807",
    "img": "https://www.forevershining.com.au/design/saved-designs/screenshots/2023/05/1683186603807.jpg",
    "title": "Stainless Steel Plaque"
  },
  {
    "id": "1680387533431",
    "img": "https://www.forevershining.com.au/design/saved-designs/screenshots/2023/04/1680387533431.jpg",
    "title": "Stainless Steel Plaque"
  },
  {
    "id": "1680386285906",
    "img": "https://www.forevershining.com.au/design/saved-designs/screenshots/2023/04/1680386285906.jpg",
    "title": "Stainless Steel Plaque"
  },
  {
    "id": "1680385970104",
    "img": "https://www.forevershining.com.au/design/saved-designs/screenshots/2023/04/1680385970104.jpg",
    "title": "Stainless Steel Plaque"
  },
  {
    "id": "1680382305960",
    "img": "https://www.forevershining.com.au/design/saved-designs/screenshots/2023/04/1680382305960.jpg",
    "title": "Stainless Steel Plaque"
  },
  {
    "id": "1676037723708",
    "img": "https://www.forevershining.com.au/design/saved-designs/screenshots/2023/02/1676037723708.jpg",
    "title": "Stainless Steel Plaque"
  },
  {
    "id": "1665971435753",
    "img": "https://www.forevershining.com.au/design/saved-designs/screenshots/2022/10/1665971435753.jpg",
    "title": "Stainless Steel Plaque"
  },
  {
    "id": "1664341672342",
    "img": "https://www.forevershining.com.au/design/saved-designs/screenshots/2022/09/1664341672342.jpg",
    "title": "Stainless Steel Plaque"
  },
  {
    "id": "1664336210291",
    "img": "https://www.forevershining.com.au/design/saved-designs/screenshots/2022/09/1664336210291.jpg",
    "title": "Stainless Steel Plaque"
  },
  {
    "id": "1661396193886",
    "img": "https://www.forevershining.com.au/design/saved-designs/screenshots/2022/08/1661396193886.jpg",
    "title": "Stainless Steel Plaque"
  },
  {
    "id": "1642039505111",
    "img": "https://www.forevershining.com.au/design/saved-designs/screenshots/2022/01/1642039505111.jpg",
    "title": "Stainless Steel Plaque"
  },
  {
    "id": "1626756065908",
    "img": "https://www.forevershining.com.au/design/saved-designs/screenshots/2021/07/1626756065908.jpg",
    "title": "Stainless Steel Plaque"
  },
  {
    "id": "1661315833478",
    "img": "https://www.forevershining.com.au/design/saved-designs/screenshots/2022/08/1661315833478.jpg",
    "title": "Stainless Steel Plaque"
  }
]