[
  {
    "id": "1686610624833",
    "img": "https://www.forevershining.com.au/design/saved-designs/screenshots/2023/06/1686610624833.jpg",
    "title": "Stainless Steel Plaque"
  },
  {
    "id": "1677888716455",
    "img": "https://www.forevershining.com.au/design/saved-designs/screenshots/2023/03/1677888716455.jpg",
    "title": "Stainless Steel Plaque"
  },
  {
    "id": "1677887253028",
    "img": "https://www.forevershining.com.au/design/saved-designs/screenshots/2023/03/1677887253028.jpg",
    "title": "Stainless Steel Plaque"
  },
  {
    "id": "1677887135297",
    "img": "https://www.forevershining.com.au/design/saved-designs/screenshots/2023/03/1677887135297.jpg",
    "title": "Stainless Steel Plaque"
  },
  {
    "id": "1677877424003",
    "img": "https://www.forevershining.com.au/design/saved-designs/screenshots/2023/03/1677877424003.jpg",
    "title": "Stainless Steel Plaque"
  },
  {
    "id": "1677109474143",
    "img": "https://www.forevershining.com.au/design/saved-designs/screenshots/2023/02/1677109474143.jpg",
    "title": "Stainless Steel Plaque"
  },
  {
    "id": "1644327897609",
    "img": "https://www.forevershining.com.au/design/saved-designs/screenshots/2022/02/1644327897609.jpg",
    "title": "Stainless Steel Plaque"
  },
  {
    "id": "1642109771652",
    "img": "https://www.forevershining.com.au/design/saved-designs/screenshots/2022/01/1642109771652.jpg",
    "title": "Stainless Steel Plaque"
  },
  {
    "id": "1639138235752",
    "img": "https://www.forevershining.com.au/design/saved-designs/screenshots/2021/12/1639138235752.jpg",
    "title": "Stainless Steel Plaque"
  },
  {
    "id": "1638678932052",
    "img": "https://www.forevershining.com.au/design/saved-designs/screenshots/2021/12/1638678932052.jpg",
    "title": "Stainless Steel Plaque"
  }
]