[
  {
    "id": "1718810931324",
    "img": "https://www.forevershining.com.au/design/saved-designs/screenshots/2024/06/1718810931324.jpg",
    "title": "Traditional Engraved Granite Plaque"
  },
  {
    "id": "1718650411395",
    "img": "https://www.forevershining.com.au/design/saved-designs/screenshots/2024/06/1718650411395.jpg",
    "title": "Traditional Engraved Granite Plaque"
  },
  {
    "id": "1718650036148",
    "img": "https://www.forevershining.com.au/design/saved-designs/screenshots/2024/06/1718650036148.jpg",
    "title": "Traditional Engraved Granite Plaque"
  },
  {
    "id": "1718649429649",
    "img": "https://www.forevershining.com.au/design/saved-designs/screenshots/2024/06/1718649429649.jpg",
    "title": "Traditional Engraved Granite Plaque"
  },
  {
    "id": "1718647876521",
    "img": "https://www.forevershining.com.au/design/saved-designs/screenshots/2024/06/1718647876521.jpg",
    "title": "Traditional Engraved Granite Plaque"
  },
  {
    "id": "1718650522386",
    "img": "https://www.forevershining.com.au/design/saved-designs/screenshots/2024/06/1718650522386.jpg",
    "title": "Traditional Engraved Granite Plaque"
  },
  {
    "id": "1718650183386",
    "img": "https://www.forevershining.com.au/design/saved-designs/screenshots/2024/06/1718650183386.jpg",
    "title": "Traditional Engraved Granite Plaque"
  },
  {
    "id": "1718649745951",
    "img": "https://www.forevershining.com.au/design/saved-designs/screenshots/2024/06/1718649745951.jpg",
    "title": "Traditional Engraved Granite Plaque"
  },
  {
    "id": "1718647989365",
    "img": "https://www.forevershining.com.au/design/saved-designs/screenshots/2024/06/1718647989365.jpg",
    "title": "Traditional Engraved Granite Plaque"
  },
  {
    "id": "1718647191681",
    "img": "https://www.forevershining.com.au/design/saved-designs/screenshots/2024/06/1718647191681.jpg",
    "title": "Traditional Engraved Granite Plaque"
  },
  {
    "id": "1716785114530",
    "img": "https://www.forevershining.com.au/design/saved-designs/screenshots/2024/05/1716785114530.jpg",
    "title": "Traditional Engraved Granite Plaque"
  },
  {
    "id": "1707358470638",
    "img": "https://www.forevershining.com.au/design/saved-designs/screenshots/2024/02/1707358470638.jpg",
    "title": "Traditional Engraved Granite Plaque"
  },
  {
    "id": "1703147517348",
    "img": "https://www.forevershining.com.au/design/saved-designs/screenshots/2023/12/1703147517348.jpg",
    "title": "Traditional Engraved Granite Plaque"
  },
  {
    "id": "1701346227410",
    "img": "https://www.forevershining.com.au/design/saved-designs/screenshots/2023/11/1701346227410.jpg",
    "title": "Traditional Engraved Granite Plaque"
  },
  {
    "id": "1701344473522",
    "img": "https://www.forevershining.com.au/design/saved-designs/screenshots/2023/11/1701344473522.jpg",
    "title": "Traditional Engraved Granite Plaque"
  },
  {
    "id": "1701341021906",
    "img": "https://www.forevershining.com.au/design/saved-designs/screenshots/2023/11/1701341021906.jpg",
    "title": "Traditional Engraved Granite Plaque"
  },
  {
    "id": "1701335562958",
    "img": "https://www.forevershining.com.au/design/saved-designs/screenshots/2023/11/1701335562958.jpg",
    "title": "Traditional Engraved Granite Plaque"
  },
  {
    "id": "1698657153884",
    "img": "https://www.forevershining.com.au/design/saved-designs/screenshots/2023/10/1698657153884.jpg",
    "title": "Traditional Engraved Granite Plaque"
  },
  {
    "id": "1694337337928",
    "img": "https://www.forevershining.com.au/design/saved-designs/screenshots/2023/09/1694337337928.jpg",
    "title": "Traditional Engraved Granite Plaque"
  },
  {
    "id": "1694206718279",
    "img": "https://www.forevershining.com.au/design/saved-designs/screenshots/2023/09/1694206718279.jpg",
    "title": "Traditional Engraved Granite Plaque"
  },
  {
    "id": "1693933642268",
    "img": "https://www.forevershining.com.au/design/saved-designs/screenshots/2023/09/1693933642268.jpg",
    "title": "Traditional Engraved Granite Plaque"
  },
  {
    "id": "1693932008315",
    "img": "https://www.forevershining.com.au/design/saved-designs/screenshots/2023/09/1693932008315.jpg",
    "title": "Traditional Engraved Granite Plaque"
  },
  {
    "id": "1690604764131",
    "img": "https://www.forevershining.com.au/design/saved-designs/screenshots/2023/07/1690604764131.jpg",
    "title": "Traditional Engraved Granite Plaque"
  },
  {
    "id": "1690600803013",
    "img": "https://www.forevershining.com.au/design/saved-designs/screenshots/2023/07/1690600803013.jpg",
    "title": "Traditional Engraved Granite Plaque"
  },
  {
    "id": "1690342501113",
    "img": "https://www.forevershining.com.au/design/saved-designs/screenshots/2023/07/1690342501113.jpg",
    "title": "Traditional Engraved Granite Plaque"
  },
  {
    "id": "1690338109982",
    "img": "https://www.forevershining.com.au/design/saved-designs/screenshots/2023/07/1690338109982.jpg",
    "title": "Traditional Engraved Granite Plaque"
  },
  {
    "id": "1690337063097",
    "img": "https://www.forevershining.com.au/design/saved-designs/screenshots/2023/07/1690337063097.jpg",
    "title": "Traditional Engraved Granite Plaque"
  },
  {
    "id": "1715069702994",
    "img": "https://www.forevershining.com.au/design/saved-designs/screenshots/2024/05/1715069702994.jpg",
    "title": "Traditional Engraved Granite Plaque"
  },
  {
    "id": "1715071560193",
    "img": "https://www.forevershining.com.au/design/saved-designs/screenshots/2024/05/1715071560193.jpg",
    "title": "Traditional Engraved Granite Plaque"
  },
  {
    "id": "1688607244956",
    "img": "https://www.forevershining.com.au/design/saved-designs/screenshots/2023/07/1688607244956.jpg",
    "title": "Traditional Engraved Granite Plaque"
  },
  {
    "id": "1686518435856",
    "img": "https://www.forevershining.com.au/design/saved-designs/screenshots/2023/06/1686518435856.jpg",
    "title": "Traditional Engraved Granite Plaque"
  },
  {
    "id": "1684445718340",
    "img": "https://www.forevershining.com.au/design/saved-designs/screenshots/2023/05/1684445718340.jpg",
    "title": "Traditional Engraved Granite Plaque"
  },
  {
    "id": "1675041781171",
    "img": "https://www.forevershining.com.au/design/saved-designs/screenshots/2023/01/1675041781171.jpg",
    "title": "Traditional Engraved Granite Plaque"
  },
  {
    "id": "1675041315318",
    "img": "https://www.forevershining.com.au/design/saved-designs/screenshots/2023/01/1675041315318.jpg",
    "title": "Traditional Engraved Granite Plaque"
  },
  {
    "id": "1675041176004",
    "img": "https://www.forevershining.com.au/design/saved-designs/screenshots/2023/01/1675041176004.jpg",
    "title": "Traditional Engraved Granite Plaque"
  },
  {
    "id": "1675040270762",
    "img": "https://www.forevershining.com.au/design/saved-designs/screenshots/2023/01/1675040270762.jpg",
    "title": "Traditional Engraved Granite Plaque"
  },
  {
    "id": "1675032380844",
    "img": "https://www.forevershining.com.au/design/saved-designs/screenshots/2023/01/1675032380844.jpg",
    "title": "Traditional Engraved Granite Plaque"
  },
  {
    "id": "1675032262068",
    "img": "https://www.forevershining.com.au/design/saved-designs/screenshots/2023/01/1675032262068.jpg",
    "title": "Traditional Engraved Granite Plaque"
  },
  {
    "id": "1675032152501",
    "img": "https://www.forevershining.com.au/design/saved-designs/screenshots/2023/01/1675032152501.jpg",
    "title": "Traditional Engraved Granite Plaque"
  },
  {
    "id": "1675032086947",
    "img": "https://www.forevershining.com.au/design/saved-designs/screenshots/2023/01/1675032086947.jpg",
    "title": "Traditional Engraved Granite Plaque"
  },
  {
    "id": "1675031921029",
    "img": "https://www.forevershining.com.au/design/saved-designs/screenshots/2023/01/1675031921029.jpg",
    "title": "Traditional Engraved Granite Plaque"
  },
  {
    "id": "1675031762799",
    "img": "https://www.forevershining.com.au/design/saved-designs/screenshots/2023/01/1675031762799.jpg",
    "title": "Traditional Engraved Granite Plaque"
  },
  {
    "id": "1675029055585",
    "img": "https://www.forevershining.com.au/design/saved-designs/screenshots/2023/01/1675029055585.jpg",
    "title": "Traditional Engraved Granite Plaque"
  },
  {
    "id": "1674189021377",
    "img": "https://www.forevershining.com.au/design/saved-designs/screenshots/2023/01/1674189021377.jpg",
    "title": "Traditional Engraved Granite Plaque"
  },
  {
    "id": "1673951163652",
    "img": "https://www.forevershining.com.au/design/saved-designs/screenshots/2023/01/1673951163652.jpg",
    "title": "Traditional Engraved Granite Plaque"
  },
  {
    "id": "1673480395155",
    "img": "https://www.forevershining.com.au/design/saved-designs/screenshots/2023/01/1673480395155.jpg",
    "title": "Traditional Engraved Granite Plaque"
  },
  {
    "id": "1673479015102",
    "img": "https://www.forevershining.com.au/design/saved-designs/screenshots/2023/01/1673479015102.jpg",
    "title": "Traditional Engraved Granite Plaque"
  },
  {
    "id": "1673477906531",
    "img": "https://www.forevershining.com.au/design/saved-designs/screenshots/2023/01/1673477906531.jpg",
    "title": "Traditional Engraved Granite Plaque"
  },
  {
    "id": "1668799197477",
    "img": "https://www.forevershining.com.au/design/saved-designs/screenshots/2022/11/1668799197477.jpg",
    "title": "Traditional Engraved Granite Plaque"
  },
  {
    "id": "1668308392520",
    "img": "https://www.forevershining.com.au/design/saved-designs/screenshots/2022/11/1668308392520.jpg",
    "title": "Traditional Engraved Granite Plaque"
  },
  {
    "id": "1668307266875",
    "img": "https://www.forevershining.com.au/design/saved-designs/screenshots/2022/11/1668307266875.jpg",
    "title": "Traditional Engraved Granite Plaque"
  },
  {
    "id": "1667448644542",
    "img": "https://www.forevershining.com.au/design/saved-designs/screenshots/2022/11/1667448644542.jpg",
    "title": "Traditional Engraved Granite Plaque"
  },
  {
    "id": "1665632042154",
    "img": "https://www.forevershining.com.au/design/saved-designs/screenshots/2022/10/1665632042154.jpg",
    "title": "Traditional Engraved Granite Plaque"
  },
  {
    "id": "1665631867243",
    "img": "https://www.forevershining.com.au/design/saved-designs/screenshots/2022/10/1665631867243.jpg",
    "title": "Traditional Engraved Granite Plaque"
  },
  {
    "id": "1665631747696",
    "img": "https://www.forevershining.com.au/design/saved-designs/screenshots/2022/10/1665631747696.jpg",
    "title": "Traditional Engraved Granite Plaque"
  },
  {
    "id": "1661415444152",
    "img": "https://www.forevershining.com.au/design/saved-designs/screenshots/2022/08/1661415444152.jpg",
    "title": "Traditional Engraved Granite Plaque"
  },
  {
    "id": "1658460741411",
    "img": "https://www.forevershining.com.au/design/saved-designs/screenshots/2022/07/1658460741411.jpg",
    "title": "Traditional Engraved Granite Plaque"
  },
  {
    "id": "1648584310095",
    "img": "https://www.forevershining.com.au/design/saved-designs/screenshots/2022/03/1648584310095.jpg",
    "title": "Traditional Engraved Granite Plaque"
  },
  {
    "id": "1648060284608",
    "img": "https://www.forevershining.com.au/design/saved-designs/screenshots/2022/03/1648060284608.jpg",
    "title": "Traditional Engraved Granite Plaque"
  },
  {
    "id": "1646723503460",
    "img": "https://www.forevershining.com.au/design/saved-designs/screenshots/2022/03/1646723503460.jpg",
    "title": "Traditional Engraved Granite Plaque"
  },
  {
    "id": "1646723128592",
    "img": "https://www.forevershining.com.au/design/saved-designs/screenshots/2022/03/1646723128592.jpg",
    "title": "Traditional Engraved Granite Plaque"
  },
  {
    "id": "1646020073941",
    "img": "https://www.forevershining.com.au/design/saved-designs/screenshots/2022/02/1646020073941.jpg",
    "title": "Traditional Engraved Granite Plaque"
  },
  {
    "id": "1644140251748",
    "img": "https://www.forevershining.com.au/design/saved-designs/screenshots/2022/02/1644140251748.jpg",
    "title": "Traditional Engraved Granite Plaque"
  },
  {
    "id": "1636552470036",
    "img": "https://www.forevershining.com.au/design/saved-designs/screenshots/2021/11/1636552470036.jpg",
    "title": "Traditional Engraved Granite Plaque"
  },
  {
    "id": "1634728955448",
    "img": "https://www.forevershining.com.au/design/saved-designs/screenshots/2021/10/1634728955448.jpg",
    "title": "Traditional Engraved Granite Plaque"
  },
  {
    "id": "1621681951179",
    "img": "https://www.forevershining.com.au/design/saved-designs/screenshots/2021/05/1621681951179.jpg",
    "title": "Traditional Engraved Granite Plaque"
  },
  {
    "id": "1621678495255",
    "img": "https://www.forevershining.com.au/design/saved-designs/screenshots/2021/05/1621678495255.jpg",
    "title": "Traditional Engraved Granite Plaque"
  },
  {
    "id": "1618379438938",
    "img": "https://www.forevershining.com.au/design/saved-designs/screenshots/2021/04/1618379438938.jpg",
    "title": "Traditional Engraved Granite Plaque"
  },
  {
    "id": "1618377581836",
    "img": "https://www.forevershining.com.au/design/saved-designs/screenshots/2021/04/1618377581836.jpg",
    "title": "Traditional Engraved Granite Plaque"
  },
  {
    "id": "1618372640450",
    "img": "https://www.forevershining.com.au/design/saved-designs/screenshots/2021/04/1618372640450.jpg",
    "title": "Traditional Engraved Granite Plaque"
  },
  {
    "id": "1618307026347",
    "img": "https://www.forevershining.com.au/design/saved-designs/screenshots/2021/04/1618307026347.jpg",
    "title": "Traditional Engraved Granite Plaque"
  },
  {
    "id": "1616378388227",
    "img": "https://www.forevershining.com.au/design/saved-designs/screenshots/2021/03/1616378388227.jpg",
    "title": "Traditional Engraved Granite Plaque"
  },
  {
    "id": "1616377901008",
    "img": "https://www.forevershining.com.au/design/saved-designs/screenshots/2021/03/1616377901008.jpg",
    "title": "Traditional Engraved Granite Plaque"
  },
  {
    "id": "1616377751747",
    "img": "https://www.forevershining.com.au/design/saved-designs/screenshots/2021/03/1616377751747.jpg",
    "title": "Traditional Engraved Granite Plaque"
  },
  {
    "id": "1616377713365",
    "img": "https://www.forevershining.com.au/design/saved-designs/screenshots/2021/03/1616377713365.jpg",
    "title": "Traditional Engraved Granite Plaque"
  },
  {
    "id": "1616375035994",
    "img": "https://www.forevershining.com.au/design/saved-designs/screenshots/2021/03/1616375035994.jpg",
    "title": "Traditional Engraved Granite Plaque"
  },
  {
    "id": "1615547901473",
    "img": "https://www.forevershining.com.au/design/saved-designs/screenshots/2021/03/1615547901473.jpg",
    "title": "Traditional Engraved Granite Plaque"
  },
  {
    "id": "1614912287884",
    "img": "https://www.forevershining.com.au/design/saved-designs/screenshots/2021/03/1614912287884.jpg",
    "title": "Traditional Engraved Granite Plaque"
  },
  {
    "id": "1614849884187",
    "img": "https://www.forevershining.com.au/design/saved-designs/screenshots/2021/03/1614849884187.jpg",
    "title": "Traditional Engraved Granite Plaque"
  },
  {
    "id": "1607528824746",
    "img": "https://www.forevershining.com.au/design/saved-designs/screenshots/2020/12/1607528824746.jpg",
    "title": "Traditional Engraved Granite Plaque"
  },
  {
    "id": "1607526230521",
    "img": "https://www.forevershining.com.au/design/saved-designs/screenshots/2020/12/1607526230521.jpg",
    "title": "Traditional Engraved Granite Plaque"
  },
  {
    "id": "1607524355998",
    "img": "https://www.forevershining.com.au/design/saved-designs/screenshots/2020/12/1607524355998.jpg",
    "title": "Traditional Engraved Granite Plaque"
  },
  {
    "id": "1607523151792",
    "img": "https://www.forevershining.com.au/design/saved-designs/screenshots/2020/12/1607523151792.jpg",
    "title": "Traditional Engraved Granite Plaque"
  },
  {
    "id": "1607515567531",
    "img": "https://www.forevershining.com.au/design/saved-designs/screenshots/2020/12/1607515567531.jpg",
    "title": "Traditional Engraved Granite Plaque"
  },
  {
    "id": "1605815163492",
    "img": "https://www.forevershining.com.au/design/saved-designs/screenshots/2020/11/1605815163492.jpg",
    "title": "Traditional Engraved Granite Plaque"
  },
  {
    "id": "1605776503544",
    "img": "https://www.forevershining.com.au/design/saved-designs/screenshots/2020/11/1605776503544.jpg",
    "title": "Traditional Engraved Granite Plaque"
  },
  {
    "id": "1600279681197",
    "img": "https://www.forevershining.com.au/design/saved-designs/screenshots/2020/09/1600279681197.jpg",
    "title": "Traditional Engraved Granite Plaque"
  },
  {
    "id": "1600278986126",
    "img": "https://www.forevershining.com.au/design/saved-designs/screenshots/2020/09/1600278986126.jpg",
    "title": "Traditional Engraved Granite Plaque"
  },
  {
    "id": "1600258576429",
    "img": "https://www.forevershining.com.au/design/saved-designs/screenshots/2020/09/1600258576429.jpg",
    "title": "Traditional Engraved Granite Plaque"
  },
  {
    "id": "1599903173455",
    "img": "https://www.forevershining.com.au/design/saved-designs/screenshots/2020/09/1599903173455.jpg",
    "title": "Traditional Engraved Granite Plaque"
  },
  {
    "id": "1597369808523",
    "img": "https://www.forevershining.com.au/design/saved-designs/screenshots/2020/08/1597369808523.jpg",
    "title": "Traditional Engraved Granite Plaque"
  },
  {
    "id": "1596190358585",
    "img": "https://www.forevershining.com.au/design/saved-designs/screenshots/2020/07/1596190358585.jpg",
    "title": "Traditional Engraved Granite Plaque"
  },
  {
    "id": "1596103302306",
    "img": "https://www.forevershining.com.au/design/saved-designs/screenshots/2020/07/1596103302306.jpg",
    "title": "Traditional Engraved Granite Plaque"
  },
  {
    "id": "1592272285757",
    "img": "https://www.forevershining.com.au/design/saved-designs/screenshots/1592272285757.jpg",
    "title": "Traditional Engraved Granite Plaque"
  },
  {
    "id": "1588743406486",
    "img": "https://www.forevershining.com.au/design/saved-designs/screenshots/1588743406486.jpg",
    "title": "Traditional Engraved Granite Plaque"
  }
]