[
  {
    "id": "1646613768242",
    "img": "https://www.forevershining.com.au/design/saved-designs/screenshots/2022/03/1646613768242.jpg",
    "title": "Stainless Steel Plaque"
  },
  {
    "id": "1645478718684",
    "img": "https://www.forevershining.com.au/design/saved-designs/screenshots/2022/02/1645478718684.jpg",
    "title": "Stainless Steel Plaque"
  },
  {
    "id": "1645418202465",
    "img": "https://www.forevershining.com.au/design/saved-designs/screenshots/2022/02/1645418202465.jpg",
    "title": "Stainless Steel Plaque"
  },
  {
    "id": "1645417017332",
    "img": "https://www.forevershining.com.au/design/saved-designs/screenshots/2022/02/1645417017332.jpg",
    "title": "Stainless Steel Plaque"
  },
  {
    "id": "1645415898502",
    "img": "https://www.forevershining.com.au/design/saved-designs/screenshots/2022/02/1645415898502.jpg",
    "title": "Stainless Steel Plaque"
  },
  {
    "id": "1645415181199",
    "img": "https://www.forevershining.com.au/design/saved-designs/screenshots/2022/02/1645415181199.jpg",
    "title": "Stainless Steel Plaque"
  },
  {
    "id": "1628477729515",
    "img": "https://www.forevershining.com.au/design/saved-designs/screenshots/2021/08/1628477729515.jpg",
    "title": "Stainless Steel Plaque"
  },
  {
    "id": "1627956291183",
    "img": "https://www.forevershining.com.au/design/saved-designs/screenshots/2021/08/1627956291183.jpg",
    "title": "Stainless Steel Plaque"
  }
]