[
  {
    "id": "1713074879541",
    "img": "https://www.forevershining.com.au/design/saved-designs/screenshots/2024/04/1713074879541.jpg",
    "title": "Bronze Plaque"
  },
  {
    "id": "1713048569165",
    "img": "https://www.forevershining.com.au/design/saved-designs/screenshots/2024/04/1713048569165.jpg",
    "title": "Bronze Plaque"
  },
  {
    "id": "1712970683540",
    "img": "https://www.forevershining.com.au/design/saved-designs/screenshots/2024/04/1712970683540.jpg",
    "title": "Bronze Plaque"
  },
  {
    "id": "1712969100326",
    "img": "https://www.forevershining.com.au/design/saved-designs/screenshots/2024/04/1712969100326.jpg",
    "title": "Bronze Plaque"
  },
  {
    "id": "1705574629476",
    "img": "https://www.forevershining.com.au/design/saved-designs/screenshots/2024/01/1705574629476.jpg",
    "title": "Bronze Plaque"
  },
  {
    "id": "1705637018320",
    "img": "https://www.forevershining.com.au/design/saved-designs/screenshots/2024/01/1705637018320.jpg",
    "title": "Bronze Plaque"
  },
  {
    "id": "1705547281966",
    "img": "https://www.forevershining.com.au/design/saved-designs/screenshots/2024/01/1705547281966.jpg",
    "title": "Bronze Plaque"
  },
  {
    "id": "1705491690054",
    "img": "https://www.forevershining.com.au/design/saved-designs/screenshots/2024/01/1705491690054.jpg",
    "title": "Bronze Plaque"
  },
  {
    "id": "1705491350696",
    "img": "https://www.forevershining.com.au/design/saved-designs/screenshots/2024/01/1705491350696.jpg",
    "title": "Bronze Plaque"
  },
  {
    "id": "1705490134535",
    "img": "https://www.forevershining.com.au/design/saved-designs/screenshots/2024/01/1705490134535.jpg",
    "title": "Bronze Plaque"
  },
  {
    "id": "1705490869753",
    "img": "https://www.forevershining.com.au/design/saved-designs/screenshots/2024/01/1705490869753.jpg",
    "title": "Bronze Plaque"
  },
  {
    "id": "1705490666519",
    "img": "https://www.forevershining.com.au/design/saved-designs/screenshots/2024/01/1705490666519.jpg",
    "title": "Bronze Plaque"
  },
  {
    "id": "1705490408004",
    "img": "https://www.forevershining.com.au/design/saved-designs/screenshots/2024/01/1705490408004.jpg",
    "title": "Bronze Plaque"
  },
  {
    "id": "1705490123181",
    "img": "https://www.forevershining.com.au/design/saved-designs/screenshots/2024/01/1705490123181.jpg",
    "title": "Bronze Plaque"
  },
  {
    "id": "1705488605043",
    "img": "https://www.forevershining.com.au/design/saved-designs/screenshots/2024/01/1705488605043.jpg",
    "title": "Bronze Plaque"
  },
  {
    "id": "1705474563722",
    "img": "https://www.forevershining.com.au/design/saved-designs/screenshots/2024/01/1705474563722.jpg",
    "title": "Bronze Plaque"
  },
  {
    "id": "1692176656804",
    "img": "https://www.forevershining.com.au/design/saved-designs/screenshots/2023/08/1692176656804.jpg",
    "title": "Bronze Plaque"
  },
  {
    "id": "1692173971601",
    "img": "https://www.forevershining.com.au/design/saved-designs/screenshots/2023/08/1692173971601.jpg",
    "title": "Bronze Plaque"
  },
  {
    "id": "1692072590213",
    "img": "https://www.forevershining.com.au/design/saved-designs/screenshots/2023/08/1692072590213.jpg",
    "title": "Bronze Plaque"
  },
  {
    "id": "1692059253603",
    "img": "https://www.forevershining.com.au/design/saved-designs/screenshots/2023/08/1692059253603.jpg",
    "title": "Bronze Plaque"
  },
  {
    "id": "1691535980313",
    "img": "https://www.forevershining.com.au/design/saved-designs/screenshots/2023/08/1691535980313.jpg",
    "title": "Bronze Plaque"
  },
  {
    "id": "1691534969073",
    "img": "https://www.forevershining.com.au/design/saved-designs/screenshots/2023/08/1691534969073.jpg",
    "title": "Bronze Plaque"
  },
  {
    "id": "1715068097448",
    "img": "https://www.forevershining.com.au/design/saved-designs/screenshots/2024/05/1715068097448.jpg",
    "title": "Bronze Plaque"
  },
  {
    "id": "1666742517552",
    "img": "https://www.forevershining.com.au/design/saved-designs/screenshots/2022/10/1666742517552.jpg",
    "title": "Bronze Plaque"
  },
  {
    "id": "1666706236557",
    "img": "https://www.forevershining.com.au/design/saved-designs/screenshots/2022/10/1666706236557.jpg",
    "title": "Bronze Plaque"
  },
  {
    "id": "1666705692530",
    "img": "https://www.forevershining.com.au/design/saved-designs/screenshots/2022/10/1666705692530.jpg",
    "title": "Bronze Plaque"
  },
  {
    "id": "1666704791803",
    "img": "https://www.forevershining.com.au/design/saved-designs/screenshots/2022/10/1666704791803.jpg",
    "title": "Bronze Plaque"
  },
  {
    "id": "1666247996961",
    "img": "https://www.forevershining.com.au/design/saved-designs/screenshots/2022/10/1666247996961.jpg",
    "title": "Bronze Plaque"
  },
  {
    "id": "1666247790849",
    "img": "https://www.forevershining.com.au/design/saved-designs/screenshots/2022/10/1666247790849.jpg",
    "title": "Bronze Plaque"
  },
  {
    "id": "1666082894384",
    "img": "https://www.forevershining.com.au/design/saved-designs/screenshots/2022/10/1666082894384.jpg",
    "title": "Bronze Plaque"
  },
  {
    "id": "1666070818859",
    "img": "https://www.forevershining.com.au/design/saved-designs/screenshots/2022/10/1666070818859.jpg",
    "title": "Bronze Plaque"
  },
  {
    "id": "1666070763740",
    "img": "https://www.forevershining.com.au/design/saved-designs/screenshots/2022/10/1666070763740.jpg",
    "title": "Bronze Plaque"
  },
  {
    "id": "1626939137198",
    "img": "https://www.forevershining.com.au/design/saved-designs/screenshots/2021/07/1626939137198.jpg",
    "title": "Bronze Plaque"
  },
  {
    "id": "1623758275905",
    "img": "https://www.forevershining.com.au/design/saved-designs/screenshots/2021/06/1623758275905.jpg",
    "title": "Bronze Plaque"
  },
  {
    "id": "1623119818986",
    "img": "https://www.forevershining.com.au/design/saved-designs/screenshots/2021/06/1623119818986.jpg",
    "title": "Bronze Plaque"
  },
  {
    "id": "1623119688916",
    "img": "https://www.forevershining.com.au/design/saved-designs/screenshots/2021/06/1623119688916.jpg",
    "title": "Bronze Plaque"
  },
  {
    "id": "1621483760745",
    "img": "https://www.forevershining.com.au/design/saved-designs/screenshots/2021/05/1621483760745.jpg",
    "title": "Bronze Plaque"
  },
  {
    "id": "1610945620682",
    "img": "https://www.forevershining.com.au/design/saved-designs/screenshots/2021/01/1610945620682.jpg",
    "title": "Bronze Plaque"
  },
  {
    "id": "1610936822407",
    "img": "https://www.forevershining.com.au/design/saved-designs/screenshots/2021/01/1610936822407.jpg",
    "title": "Bronze Plaque"
  },
  {
    "id": "1610930446870",
    "img": "https://www.forevershining.com.au/design/saved-designs/screenshots/2021/01/1610930446870.jpg",
    "title": "Bronze Plaque"
  },
  {
    "id": "1604974669892",
    "img": "https://www.forevershining.com.au/design/saved-designs/screenshots/2020/11/1604974669892.jpg",
    "title": "Bronze Plaque"
  },
  {
    "id": "1604962414182",
    "img": "https://www.forevershining.com.au/design/saved-designs/screenshots/2020/11/1604962414182.jpg",
    "title": "Bronze Plaque"
  },
  {
    "id": "1603739097847",
    "img": "https://www.forevershining.com.au/design/saved-designs/screenshots/2020/10/1603739097847.jpg",
    "title": "Bronze Plaque"
  },
  {
    "id": "1591940100254",
    "img": "https://www.forevershining.com.au/design/saved-designs/screenshots/1591940100254.jpg",
    "title": "Bronze Plaque"
  },
  {
    "id": "1591911651679",
    "img": "https://www.forevershining.com.au/design/saved-designs/screenshots/1591911651679.jpg",
    "title": "Bronze Plaque"
  },
  {
    "id": "1591875548024",
    "img": "https://www.forevershining.com.au/design/saved-designs/screenshots/1591875548024.jpg",
    "title": "Bronze Plaque"
  },
  {
    "id": "1591873014872",
    "img": "https://www.forevershining.com.au/design/saved-designs/screenshots/1591873014872.jpg",
    "title": "Bronze Plaque"
  },
  {
    "id": "1591663542653",
    "img": "https://www.forevershining.com.au/design/saved-designs/screenshots/1591663542653.jpg",
    "title": "Bronze Plaque"
  }
]