[
  {
    "id": "1688343466664",
    "img": "https://www.forevershining.com.au/design/saved-designs/screenshots/2023/07/1688343466664.jpg",
    "title": "Full Color Plaque"
  },
  {
    "id": "1673212595124",
    "img": "https://www.forevershining.com.au/design/saved-designs/screenshots/2023/01/1673212595124.jpg",
    "title": "Full Color Plaque"
  },
  {
    "id": "1673175194071",
    "img": "https://www.forevershining.com.au/design/saved-designs/screenshots/2023/01/1673175194071.jpg",
    "title": "Full Color Plaque"
  },
  {
    "id": "1673175161860",
    "img": "https://www.forevershining.com.au/design/saved-designs/screenshots/2023/01/1673175161860.jpg",
    "title": "Full Color Plaque"
  },
  {
    "id": "1673173896272",
    "img": "https://www.forevershining.com.au/design/saved-designs/screenshots/2023/01/1673173896272.jpg",
    "title": "Full Color Plaque"
  }
]