[
  {
    "id": "1686886426076",
    "img": "https://www.forevershining.com.au/design/saved-designs/screenshots/2023/06/1686886426076.jpg",
    "title": "Bronze Plaque"
  },
  {
    "id": "1686885778505",
    "img": "https://www.forevershining.com.au/design/saved-designs/screenshots/2023/06/1686885778505.jpg",
    "title": "Bronze Plaque"
  },
  {
    "id": "1686882379650",
    "img": "https://www.forevershining.com.au/design/saved-designs/screenshots/2023/06/1686882379650.jpg",
    "title": "Bronze Plaque"
  },
  {
    "id": "1678091143783",
    "img": "https://www.forevershining.com.au/design/saved-designs/screenshots/2023/03/1678091143783.jpg",
    "title": "Bronze Plaque"
  },
  {
    "id": "1678072080200",
    "img": "https://www.forevershining.com.au/design/saved-designs/screenshots/2023/03/1678072080200.jpg",
    "title": "Bronze Plaque"
  },
  {
    "id": "1678069452865",
    "img": "https://www.forevershining.com.au/design/saved-designs/screenshots/2023/03/1678069452865.jpg",
    "title": "Bronze Plaque"
  },
  {
    "id": "1678069398759",
    "img": "https://www.forevershining.com.au/design/saved-designs/screenshots/2023/03/1678069398759.jpg",
    "title": "Bronze Plaque"
  },
  {
    "id": "1678022452771",
    "img": "https://www.forevershining.com.au/design/saved-designs/screenshots/2023/03/1678022452771.jpg",
    "title": "Bronze Plaque"
  },
  {
    "id": "1678022330624",
    "img": "https://www.forevershining.com.au/design/saved-designs/screenshots/2023/03/1678022330624.jpg",
    "title": "Bronze Plaque"
  },
  {
    "id": "1678007955586",
    "img": "https://www.forevershining.com.au/design/saved-designs/screenshots/2023/03/1678007955586.jpg",
    "title": "Bronze Plaque"
  },
  {
    "id": "1677995282627",
    "img": "https://www.forevershining.com.au/design/saved-designs/screenshots/2023/03/1677995282627.jpg",
    "title": "Bronze Plaque"
  },
  {
    "id": "1658371622721",
    "img": "https://www.forevershining.com.au/design/saved-designs/screenshots/2022/07/1658371622721.jpg",
    "title": "Bronze Plaque"
  }
]