[
  {
    "id": "1718259156369",
    "img": "https://www.forevershining.com.au/design/saved-designs/screenshots/2024/06/1718259156369.jpg",
    "title": "Bronze Plaque"
  },
  {
    "id": "1718259058828",
    "img": "https://www.forevershining.com.au/design/saved-designs/screenshots/2024/06/1718259058828.jpg",
    "title": "Bronze Plaque"
  },
  {
    "id": "1718257749037",
    "img": "https://www.forevershining.com.au/design/saved-designs/screenshots/2024/06/1718257749037.jpg",
    "title": "Bronze Plaque"
  },
  {
    "id": "1680684440531",
    "img": "https://www.forevershining.com.au/design/saved-designs/screenshots/2023/04/1680684440531.jpg",
    "title": "Bronze Plaque"
  },
  {
    "id": "1680684389223",
    "img": "https://www.forevershining.com.au/design/saved-designs/screenshots/2023/04/1680684389223.jpg",
    "title": "Bronze Plaque"
  },
  {
    "id": "1680675018967",
    "img": "https://www.forevershining.com.au/design/saved-designs/screenshots/2023/04/1680675018967.jpg",
    "title": "Bronze Plaque"
  },
  {
    "id": "1680674871888",
    "img": "https://www.forevershining.com.au/design/saved-designs/screenshots/2023/04/1680674871888.jpg",
    "title": "Bronze Plaque"
  },
  {
    "id": "1679332899981",
    "img": "https://www.forevershining.com.au/design/saved-designs/screenshots/2023/03/1679332899981.jpg",
    "title": "Bronze Plaque"
  },
  {
    "id": "1676881583383",
    "img": "https://www.forevershining.com.au/design/saved-designs/screenshots/2023/02/1676881583383.jpg",
    "title": "Bronze Plaque"
  },
  {
    "id": "1676298613083",
    "img": "https://www.forevershining.com.au/design/saved-designs/screenshots/2023/02/1676298613083.jpg",
    "title": "Bronze Plaque"
  },
  {
    "id": "1622435878609",
    "img": "https://www.forevershining.com.au/design/saved-designs/screenshots/2021/05/1622435878609.jpg",
    "title": "Bronze Plaque"
  },
  {
    "id": "1622177905568",
    "img": "https://www.forevershining.com.au/design/saved-designs/screenshots/2021/05/1622177905568.jpg",
    "title": "Bronze Plaque"
  },
  {
    "id": "1628829365216",
    "img": "https://www.forevershining.com.au/design/saved-designs/screenshots/2021/08/1628829365216.jpg",
    "title": "Bronze Plaque"
  },
  {
    "id": "1628818129775",
    "img": "https://www.forevershining.com.au/design/saved-designs/screenshots/2021/08/1628818129775.jpg",
    "title": "Bronze Plaque"
  },
  {
    "id": "1628756739484",
    "img": "https://www.forevershining.com.au/design/saved-designs/screenshots/2021/08/1628756739484.jpg",
    "title": "Bronze Plaque"
  }
]