[
  {
    "id": "1656932381593",
    "img": "https://www.forevershining.com.au/design/saved-designs/screenshots/2022/07/1656932381593.jpg",
    "title": "Full Color Plaque"
  },
  {
    "id": "1651821117140",
    "img": "https://www.forevershining.com.au/design/saved-designs/screenshots/2022/05/1651821117140.jpg",
    "title": "Full Color Plaque"
  },
  {
    "id": "1638239808832",
    "img": "https://www.forevershining.com.au/design/saved-designs/screenshots/2021/11/1638239808832.jpg",
    "title": "Full Color Plaque"
  },
  {
    "id": "1638170278580",
    "img": "https://www.forevershining.com.au/design/saved-designs/screenshots/2021/11/1638170278580.jpg",
    "title": "Full Color Plaque"
  },
  {
    "id": "1638169677766",
    "img": "https://www.forevershining.com.au/design/saved-designs/screenshots/2021/11/1638169677766.jpg",
    "title": "Full Color Plaque"
  },
  {
    "id": "1625187957427",
    "img": "https://www.forevershining.com.au/design/saved-designs/screenshots/2021/07/1625187957427.jpg",
    "title": "Full Color Plaque"
  }
]