[
  {
    "id": "1717810063244",
    "img": "https://www.forevershining.com.au/design/saved-designs/screenshots/2024/06/1717810063244.jpg",
    "title": "Laser Etched Black Granite Plaque"
  },
  {
    "id": "1717809612436",
    "img": "https://www.forevershining.com.au/design/saved-designs/screenshots/2024/06/1717809612436.jpg",
    "title": "Laser Etched Black Granite Plaque"
  },
  {
    "id": "1717807680975",
    "img": "https://www.forevershining.com.au/design/saved-designs/screenshots/2024/06/1717807680975.jpg",
    "title": "Laser Etched Black Granite Plaque"
  },
  {
    "id": "1709079474529",
    "img": "https://www.forevershining.com.au/design/saved-designs/screenshots/2024/02/1709079474529.jpg",
    "title": "Laser Etched Black Granite Plaque"
  },
  {
    "id": "1699250676397",
    "img": "https://www.forevershining.com.au/design/saved-designs/screenshots/2023/11/1699250676397.jpg",
    "title": "Laser Etched Black Granite Plaque"
  },
  {
    "id": "1677460516478",
    "img": "https://www.forevershining.com.au/design/saved-designs/screenshots/2023/02/1677460516478.jpg",
    "title": "Laser Etched Black Granite Plaque"
  },
  {
    "id": "1676291510534",
    "img": "https://www.forevershining.com.au/design/saved-designs/screenshots/2023/02/1676291510534.jpg",
    "title": "Laser Etched Black Granite Plaque"
  },
  {
    "id": "1672152197132",
    "img": "https://www.forevershining.com.au/design/saved-designs/screenshots/2022/12/1672152197132.jpg",
    "title": "Laser Etched Black Granite Plaque"
  },
  {
    "id": "1644103284833",
    "img": "https://www.forevershining.com.au/design/saved-designs/screenshots/2022/02/1644103284833.jpg",
    "title": "Laser Etched Black Granite Plaque"
  },
  {
    "id": "1644102164571",
    "img": "https://www.forevershining.com.au/design/saved-designs/screenshots/2022/02/1644102164571.jpg",
    "title": "Laser Etched Black Granite Plaque"
  },
  {
    "id": "1643967074971",
    "img": "https://www.forevershining.com.au/design/saved-designs/screenshots/2022/02/1643967074971.jpg",
    "title": "Laser Etched Black Granite Plaque"
  },
  {
    "id": "1643964700393",
    "img": "https://www.forevershining.com.au/design/saved-designs/screenshots/2022/02/1643964700393.jpg",
    "title": "Laser Etched Black Granite Plaque"
  },
  {
    "id": "1643937735750",
    "img": "https://www.forevershining.com.au/design/saved-designs/screenshots/2022/02/1643937735750.jpg",
    "title": "Laser Etched Black Granite Plaque"
  },
  {
    "id": "1632159892135",
    "img": "https://www.forevershining.com.au/design/saved-designs/screenshots/2021/09/1632159892135.jpg",
    "title": "Laser Etched Black Granite Plaque"
  },
  {
    "id": "1625591366434",
    "img": "https://www.forevershining.com.au/design/saved-designs/screenshots/2021/07/1625591366434.jpg",
    "title": "Laser Etched Black Granite Plaque"
  },
  {
    "id": "1619049791144",
    "img": "https://www.forevershining.com.au/design/saved-designs/screenshots/2021/04/1619049791144.jpg",
    "title": "Laser Etched Black Granite Plaque"
  },
  {
    "id": "1619048628496",
    "img": "https://www.forevershining.com.au/design/saved-designs/screenshots/2021/04/1619048628496.jpg",
    "title": "Laser Etched Black Granite Plaque"
  },
  {
    "id": "1619045903067",
    "img": "https://www.forevershining.com.au/design/saved-designs/screenshots/2021/04/1619045903067.jpg",
    "title": "Laser Etched Black Granite Plaque"
  },
  {
    "id": "1605775396300",
    "img": "https://www.forevershining.com.au/design/saved-designs/screenshots/2020/11/1605775396300.jpg",
    "title": "Laser Etched Black Granite Plaque"
  },
  {
    "id": "1605713197276",
    "img": "https://www.forevershining.com.au/design/saved-designs/screenshots/2020/11/1605713197276.jpg",
    "title": "Laser Etched Black Granite Plaque"
  },
  {
    "id": "1604151500898",
    "img": "https://www.forevershining.com.au/design/saved-designs/screenshots/2020/10/1604151500898.jpg",
    "title": "Laser Etched Black Granite Plaque"
  },
  {
    "id": "1604143248347",
    "img": "https://www.forevershining.com.au/design/saved-designs/screenshots/2020/10/1604143248347.jpg",
    "title": "Laser Etched Black Granite Plaque"
  },
  {
    "id": "1604125329926",
    "img": "https://www.forevershining.com.au/design/saved-designs/screenshots/2020/10/1604125329926.jpg",
    "title": "Laser Etched Black Granite Plaque"
  },
  {
    "id": "1604010032578",
    "img": "https://www.forevershining.com.au/design/saved-designs/screenshots/2020/10/1604010032578.jpg",
    "title": "Laser Etched Black Granite Plaque"
  },
  {
    "id": "1579854221950",
    "img": "https://www.forevershining.com.au/design/saved-designs/screenshots/1579854221950.jpg",
    "title": "Laser Etched Black Granite Plaque"
  }
]