[
  {
    "id": "1693875462519",
    "img": "https://www.forevershining.com.au/design/saved-designs/screenshots/2023/09/1693875462519.jpg",
    "title": "Laser Etched Black Granite Plaque"
  },
  {
    "id": "1693534863986",
    "img": "https://www.forevershining.com.au/design/saved-designs/screenshots/2023/09/1693534863986.jpg",
    "title": "Laser Etched Black Granite Plaque"
  },
  {
    "id": "1693534168122",
    "img": "https://www.forevershining.com.au/design/saved-designs/screenshots/2023/09/1693534168122.jpg",
    "title": "Laser Etched Black Granite Plaque"
  },
  {
    "id": "1693432240150",
    "img": "https://www.forevershining.com.au/design/saved-designs/screenshots/2023/08/1693432240150.jpg",
    "title": "Laser Etched Black Granite Plaque"
  },
  {
    "id": "1693431277926",
    "img": "https://www.forevershining.com.au/design/saved-designs/screenshots/2023/08/1693431277926.jpg",
    "title": "Laser Etched Black Granite Plaque"
  },
  {
    "id": "1693360600096",
    "img": "https://www.forevershining.com.au/design/saved-designs/screenshots/2023/08/1693360600096.jpg",
    "title": "Laser Etched Black Granite Plaque"
  },
  {
    "id": "1693359857372",
    "img": "https://www.forevershining.com.au/design/saved-designs/screenshots/2023/08/1693359857372.jpg",
    "title": "Laser Etched Black Granite Plaque"
  },
  {
    "id": "1693354201389",
    "img": "https://www.forevershining.com.au/design/saved-designs/screenshots/2023/08/1693354201389.jpg",
    "title": "Laser Etched Black Granite Plaque"
  },
  {
    "id": "1633414251954",
    "img": "https://www.forevershining.com.au/design/saved-designs/screenshots/2021/10/1633414251954.jpg",
    "title": "Laser Etched Black Granite Plaque"
  },
  {
    "id": "1633268911185",
    "img": "https://www.forevershining.com.au/design/saved-designs/screenshots/2021/10/1633268911185.jpg",
    "title": "Laser Etched Black Granite Plaque"
  },
  {
    "id": "1633092151514",
    "img": "https://www.forevershining.com.au/design/saved-designs/screenshots/2021/10/1633092151514.jpg",
    "title": "Laser Etched Black Granite Plaque"
  },
  {
    "id": "1633082206767",
    "img": "https://www.forevershining.com.au/design/saved-designs/screenshots/2021/10/1633082206767.jpg",
    "title": "Laser Etched Black Granite Plaque"
  },
  {
    "id": "1633063244461",
    "img": "https://www.forevershining.com.au/design/saved-designs/screenshots/2021/10/1633063244461.jpg",
    "title": "Laser Etched Black Granite Plaque"
  },
  {
    "id": "1602815547294",
    "img": "https://www.forevershining.com.au/design/saved-designs/screenshots/2020/10/1602815547294.jpg",
    "title": "Laser Etched Black Granite Plaque"
  },
  {
    "id": "1602802879327",
    "img": "https://www.forevershining.com.au/design/saved-designs/screenshots/2020/10/1602802879327.jpg",
    "title": "Laser Etched Black Granite Plaque"
  },
  {
    "id": "1602753509774",
    "img": "https://www.forevershining.com.au/design/saved-designs/screenshots/2020/10/1602753509774.jpg",
    "title": "Laser Etched Black Granite Plaque"
  },
  {
    "id": "1589994575634",
    "img": "https://www.forevershining.com.au/design/saved-designs/screenshots/1589994575634.jpg",
    "title": "Laser Etched Black Granite Plaque"
  },
  {
    "id": "1583811816442",
    "img": "https://www.forevershining.com.au/design/saved-designs/screenshots/1583811816442.jpg",
    "title": "Laser Etched Black Granite Plaque"
  },
  {
    "id": "1602762032327",
    "img": "https://www.forevershining.com.au/design/saved-designs/screenshots/1602762032327.jpg",
    "title": "Laser Etched Black Granite Plaque"
  }
]