[
  {
    "id": "1717288199221",
    "img": "https://www.forevershining.com.au/design/saved-designs/screenshots/2024/06/1717288199221.jpg",
    "title": "Stainless Steel Plaque"
  },
  {
    "id": "1717287844171",
    "img": "https://www.forevershining.com.au/design/saved-designs/screenshots/2024/06/1717287844171.jpg",
    "title": "Stainless Steel Plaque"
  },
  {
    "id": "1717285076898",
    "img": "https://www.forevershining.com.au/design/saved-designs/screenshots/2024/06/1717285076898.jpg",
    "title": "Stainless Steel Plaque"
  },
  {
    "id": "1699759138481",
    "img": "https://www.forevershining.com.au/design/saved-designs/screenshots/2023/11/1699759138481.jpg",
    "title": "Stainless Steel Plaque"
  },
  {
    "id": "1698545005669",
    "img": "https://www.forevershining.com.au/design/saved-designs/screenshots/2023/10/1698545005669.jpg",
    "title": "Stainless Steel Plaque"
  },
  {
    "id": "1693060581683",
    "img": "https://www.forevershining.com.au/design/saved-designs/screenshots/2023/08/1693060581683.jpg",
    "title": "Stainless Steel Plaque"
  },
  {
    "id": "1692939831587",
    "img": "https://www.forevershining.com.au/design/saved-designs/screenshots/2023/08/1692939831587.jpg",
    "title": "Stainless Steel Plaque"
  },
  {
    "id": "1676277074952",
    "img": "https://www.forevershining.com.au/design/saved-designs/screenshots/2023/02/1676277074952.jpg",
    "title": "Stainless Steel Plaque"
  },
  {
    "id": "1676271862535",
    "img": "https://www.forevershining.com.au/design/saved-designs/screenshots/2023/02/1676271862535.jpg",
    "title": "Stainless Steel Plaque"
  },
  {
    "id": "1675771491168",
    "img": "https://www.forevershining.com.au/design/saved-designs/screenshots/2023/02/1675771491168.jpg",
    "title": "Stainless Steel Plaque"
  },
  {
    "id": "1649816896771",
    "img": "https://www.forevershining.com.au/design/saved-designs/screenshots/2022/04/1649816896771.jpg",
    "title": "Stainless Steel Plaque"
  }
]