[
  {
    "id": "1674550418794",
    "img": "https://www.forevershining.com.au/design/saved-designs/screenshots/2023/01/1674550418794.jpg",
    "title": "Bronze Plaque"
  },
  {
    "id": "1673477936299",
    "img": "https://www.forevershining.com.au/design/saved-designs/screenshots/2023/01/1673477936299.jpg",
    "title": "Bronze Plaque"
  },
  {
    "id": "1670323232010",
    "img": "https://www.forevershining.com.au/design/saved-designs/screenshots/2022/12/1670323232010.jpg",
    "title": "Bronze Plaque"
  },
  {
    "id": "1669660206001",
    "img": "https://www.forevershining.com.au/design/saved-designs/screenshots/2022/11/1669660206001.jpg",
    "title": "Bronze Plaque"
  },
  {
    "id": "1669402924401",
    "img": "https://www.forevershining.com.au/design/saved-designs/screenshots/2022/11/1669402924401.jpg",
    "title": "Bronze Plaque"
  },
  {
    "id": "1658804000669",
    "img": "https://www.forevershining.com.au/design/saved-designs/screenshots/2022/07/1658804000669.jpg",
    "title": "Bronze Plaque"
  }
]