[
  {
    "id": "1716485850421",
    "img": "https://www.forevershining.com.au/design/saved-designs/screenshots/2024/05/1716485850421.jpg",
    "title": "Bronze Plaque"
  },
  {
    "id": "1707015183968",
    "img": "https://www.forevershining.com.au/design/saved-designs/screenshots/2024/02/1707015183968.jpg",
    "title": "Bronze Plaque"
  },
  {
    "id": "1700621922812",
    "img": "https://www.forevershining.com.au/design/saved-designs/screenshots/2023/11/1700621922812.jpg",
    "title": "Bronze Plaque"
  },
  {
    "id": "1695506502809",
    "img": "https://www.forevershining.com.au/design/saved-designs/screenshots/2023/09/1695506502809.jpg",
    "title": "Bronze Plaque"
  },
  {
    "id": "1695472953154",
    "img": "https://www.forevershining.com.au/design/saved-designs/screenshots/2023/09/1695472953154.jpg",
    "title": "Bronze Plaque"
  },
  {
    "id": "1692341887620",
    "img": "https://www.forevershining.com.au/design/saved-designs/screenshots/2023/08/1692341887620.jpg",
    "title": "Bronze Plaque"
  },
  {
    "id": "1689910696727",
    "img": "https://www.forevershining.com.au/design/saved-designs/screenshots/2023/07/1689910696727.jpg",
    "title": "Bronze Plaque"
  },
  {
    "id": "1689859571753",
    "img": "https://www.forevershining.com.au/design/saved-designs/screenshots/2023/07/1689859571753.jpg",
    "title": "Bronze Plaque"
  },
  {
    "id": "1689858528330",
    "img": "https://www.forevershining.com.au/design/saved-designs/screenshots/2023/07/1689858528330.jpg",
    "title": "Bronze Plaque"
  },
  {
    "id": "1689857365966",
    "img": "https://www.forevershining.com.au/design/saved-designs/screenshots/2023/07/1689857365966.jpg",
    "title": "Bronze Plaque"
  },
  {
    "id": "1689767104213",
    "img": "https://www.forevershining.com.au/design/saved-designs/screenshots/2023/07/1689767104213.jpg",
    "title": "Bronze Plaque"
  },
  {
    "id": "1689767045233",
    "img": "https://www.forevershining.com.au/design/saved-designs/screenshots/2023/07/1689767045233.jpg",
    "title": "Bronze Plaque"
  },
  {
    "id": "1689766513952",
    "img": "https://www.forevershining.com.au/design/saved-designs/screenshots/2023/07/1689766513952.jpg",
    "title": "Bronze Plaque"
  },
  {
    "id": "1689765753959",
    "img": "https://www.forevershining.com.au/design/saved-designs/screenshots/2023/07/1689765753959.jpg",
    "title": "Bronze Plaque"
  },
  {
    "id": "1689763890659",
    "img": "https://www.forevershining.com.au/design/saved-designs/screenshots/2023/07/1689763890659.jpg",
    "title": "Bronze Plaque"
  },
  {
    "id": "1689763049933",
    "img": "https://www.forevershining.com.au/design/saved-designs/screenshots/2023/07/1689763049933.jpg",
    "title": "Bronze Plaque"
  },
  {
    "id": "1689762692647",
    "img": "https://www.forevershining.com.au/design/saved-designs/screenshots/2023/07/1689762692647.jpg",
    "title": "Bronze Plaque"
  },
  {
    "id": "1689762066059",
    "img": "https://www.forevershining.com.au/design/saved-designs/screenshots/2023/07/1689762066059.jpg",
    "title": "Bronze Plaque"
  },
  {
    "id": "1689759358790",
    "img": "https://www.forevershining.com.au/design/saved-designs/screenshots/2023/07/1689759358790.jpg",
    "title": "Bronze Plaque"
  },
  {
    "id": "1687451340600",
    "img": "https://www.forevershining.com.au/design/saved-designs/screenshots/2023/06/1687451340600.jpg",
    "title": "Bronze Plaque"
  },
  {
    "id": "1680098086726",
    "img": "https://www.forevershining.com.au/design/saved-designs/screenshots/2023/03/1680098086726.jpg",
    "title": "Bronze Plaque"
  },
  {
    "id": "1674461593026",
    "img": "https://www.forevershining.com.au/design/saved-designs/screenshots/2023/01/1674461593026.jpg",
    "title": "Bronze Plaque"
  },
  {
    "id": "1674461193042",
    "img": "https://www.forevershining.com.au/design/saved-designs/screenshots/2023/01/1674461193042.jpg",
    "title": "Bronze Plaque"
  },
  {
    "id": "1673880911330",
    "img": "https://www.forevershining.com.au/design/saved-designs/screenshots/2023/01/1673880911330.jpg",
    "title": "Bronze Plaque"
  },
  {
    "id": "1671151002752",
    "img": "https://www.forevershining.com.au/design/saved-designs/screenshots/2022/12/1671151002752.jpg",
    "title": "Bronze Plaque"
  },
  {
    "id": "1671150842502",
    "img": "https://www.forevershining.com.au/design/saved-designs/screenshots/2022/12/1671150842502.jpg",
    "title": "Bronze Plaque"
  },
  {
    "id": "1670452770828",
    "img": "https://www.forevershining.com.au/design/saved-designs/screenshots/2022/12/1670452770828.jpg",
    "title": "Bronze Plaque"
  },
  {
    "id": "1671149798106",
    "img": "https://www.forevershining.com.au/design/saved-designs/screenshots/2022/12/1671149798106.jpg",
    "title": "Bronze Plaque"
  },
  {
    "id": "1668416161013",
    "img": "https://www.forevershining.com.au/design/saved-designs/screenshots/2022/11/1668416161013.jpg",
    "title": "Bronze Plaque"
  },
  {
    "id": "1665908327407",
    "img": "https://www.forevershining.com.au/design/saved-designs/screenshots/2022/10/1665908327407.jpg",
    "title": "Bronze Plaque"
  },
  {
    "id": "1665907414098",
    "img": "https://www.forevershining.com.au/design/saved-designs/screenshots/2022/10/1665907414098.jpg",
    "title": "Bronze Plaque"
  },
  {
    "id": "1665905630771",
    "img": "https://www.forevershining.com.au/design/saved-designs/screenshots/2022/10/1665905630771.jpg",
    "title": "Bronze Plaque"
  },
  {
    "id": "1665902561161",
    "img": "https://www.forevershining.com.au/design/saved-designs/screenshots/2022/10/1665902561161.jpg",
    "title": "Bronze Plaque"
  },
  {
    "id": "1665896791205",
    "img": "https://www.forevershining.com.au/design/saved-designs/screenshots/2022/10/1665896791205.jpg",
    "title": "Bronze Plaque"
  },
  {
    "id": "1663802164522",
    "img": "https://www.forevershining.com.au/design/saved-designs/screenshots/2022/09/1663802164522.jpg",
    "title": "Bronze Plaque"
  },
  {
    "id": "1662005044360",
    "img": "https://www.forevershining.com.au/design/saved-designs/screenshots/2022/09/1662005044360.jpg",
    "title": "Bronze Plaque"
  },
  {
    "id": "1657587951782",
    "img": "https://www.forevershining.com.au/design/saved-designs/screenshots/2022/07/1657587951782.jpg",
    "title": "Bronze Plaque"
  },
  {
    "id": "1657185960670",
    "img": "https://www.forevershining.com.au/design/saved-designs/screenshots/2022/07/1657185960670.jpg",
    "title": "Bronze Plaque"
  },
  {
    "id": "1656998816098",
    "img": "https://www.forevershining.com.au/design/saved-designs/screenshots/2022/07/1656998816098.jpg",
    "title": "Bronze Plaque"
  },
  {
    "id": "1655953879927",
    "img": "https://www.forevershining.com.au/design/saved-designs/screenshots/2022/06/1655953879927.jpg",
    "title": "Bronze Plaque"
  },
  {
    "id": "1655951841307",
    "img": "https://www.forevershining.com.au/design/saved-designs/screenshots/2022/06/1655951841307.jpg",
    "title": "Bronze Plaque"
  },
  {
    "id": "1655927790532",
    "img": "https://www.forevershining.com.au/design/saved-designs/screenshots/2022/06/1655927790532.jpg",
    "title": "Bronze Plaque"
  },
  {
    "id": "1653214931612",
    "img": "https://www.forevershining.com.au/design/saved-designs/screenshots/2022/05/1653214931612.jpg",
    "title": "Bronze Plaque"
  },
  {
    "id": "1653214253544",
    "img": "https://www.forevershining.com.au/design/saved-designs/screenshots/2022/05/1653214253544.jpg",
    "title": "Bronze Plaque"
  },
  {
    "id": "1653212484308",
    "img": "https://www.forevershining.com.au/design/saved-designs/screenshots/2022/05/1653212484308.jpg",
    "title": "Bronze Plaque"
  },
  {
    "id": "1653189776026",
    "img": "https://www.forevershining.com.au/design/saved-designs/screenshots/2022/05/1653189776026.jpg",
    "title": "Bronze Plaque"
  },
  {
    "id": "1648104797537",
    "img": "https://www.forevershining.com.au/design/saved-designs/screenshots/2022/03/1648104797537.jpg",
    "title": "Bronze Plaque"
  },
  {
    "id": "1648102894249",
    "img": "https://www.forevershining.com.au/design/saved-designs/screenshots/2022/03/1648102894249.jpg",
    "title": "Bronze Plaque"
  },
  {
    "id": "1648102808097",
    "img": "https://www.forevershining.com.au/design/saved-designs/screenshots/2022/03/1648102808097.jpg",
    "title": "Bronze Plaque"
  },
  {
    "id": "1648088606940",
    "img": "https://www.forevershining.com.au/design/saved-designs/screenshots/2022/03/1648088606940.jpg",
    "title": "Bronze Plaque"
  },
  {
    "id": "1648074537944",
    "img": "https://www.forevershining.com.au/design/saved-designs/screenshots/2022/03/1648074537944.jpg",
    "title": "Bronze Plaque"
  },
  {
    "id": "1646933130338",
    "img": "https://www.forevershining.com.au/design/saved-designs/screenshots/2022/03/1646933130338.jpg",
    "title": "Bronze Plaque"
  },
  {
    "id": "1646864320817",
    "img": "https://www.forevershining.com.au/design/saved-designs/screenshots/2022/03/1646864320817.jpg",
    "title": "Bronze Plaque"
  },
  {
    "id": "1646853043885",
    "img": "https://www.forevershining.com.au/design/saved-designs/screenshots/2022/03/1646853043885.jpg",
    "title": "Bronze Plaque"
  },
  {
    "id": "1640225669710",
    "img": "https://www.forevershining.com.au/design/saved-designs/screenshots/2021/12/1640225669710.jpg",
    "title": "Bronze Plaque"
  },
  {
    "id": "1640027072210",
    "img": "https://www.forevershining.com.au/design/saved-designs/screenshots/2021/12/1640027072210.jpg",
    "title": "Bronze Plaque"
  },
  {
    "id": "1640026888261",
    "img": "https://www.forevershining.com.au/design/saved-designs/screenshots/2021/12/1640026888261.jpg",
    "title": "Bronze Plaque"
  },
  {
    "id": "1640026781721",
    "img": "https://www.forevershining.com.au/design/saved-designs/screenshots/2021/12/1640026781721.jpg",
    "title": "Bronze Plaque"
  },
  {
    "id": "1640026356008",
    "img": "https://www.forevershining.com.au/design/saved-designs/screenshots/2021/12/1640026356008.jpg",
    "title": "Bronze Plaque"
  },
  {
    "id": "1640026123061",
    "img": "https://www.forevershining.com.au/design/saved-designs/screenshots/2021/12/1640026123061.jpg",
    "title": "Bronze Plaque"
  },
  {
    "id": "1640022960144",
    "img": "https://www.forevershining.com.au/design/saved-designs/screenshots/2021/12/1640022960144.jpg",
    "title": "Bronze Plaque"
  },
  {
    "id": "1640022486584",
    "img": "https://www.forevershining.com.au/design/saved-designs/screenshots/2021/12/1640022486584.jpg",
    "title": "Bronze Plaque"
  },
  {
    "id": "1640020984192",
    "img": "https://www.forevershining.com.au/design/saved-designs/screenshots/2021/12/1640020984192.jpg",
    "title": "Bronze Plaque"
  },
  {
    "id": "1632903262461",
    "img": "https://www.forevershining.com.au/design/saved-designs/screenshots/2021/09/1632903262461.jpg",
    "title": "Bronze Plaque"
  },
  {
    "id": "1631661775377",
    "img": "https://www.forevershining.com.au/design/saved-designs/screenshots/2021/09/1631661775377.jpg",
    "title": "Bronze Plaque"
  },
  {
    "id": "1631577335611",
    "img": "https://www.forevershining.com.au/design/saved-designs/screenshots/2021/09/1631577335611.jpg",
    "title": "Bronze Plaque"
  },
  {
    "id": "1628499270271",
    "img": "https://www.forevershining.com.au/design/saved-designs/screenshots/2021/08/1628499270271.jpg",
    "title": "Bronze Plaque"
  },
  {
    "id": "1611660583122",
    "img": "https://www.forevershining.com.au/design/saved-designs/screenshots/2021/01/1611660583122.jpg",
    "title": "Bronze Plaque"
  },
  {
    "id": "1609296415123",
    "img": "https://www.forevershining.com.au/design/saved-designs/screenshots/2020/12/1609296415123.jpg",
    "title": "Bronze Plaque"
  },
  {
    "id": "1609296325033",
    "img": "https://www.forevershining.com.au/design/saved-designs/screenshots/2020/12/1609296325033.jpg",
    "title": "Bronze Plaque"
  },
  {
    "id": "1609296272937",
    "img": "https://www.forevershining.com.au/design/saved-designs/screenshots/2020/12/1609296272937.jpg",
    "title": "Bronze Plaque"
  },
  {
    "id": "1609295932779",
    "img": "https://www.forevershining.com.au/design/saved-designs/screenshots/2020/12/1609295932779.jpg",
    "title": "Bronze Plaque"
  },
  {
    "id": "1609283094986",
    "img": "https://www.forevershining.com.au/design/saved-designs/screenshots/2020/12/1609283094986.jpg",
    "title": "Bronze Plaque"
  },
  {
    "id": "1609293631502",
    "img": "https://www.forevershining.com.au/design/saved-designs/screenshots/2020/12/1609293631502.jpg",
    "title": "Bronze Plaque"
  },
  {
    "id": "1609133335347",
    "img": "https://www.forevershining.com.au/design/saved-designs/screenshots/2020/12/1609133335347.jpg",
    "title": "Bronze Plaque"
  },
  {
    "id": "1609037056342",
    "img": "https://www.forevershining.com.au/design/saved-designs/screenshots/2020/12/1609037056342.jpg",
    "title": "Bronze Plaque"
  },
  {
    "id": "1609036974432",
    "img": "https://www.forevershining.com.au/design/saved-designs/screenshots/2020/12/1609036974432.jpg",
    "title": "Bronze Plaque"
  },
  {
    "id": "1609035411172",
    "img": "https://www.forevershining.com.au/design/saved-designs/screenshots/2020/12/1609035411172.jpg",
    "title": "Bronze Plaque"
  },
  {
    "id": "1607149090473",
    "img": "https://www.forevershining.com.au/design/saved-designs/screenshots/2020/12/1607149090473.jpg",
    "title": "Bronze Plaque"
  },
  {
    "id": "1607101476107",
    "img": "https://www.forevershining.com.au/design/saved-designs/screenshots/2020/12/1607101476107.jpg",
    "title": "Bronze Plaque"
  },
  {
    "id": "1607101141771",
    "img": "https://www.forevershining.com.au/design/saved-designs/screenshots/2020/12/1607101141771.jpg",
    "title": "Bronze Plaque"
  },
  {
    "id": "1607101118879",
    "img": "https://www.forevershining.com.au/design/saved-designs/screenshots/2020/12/1607101118879.jpg",
    "title": "Bronze Plaque"
  },
  {
    "id": "1607100955996",
    "img": "https://www.forevershining.com.au/design/saved-designs/screenshots/2020/12/1607100955996.jpg",
    "title": "Bronze Plaque"
  },
  {
    "id": "1603687717231",
    "img": "https://www.forevershining.com.au/design/saved-designs/screenshots/2020/10/1603687717231.jpg",
    "title": "Bronze Plaque"
  },
  {
    "id": "1603679656824",
    "img": "https://www.forevershining.com.au/design/saved-designs/screenshots/2020/10/1603679656824.jpg",
    "title": "Bronze Plaque"
  },
  {
    "id": "1599101245550",
    "img": "https://www.forevershining.com.au/design/saved-designs/screenshots/2020/09/1599101245550.jpg",
    "title": "Bronze Plaque"
  },
  {
    "id": "1599098914520",
    "img": "https://www.forevershining.com.au/design/saved-designs/screenshots/2020/09/1599098914520.jpg",
    "title": "Bronze Plaque"
  },
  {
    "id": "1599015417034",
    "img": "https://www.forevershining.com.au/design/saved-designs/screenshots/2020/09/1599015417034.jpg",
    "title": "Bronze Plaque"
  },
  {
    "id": "1598658544150",
    "img": "https://www.forevershining.com.au/design/saved-designs/screenshots/2020/08/1598658544150.jpg",
    "title": "Bronze Plaque"
  },
  {
    "id": "1598608011894",
    "img": "https://www.forevershining.com.au/design/saved-designs/screenshots/2020/08/1598608011894.jpg",
    "title": "Bronze Plaque"
  },
  {
    "id": "1595234469857",
    "img": "https://www.forevershining.com.au/design/saved-designs/screenshots/2020/07/1595234469857.jpg",
    "title": "Bronze Plaque"
  },
  {
    "id": "1595230817688",
    "img": "https://www.forevershining.com.au/design/saved-designs/screenshots/2020/07/1595230817688.jpg",
    "title": "Bronze Plaque"
  },
  {
    "id": "1595226064259",
    "img": "https://www.forevershining.com.au/design/saved-designs/screenshots/2020/07/1595226064259.jpg",
    "title": "Bronze Plaque"
  },
  {
    "id": "1591065489163",
    "img": "https://www.forevershining.com.au/design/saved-designs/screenshots/1591065489163.jpg",
    "title": "Bronze Plaque"
  },
  {
    "id": "1591063810304",
    "img": "https://www.forevershining.com.au/design/saved-designs/screenshots/1591063810304.jpg",
    "title": "Bronze Plaque"
  },
  {
    "id": "1591059449993",
    "img": "https://www.forevershining.com.au/design/saved-designs/screenshots/1591059449993.jpg",
    "title": "Bronze Plaque"
  },
  {
    "id": "1591053694177",
    "img": "https://www.forevershining.com.au/design/saved-designs/screenshots/1591053694177.jpg",
    "title": "Bronze Plaque"
  },
  {
    "id": "1591014085348",
    "img": "https://www.forevershining.com.au/design/saved-designs/screenshots/1591014085348.jpg",
    "title": "Bronze Plaque"
  },
  {
    "id": "1589433670019",
    "img": "https://www.forevershining.com.au/design/saved-designs/screenshots/1589433670019.jpg",
    "title": "Bronze Plaque"
  },
  {
    "id": "1589422177931",
    "img": "https://www.forevershining.com.au/design/saved-designs/screenshots/1589422177931.jpg",
    "title": "Bronze Plaque"
  },
  {
    "id": "1589420770391",
    "img": "https://www.forevershining.com.au/design/saved-designs/screenshots/1589420770391.jpg",
    "title": "Bronze Plaque"
  },
  {
    "id": "1587598362295",
    "img": "https://www.forevershining.com.au/design/saved-designs/screenshots/1587598362295.jpg",
    "title": "Bronze Plaque"
  },
  {
    "id": "1579741422105",
    "img": "https://www.forevershining.com.au/design/saved-designs/screenshots/1579741422105.jpg",
    "title": "Bronze Plaque"
  },
  {
    "id": "1579741183461",
    "img": "https://www.forevershining.com.au/design/saved-designs/screenshots/1579741183461.jpg",
    "title": "Bronze Plaque"
  },
  {
    "id": "1579735117003",
    "img": "https://www.forevershining.com.au/design/saved-designs/screenshots/1579735117003.jpg",
    "title": "Bronze Plaque"
  },
  {
    "id": "1599046207345",
    "img": "https://www.forevershining.com.au/design/saved-designs/screenshots/1599046207345.jpg",
    "title": "Bronze Plaque"
  }
]