[
  {
    "id": "1703290173518",
    "img": "https://www.forevershining.com.au/design/saved-designs/screenshots/2023/12/1703290173518.jpg",
    "title": "Stainless Steel Plaque"
  },
  {
    "id": "1703290064905",
    "img": "https://www.forevershining.com.au/design/saved-designs/screenshots/2023/12/1703290064905.jpg",
    "title": "Stainless Steel Plaque"
  },
  {
    "id": "1703289310828",
    "img": "https://www.forevershining.com.au/design/saved-designs/screenshots/2023/12/1703289310828.jpg",
    "title": "Stainless Steel Plaque"
  },
  {
    "id": "1702281051670",
    "img": "https://www.forevershining.com.au/design/saved-designs/screenshots/2023/12/1702281051670.jpg",
    "title": "Stainless Steel Plaque"
  },
  {
    "id": "1687736247686",
    "img": "https://www.forevershining.com.au/design/saved-designs/screenshots/2023/06/1687736247686.jpg",
    "title": "Stainless Steel Plaque"
  },
  {
    "id": "1685954489856",
    "img": "https://www.forevershining.com.au/design/saved-designs/screenshots/2023/06/1685954489856.jpg",
    "title": "Stainless Steel Plaque"
  },
  {
    "id": "1685954359350",
    "img": "https://www.forevershining.com.au/design/saved-designs/screenshots/2023/06/1685954359350.jpg",
    "title": "Stainless Steel Plaque"
  },
  {
    "id": "1685953711733",
    "img": "https://www.forevershining.com.au/design/saved-designs/screenshots/2023/06/1685953711733.jpg",
    "title": "Stainless Steel Plaque"
  },
  {
    "id": "1685952137536",
    "img": "https://www.forevershining.com.au/design/saved-designs/screenshots/2023/06/1685952137536.jpg",
    "title": "Stainless Steel Plaque"
  },
  {
    "id": "1680186040326",
    "img": "https://www.forevershining.com.au/design/saved-designs/screenshots/2023/03/1680186040326.jpg",
    "title": "Stainless Steel Plaque"
  },
  {
    "id": "1679956609971",
    "img": "https://www.forevershining.com.au/design/saved-designs/screenshots/2023/03/1679956609971.jpg",
    "title": "Stainless Steel Plaque"
  },
  {
    "id": "1679888907753",
    "img": "https://www.forevershining.com.au/design/saved-designs/screenshots/2023/03/1679888907753.jpg",
    "title": "Stainless Steel Plaque"
  },
  {
    "id": "1679875865208",
    "img": "https://www.forevershining.com.au/design/saved-designs/screenshots/2023/03/1679875865208.jpg",
    "title": "Stainless Steel Plaque"
  },
  {
    "id": "1679873181707",
    "img": "https://www.forevershining.com.au/design/saved-designs/screenshots/2023/03/1679873181707.jpg",
    "title": "Stainless Steel Plaque"
  },
  {
    "id": "1675944492145",
    "img": "https://www.forevershining.com.au/design/saved-designs/screenshots/2023/02/1675944492145.jpg",
    "title": "Stainless Steel Plaque"
  },
  {
    "id": "1666146978234",
    "img": "https://www.forevershining.com.au/design/saved-designs/screenshots/2022/10/1666146978234.jpg",
    "title": "Stainless Steel Plaque"
  },
  {
    "id": "1657770540573",
    "img": "https://www.forevershining.com.au/design/saved-designs/screenshots/2022/07/1657770540573.jpg",
    "title": "Stainless Steel Plaque"
  },
  {
    "id": "1657768983129",
    "img": "https://www.forevershining.com.au/design/saved-designs/screenshots/2022/07/1657768983129.jpg",
    "title": "Stainless Steel Plaque"
  },
  {
    "id": "1647631433380",
    "img": "https://www.forevershining.com.au/design/saved-designs/screenshots/2022/03/1647631433380.jpg",
    "title": "Stainless Steel Plaque"
  },
  {
    "id": "1636446261861",
    "img": "https://www.forevershining.com.au/design/saved-designs/screenshots/2021/11/1636446261861.jpg",
    "title": "Stainless Steel Plaque"
  },
  {
    "id": "1636446233529",
    "img": "https://www.forevershining.com.au/design/saved-designs/screenshots/2021/11/1636446233529.jpg",
    "title": "Stainless Steel Plaque"
  }
]