[
  {
    "id": "1719209848517",
    "img": "https://www.forevershining.com.au/design/saved-designs/screenshots/2024/06/1719209848517.jpg",
    "title": "Laser Etched Black Granite Plaque"
  },
  {
    "id": "1677500090069",
    "img": "https://www.forevershining.com.au/design/saved-designs/screenshots/2023/02/1677500090069.jpg",
    "title": "Laser Etched Black Granite Plaque"
  },
  {
    "id": "1643070768571",
    "img": "https://www.forevershining.com.au/design/saved-designs/screenshots/2022/01/1643070768571.jpg",
    "title": "Laser Etched Black Granite Plaque"
  },
  {
    "id": "1642933732857",
    "img": "https://www.forevershining.com.au/design/saved-designs/screenshots/2022/01/1642933732857.jpg",
    "title": "Laser Etched Black Granite Plaque"
  },
  {
    "id": "1593595480802",
    "img": "https://www.forevershining.com.au/design/saved-designs/screenshots/2020/07/1593595480802.jpg",
    "title": "Laser Etched Black Granite Plaque"
  }
]