[
  {
    "id": "1717978477343",
    "img": "https://www.forevershining.com.au/design/saved-designs/screenshots/2024/06/1717978477343.jpg",
    "title": "Laser Etched Black Granite Plaque"
  },
  {
    "id": "1717978333119",
    "img": "https://www.forevershining.com.au/design/saved-designs/screenshots/2024/06/1717978333119.jpg",
    "title": "Laser Etched Black Granite Plaque"
  },
  {
    "id": "1717977340258",
    "img": "https://www.forevershining.com.au/design/saved-designs/screenshots/2024/06/1717977340258.jpg",
    "title": "Laser Etched Black Granite Plaque"
  },
  {
    "id": "1716696795245",
    "img": "https://www.forevershining.com.au/design/saved-designs/screenshots/2024/05/1716696795245.jpg",
    "title": "Laser Etched Black Granite Plaque"
  },
  {
    "id": "1710993285847",
    "img": "https://www.forevershining.com.au/design/saved-designs/screenshots/2024/03/1710993285847.jpg",
    "title": "Laser Etched Black Granite Plaque"
  },
  {
    "id": "1710989272129",
    "img": "https://www.forevershining.com.au/design/saved-designs/screenshots/2024/03/1710989272129.jpg",
    "title": "Laser Etched Black Granite Plaque"
  },
  {
    "id": "1710402278861",
    "img": "https://www.forevershining.com.au/design/saved-designs/screenshots/2024/03/1710402278861.jpg",
    "title": "Laser Etched Black Granite Plaque"
  },
  {
    "id": "1710398004649",
    "img": "https://www.forevershining.com.au/design/saved-designs/screenshots/2024/03/1710398004649.jpg",
    "title": "Laser Etched Black Granite Plaque"
  },
  {
    "id": "1710374513500",
    "img": "https://www.forevershining.com.au/design/saved-designs/screenshots/2024/03/1710374513500.jpg",
    "title": "Laser Etched Black Granite Plaque"
  },
  {
    "id": "1710374284276",
    "img": "https://www.forevershining.com.au/design/saved-designs/screenshots/2024/03/1710374284276.jpg",
    "title": "Laser Etched Black Granite Plaque"
  },
  {
    "id": "1710041771583",
    "img": "https://www.forevershining.com.au/design/saved-designs/screenshots/2024/03/1710041771583.jpg",
    "title": "Laser Etched Black Granite Plaque"
  },
  {
    "id": "1707103338423",
    "img": "https://www.forevershining.com.au/design/saved-designs/screenshots/2024/02/1707103338423.jpg",
    "title": "Laser Etched Black Granite Plaque"
  },
  {
    "id": "1705735583350",
    "img": "https://www.forevershining.com.au/design/saved-designs/screenshots/2024/01/1705735583350.jpg",
    "title": "Laser Etched Black Granite Plaque"
  },
  {
    "id": "1705309406138",
    "img": "https://www.forevershining.com.au/design/saved-designs/screenshots/2024/01/1705309406138.jpg",
    "title": "Laser Etched Black Granite Plaque"
  },
  {
    "id": "1705294596932",
    "img": "https://www.forevershining.com.au/design/saved-designs/screenshots/2024/01/1705294596932.jpg",
    "title": "Laser Etched Black Granite Plaque"
  },
  {
    "id": "1705285634409",
    "img": "https://www.forevershining.com.au/design/saved-designs/screenshots/2024/01/1705285634409.jpg",
    "title": "Laser Etched Black Granite Plaque"
  },
  {
    "id": "1701310746494",
    "img": "https://www.forevershining.com.au/design/saved-designs/screenshots/2023/11/1701310746494.jpg",
    "title": "Laser Etched Black Granite Plaque"
  },
  {
    "id": "1699854840361",
    "img": "https://www.forevershining.com.au/design/saved-designs/screenshots/2023/11/1699854840361.jpg",
    "title": "Laser Etched Black Granite Plaque"
  },
  {
    "id": "1698377760983",
    "img": "https://www.forevershining.com.au/design/saved-designs/screenshots/2023/10/1698377760983.jpg",
    "title": "Laser Etched Black Granite Plaque"
  },
  {
    "id": "1696395312034",
    "img": "https://www.forevershining.com.au/design/saved-designs/screenshots/2023/10/1696395312034.jpg",
    "title": "Laser Etched Black Granite Plaque"
  },
  {
    "id": "1694587012714",
    "img": "https://www.forevershining.com.au/design/saved-designs/screenshots/2023/09/1694587012714.jpg",
    "title": "Laser Etched Black Granite Plaque"
  },
  {
    "id": "1694584931222",
    "img": "https://www.forevershining.com.au/design/saved-designs/screenshots/2023/09/1694584931222.jpg",
    "title": "Laser Etched Black Granite Plaque"
  },
  {
    "id": "1694583212654",
    "img": "https://www.forevershining.com.au/design/saved-designs/screenshots/2023/09/1694583212654.jpg",
    "title": "Laser Etched Black Granite Plaque"
  },
  {
    "id": "1693981395075",
    "img": "https://www.forevershining.com.au/design/saved-designs/screenshots/2023/09/1693981395075.jpg",
    "title": "Laser Etched Black Granite Plaque"
  },
  {
    "id": "1693282046358",
    "img": "https://www.forevershining.com.au/design/saved-designs/screenshots/2023/08/1693282046358.jpg",
    "title": "Laser Etched Black Granite Plaque"
  },
  {
    "id": "1690329253597",
    "img": "https://www.forevershining.com.au/design/saved-designs/screenshots/2023/07/1690329253597.jpg",
    "title": "Laser Etched Black Granite Plaque"
  },
  {
    "id": "1715561254099",
    "img": "https://www.forevershining.com.au/design/saved-designs/screenshots/2024/05/1715561254099.jpg",
    "title": "Laser Etched Black Granite Plaque"
  },
  {
    "id": "1715475903073",
    "img": "https://www.forevershining.com.au/design/saved-designs/screenshots/2024/05/1715475903073.jpg",
    "title": "Laser Etched Black Granite Plaque"
  },
  {
    "id": "1689159000036",
    "img": "https://www.forevershining.com.au/design/saved-designs/screenshots/2023/07/1689159000036.jpg",
    "title": "Laser Etched Black Granite Plaque"
  },
  {
    "id": "1684289887667",
    "img": "https://www.forevershining.com.au/design/saved-designs/screenshots/2023/05/1684289887667.jpg",
    "title": "Laser Etched Black Granite Plaque"
  },
  {
    "id": "1684289388062",
    "img": "https://www.forevershining.com.au/design/saved-designs/screenshots/2023/05/1684289388062.jpg",
    "title": "Laser Etched Black Granite Plaque"
  },
  {
    "id": "1684275552648",
    "img": "https://www.forevershining.com.au/design/saved-designs/screenshots/2023/05/1684275552648.jpg",
    "title": "Laser Etched Black Granite Plaque"
  },
  {
    "id": "1684275485570",
    "img": "https://www.forevershining.com.au/design/saved-designs/screenshots/2023/05/1684275485570.jpg",
    "title": "Laser Etched Black Granite Plaque"
  },
  {
    "id": "1684274849171",
    "img": "https://www.forevershining.com.au/design/saved-designs/screenshots/2023/05/1684274849171.jpg",
    "title": "Laser Etched Black Granite Plaque"
  },
  {
    "id": "1684274777322",
    "img": "https://www.forevershining.com.au/design/saved-designs/screenshots/2023/05/1684274777322.jpg",
    "title": "Laser Etched Black Granite Plaque"
  },
  {
    "id": "1684247228851",
    "img": "https://www.forevershining.com.au/design/saved-designs/screenshots/2023/05/1684247228851.jpg",
    "title": "Laser Etched Black Granite Plaque"
  },
  {
    "id": "1684246206370",
    "img": "https://www.forevershining.com.au/design/saved-designs/screenshots/2023/05/1684246206370.jpg",
    "title": "Laser Etched Black Granite Plaque"
  },
  {
    "id": "1683772659791",
    "img": "https://www.forevershining.com.au/design/saved-designs/screenshots/2023/05/1683772659791.jpg",
    "title": "Laser Etched Black Granite Plaque"
  },
  {
    "id": "1682591048587",
    "img": "https://www.forevershining.com.au/design/saved-designs/screenshots/2023/04/1682591048587.jpg",
    "title": "Laser Etched Black Granite Plaque"
  },
  {
    "id": "1682587295406",
    "img": "https://www.forevershining.com.au/design/saved-designs/screenshots/2023/04/1682587295406.jpg",
    "title": "Laser Etched Black Granite Plaque"
  },
  {
    "id": "1680410124115",
    "img": "https://www.forevershining.com.au/design/saved-designs/screenshots/2023/04/1680410124115.jpg",
    "title": "Laser Etched Black Granite Plaque"
  },
  {
    "id": "1680408464192",
    "img": "https://www.forevershining.com.au/design/saved-designs/screenshots/2023/04/1680408464192.jpg",
    "title": "Laser Etched Black Granite Plaque"
  },
  {
    "id": "1680408370072",
    "img": "https://www.forevershining.com.au/design/saved-designs/screenshots/2023/04/1680408370072.jpg",
    "title": "Laser Etched Black Granite Plaque"
  },
  {
    "id": "1679281096430",
    "img": "https://www.forevershining.com.au/design/saved-designs/screenshots/2023/03/1679281096430.jpg",
    "title": "Laser Etched Black Granite Plaque"
  },
  {
    "id": "1679085779257",
    "img": "https://www.forevershining.com.au/design/saved-designs/screenshots/2023/03/1679085779257.jpg",
    "title": "Laser Etched Black Granite Plaque"
  },
  {
    "id": "1676980590515",
    "img": "https://www.forevershining.com.au/design/saved-designs/screenshots/2023/02/1676980590515.jpg",
    "title": "Laser Etched Black Granite Plaque"
  },
  {
    "id": "1675014918016",
    "img": "https://www.forevershining.com.au/design/saved-designs/screenshots/2023/01/1675014918016.jpg",
    "title": "Laser Etched Black Granite Plaque"
  },
  {
    "id": "1673937098536",
    "img": "https://www.forevershining.com.au/design/saved-designs/screenshots/2023/01/1673937098536.jpg",
    "title": "Laser Etched Black Granite Plaque"
  },
  {
    "id": "1673921951097",
    "img": "https://www.forevershining.com.au/design/saved-designs/screenshots/2023/01/1673921951097.jpg",
    "title": "Laser Etched Black Granite Plaque"
  },
  {
    "id": "1673361634944",
    "img": "https://www.forevershining.com.au/design/saved-designs/screenshots/2023/01/1673361634944.jpg",
    "title": "Laser Etched Black Granite Plaque"
  },
  {
    "id": "1673296494403",
    "img": "https://www.forevershining.com.au/design/saved-designs/screenshots/2023/01/1673296494403.jpg",
    "title": "Laser Etched Black Granite Plaque"
  },
  {
    "id": "1673351642341",
    "img": "https://www.forevershining.com.au/design/saved-designs/screenshots/2023/01/1673351642341.jpg",
    "title": "Laser Etched Black Granite Plaque"
  },
  {
    "id": "1673351025294",
    "img": "https://www.forevershining.com.au/design/saved-designs/screenshots/2023/01/1673351025294.jpg",
    "title": "Laser Etched Black Granite Plaque"
  },
  {
    "id": "1671554523823",
    "img": "https://www.forevershining.com.au/design/saved-designs/screenshots/2022/12/1671554523823.jpg",
    "title": "Laser Etched Black Granite Plaque"
  },
  {
    "id": "1671469114088",
    "img": "https://www.forevershining.com.au/design/saved-designs/screenshots/2022/12/1671469114088.jpg",
    "title": "Laser Etched Black Granite Plaque"
  },
  {
    "id": "1670568491975",
    "img": "https://www.forevershining.com.au/design/saved-designs/screenshots/2022/12/1670568491975.jpg",
    "title": "Laser Etched Black Granite Plaque"
  },
  {
    "id": "1670561873134",
    "img": "https://www.forevershining.com.au/design/saved-designs/screenshots/2022/12/1670561873134.jpg",
    "title": "Laser Etched Black Granite Plaque"
  },
  {
    "id": "1670557860670",
    "img": "https://www.forevershining.com.au/design/saved-designs/screenshots/2022/12/1670557860670.jpg",
    "title": "Laser Etched Black Granite Plaque"
  },
  {
    "id": "1670557117757",
    "img": "https://www.forevershining.com.au/design/saved-designs/screenshots/2022/12/1670557117757.jpg",
    "title": "Laser Etched Black Granite Plaque"
  },
  {
    "id": "1670489155633",
    "img": "https://www.forevershining.com.au/design/saved-designs/screenshots/2022/12/1670489155633.jpg",
    "title": "Laser Etched Black Granite Plaque"
  },
  {
    "id": "1670467164590",
    "img": "https://www.forevershining.com.au/design/saved-designs/screenshots/2022/12/1670467164590.jpg",
    "title": "Laser Etched Black Granite Plaque"
  },
  {
    "id": "1670466778867",
    "img": "https://www.forevershining.com.au/design/saved-designs/screenshots/2022/12/1670466778867.jpg",
    "title": "Laser Etched Black Granite Plaque"
  },
  {
    "id": "1669777983057",
    "img": "https://www.forevershining.com.au/design/saved-designs/screenshots/2022/11/1669777983057.jpg",
    "title": "Laser Etched Black Granite Plaque"
  },
  {
    "id": "1669766963613",
    "img": "https://www.forevershining.com.au/design/saved-designs/screenshots/2022/11/1669766963613.jpg",
    "title": "Laser Etched Black Granite Plaque"
  },
  {
    "id": "1669766124382",
    "img": "https://www.forevershining.com.au/design/saved-designs/screenshots/2022/11/1669766124382.jpg",
    "title": "Laser Etched Black Granite Plaque"
  },
  {
    "id": "1669762736888",
    "img": "https://www.forevershining.com.au/design/saved-designs/screenshots/2022/11/1669762736888.jpg",
    "title": "Laser Etched Black Granite Plaque"
  },
  {
    "id": "1669753933693",
    "img": "https://www.forevershining.com.au/design/saved-designs/screenshots/2022/11/1669753933693.jpg",
    "title": "Laser Etched Black Granite Plaque"
  },
  {
    "id": "1669759579959",
    "img": "https://www.forevershining.com.au/design/saved-designs/screenshots/2022/11/1669759579959.jpg",
    "title": "Laser Etched Black Granite Plaque"
  },
  {
    "id": "1669639007286",
    "img": "https://www.forevershining.com.au/design/saved-designs/screenshots/2022/11/1669639007286.jpg",
    "title": "Laser Etched Black Granite Plaque"
  },
  {
    "id": "1668644649966",
    "img": "https://www.forevershining.com.au/design/saved-designs/screenshots/2022/11/1668644649966.jpg",
    "title": "Laser Etched Black Granite Plaque"
  },
  {
    "id": "1664246522277",
    "img": "https://www.forevershining.com.au/design/saved-designs/screenshots/2022/09/1664246522277.jpg",
    "title": "Laser Etched Black Granite Plaque"
  },
  {
    "id": "1662687496363",
    "img": "https://www.forevershining.com.au/design/saved-designs/screenshots/2022/09/1662687496363.jpg",
    "title": "Laser Etched Black Granite Plaque"
  },
  {
    "id": "1661860144220",
    "img": "https://www.forevershining.com.au/design/saved-designs/screenshots/2022/08/1661860144220.jpg",
    "title": "Laser Etched Black Granite Plaque"
  },
  {
    "id": "1661144414922",
    "img": "https://www.forevershining.com.au/design/saved-designs/screenshots/2022/08/1661144414922.jpg",
    "title": "Laser Etched Black Granite Plaque"
  },
  {
    "id": "1656052341098",
    "img": "https://www.forevershining.com.au/design/saved-designs/screenshots/2022/06/1656052341098.jpg",
    "title": "Laser Etched Black Granite Plaque"
  },
  {
    "id": "1653619379503",
    "img": "https://www.forevershining.com.au/design/saved-designs/screenshots/2022/05/1653619379503.jpg",
    "title": "Laser Etched Black Granite Plaque"
  },
  {
    "id": "1653561431038",
    "img": "https://www.forevershining.com.au/design/saved-designs/screenshots/2022/05/1653561431038.jpg",
    "title": "Laser Etched Black Granite Plaque"
  },
  {
    "id": "1653541743101",
    "img": "https://www.forevershining.com.au/design/saved-designs/screenshots/2022/05/1653541743101.jpg",
    "title": "Laser Etched Black Granite Plaque"
  },
  {
    "id": "1648956358753",
    "img": "https://www.forevershining.com.au/design/saved-designs/screenshots/2022/04/1648956358753.jpg",
    "title": "Laser Etched Black Granite Plaque"
  },
  {
    "id": "1647329551446",
    "img": "https://www.forevershining.com.au/design/saved-designs/screenshots/2022/03/1647329551446.jpg",
    "title": "Laser Etched Black Granite Plaque"
  },
  {
    "id": "1647314505761",
    "img": "https://www.forevershining.com.au/design/saved-designs/screenshots/2022/03/1647314505761.jpg",
    "title": "Laser Etched Black Granite Plaque"
  },
  {
    "id": "1646725189702",
    "img": "https://www.forevershining.com.au/design/saved-designs/screenshots/2022/03/1646725189702.jpg",
    "title": "Laser Etched Black Granite Plaque"
  },
  {
    "id": "1646543623606",
    "img": "https://www.forevershining.com.au/design/saved-designs/screenshots/2022/03/1646543623606.jpg",
    "title": "Laser Etched Black Granite Plaque"
  },
  {
    "id": "1646511999082",
    "img": "https://www.forevershining.com.au/design/saved-designs/screenshots/2022/03/1646511999082.jpg",
    "title": "Laser Etched Black Granite Plaque"
  },
  {
    "id": "1636313148364",
    "img": "https://www.forevershining.com.au/design/saved-designs/screenshots/2021/11/1636313148364.jpg",
    "title": "Laser Etched Black Granite Plaque"
  },
  {
    "id": "1634983331201",
    "img": "https://www.forevershining.com.au/design/saved-designs/screenshots/2021/10/1634983331201.jpg",
    "title": "Laser Etched Black Granite Plaque"
  },
  {
    "id": "1634981265325",
    "img": "https://www.forevershining.com.au/design/saved-designs/screenshots/2021/10/1634981265325.jpg",
    "title": "Laser Etched Black Granite Plaque"
  },
  {
    "id": "1632649177891",
    "img": "https://www.forevershining.com.au/design/saved-designs/screenshots/2021/09/1632649177891.jpg",
    "title": "Laser Etched Black Granite Plaque"
  },
  {
    "id": "1627797257155",
    "img": "https://www.forevershining.com.au/design/saved-designs/screenshots/2021/08/1627797257155.jpg",
    "title": "Laser Etched Black Granite Plaque"
  },
  {
    "id": "1627633030412",
    "img": "https://www.forevershining.com.au/design/saved-designs/screenshots/2021/07/1627633030412.jpg",
    "title": "Laser Etched Black Granite Plaque"
  },
  {
    "id": "1624660234919",
    "img": "https://www.forevershining.com.au/design/saved-designs/screenshots/2021/06/1624660234919.jpg",
    "title": "Laser Etched Black Granite Plaque"
  },
  {
    "id": "1623555328577",
    "img": "https://www.forevershining.com.au/design/saved-designs/screenshots/2021/06/1623555328577.jpg",
    "title": "Laser Etched Black Granite Plaque"
  },
  {
    "id": "1623551529641",
    "img": "https://www.forevershining.com.au/design/saved-designs/screenshots/2021/06/1623551529641.jpg",
    "title": "Laser Etched Black Granite Plaque"
  },
  {
    "id": "1623463252679",
    "img": "https://www.forevershining.com.au/design/saved-designs/screenshots/2021/06/1623463252679.jpg",
    "title": "Laser Etched Black Granite Plaque"
  },
  {
    "id": "1623389288705",
    "img": "https://www.forevershining.com.au/design/saved-designs/screenshots/2021/06/1623389288705.jpg",
    "title": "Laser Etched Black Granite Plaque"
  },
  {
    "id": "1621731084325",
    "img": "https://www.forevershining.com.au/design/saved-designs/screenshots/2021/05/1621731084325.jpg",
    "title": "Laser Etched Black Granite Plaque"
  },
  {
    "id": "1621653619644",
    "img": "https://www.forevershining.com.au/design/saved-designs/screenshots/2021/05/1621653619644.jpg",
    "title": "Laser Etched Black Granite Plaque"
  },
  {
    "id": "1621491570735",
    "img": "https://www.forevershining.com.au/design/saved-designs/screenshots/2021/05/1621491570735.jpg",
    "title": "Laser Etched Black Granite Plaque"
  },
  {
    "id": "1621489595804",
    "img": "https://www.forevershining.com.au/design/saved-designs/screenshots/2021/05/1621489595804.jpg",
    "title": "Laser Etched Black Granite Plaque"
  },
  {
    "id": "1620970073354",
    "img": "https://www.forevershining.com.au/design/saved-designs/screenshots/2021/05/1620970073354.jpg",
    "title": "Laser Etched Black Granite Plaque"
  },
  {
    "id": "1618453689005",
    "img": "https://www.forevershining.com.au/design/saved-designs/screenshots/2021/04/1618453689005.jpg",
    "title": "Laser Etched Black Granite Plaque"
  },
  {
    "id": "1616738027247",
    "img": "https://www.forevershining.com.au/design/saved-designs/screenshots/2021/03/1616738027247.jpg",
    "title": "Laser Etched Black Granite Plaque"
  },
  {
    "id": "1616508203195",
    "img": "https://www.forevershining.com.au/design/saved-designs/screenshots/2021/03/1616508203195.jpg",
    "title": "Laser Etched Black Granite Plaque"
  },
  {
    "id": "1616480091254",
    "img": "https://www.forevershining.com.au/design/saved-designs/screenshots/2021/03/1616480091254.jpg",
    "title": "Laser Etched Black Granite Plaque"
  },
  {
    "id": "1616216699784",
    "img": "https://www.forevershining.com.au/design/saved-designs/screenshots/2021/03/1616216699784.jpg",
    "title": "Laser Etched Black Granite Plaque"
  },
  {
    "id": "1615444613426",
    "img": "https://www.forevershining.com.au/design/saved-designs/screenshots/2021/03/1615444613426.jpg",
    "title": "Laser Etched Black Granite Plaque"
  },
  {
    "id": "1614853891246",
    "img": "https://www.forevershining.com.au/design/saved-designs/screenshots/2021/03/1614853891246.jpg",
    "title": "Laser Etched Black Granite Plaque"
  },
  {
    "id": "1611121826908",
    "img": "https://www.forevershining.com.au/design/saved-designs/screenshots/2021/01/1611121826908.jpg",
    "title": "Laser Etched Black Granite Plaque"
  },
  {
    "id": "1609973718075",
    "img": "https://www.forevershining.com.au/design/saved-designs/screenshots/2021/01/1609973718075.jpg",
    "title": "Laser Etched Black Granite Plaque"
  },
  {
    "id": "1607036512253",
    "img": "https://www.forevershining.com.au/design/saved-designs/screenshots/2020/12/1607036512253.jpg",
    "title": "Laser Etched Black Granite Plaque"
  },
  {
    "id": "1605511916035",
    "img": "https://www.forevershining.com.au/design/saved-designs/screenshots/2020/11/1605511916035.jpg",
    "title": "Laser Etched Black Granite Plaque"
  },
  {
    "id": "1605506380104",
    "img": "https://www.forevershining.com.au/design/saved-designs/screenshots/2020/11/1605506380104.jpg",
    "title": "Laser Etched Black Granite Plaque"
  },
  {
    "id": "1603959248092",
    "img": "https://www.forevershining.com.au/design/saved-designs/screenshots/2020/10/1603959248092.jpg",
    "title": "Laser Etched Black Granite Plaque"
  },
  {
    "id": "1603679135892",
    "img": "https://www.forevershining.com.au/design/saved-designs/screenshots/2020/10/1603679135892.jpg",
    "title": "Laser Etched Black Granite Plaque"
  },
  {
    "id": "1598837575539",
    "img": "https://www.forevershining.com.au/design/saved-designs/screenshots/2020/08/1598837575539.jpg",
    "title": "Laser Etched Black Granite Plaque"
  },
  {
    "id": "1598790906617",
    "img": "https://www.forevershining.com.au/design/saved-designs/screenshots/2020/08/1598790906617.jpg",
    "title": "Laser Etched Black Granite Plaque"
  },
  {
    "id": "1595737252013",
    "img": "https://www.forevershining.com.au/design/saved-designs/screenshots/2020/07/1595737252013.jpg",
    "title": "Laser Etched Black Granite Plaque"
  },
  {
    "id": "1595499879685",
    "img": "https://www.forevershining.com.au/design/saved-designs/screenshots/2020/07/1595499879685.jpg",
    "title": "Laser Etched Black Granite Plaque"
  },
  {
    "id": "1595464114956",
    "img": "https://www.forevershining.com.au/design/saved-designs/screenshots/2020/07/1595464114956.jpg",
    "title": "Laser Etched Black Granite Plaque"
  },
  {
    "id": "1595418509959",
    "img": "https://www.forevershining.com.au/design/saved-designs/screenshots/2020/07/1595418509959.jpg",
    "title": "Laser Etched Black Granite Plaque"
  },
  {
    "id": "1593940993252",
    "img": "https://www.forevershining.com.au/design/saved-designs/screenshots/2020/07/1593940993252.jpg",
    "title": "Laser Etched Black Granite Plaque"
  },
  {
    "id": "1592023570365",
    "img": "https://www.forevershining.com.au/design/saved-designs/screenshots/1592023570365.jpg",
    "title": "Laser Etched Black Granite Plaque"
  },
  {
    "id": "1592019523033",
    "img": "https://www.forevershining.com.au/design/saved-designs/screenshots/1592019523033.jpg",
    "title": "Laser Etched Black Granite Plaque"
  },
  {
    "id": "1591662827716",
    "img": "https://www.forevershining.com.au/design/saved-designs/screenshots/1591662827716.jpg",
    "title": "Laser Etched Black Granite Plaque"
  },
  {
    "id": "1591480712333",
    "img": "https://www.forevershining.com.au/design/saved-designs/screenshots/1591480712333.jpg",
    "title": "Laser Etched Black Granite Plaque"
  },
  {
    "id": "1591479944486",
    "img": "https://www.forevershining.com.au/design/saved-designs/screenshots/1591479944486.jpg",
    "title": "Laser Etched Black Granite Plaque"
  },
  {
    "id": "1590888303038",
    "img": "https://www.forevershining.com.au/design/saved-designs/screenshots/1590888303038.jpg",
    "title": "Laser Etched Black Granite Plaque"
  },
  {
    "id": "1589139449514",
    "img": "https://www.forevershining.com.au/design/saved-designs/screenshots/1589139449514.jpg",
    "title": "Laser Etched Black Granite Plaque"
  },
  {
    "id": "1589139234611",
    "img": "https://www.forevershining.com.au/design/saved-designs/screenshots/1589139234611.jpg",
    "title": "Laser Etched Black Granite Plaque"
  },
  {
    "id": "1589113270959",
    "img": "https://www.forevershining.com.au/design/saved-designs/screenshots/1589113270959.jpg",
    "title": "Laser Etched Black Granite Plaque"
  },
  {
    "id": "1589094649623",
    "img": "https://www.forevershining.com.au/design/saved-designs/screenshots/1589094649623.jpg",
    "title": "Laser Etched Black Granite Plaque"
  },
  {
    "id": "1589093907199",
    "img": "https://www.forevershining.com.au/design/saved-designs/screenshots/1589093907199.jpg",
    "title": "Laser Etched Black Granite Plaque"
  },
  {
    "id": "1589092156011",
    "img": "https://www.forevershining.com.au/design/saved-designs/screenshots/1589092156011.jpg",
    "title": "Laser Etched Black Granite Plaque"
  },
  {
    "id": "1588900604330",
    "img": "https://www.forevershining.com.au/design/saved-designs/screenshots/1588900604330.jpg",
    "title": "Laser Etched Black Granite Plaque"
  },
  {
    "id": "1588900268569",
    "img": "https://www.forevershining.com.au/design/saved-designs/screenshots/1588900268569.jpg",
    "title": "Laser Etched Black Granite Plaque"
  },
  {
    "id": "1588742781412",
    "img": "https://www.forevershining.com.au/design/saved-designs/screenshots/1588742781412.jpg",
    "title": "Laser Etched Black Granite Plaque"
  },
  {
    "id": "1588734563574",
    "img": "https://www.forevershining.com.au/design/undefined",
    "title": "Laser Etched Black Granite Plaque"
  },
  {
    "id": "1588725496376",
    "img": "https://www.forevershining.com.au/design/saved-designs/screenshots/1588725496376.jpg",
    "title": "Laser Etched Black Granite Plaque"
  },
  {
    "id": "1588670913063",
    "img": "https://www.forevershining.com.au/design/undefined",
    "title": "Laser Etched Black Granite Plaque"
  },
  {
    "id": "1588043378126",
    "img": "https://www.forevershining.com.au/design/saved-designs/screenshots/1588043378126.jpg",
    "title": "Laser Etched Black Granite Plaque"
  },
  {
    "id": "1586137190987",
    "img": "https://www.forevershining.com.au/design/saved-designs/screenshots/1586137190987.jpg",
    "title": "Laser Etched Black Granite Plaque"
  },
  {
    "id": "1583006222470",
    "img": "https://www.forevershining.com.au/design/saved-designs/screenshots/1583006222470.jpg",
    "title": "Laser Etched Black Granite Plaque"
  },
  {
    "id": "1582736689838",
    "img": "https://www.forevershining.com.au/design/saved-designs/screenshots/1582736689838.jpg",
    "title": "Laser Etched Black Granite Plaque"
  },
  {
    "id": "1582733799074",
    "img": "https://www.forevershining.com.au/design/saved-designs/screenshots/1582733799074.jpg",
    "title": "Laser Etched Black Granite Plaque"
  },
  {
    "id": "1579838166072",
    "img": "https://www.forevershining.com.au/design/saved-designs/screenshots/1579838166072.jpg",
    "title": "Laser Etched Black Granite Plaque"
  },
  {
    "id": "1579584872602",
    "img": "https://www.forevershining.com.au/design/saved-designs/screenshots/1579584872602.jpg",
    "title": "Laser Etched Black Granite Plaque"
  },
  {
    "id": "1681619623662",
    "img": "https://www.forevershining.com.au/design/saved-designs/screenshots/2023/04/1681619623662.jpg",
    "title": "Laser Etched Black Granite Plaque"
  },
  {
    "id": "1661074167697",
    "img": "https://www.forevershining.com.au/design/saved-designs/screenshots/2022/08/1661074167697.jpg",
    "title": "Laser Etched Black Granite Plaque"
  },
  {
    "id": "1631011981433",
    "img": "https://www.forevershining.com.au/design/saved-designs/screenshots/2021/09/1631011981433.jpg",
    "title": "Laser Etched Black Granite Plaque"
  },
  {
    "id": "1630993961963",
    "img": "https://www.forevershining.com.au/design/saved-designs/screenshots/2021/09/1630993961963.jpg",
    "title": "Laser Etched Black Granite Plaque"
  },
  {
    "id": "1630989753374",
    "img": "https://www.forevershining.com.au/design/saved-designs/screenshots/2021/09/1630989753374.jpg",
    "title": "Laser Etched Black Granite Plaque"
  },
  {
    "id": "1630916230306",
    "img": "https://www.forevershining.com.au/design/saved-designs/screenshots/2021/09/1630916230306.jpg",
    "title": "Laser Etched Black Granite Plaque"
  },
  {
    "id": "1629669338908",
    "img": "https://www.forevershining.com.au/design/saved-designs/screenshots/2021/08/1629669338908.jpg",
    "title": "Laser Etched Black Granite Plaque"
  },
  {
    "id": "1629668629201",
    "img": "https://www.forevershining.com.au/design/saved-designs/screenshots/2021/08/1629668629201.jpg",
    "title": "Laser Etched Black Granite Plaque"
  },
  {
    "id": "1592023369051",
    "img": "https://www.forevershining.com.au/design/saved-designs/screenshots/1592023369051.jpg",
    "title": "Laser Etched Black Granite Plaque"
  },
  {
    "id": "1592019997060",
    "img": "https://www.forevershining.com.au/design/saved-designs/screenshots/1592019997060.jpg",
    "title": "Laser Etched Black Granite Plaque"
  },
  {
    "id": "1591238011100",
    "img": "https://www.forevershining.com.au/design/saved-designs/screenshots/1591238011100.jpg",
    "title": "Laser Etched Black Granite Plaque"
  }
]