[
  {
    "id": "1697021439770",
    "img": "https://www.forevershining.com.au/design/saved-designs/screenshots/2023/10/1697021439770.jpg",
    "title": "Laser Etched Black Granite Plaque"
  },
  {
    "id": "1697017657053",
    "img": "https://www.forevershining.com.au/design/saved-designs/screenshots/2023/10/1697017657053.jpg",
    "title": "Laser Etched Black Granite Plaque"
  },
  {
    "id": "1677503968785",
    "img": "https://www.forevershining.com.au/design/saved-designs/screenshots/2023/02/1677503968785.jpg",
    "title": "Laser Etched Black Granite Plaque"
  },
  {
    "id": "1672839040121",
    "img": "https://www.forevershining.com.au/design/saved-designs/screenshots/2023/01/1672839040121.jpg",
    "title": "Laser Etched Black Granite Plaque"
  },
  {
    "id": "1671554652626",
    "img": "https://www.forevershining.com.au/design/saved-designs/screenshots/2022/12/1671554652626.jpg",
    "title": "Laser Etched Black Granite Plaque"
  },
  {
    "id": "1671553260701",
    "img": "https://www.forevershining.com.au/design/saved-designs/screenshots/2022/12/1671553260701.jpg",
    "title": "Laser Etched Black Granite Plaque"
  },
  {
    "id": "1667043209790",
    "img": "https://www.forevershining.com.au/design/saved-designs/screenshots/2022/10/1667043209790.jpg",
    "title": "Laser Etched Black Granite Plaque"
  },
  {
    "id": "1661880737870",
    "img": "https://www.forevershining.com.au/design/saved-designs/screenshots/2022/08/1661880737870.jpg",
    "title": "Laser Etched Black Granite Plaque"
  },
  {
    "id": "1654219782527",
    "img": "https://www.forevershining.com.au/design/saved-designs/screenshots/2022/06/1654219782527.jpg",
    "title": "Laser Etched Black Granite Plaque"
  },
  {
    "id": "1651727017574",
    "img": "https://www.forevershining.com.au/design/saved-designs/screenshots/2022/05/1651727017574.jpg",
    "title": "Laser Etched Black Granite Plaque"
  },
  {
    "id": "1651579670087",
    "img": "https://www.forevershining.com.au/design/saved-designs/screenshots/2022/05/1651579670087.jpg",
    "title": "Laser Etched Black Granite Plaque"
  },
  {
    "id": "1651494412552",
    "img": "https://www.forevershining.com.au/design/saved-designs/screenshots/2022/05/1651494412552.jpg",
    "title": "Laser Etched Black Granite Plaque"
  },
  {
    "id": "1637790347605",
    "img": "https://www.forevershining.com.au/design/saved-designs/screenshots/2021/11/1637790347605.jpg",
    "title": "Laser Etched Black Granite Plaque"
  },
  {
    "id": "1625120625963",
    "img": "https://www.forevershining.com.au/design/saved-designs/screenshots/2021/07/1625120625963.jpg",
    "title": "Laser Etched Black Granite Plaque"
  },
  {
    "id": "1620532283528",
    "img": "https://www.forevershining.com.au/design/saved-designs/screenshots/2021/05/1620532283528.jpg",
    "title": "Laser Etched Black Granite Plaque"
  },
  {
    "id": "1613442492767",
    "img": "https://www.forevershining.com.au/design/saved-designs/screenshots/2021/02/1613442492767.jpg",
    "title": "Laser Etched Black Granite Plaque"
  },
  {
    "id": "1610247232615",
    "img": "https://www.forevershining.com.au/design/saved-designs/screenshots/2021/01/1610247232615.jpg",
    "title": "Laser Etched Black Granite Plaque"
  },
  {
    "id": "1610242556440",
    "img": "https://www.forevershining.com.au/design/saved-designs/screenshots/2021/01/1610242556440.jpg",
    "title": "Laser Etched Black Granite Plaque"
  },
  {
    "id": "1610242035024",
    "img": "https://www.forevershining.com.au/design/saved-designs/screenshots/2021/01/1610242035024.jpg",
    "title": "Laser Etched Black Granite Plaque"
  },
  {
    "id": "1609801722712",
    "img": "https://www.forevershining.com.au/design/saved-designs/screenshots/2021/01/1609801722712.jpg",
    "title": "Laser Etched Black Granite Plaque"
  },
  {
    "id": "1604569330884",
    "img": "https://www.forevershining.com.au/design/saved-designs/screenshots/2020/11/1604569330884.jpg",
    "title": "Laser Etched Black Granite Plaque"
  },
  {
    "id": "1602825091238",
    "img": "https://www.forevershining.com.au/design/saved-designs/screenshots/2020/10/1602825091238.jpg",
    "title": "Laser Etched Black Granite Plaque"
  },
  {
    "id": "1602665543352",
    "img": "https://www.forevershining.com.au/design/saved-designs/screenshots/2020/10/1602665543352.jpg",
    "title": "Laser Etched Black Granite Plaque"
  },
  {
    "id": "1591330181342",
    "img": "https://www.forevershining.com.au/design/saved-designs/screenshots/1591330181342.jpg",
    "title": "Laser Etched Black Granite Plaque"
  },
  {
    "id": "1591328568796",
    "img": "https://www.forevershining.com.au/design/saved-designs/screenshots/1591328568796.jpg",
    "title": "Laser Etched Black Granite Plaque"
  },
  {
    "id": "1591328088704",
    "img": "https://www.forevershining.com.au/design/saved-designs/screenshots/1591328088704.jpg",
    "title": "Laser Etched Black Granite Plaque"
  },
  {
    "id": "1581649418175",
    "img": "https://www.forevershining.com.au/design/saved-designs/screenshots/1581649418175.jpg",
    "title": "Laser Etched Black Granite Plaque"
  },
  {
    "id": "1581608020633",
    "img": "https://www.forevershining.com.au/design/saved-designs/screenshots/1581608020633.jpg",
    "title": "Laser Etched Black Granite Plaque"
  },
  {
    "id": "1628857205835",
    "img": "https://www.forevershining.com.au/design/saved-designs/screenshots/2021/08/1628857205835.jpg",
    "title": "Laser Etched Black Granite Plaque"
  }
]