[
  {
    "id": "1672925204248",
    "img": "https://www.forevershining.com.au/design/saved-designs/screenshots/2023/01/1672925204248.jpg",
    "title": "Bronze Plaque"
  },
  {
    "id": "1672920144663",
    "img": "https://www.forevershining.com.au/design/saved-designs/screenshots/2023/01/1672920144663.jpg",
    "title": "Bronze Plaque"
  },
  {
    "id": "1672919989105",
    "img": "https://www.forevershining.com.au/design/saved-designs/screenshots/2023/01/1672919989105.jpg",
    "title": "Bronze Plaque"
  },
  {
    "id": "1670379709937",
    "img": "https://www.forevershining.com.au/design/saved-designs/screenshots/2022/12/1670379709937.jpg",
    "title": "Bronze Plaque"
  },
  {
    "id": "1670377827947",
    "img": "https://www.forevershining.com.au/design/saved-designs/screenshots/2022/12/1670377827947.jpg",
    "title": "Bronze Plaque"
  },
  {
    "id": "1670373054722",
    "img": "https://www.forevershining.com.au/design/saved-designs/screenshots/2022/12/1670373054722.jpg",
    "title": "Bronze Plaque"
  },
  {
    "id": "1666312901812",
    "img": "https://www.forevershining.com.au/design/saved-designs/screenshots/2022/10/1666312901812.jpg",
    "title": "Bronze Plaque"
  }
]