[
  {
    "id": "1719359134396",
    "img": "https://www.forevershining.com.au/design/saved-designs/screenshots/2024/06/1719359134396.jpg",
    "title": "Laser Etched Black Granite Plaque"
  },
  {
    "id": "1716627543695",
    "img": "https://www.forevershining.com.au/design/saved-designs/screenshots/2024/05/1716627543695.jpg",
    "title": "Laser Etched Black Granite Plaque"
  },
  {
    "id": "1710335319817",
    "img": "https://www.forevershining.com.au/design/saved-designs/screenshots/2024/03/1710335319817.jpg",
    "title": "Laser Etched Black Granite Plaque"
  },
  {
    "id": "1708318451418",
    "img": "https://www.forevershining.com.au/design/saved-designs/screenshots/2024/02/1708318451418.jpg",
    "title": "Laser Etched Black Granite Plaque"
  },
  {
    "id": "1707981445579",
    "img": "https://www.forevershining.com.au/design/saved-designs/screenshots/2024/02/1707981445579.jpg",
    "title": "Laser Etched Black Granite Plaque"
  },
  {
    "id": "1703721944578",
    "img": "https://www.forevershining.com.au/design/saved-designs/screenshots/2023/12/1703721944578.jpg",
    "title": "Laser Etched Black Granite Plaque"
  },
  {
    "id": "1700007965453",
    "img": "https://www.forevershining.com.au/design/saved-designs/screenshots/2023/11/1700007965453.jpg",
    "title": "Laser Etched Black Granite Plaque"
  },
  {
    "id": "1689091318597",
    "img": "https://www.forevershining.com.au/design/saved-designs/screenshots/2023/07/1689091318597.jpg",
    "title": "Laser Etched Black Granite Plaque"
  },
  {
    "id": "1689091174049",
    "img": "https://www.forevershining.com.au/design/saved-designs/screenshots/2023/07/1689091174049.jpg",
    "title": "Laser Etched Black Granite Plaque"
  },
  {
    "id": "1679656240021",
    "img": "https://www.forevershining.com.au/design/saved-designs/screenshots/2023/03/1679656240021.jpg",
    "title": "Laser Etched Black Granite Plaque"
  },
  {
    "id": "1679277674127",
    "img": "https://www.forevershining.com.au/design/saved-designs/screenshots/2023/03/1679277674127.jpg",
    "title": "Laser Etched Black Granite Plaque"
  },
  {
    "id": "1679195131199",
    "img": "https://www.forevershining.com.au/design/saved-designs/screenshots/2023/03/1679195131199.jpg",
    "title": "Laser Etched Black Granite Plaque"
  },
  {
    "id": "1679194502284",
    "img": "https://www.forevershining.com.au/design/saved-designs/screenshots/2023/03/1679194502284.jpg",
    "title": "Laser Etched Black Granite Plaque"
  },
  {
    "id": "1657065870534",
    "img": "https://www.forevershining.com.au/design/saved-designs/screenshots/2022/07/1657065870534.jpg",
    "title": "Laser Etched Black Granite Plaque"
  },
  {
    "id": "1651310352210",
    "img": "https://www.forevershining.com.au/design/saved-designs/screenshots/2022/04/1651310352210.jpg",
    "title": "Laser Etched Black Granite Plaque"
  },
  {
    "id": "1651212782215",
    "img": "https://www.forevershining.com.au/design/saved-designs/screenshots/2022/04/1651212782215.jpg",
    "title": "Laser Etched Black Granite Plaque"
  },
  {
    "id": "1650796714528",
    "img": "https://www.forevershining.com.au/design/saved-designs/screenshots/2022/04/1650796714528.jpg",
    "title": "Laser Etched Black Granite Plaque"
  },
  {
    "id": "1650559644781",
    "img": "https://www.forevershining.com.au/design/saved-designs/screenshots/2022/04/1650559644781.jpg",
    "title": "Laser Etched Black Granite Plaque"
  },
  {
    "id": "1649022826419",
    "img": "https://www.forevershining.com.au/design/saved-designs/screenshots/2022/04/1649022826419.jpg",
    "title": "Laser Etched Black Granite Plaque"
  },
  {
    "id": "1647939530494",
    "img": "https://www.forevershining.com.au/design/saved-designs/screenshots/2022/03/1647939530494.jpg",
    "title": "Laser Etched Black Granite Plaque"
  },
  {
    "id": "1643082860847",
    "img": "https://www.forevershining.com.au/design/saved-designs/screenshots/2022/01/1643082860847.jpg",
    "title": "Laser Etched Black Granite Plaque"
  },
  {
    "id": "1641779939864",
    "img": "https://www.forevershining.com.au/design/saved-designs/screenshots/2022/01/1641779939864.jpg",
    "title": "Laser Etched Black Granite Plaque"
  },
  {
    "id": "1623629186608",
    "img": "https://www.forevershining.com.au/design/saved-designs/screenshots/2021/06/1623629186608.jpg",
    "title": "Laser Etched Black Granite Plaque"
  },
  {
    "id": "1623618344912",
    "img": "https://www.forevershining.com.au/design/saved-designs/screenshots/2021/06/1623618344912.jpg",
    "title": "Laser Etched Black Granite Plaque"
  },
  {
    "id": "1623558580639",
    "img": "https://www.forevershining.com.au/design/saved-designs/screenshots/2021/06/1623558580639.jpg",
    "title": "Laser Etched Black Granite Plaque"
  },
  {
    "id": "1622978205277",
    "img": "https://www.forevershining.com.au/design/saved-designs/screenshots/2021/06/1622978205277.jpg",
    "title": "Laser Etched Black Granite Plaque"
  },
  {
    "id": "1622966159878",
    "img": "https://www.forevershining.com.au/design/saved-designs/screenshots/2021/06/1622966159878.jpg",
    "title": "Laser Etched Black Granite Plaque"
  },
  {
    "id": "1622877733793",
    "img": "https://www.forevershining.com.au/design/saved-designs/screenshots/2021/06/1622877733793.jpg",
    "title": "Laser Etched Black Granite Plaque"
  },
  {
    "id": "1622877082120",
    "img": "https://www.forevershining.com.au/design/saved-designs/screenshots/2021/06/1622877082120.jpg",
    "title": "Laser Etched Black Granite Plaque"
  },
  {
    "id": "1619178232866",
    "img": "https://www.forevershining.com.au/design/saved-designs/screenshots/2021/04/1619178232866.jpg",
    "title": "Laser Etched Black Granite Plaque"
  },
  {
    "id": "1607482052109",
    "img": "https://www.forevershining.com.au/design/saved-designs/screenshots/2020/12/1607482052109.jpg",
    "title": "Laser Etched Black Granite Plaque"
  },
  {
    "id": "1606632699958",
    "img": "https://www.forevershining.com.au/design/saved-designs/screenshots/2020/11/1606632699958.jpg",
    "title": "Laser Etched Black Granite Plaque"
  },
  {
    "id": "1593651513205",
    "img": "https://www.forevershining.com.au/design/saved-designs/screenshots/2020/07/1593651513205.jpg",
    "title": "Laser Etched Black Granite Plaque"
  },
  {
    "id": "1593609215018",
    "img": "https://www.forevershining.com.au/design/saved-designs/screenshots/2020/07/1593609215018.jpg",
    "title": "Laser Etched Black Granite Plaque"
  },
  {
    "id": "1593597660157",
    "img": "https://www.forevershining.com.au/design/saved-designs/screenshots/1593597660157.jpg",
    "title": "Laser Etched Black Granite Plaque"
  },
  {
    "id": "1589174001491",
    "img": "https://www.forevershining.com.au/design/saved-designs/screenshots/1589174001491.jpg",
    "title": "Laser Etched Black Granite Plaque"
  },
  {
    "id": "1587361100595",
    "img": "https://www.forevershining.com.au/design/saved-designs/screenshots/1587361100595.jpg",
    "title": "Laser Etched Black Granite Plaque"
  },
  {
    "id": "1585557408778",
    "img": "https://www.forevershining.com.au/design/saved-designs/screenshots/1585557408778.jpg",
    "title": "Laser Etched Black Granite Plaque"
  },
  {
    "id": "1585360111661",
    "img": "https://www.forevershining.com.au/design/saved-designs/screenshots/1585360111661.jpg",
    "title": "Laser Etched Black Granite Plaque"
  },
  {
    "id": "1581293841853",
    "img": "https://www.forevershining.com.au/design/saved-designs/screenshots/1581293841853.jpg",
    "title": "Laser Etched Black Granite Plaque"
  },
  {
    "id": "1578901979098",
    "img": "https://www.forevershining.com.au/design/saved-designs/screenshots/1578901979098.jpg",
    "title": "Laser Etched Black Granite Plaque"
  },
  {
    "id": "1578522627342",
    "img": "https://www.forevershining.com.au/design/saved-designs/screenshots/1578522627342.jpg",
    "title": "Laser Etched Black Granite Plaque"
  },
  {
    "id": "1578458592767",
    "img": "https://www.forevershining.com.au/design/undefined",
    "title": "Laser Etched Black Granite Plaque"
  },
  {
    "id": "1661245261693",
    "img": "https://www.forevershining.com.au/design/saved-designs/screenshots/2022/08/1661245261693.jpg",
    "title": "Laser Etched Black Granite Plaque"
  },
  {
    "id": "1593598820091",
    "img": "https://www.forevershining.com.au/design/saved-designs/screenshots/1593598820091.jpg",
    "title": "Laser Etched Black Granite Plaque"
  },
  {
    "id": "1585504954859",
    "img": "https://www.forevershining.com.au/design/saved-designs/screenshots/1585504954859.jpg",
    "title": "Laser Etched Black Granite Plaque"
  },
  {
    "id": "1578456515125",
    "img": "https://www.forevershining.com.au/design/saved-designs/screenshots/1578456515125.jpg",
    "title": "Laser Etched Black Granite Plaque"
  }
]