[
  {
    "id": "1716392396258",
    "img": "https://www.forevershining.com.au/design/saved-designs/screenshots/2024/05/1716392396258.jpg",
    "title": "Traditional Engraved Granite Plaque"
  },
  {
    "id": "1709083379543",
    "img": "https://www.forevershining.com.au/design/saved-designs/screenshots/2024/02/1709083379543.jpg",
    "title": "Traditional Engraved Granite Plaque"
  },
  {
    "id": "1708924068315",
    "img": "https://www.forevershining.com.au/design/saved-designs/screenshots/2024/02/1708924068315.jpg",
    "title": "Traditional Engraved Granite Plaque"
  },
  {
    "id": "1706847003460",
    "img": "https://www.forevershining.com.au/design/saved-designs/screenshots/2024/02/1706847003460.jpg",
    "title": "Traditional Engraved Granite Plaque"
  },
  {
    "id": "1706587400463",
    "img": "https://www.forevershining.com.au/design/saved-designs/screenshots/2024/01/1706587400463.jpg",
    "title": "Traditional Engraved Granite Plaque"
  },
  {
    "id": "1706310284799",
    "img": "https://www.forevershining.com.au/design/saved-designs/screenshots/2024/01/1706310284799.jpg",
    "title": "Traditional Engraved Granite Plaque"
  },
  {
    "id": "1692567203203",
    "img": "https://www.forevershining.com.au/design/saved-designs/screenshots/2023/08/1692567203203.jpg",
    "title": "Traditional Engraved Granite Plaque"
  },
  {
    "id": "1692566666343",
    "img": "https://www.forevershining.com.au/design/saved-designs/screenshots/2023/08/1692566666343.jpg",
    "title": "Traditional Engraved Granite Plaque"
  },
  {
    "id": "1680162999990",
    "img": "https://www.forevershining.com.au/design/saved-designs/screenshots/2023/03/1680162999990.jpg",
    "title": "Traditional Engraved Granite Plaque"
  },
  {
    "id": "1678786938432",
    "img": "https://www.forevershining.com.au/design/saved-designs/screenshots/2023/03/1678786938432.jpg",
    "title": "Traditional Engraved Granite Plaque"
  },
  {
    "id": "1673341065741",
    "img": "https://www.forevershining.com.au/design/saved-designs/screenshots/2023/01/1673341065741.jpg",
    "title": "Traditional Engraved Granite Plaque"
  },
  {
    "id": "1661832023312",
    "img": "https://www.forevershining.com.au/design/saved-designs/screenshots/2022/08/1661832023312.jpg",
    "title": "Traditional Engraved Granite Plaque"
  },
  {
    "id": "1661246108905",
    "img": "https://www.forevershining.com.au/design/saved-designs/screenshots/2022/08/1661246108905.jpg",
    "title": "Traditional Engraved Granite Plaque"
  }
]