[
  {
    "id": "1694379922697",
    "img": "https://www.forevershining.com.au/design/saved-designs/screenshots/2023/09/1694379922697.jpg",
    "title": "Traditional Engraved Granite Plaque"
  },
  {
    "id": "1692653515114",
    "img": "https://www.forevershining.com.au/design/saved-designs/screenshots/2023/08/1692653515114.jpg",
    "title": "Traditional Engraved Granite Plaque"
  },
  {
    "id": "1662080712997",
    "img": "https://www.forevershining.com.au/design/saved-designs/screenshots/2022/09/1662080712997.jpg",
    "title": "Traditional Engraved Granite Plaque"
  },
  {
    "id": "1625304718067",
    "img": "https://www.forevershining.com.au/design/saved-designs/screenshots/2021/07/1625304718067.jpg",
    "title": "Traditional Engraved Granite Plaque"
  },
  {
    "id": "1625299534928",
    "img": "https://www.forevershining.com.au/design/saved-designs/screenshots/2021/07/1625299534928.jpg",
    "title": "Traditional Engraved Granite Plaque"
  },
  {
    "id": "1625288753713",
    "img": "https://www.forevershining.com.au/design/saved-designs/screenshots/2021/07/1625288753713.jpg",
    "title": "Traditional Engraved Granite Plaque"
  },
  {
    "id": "1621236044311",
    "img": "https://www.forevershining.com.au/design/saved-designs/screenshots/2021/05/1621236044311.jpg",
    "title": "Traditional Engraved Granite Plaque"
  },
  {
    "id": "1607514904755",
    "img": "https://www.forevershining.com.au/design/saved-designs/screenshots/2020/12/1607514904755.jpg",
    "title": "Traditional Engraved Granite Plaque"
  },
  {
    "id": "1604316367091",
    "img": "https://www.forevershining.com.au/design/saved-designs/screenshots/2020/11/1604316367091.jpg",
    "title": "Traditional Engraved Granite Plaque"
  },
  {
    "id": "1607514402694",
    "img": "https://www.forevershining.com.au/design/saved-designs/screenshots/1607514402694.jpg",
    "title": "Traditional Engraved Granite Plaque"
  }
]