[
  {
    "id": "1712469020847",
    "img": "https://www.forevershining.com.au/design/saved-designs/screenshots/2024/04/1712469020847.jpg",
    "title": "Bronze Plaque"
  },
  {
    "id": "1712468561915",
    "img": "https://www.forevershining.com.au/design/saved-designs/screenshots/2024/04/1712468561915.jpg",
    "title": "Bronze Plaque"
  },
  {
    "id": "1710656504535",
    "img": "https://www.forevershining.com.au/design/saved-designs/screenshots/2024/03/1710656504535.jpg",
    "title": "Bronze Plaque"
  },
  {
    "id": "1710656460511",
    "img": "https://www.forevershining.com.au/design/saved-designs/screenshots/2024/03/1710656460511.jpg",
    "title": "Bronze Plaque"
  },
  {
    "id": "1710656413749",
    "img": "https://www.forevershining.com.au/design/saved-designs/screenshots/2024/03/1710656413749.jpg",
    "title": "Bronze Plaque"
  },
  {
    "id": "1710656079692",
    "img": "https://www.forevershining.com.au/design/saved-designs/screenshots/2024/03/1710656079692.jpg",
    "title": "Bronze Plaque"
  },
  {
    "id": "1709816662998",
    "img": "https://www.forevershining.com.au/design/saved-designs/screenshots/2024/03/1709816662998.jpg",
    "title": "Bronze Plaque"
  },
  {
    "id": "1709193320013",
    "img": "https://www.forevershining.com.au/design/saved-designs/screenshots/2024/03/1709193320013.jpg",
    "title": "Bronze Plaque"
  },
  {
    "id": "1709191342119",
    "img": "https://www.forevershining.com.au/design/saved-designs/screenshots/2024/02/1709191342119.jpg",
    "title": "Bronze Plaque"
  },
  {
    "id": "1709174130249",
    "img": "https://www.forevershining.com.au/design/saved-designs/screenshots/2024/02/1709174130249.jpg",
    "title": "Bronze Plaque"
  },
  {
    "id": "1709172351328",
    "img": "https://www.forevershining.com.au/design/saved-designs/screenshots/2024/02/1709172351328.jpg",
    "title": "Bronze Plaque"
  },
  {
    "id": "1677887497726",
    "img": "https://www.forevershining.com.au/design/saved-designs/screenshots/2023/03/1677887497726.jpg",
    "title": "Bronze Plaque"
  },
  {
    "id": "1671616248657",
    "img": "https://www.forevershining.com.au/design/saved-designs/screenshots/2022/12/1671616248657.jpg",
    "title": "Bronze Plaque"
  },
  {
    "id": "1669012146180",
    "img": "https://www.forevershining.com.au/design/saved-designs/screenshots/2022/11/1669012146180.jpg",
    "title": "Bronze Plaque"
  },
  {
    "id": "1669009199329",
    "img": "https://www.forevershining.com.au/design/saved-designs/screenshots/2022/11/1669009199329.jpg",
    "title": "Bronze Plaque"
  },
  {
    "id": "1669008066149",
    "img": "https://www.forevershining.com.au/design/saved-designs/screenshots/2022/11/1669008066149.jpg",
    "title": "Bronze Plaque"
  },
  {
    "id": "1669004792166",
    "img": "https://www.forevershining.com.au/design/saved-designs/screenshots/2022/11/1669004792166.jpg",
    "title": "Bronze Plaque"
  },
  {
    "id": "1669004444519",
    "img": "https://www.forevershining.com.au/design/saved-designs/screenshots/2022/11/1669004444519.jpg",
    "title": "Bronze Plaque"
  },
  {
    "id": "1669000529155",
    "img": "https://www.forevershining.com.au/design/saved-designs/screenshots/2022/11/1669000529155.jpg",
    "title": "Bronze Plaque"
  },
  {
    "id": "1668986470776",
    "img": "https://www.forevershining.com.au/design/saved-designs/screenshots/2022/11/1668986470776.jpg",
    "title": "Bronze Plaque"
  },
  {
    "id": "1668986148862",
    "img": "https://www.forevershining.com.au/design/saved-designs/screenshots/2022/11/1668986148862.jpg",
    "title": "Bronze Plaque"
  },
  {
    "id": "1668740975851",
    "img": "https://www.forevershining.com.au/design/saved-designs/screenshots/2022/11/1668740975851.jpg",
    "title": "Bronze Plaque"
  },
  {
    "id": "1668738883486",
    "img": "https://www.forevershining.com.au/design/saved-designs/screenshots/2022/11/1668738883486.jpg",
    "title": "Bronze Plaque"
  },
  {
    "id": "1668549669726",
    "img": "https://www.forevershining.com.au/design/saved-designs/screenshots/2022/11/1668549669726.jpg",
    "title": "Bronze Plaque"
  },
  {
    "id": "1668507679828",
    "img": "https://www.forevershining.com.au/design/saved-designs/screenshots/2022/11/1668507679828.jpg",
    "title": "Bronze Plaque"
  },
  {
    "id": "1667790195910",
    "img": "https://www.forevershining.com.au/design/saved-designs/screenshots/2022/11/1667790195910.jpg",
    "title": "Bronze Plaque"
  },
  {
    "id": "1667785349078",
    "img": "https://www.forevershining.com.au/design/saved-designs/screenshots/2022/11/1667785349078.jpg",
    "title": "Bronze Plaque"
  },
  {
    "id": "1667781916065",
    "img": "https://www.forevershining.com.au/design/saved-designs/screenshots/2022/11/1667781916065.jpg",
    "title": "Bronze Plaque"
  },
  {
    "id": "1667779813175",
    "img": "https://www.forevershining.com.au/design/saved-designs/screenshots/2022/11/1667779813175.jpg",
    "title": "Bronze Plaque"
  },
  {
    "id": "1667730587385",
    "img": "https://www.forevershining.com.au/design/saved-designs/screenshots/2022/11/1667730587385.jpg",
    "title": "Bronze Plaque"
  },
  {
    "id": "1666840855535",
    "img": "https://www.forevershining.com.au/design/saved-designs/screenshots/2022/10/1666840855535.jpg",
    "title": "Bronze Plaque"
  },
  {
    "id": "1663489711726",
    "img": "https://www.forevershining.com.au/design/saved-designs/screenshots/2022/09/1663489711726.jpg",
    "title": "Bronze Plaque"
  },
  {
    "id": "1663489608723",
    "img": "https://www.forevershining.com.au/design/saved-designs/screenshots/2022/09/1663489608723.jpg",
    "title": "Bronze Plaque"
  },
  {
    "id": "1663489521158",
    "img": "https://www.forevershining.com.au/design/saved-designs/screenshots/2022/09/1663489521158.jpg",
    "title": "Bronze Plaque"
  },
  {
    "id": "1663489260754",
    "img": "https://www.forevershining.com.au/design/saved-designs/screenshots/2022/09/1663489260754.jpg",
    "title": "Bronze Plaque"
  },
  {
    "id": "1663488220325",
    "img": "https://www.forevershining.com.au/design/saved-designs/screenshots/2022/09/1663488220325.jpg",
    "title": "Bronze Plaque"
  },
  {
    "id": "1663488022267",
    "img": "https://www.forevershining.com.au/design/saved-designs/screenshots/2022/09/1663488022267.jpg",
    "title": "Bronze Plaque"
  },
  {
    "id": "1662178457590",
    "img": "https://www.forevershining.com.au/design/saved-designs/screenshots/2022/09/1662178457590.jpg",
    "title": "Bronze Plaque"
  },
  {
    "id": "1662175113369",
    "img": "https://www.forevershining.com.au/design/saved-designs/screenshots/2022/09/1662175113369.jpg",
    "title": "Bronze Plaque"
  },
  {
    "id": "1646368498546",
    "img": "https://www.forevershining.com.au/design/saved-designs/screenshots/2022/03/1646368498546.jpg",
    "title": "Bronze Plaque"
  },
  {
    "id": "1646192159221",
    "img": "https://www.forevershining.com.au/design/saved-designs/screenshots/2022/03/1646192159221.jpg",
    "title": "Bronze Plaque"
  },
  {
    "id": "1642175624680",
    "img": "https://www.forevershining.com.au/design/saved-designs/screenshots/2022/01/1642175624680.jpg",
    "title": "Bronze Plaque"
  },
  {
    "id": "1639392955306",
    "img": "https://www.forevershining.com.au/design/saved-designs/screenshots/2021/12/1639392955306.jpg",
    "title": "Bronze Plaque"
  },
  {
    "id": "1638751326202",
    "img": "https://www.forevershining.com.au/design/saved-designs/screenshots/2021/12/1638751326202.jpg",
    "title": "Bronze Plaque"
  },
  {
    "id": "1617232618901",
    "img": "https://www.forevershining.com.au/design/saved-designs/screenshots/2021/03/1617232618901.jpg",
    "title": "Bronze Plaque"
  },
  {
    "id": "1617173814214",
    "img": "https://www.forevershining.com.au/design/saved-designs/screenshots/2021/03/1617173814214.jpg",
    "title": "Bronze Plaque"
  },
  {
    "id": "1617173644653",
    "img": "https://www.forevershining.com.au/design/saved-designs/screenshots/2021/03/1617173644653.jpg",
    "title": "Bronze Plaque"
  },
  {
    "id": "1617173575746",
    "img": "https://www.forevershining.com.au/design/saved-designs/screenshots/2021/03/1617173575746.jpg",
    "title": "Bronze Plaque"
  },
  {
    "id": "1610595144664",
    "img": "https://www.forevershining.com.au/design/saved-designs/screenshots/2021/01/1610595144664.jpg",
    "title": "Bronze Plaque"
  },
  {
    "id": "1610594833099",
    "img": "https://www.forevershining.com.au/design/saved-designs/screenshots/2021/01/1610594833099.jpg",
    "title": "Bronze Plaque"
  },
  {
    "id": "1610594734986",
    "img": "https://www.forevershining.com.au/design/saved-designs/screenshots/2021/01/1610594734986.jpg",
    "title": "Bronze Plaque"
  },
  {
    "id": "1610593848089",
    "img": "https://www.forevershining.com.au/design/saved-designs/screenshots/2021/01/1610593848089.jpg",
    "title": "Bronze Plaque"
  },
  {
    "id": "1610594421011",
    "img": "https://www.forevershining.com.au/design/saved-designs/screenshots/2021/01/1610594421011.jpg",
    "title": "Bronze Plaque"
  },
  {
    "id": "1610593503624",
    "img": "https://www.forevershining.com.au/design/saved-designs/screenshots/2021/01/1610593503624.jpg",
    "title": "Bronze Plaque"
  },
  {
    "id": "1610510256737",
    "img": "https://www.forevershining.com.au/design/saved-designs/screenshots/2021/01/1610510256737.jpg",
    "title": "Bronze Plaque"
  },
  {
    "id": "1610502136104",
    "img": "https://www.forevershining.com.au/design/saved-designs/screenshots/2021/01/1610502136104.jpg",
    "title": "Bronze Plaque"
  },
  {
    "id": "1609296887148",
    "img": "https://www.forevershining.com.au/design/saved-designs/screenshots/2020/12/1609296887148.jpg",
    "title": "Bronze Plaque"
  },
  {
    "id": "1607901061582",
    "img": "https://www.forevershining.com.au/design/saved-designs/screenshots/2020/12/1607901061582.jpg",
    "title": "Bronze Plaque"
  },
  {
    "id": "1602377982942",
    "img": "https://www.forevershining.com.au/design/saved-designs/screenshots/1602377982942.jpg",
    "title": "Bronze Plaque"
  },
  {
    "id": "1602282463422",
    "img": "https://www.forevershining.com.au/design/saved-designs/screenshots/2020/10/1602282463422.jpg",
    "title": "Bronze Plaque"
  },
  {
    "id": "1602214761731",
    "img": "https://www.forevershining.com.au/design/saved-designs/screenshots/2020/10/1602214761731.jpg",
    "title": "Bronze Plaque"
  },
  {
    "id": "1602215268341",
    "img": "https://www.forevershining.com.au/design/saved-designs/screenshots/2020/10/1602215268341.jpg",
    "title": "Bronze Plaque"
  },
  {
    "id": "1599186757486",
    "img": "https://www.forevershining.com.au/design/saved-designs/screenshots/2020/09/1599186757486.jpg",
    "title": "Bronze Plaque"
  },
  {
    "id": "1598767219800",
    "img": "https://www.forevershining.com.au/design/saved-designs/screenshots/2020/08/1598767219800.jpg",
    "title": "Bronze Plaque"
  },
  {
    "id": "1598743241151",
    "img": "https://www.forevershining.com.au/design/saved-designs/screenshots/2020/08/1598743241151.jpg",
    "title": "Bronze Plaque"
  },
  {
    "id": "1596851476322",
    "img": "https://www.forevershining.com.au/design/saved-designs/screenshots/2020/08/1596851476322.jpg",
    "title": "Bronze Plaque"
  },
  {
    "id": "1591431835526",
    "img": "https://www.forevershining.com.au/design/saved-designs/screenshots/1591431835526.jpg",
    "title": "Bronze Plaque"
  },
  {
    "id": "1591425447546",
    "img": "https://www.forevershining.com.au/design/saved-designs/screenshots/1591425447546.jpg",
    "title": "Bronze Plaque"
  },
  {
    "id": "1591422969632",
    "img": "https://www.forevershining.com.au/design/saved-designs/screenshots/1591422969632.jpg",
    "title": "Bronze Plaque"
  },
  {
    "id": "1591341838837",
    "img": "https://www.forevershining.com.au/design/saved-designs/screenshots/1591341838837.jpg",
    "title": "Bronze Plaque"
  },
  {
    "id": "1591066353761",
    "img": "https://www.forevershining.com.au/design/saved-designs/screenshots/1591066353761.jpg",
    "title": "Bronze Plaque"
  },
  {
    "id": "1714972223605",
    "img": "https://www.forevershining.com.au/design/saved-designs/screenshots/2024/05/1714972223605.jpg",
    "title": "Bronze Plaque"
  },
  {
    "id": "1602473524402",
    "img": "https://www.forevershining.com.au/design/saved-designs/screenshots/1602473524402.jpg",
    "title": "Bronze Plaque"
  },
  {
    "id": "1602377282740",
    "img": "https://www.forevershining.com.au/design/saved-designs/screenshots/1602377282740.jpg",
    "title": "Bronze Plaque"
  }
]