[
  {
    "id": "1717493190180",
    "img": "https://www.forevershining.com.au/design/saved-designs/screenshots/2024/06/1717493190180.jpg",
    "title": "Laser Etched Black Granite Plaque"
  },
  {
    "id": "1712071490776",
    "img": "https://www.forevershining.com.au/design/saved-designs/screenshots/2024/04/1712071490776.jpg",
    "title": "Laser Etched Black Granite Plaque"
  },
  {
    "id": "1705726929679",
    "img": "https://www.forevershining.com.au/design/saved-designs/screenshots/2024/01/1705726929679.jpg",
    "title": "Laser Etched Black Granite Plaque"
  },
  {
    "id": "1700443756748",
    "img": "https://www.forevershining.com.au/design/saved-designs/screenshots/2023/11/1700443756748.jpg",
    "title": "Laser Etched Black Granite Plaque"
  },
  {
    "id": "1699405785220",
    "img": "https://www.forevershining.com.au/design/saved-designs/screenshots/2023/11/1699405785220.jpg",
    "title": "Laser Etched Black Granite Plaque"
  },
  {
    "id": "1696743463020",
    "img": "https://www.forevershining.com.au/design/saved-designs/screenshots/2023/10/1696743463020.jpg",
    "title": "Laser Etched Black Granite Plaque"
  },
  {
    "id": "1692939660200",
    "img": "https://www.forevershining.com.au/design/saved-designs/screenshots/2023/08/1692939660200.jpg",
    "title": "Laser Etched Black Granite Plaque"
  },
  {
    "id": "1692884117248",
    "img": "https://www.forevershining.com.au/design/saved-designs/screenshots/2023/08/1692884117248.jpg",
    "title": "Laser Etched Black Granite Plaque"
  },
  {
    "id": "1692882910998",
    "img": "https://www.forevershining.com.au/design/saved-designs/screenshots/2023/08/1692882910998.jpg",
    "title": "Laser Etched Black Granite Plaque"
  },
  {
    "id": "1684741269123",
    "img": "https://www.forevershining.com.au/design/saved-designs/screenshots/2023/05/1684741269123.jpg",
    "title": "Laser Etched Black Granite Plaque"
  },
  {
    "id": "1684734593698",
    "img": "https://www.forevershining.com.au/design/saved-designs/screenshots/2023/05/1684734593698.jpg",
    "title": "Laser Etched Black Granite Plaque"
  },
  {
    "id": "1684729128492",
    "img": "https://www.forevershining.com.au/design/saved-designs/screenshots/2023/05/1684729128492.jpg",
    "title": "Laser Etched Black Granite Plaque"
  },
  {
    "id": "1674614559796",
    "img": "https://www.forevershining.com.au/design/saved-designs/screenshots/2023/01/1674614559796.jpg",
    "title": "Laser Etched Black Granite Plaque"
  },
  {
    "id": "1674611702098",
    "img": "https://www.forevershining.com.au/design/saved-designs/screenshots/2023/01/1674611702098.jpg",
    "title": "Laser Etched Black Granite Plaque"
  },
  {
    "id": "1674228745772",
    "img": "https://www.forevershining.com.au/design/saved-designs/screenshots/2023/01/1674228745772.jpg",
    "title": "Laser Etched Black Granite Plaque"
  },
  {
    "id": "1673771903114",
    "img": "https://www.forevershining.com.au/design/saved-designs/screenshots/2023/01/1673771903114.jpg",
    "title": "Laser Etched Black Granite Plaque"
  },
  {
    "id": "1671480470651",
    "img": "https://www.forevershining.com.au/design/saved-designs/screenshots/2022/12/1671480470651.jpg",
    "title": "Laser Etched Black Granite Plaque"
  },
  {
    "id": "1671480194377",
    "img": "https://www.forevershining.com.au/design/saved-designs/screenshots/2022/12/1671480194377.jpg",
    "title": "Laser Etched Black Granite Plaque"
  },
  {
    "id": "1671470944923",
    "img": "https://www.forevershining.com.au/design/saved-designs/screenshots/2022/12/1671470944923.jpg",
    "title": "Laser Etched Black Granite Plaque"
  },
  {
    "id": "1671462330932",
    "img": "https://www.forevershining.com.au/design/saved-designs/screenshots/2022/12/1671462330932.jpg",
    "title": "Laser Etched Black Granite Plaque"
  },
  {
    "id": "1665559919594",
    "img": "https://www.forevershining.com.au/design/saved-designs/screenshots/2022/10/1665559919594.jpg",
    "title": "Laser Etched Black Granite Plaque"
  },
  {
    "id": "1662542333653",
    "img": "https://www.forevershining.com.au/design/saved-designs/screenshots/2022/09/1662542333653.jpg",
    "title": "Laser Etched Black Granite Plaque"
  },
  {
    "id": "1662540317243",
    "img": "https://www.forevershining.com.au/design/saved-designs/screenshots/2022/09/1662540317243.jpg",
    "title": "Laser Etched Black Granite Plaque"
  },
  {
    "id": "1660842893314",
    "img": "https://www.forevershining.com.au/design/saved-designs/screenshots/2022/08/1660842893314.jpg",
    "title": "Laser Etched Black Granite Plaque"
  },
  {
    "id": "1659167579219",
    "img": "https://www.forevershining.com.au/design/saved-designs/screenshots/2022/07/1659167579219.jpg",
    "title": "Laser Etched Black Granite Plaque"
  },
  {
    "id": "1657178907203",
    "img": "https://www.forevershining.com.au/design/saved-designs/screenshots/2022/07/1657178907203.jpg",
    "title": "Laser Etched Black Granite Plaque"
  },
  {
    "id": "1652686357081",
    "img": "https://www.forevershining.com.au/design/saved-designs/screenshots/2022/05/1652686357081.jpg",
    "title": "Laser Etched Black Granite Plaque"
  },
  {
    "id": "1647331617616",
    "img": "https://www.forevershining.com.au/design/saved-designs/screenshots/2022/03/1647331617616.jpg",
    "title": "Laser Etched Black Granite Plaque"
  },
  {
    "id": "1643700398029",
    "img": "https://www.forevershining.com.au/design/saved-designs/screenshots/2022/02/1643700398029.jpg",
    "title": "Laser Etched Black Granite Plaque"
  },
  {
    "id": "1627609996987",
    "img": "https://www.forevershining.com.au/design/saved-designs/screenshots/2021/07/1627609996987.jpg",
    "title": "Laser Etched Black Granite Plaque"
  },
  {
    "id": "1625660383961",
    "img": "https://www.forevershining.com.au/design/saved-designs/screenshots/2021/07/1625660383961.jpg",
    "title": "Laser Etched Black Granite Plaque"
  },
  {
    "id": "1625659482521",
    "img": "https://www.forevershining.com.au/design/saved-designs/screenshots/2021/07/1625659482521.jpg",
    "title": "Laser Etched Black Granite Plaque"
  },
  {
    "id": "1620626715022",
    "img": "https://www.forevershining.com.au/design/saved-designs/screenshots/2021/05/1620626715022.jpg",
    "title": "Laser Etched Black Granite Plaque"
  },
  {
    "id": "1616961924569",
    "img": "https://www.forevershining.com.au/design/saved-designs/screenshots/2021/03/1616961924569.jpg",
    "title": "Laser Etched Black Granite Plaque"
  },
  {
    "id": "1616923322841",
    "img": "https://www.forevershining.com.au/design/saved-designs/screenshots/2021/03/1616923322841.jpg",
    "title": "Laser Etched Black Granite Plaque"
  },
  {
    "id": "1612228950126",
    "img": "https://www.forevershining.com.au/design/saved-designs/screenshots/2021/02/1612228950126.jpg",
    "title": "Laser Etched Black Granite Plaque"
  },
  {
    "id": "1611852060592",
    "img": "https://www.forevershining.com.au/design/saved-designs/screenshots/2021/01/1611852060592.jpg",
    "title": "Laser Etched Black Granite Plaque"
  },
  {
    "id": "1611803760057",
    "img": "https://www.forevershining.com.au/design/saved-designs/screenshots/2021/01/1611803760057.jpg",
    "title": "Laser Etched Black Granite Plaque"
  },
  {
    "id": "1611802514626",
    "img": "https://www.forevershining.com.au/design/saved-designs/screenshots/2021/01/1611802514626.jpg",
    "title": "Laser Etched Black Granite Plaque"
  },
  {
    "id": "1603951938658",
    "img": "https://www.forevershining.com.au/design/saved-designs/screenshots/2020/10/1603951938658.jpg",
    "title": "Laser Etched Black Granite Plaque"
  },
  {
    "id": "1602824649505",
    "img": "https://www.forevershining.com.au/design/saved-designs/screenshots/2020/10/1602824649505.jpg",
    "title": "Laser Etched Black Granite Plaque"
  },
  {
    "id": "1602049712001",
    "img": "https://www.forevershining.com.au/design/saved-designs/screenshots/2020/10/1602049712001.jpg",
    "title": "Laser Etched Black Granite Plaque"
  },
  {
    "id": "1602035406437",
    "img": "https://www.forevershining.com.au/design/saved-designs/screenshots/2020/10/1602035406437.jpg",
    "title": "Laser Etched Black Granite Plaque"
  },
  {
    "id": "1601364837693",
    "img": "https://www.forevershining.com.au/design/saved-designs/screenshots/2020/09/1601364837693.jpg",
    "title": "Laser Etched Black Granite Plaque"
  },
  {
    "id": "1601254306327",
    "img": "https://www.forevershining.com.au/design/saved-designs/screenshots/2020/09/1601254306327.jpg",
    "title": "Laser Etched Black Granite Plaque"
  },
  {
    "id": "1597735426007",
    "img": "https://www.forevershining.com.au/design/saved-designs/screenshots/2020/08/1597735426007.jpg",
    "title": "Laser Etched Black Granite Plaque"
  },
  {
    "id": "1597734926673",
    "img": "https://www.forevershining.com.au/design/saved-designs/screenshots/2020/08/1597734926673.jpg",
    "title": "Laser Etched Black Granite Plaque"
  },
  {
    "id": "1597734190820",
    "img": "https://www.forevershining.com.au/design/saved-designs/screenshots/2020/08/1597734190820.jpg",
    "title": "Laser Etched Black Granite Plaque"
  },
  {
    "id": "1597342299794",
    "img": "https://www.forevershining.com.au/design/saved-designs/screenshots/2020/08/1597342299794.jpg",
    "title": "Laser Etched Black Granite Plaque"
  },
  {
    "id": "1591834046481",
    "img": "https://www.forevershining.com.au/design/saved-designs/screenshots/1591834046481.jpg",
    "title": "Laser Etched Black Granite Plaque"
  },
  {
    "id": "1583641060068",
    "img": "https://www.forevershining.com.au/design/saved-designs/screenshots/1583641060068.jpg",
    "title": "Laser Etched Black Granite Plaque"
  },
  {
    "id": "1661049398645",
    "img": "https://www.forevershining.com.au/design/saved-designs/screenshots/2022/08/1661049398645.jpg",
    "title": "Laser Etched Black Granite Plaque"
  },
  {
    "id": "1661049160183",
    "img": "https://www.forevershining.com.au/design/saved-designs/screenshots/2022/08/1661049160183.jpg",
    "title": "Laser Etched Black Granite Plaque"
  }
]