[
  {
    "id": "1701668581571",
    "img": "https://www.forevershining.com.au/design/saved-designs/screenshots/2023/12/1701668581571.jpg",
    "title": "Traditional Engraved Granite Plaque"
  },
  {
    "id": "1701664535763",
    "img": "https://www.forevershining.com.au/design/saved-designs/screenshots/2023/12/1701664535763.jpg",
    "title": "Traditional Engraved Granite Plaque"
  },
  {
    "id": "1693735069032",
    "img": "https://www.forevershining.com.au/design/saved-designs/screenshots/2023/09/1693735069032.jpg",
    "title": "Traditional Engraved Granite Plaque"
  },
  {
    "id": "1693734162480",
    "img": "https://www.forevershining.com.au/design/saved-designs/screenshots/2023/09/1693734162480.jpg",
    "title": "Traditional Engraved Granite Plaque"
  }
]