[
  {
    "id": "1624588117640",
    "img": "https://www.forevershining.com.au/design/saved-designs/screenshots/2021/06/1624588117640.jpg",
    "title": "Traditional Engraved Granite Plaque"
  },
  {
    "id": "1624539028899",
    "img": "https://www.forevershining.com.au/design/saved-designs/screenshots/2021/06/1624539028899.jpg",
    "title": "Traditional Engraved Granite Plaque"
  },
  {
    "id": "1624505621999",
    "img": "https://www.forevershining.com.au/design/saved-designs/screenshots/2021/06/1624505621999.jpg",
    "title": "Traditional Engraved Granite Plaque"
  },
  {
    "id": "1622701633706",
    "img": "https://www.forevershining.com.au/design/saved-designs/screenshots/2021/06/1622701633706.jpg",
    "title": "Traditional Engraved Granite Plaque"
  }
]