[
  {
    "id": "1716991433715",
    "img": "https://www.forevershining.com.au/design/saved-designs/screenshots/2024/05/1716991433715.jpg",
    "title": "Full Color Plaque"
  },
  {
    "id": "1716988787578",
    "img": "https://www.forevershining.com.au/design/saved-designs/screenshots/2024/05/1716988787578.jpg",
    "title": "Full Color Plaque"
  },
  {
    "id": "1716988092423",
    "img": "https://www.forevershining.com.au/design/saved-designs/screenshots/2024/05/1716988092423.jpg",
    "title": "Full Color Plaque"
  },
  {
    "id": "1716987538304",
    "img": "https://www.forevershining.com.au/design/saved-designs/screenshots/2024/05/1716987538304.jpg",
    "title": "Full Color Plaque"
  },
  {
    "id": "1711403168582",
    "img": "https://www.forevershining.com.au/design/saved-designs/screenshots/2024/03/1711403168582.jpg",
    "title": "Full Color Plaque"
  },
  {
    "id": "1711402451642",
    "img": "https://www.forevershining.com.au/design/saved-designs/screenshots/2024/03/1711402451642.jpg",
    "title": "Full Color Plaque"
  },
  {
    "id": "1710826729840",
    "img": "https://www.forevershining.com.au/design/saved-designs/screenshots/2024/03/1710826729840.jpg",
    "title": "Full Color Plaque"
  },
  {
    "id": "1710824139796",
    "img": "https://www.forevershining.com.au/design/saved-designs/screenshots/2024/03/1710824139796.jpg",
    "title": "Full Color Plaque"
  },
  {
    "id": "1710819218246",
    "img": "https://www.forevershining.com.au/design/saved-designs/screenshots/2024/03/1710819218246.jpg",
    "title": "Full Color Plaque"
  },
  {
    "id": "1710040688085",
    "img": "https://www.forevershining.com.au/design/saved-designs/screenshots/2024/03/1710040688085.jpg",
    "title": "Full Color Plaque"
  },
  {
    "id": "1710040589508",
    "img": "https://www.forevershining.com.au/design/saved-designs/screenshots/2024/03/1710040589508.jpg",
    "title": "Full Color Plaque"
  },
  {
    "id": "1710036819353",
    "img": "https://www.forevershining.com.au/design/saved-designs/screenshots/2024/03/1710036819353.jpg",
    "title": "Full Color Plaque"
  },
  {
    "id": "1709521508902",
    "img": "https://www.forevershining.com.au/design/saved-designs/screenshots/2024/03/1709521508902.jpg",
    "title": "Full Color Plaque"
  },
  {
    "id": "1709517732019",
    "img": "https://www.forevershining.com.au/design/saved-designs/screenshots/2024/03/1709517732019.jpg",
    "title": "Full Color Plaque"
  },
  {
    "id": "1697601883694",
    "img": "https://www.forevershining.com.au/design/saved-designs/screenshots/2023/10/1697601883694.jpg",
    "title": "Full Color Plaque"
  },
  {
    "id": "1695176918855",
    "img": "https://www.forevershining.com.au/design/saved-designs/screenshots/2023/09/1695176918855.jpg",
    "title": "Full Color Plaque"
  },
  {
    "id": "1691372857950",
    "img": "https://www.forevershining.com.au/design/saved-designs/screenshots/2023/08/1691372857950.jpg",
    "title": "Full Color Plaque"
  },
  {
    "id": "1690182545552",
    "img": "https://www.forevershining.com.au/design/saved-designs/screenshots/2023/07/1690182545552.jpg",
    "title": "Full Color Plaque"
  },
  {
    "id": "1715656853399",
    "img": "https://www.forevershining.com.au/design/saved-designs/screenshots/2024/05/1715656853399.jpg",
    "title": "Full Color Plaque"
  },
  {
    "id": "1688243764093",
    "img": "https://www.forevershining.com.au/design/saved-designs/screenshots/2023/07/1688243764093.jpg",
    "title": "Full Color Plaque"
  },
  {
    "id": "1683185659121",
    "img": "https://www.forevershining.com.au/design/saved-designs/screenshots/2023/05/1683185659121.jpg",
    "title": "Full Color Plaque"
  },
  {
    "id": "1682504703729",
    "img": "https://www.forevershining.com.au/design/saved-designs/screenshots/2023/04/1682504703729.jpg",
    "title": "Full Color Plaque"
  },
  {
    "id": "1680004942780",
    "img": "https://www.forevershining.com.au/design/saved-designs/screenshots/2023/03/1680004942780.jpg",
    "title": "Full Color Plaque"
  },
  {
    "id": "1677599295546",
    "img": "https://www.forevershining.com.au/design/saved-designs/screenshots/2023/02/1677599295546.jpg",
    "title": "Full Color Plaque"
  },
  {
    "id": "1676290584017",
    "img": "https://www.forevershining.com.au/design/saved-designs/screenshots/2023/02/1676290584017.jpg",
    "title": "Full Color Plaque"
  },
  {
    "id": "1674712240787",
    "img": "https://www.forevershining.com.au/design/saved-designs/screenshots/2023/01/1674712240787.jpg",
    "title": "Full Color Plaque"
  },
  {
    "id": "1672240025632",
    "img": "https://www.forevershining.com.au/design/saved-designs/screenshots/2022/12/1672240025632.jpg",
    "title": "Full Color Plaque"
  },
  {
    "id": "1671468481381",
    "img": "https://www.forevershining.com.au/design/saved-designs/screenshots/2022/12/1671468481381.jpg",
    "title": "Full Color Plaque"
  },
  {
    "id": "1668688553085",
    "img": "https://www.forevershining.com.au/design/saved-designs/screenshots/2022/11/1668688553085.jpg",
    "title": "Full Color Plaque"
  },
  {
    "id": "1662388900245",
    "img": "https://www.forevershining.com.au/design/saved-designs/screenshots/2022/09/1662388900245.jpg",
    "title": "Full Color Plaque"
  },
  {
    "id": "1661476218318",
    "img": "https://www.forevershining.com.au/design/saved-designs/screenshots/2022/08/1661476218318.jpg",
    "title": "Full Color Plaque"
  },
  {
    "id": "1661475560716",
    "img": "https://www.forevershining.com.au/design/saved-designs/screenshots/2022/08/1661475560716.jpg",
    "title": "Full Color Plaque"
  },
  {
    "id": "1658459990590",
    "img": "https://www.forevershining.com.au/design/saved-designs/screenshots/2022/07/1658459990590.jpg",
    "title": "Full Color Plaque"
  },
  {
    "id": "1656992160525",
    "img": "https://www.forevershining.com.au/design/saved-designs/screenshots/2022/07/1656992160525.jpg",
    "title": "Full Color Plaque"
  },
  {
    "id": "1656990874553",
    "img": "https://www.forevershining.com.au/design/saved-designs/screenshots/2022/07/1656990874553.jpg",
    "title": "Full Color Plaque"
  },
  {
    "id": "1656989572970",
    "img": "https://www.forevershining.com.au/design/saved-designs/screenshots/2022/07/1656989572970.jpg",
    "title": "Full Color Plaque"
  },
  {
    "id": "1656321919245",
    "img": "https://www.forevershining.com.au/design/saved-designs/screenshots/2022/06/1656321919245.jpg",
    "title": "Full Color Plaque"
  },
  {
    "id": "1641011832399",
    "img": "https://www.forevershining.com.au/design/saved-designs/screenshots/2022/01/1641011832399.jpg",
    "title": "Full Color Plaque"
  },
  {
    "id": "1627340405701",
    "img": "https://www.forevershining.com.au/design/saved-designs/screenshots/2021/07/1627340405701.jpg",
    "title": "Full Color Plaque"
  }
]