[
  {
    "id": "1662682588858",
    "img": "https://www.forevershining.com.au/design/saved-designs/screenshots/2022/09/1662682588858.jpg",
    "title": "Laser Etched Black Granite Plaque"
  },
  {
    "id": "1662680295940",
    "img": "https://www.forevershining.com.au/design/saved-designs/screenshots/2022/09/1662680295940.jpg",
    "title": "Laser Etched Black Granite Plaque"
  },
  {
    "id": "1603982736158",
    "img": "https://www.forevershining.com.au/design/saved-designs/screenshots/2020/10/1603982736158.jpg",
    "title": "Laser Etched Black Granite Plaque"
  },
  {
    "id": "1603981412786",
    "img": "https://www.forevershining.com.au/design/saved-designs/screenshots/2020/10/1603981412786.jpg",
    "title": "Laser Etched Black Granite Plaque"
  },
  {
    "id": "1603979475234",
    "img": "https://www.forevershining.com.au/design/saved-designs/screenshots/2020/10/1603979475234.jpg",
    "title": "Laser Etched Black Granite Plaque"
  },
  {
    "id": "1602452123806",
    "img": "https://www.forevershining.com.au/design/saved-designs/screenshots/2020/10/1602452123806.jpg",
    "title": "Laser Etched Black Granite Plaque"
  },
  {
    "id": "1603283567573",
    "img": "https://www.forevershining.com.au/design/saved-designs/screenshots/2020/10/1603283567573.jpg",
    "title": "Laser Etched Black Granite Plaque"
  },
  {
    "id": "1603282131826",
    "img": "https://www.forevershining.com.au/design/saved-designs/screenshots/2020/10/1603282131826.jpg",
    "title": "Laser Etched Black Granite Plaque"
  },
  {
    "id": "1603280582753",
    "img": "https://www.forevershining.com.au/design/saved-designs/screenshots/2020/10/1603280582753.jpg",
    "title": "Laser Etched Black Granite Plaque"
  },
  {
    "id": "1603280859194",
    "img": "https://www.forevershining.com.au/design/saved-designs/screenshots/2020/10/1603280859194.jpg",
    "title": "Laser Etched Black Granite Plaque"
  },
  {
    "id": "1603066650984",
    "img": "https://www.forevershining.com.au/design/saved-designs/screenshots/2020/10/1603066650984.jpg",
    "title": "Laser Etched Black Granite Plaque"
  },
  {
    "id": "1597715957961",
    "img": "https://www.forevershining.com.au/design/saved-designs/screenshots/2020/08/1597715957961.jpg",
    "title": "Laser Etched Black Granite Plaque"
  }
]