[
  {
    "id": "1718811212158",
    "img": "https://www.forevershining.com.au/design/saved-designs/screenshots/2024/06/1718811212158.jpg",
    "title": "Traditional Engraved Granite Plaque"
  },
  {
    "id": "1716033844014",
    "img": "https://www.forevershining.com.au/design/saved-designs/screenshots/2024/05/1716033844014.jpg",
    "title": "Traditional Engraved Granite Plaque"
  },
  {
    "id": "1713791665288",
    "img": "https://www.forevershining.com.au/design/saved-designs/screenshots/2024/04/1713791665288.jpg",
    "title": "Traditional Engraved Granite Plaque"
  },
  {
    "id": "1710813736139",
    "img": "https://www.forevershining.com.au/design/saved-designs/screenshots/2024/03/1710813736139.jpg",
    "title": "Traditional Engraved Granite Plaque"
  },
  {
    "id": "1709696969629",
    "img": "https://www.forevershining.com.au/design/saved-designs/screenshots/2024/03/1709696969629.jpg",
    "title": "Traditional Engraved Granite Plaque"
  },
  {
    "id": "1709696301049",
    "img": "https://www.forevershining.com.au/design/saved-designs/screenshots/2024/03/1709696301049.jpg",
    "title": "Traditional Engraved Granite Plaque"
  },
  {
    "id": "1709684036039",
    "img": "https://www.forevershining.com.au/design/saved-designs/screenshots/2024/03/1709684036039.jpg",
    "title": "Traditional Engraved Granite Plaque"
  },
  {
    "id": "1709683905382",
    "img": "https://www.forevershining.com.au/design/saved-designs/screenshots/2024/03/1709683905382.jpg",
    "title": "Traditional Engraved Granite Plaque"
  },
  {
    "id": "1709683239044",
    "img": "https://www.forevershining.com.au/design/saved-designs/screenshots/2024/03/1709683239044.jpg",
    "title": "Traditional Engraved Granite Plaque"
  },
  {
    "id": "1709682219624",
    "img": "https://www.forevershining.com.au/design/saved-designs/screenshots/2024/03/1709682219624.jpg",
    "title": "Traditional Engraved Granite Plaque"
  },
  {
    "id": "1709680297058",
    "img": "https://www.forevershining.com.au/design/saved-designs/screenshots/2024/03/1709680297058.jpg",
    "title": "Traditional Engraved Granite Plaque"
  },
  {
    "id": "1709635454417",
    "img": "https://www.forevershining.com.au/design/saved-designs/screenshots/2024/03/1709635454417.jpg",
    "title": "Traditional Engraved Granite Plaque"
  },
  {
    "id": "1709635038020",
    "img": "https://www.forevershining.com.au/design/saved-designs/screenshots/2024/03/1709635038020.jpg",
    "title": "Traditional Engraved Granite Plaque"
  },
  {
    "id": "1709631774408",
    "img": "https://www.forevershining.com.au/design/saved-designs/screenshots/2024/03/1709631774408.jpg",
    "title": "Traditional Engraved Granite Plaque"
  },
  {
    "id": "1709629083240",
    "img": "https://www.forevershining.com.au/design/saved-designs/screenshots/2024/03/1709629083240.jpg",
    "title": "Traditional Engraved Granite Plaque"
  },
  {
    "id": "1709082962289",
    "img": "https://www.forevershining.com.au/design/saved-designs/screenshots/2024/02/1709082962289.jpg",
    "title": "Traditional Engraved Granite Plaque"
  },
  {
    "id": "1707878174046",
    "img": "https://www.forevershining.com.au/design/saved-designs/screenshots/2024/02/1707878174046.jpg",
    "title": "Traditional Engraved Granite Plaque"
  },
  {
    "id": "1705473825378",
    "img": "https://www.forevershining.com.au/design/saved-designs/screenshots/2024/01/1705473825378.jpg",
    "title": "Traditional Engraved Granite Plaque"
  },
  {
    "id": "1705461953580",
    "img": "https://www.forevershining.com.au/design/saved-designs/screenshots/2024/01/1705461953580.jpg",
    "title": "Traditional Engraved Granite Plaque"
  },
  {
    "id": "1705455243849",
    "img": "https://www.forevershining.com.au/design/saved-designs/screenshots/2024/01/1705455243849.jpg",
    "title": "Traditional Engraved Granite Plaque"
  },
  {
    "id": "1704336296308",
    "img": "https://www.forevershining.com.au/design/saved-designs/screenshots/2024/01/1704336296308.jpg",
    "title": "Traditional Engraved Granite Plaque"
  },
  {
    "id": "1701688158446",
    "img": "https://www.forevershining.com.au/design/saved-designs/screenshots/2023/12/1701688158446.jpg",
    "title": "Traditional Engraved Granite Plaque"
  },
  {
    "id": "1701430236089",
    "img": "https://www.forevershining.com.au/design/saved-designs/screenshots/2023/12/1701430236089.jpg",
    "title": "Traditional Engraved Granite Plaque"
  },
  {
    "id": "1701421144270",
    "img": "https://www.forevershining.com.au/design/saved-designs/screenshots/2023/12/1701421144270.jpg",
    "title": "Traditional Engraved Granite Plaque"
  },
  {
    "id": "1699591141341",
    "img": "https://www.forevershining.com.au/design/saved-designs/screenshots/2023/11/1699591141341.jpg",
    "title": "Traditional Engraved Granite Plaque"
  },
  {
    "id": "1697607097470",
    "img": "https://www.forevershining.com.au/design/saved-designs/screenshots/2023/10/1697607097470.jpg",
    "title": "Traditional Engraved Granite Plaque"
  },
  {
    "id": "1693115116783",
    "img": "https://www.forevershining.com.au/design/saved-designs/screenshots/2023/08/1693115116783.jpg",
    "title": "Traditional Engraved Granite Plaque"
  },
  {
    "id": "1691978648458",
    "img": "https://www.forevershining.com.au/design/saved-designs/screenshots/2023/08/1691978648458.jpg",
    "title": "Traditional Engraved Granite Plaque"
  },
  {
    "id": "1690510614684",
    "img": "https://www.forevershining.com.au/design/saved-designs/screenshots/2023/07/1690510614684.jpg",
    "title": "Traditional Engraved Granite Plaque"
  },
  {
    "id": "1690462173223",
    "img": "https://www.forevershining.com.au/design/saved-designs/screenshots/2023/07/1690462173223.jpg",
    "title": "Traditional Engraved Granite Plaque"
  },
  {
    "id": "1715971263861",
    "img": "https://www.forevershining.com.au/design/saved-designs/screenshots/2024/05/1715971263861.jpg",
    "title": "Traditional Engraved Granite Plaque"
  },
  {
    "id": "1715956700910",
    "img": "https://www.forevershining.com.au/design/saved-designs/screenshots/2024/05/1715956700910.jpg",
    "title": "Traditional Engraved Granite Plaque"
  },
  {
    "id": "1715154966051",
    "img": "https://www.forevershining.com.au/design/saved-designs/screenshots/2024/05/1715154966051.jpg",
    "title": "Traditional Engraved Granite Plaque"
  },
  {
    "id": "1683165192113",
    "img": "https://www.forevershining.com.au/design/saved-designs/screenshots/2023/05/1683165192113.jpg",
    "title": "Traditional Engraved Granite Plaque"
  },
  {
    "id": "1683165077228",
    "img": "https://www.forevershining.com.au/design/saved-designs/screenshots/2023/05/1683165077228.jpg",
    "title": "Traditional Engraved Granite Plaque"
  },
  {
    "id": "1682328450811",
    "img": "https://www.forevershining.com.au/design/saved-designs/screenshots/2023/04/1682328450811.jpg",
    "title": "Traditional Engraved Granite Plaque"
  },
  {
    "id": "1681804265826",
    "img": "https://www.forevershining.com.au/design/saved-designs/screenshots/2023/04/1681804265826.jpg",
    "title": "Traditional Engraved Granite Plaque"
  },
  {
    "id": "1679655768999",
    "img": "https://www.forevershining.com.au/design/saved-designs/screenshots/2023/03/1679655768999.jpg",
    "title": "Traditional Engraved Granite Plaque"
  },
  {
    "id": "1679562557299",
    "img": "https://www.forevershining.com.au/design/saved-designs/screenshots/2023/03/1679562557299.jpg",
    "title": "Traditional Engraved Granite Plaque"
  },
  {
    "id": "1679560476054",
    "img": "https://www.forevershining.com.au/design/saved-designs/screenshots/2023/03/1679560476054.jpg",
    "title": "Traditional Engraved Granite Plaque"
  },
  {
    "id": "1679560074932",
    "img": "https://www.forevershining.com.au/design/saved-designs/screenshots/2023/03/1679560074932.jpg",
    "title": "Traditional Engraved Granite Plaque"
  },
  {
    "id": "1678436635292",
    "img": "https://www.forevershining.com.au/design/saved-designs/screenshots/2023/03/1678436635292.jpg",
    "title": "Traditional Engraved Granite Plaque"
  },
  {
    "id": "1678430614981",
    "img": "https://www.forevershining.com.au/design/saved-designs/screenshots/2023/03/1678430614981.jpg",
    "title": "Traditional Engraved Granite Plaque"
  },
  {
    "id": "1678430556316",
    "img": "https://www.forevershining.com.au/design/saved-designs/screenshots/2023/03/1678430556316.jpg",
    "title": "Traditional Engraved Granite Plaque"
  },
  {
    "id": "1678429747111",
    "img": "https://www.forevershining.com.au/design/saved-designs/screenshots/2023/03/1678429747111.jpg",
    "title": "Traditional Engraved Granite Plaque"
  },
  {
    "id": "1678429102365",
    "img": "https://www.forevershining.com.au/design/saved-designs/screenshots/2023/03/1678429102365.jpg",
    "title": "Traditional Engraved Granite Plaque"
  },
  {
    "id": "1674947077398",
    "img": "https://www.forevershining.com.au/design/saved-designs/screenshots/2023/01/1674947077398.jpg",
    "title": "Traditional Engraved Granite Plaque"
  },
  {
    "id": "1674120189957",
    "img": "https://www.forevershining.com.au/design/saved-designs/screenshots/2023/01/1674120189957.jpg",
    "title": "Traditional Engraved Granite Plaque"
  },
  {
    "id": "1674003130143",
    "img": "https://www.forevershining.com.au/design/saved-designs/screenshots/2023/01/1674003130143.jpg",
    "title": "Traditional Engraved Granite Plaque"
  },
  {
    "id": "1673150938929",
    "img": "https://www.forevershining.com.au/design/saved-designs/screenshots/2023/01/1673150938929.jpg",
    "title": "Traditional Engraved Granite Plaque"
  },
  {
    "id": "1671442255195",
    "img": "https://www.forevershining.com.au/design/saved-designs/screenshots/2022/12/1671442255195.jpg",
    "title": "Traditional Engraved Granite Plaque"
  },
  {
    "id": "1671319669855",
    "img": "https://www.forevershining.com.au/design/saved-designs/screenshots/2022/12/1671319669855.jpg",
    "title": "Traditional Engraved Granite Plaque"
  },
  {
    "id": "1671319561998",
    "img": "https://www.forevershining.com.au/design/saved-designs/screenshots/2022/12/1671319561998.jpg",
    "title": "Traditional Engraved Granite Plaque"
  },
  {
    "id": "1671249935724",
    "img": "https://www.forevershining.com.au/design/saved-designs/screenshots/2022/12/1671249935724.jpg",
    "title": "Traditional Engraved Granite Plaque"
  },
  {
    "id": "1671248560788",
    "img": "https://www.forevershining.com.au/design/saved-designs/screenshots/2022/12/1671248560788.jpg",
    "title": "Traditional Engraved Granite Plaque"
  },
  {
    "id": "1671243299788",
    "img": "https://www.forevershining.com.au/design/saved-designs/screenshots/2022/12/1671243299788.jpg",
    "title": "Traditional Engraved Granite Plaque"
  },
  {
    "id": "1671239851149",
    "img": "https://www.forevershining.com.au/design/saved-designs/screenshots/2022/12/1671239851149.jpg",
    "title": "Traditional Engraved Granite Plaque"
  },
  {
    "id": "1668157613784",
    "img": "https://www.forevershining.com.au/design/saved-designs/screenshots/2022/11/1668157613784.jpg",
    "title": "Traditional Engraved Granite Plaque"
  },
  {
    "id": "1668157517085",
    "img": "https://www.forevershining.com.au/design/saved-designs/screenshots/2022/11/1668157517085.jpg",
    "title": "Traditional Engraved Granite Plaque"
  },
  {
    "id": "1668157308729",
    "img": "https://www.forevershining.com.au/design/saved-designs/screenshots/2022/11/1668157308729.jpg",
    "title": "Traditional Engraved Granite Plaque"
  },
  {
    "id": "1668157206021",
    "img": "https://www.forevershining.com.au/design/saved-designs/screenshots/2022/11/1668157206021.jpg",
    "title": "Traditional Engraved Granite Plaque"
  },
  {
    "id": "1666340984523",
    "img": "https://www.forevershining.com.au/design/saved-designs/screenshots/2022/10/1666340984523.jpg",
    "title": "Traditional Engraved Granite Plaque"
  },
  {
    "id": "1666211205654",
    "img": "https://www.forevershining.com.au/design/saved-designs/screenshots/2022/10/1666211205654.jpg",
    "title": "Traditional Engraved Granite Plaque"
  },
  {
    "id": "1666210392686",
    "img": "https://www.forevershining.com.au/design/saved-designs/screenshots/2022/10/1666210392686.jpg",
    "title": "Traditional Engraved Granite Plaque"
  },
  {
    "id": "1665629464320",
    "img": "https://www.forevershining.com.au/design/saved-designs/screenshots/2022/10/1665629464320.jpg",
    "title": "Traditional Engraved Granite Plaque"
  },
  {
    "id": "1662399511484",
    "img": "https://www.forevershining.com.au/design/saved-designs/screenshots/2022/09/1662399511484.jpg",
    "title": "Traditional Engraved Granite Plaque"
  },
  {
    "id": "1662397603438",
    "img": "https://www.forevershining.com.au/design/saved-designs/screenshots/2022/09/1662397603438.jpg",
    "title": "Traditional Engraved Granite Plaque"
  },
  {
    "id": "1662348861004",
    "img": "https://www.forevershining.com.au/design/saved-designs/screenshots/2022/09/1662348861004.jpg",
    "title": "Traditional Engraved Granite Plaque"
  },
  {
    "id": "1655437729832",
    "img": "https://www.forevershining.com.au/design/saved-designs/screenshots/2022/06/1655437729832.jpg",
    "title": "Traditional Engraved Granite Plaque"
  },
  {
    "id": "1655342627082",
    "img": "https://www.forevershining.com.au/design/saved-designs/screenshots/2022/06/1655342627082.jpg",
    "title": "Traditional Engraved Granite Plaque"
  },
  {
    "id": "1653873819844",
    "img": "https://www.forevershining.com.au/design/saved-designs/screenshots/2022/05/1653873819844.jpg",
    "title": "Traditional Engraved Granite Plaque"
  },
  {
    "id": "1648700939528",
    "img": "https://www.forevershining.com.au/design/saved-designs/screenshots/2022/03/1648700939528.jpg",
    "title": "Traditional Engraved Granite Plaque"
  },
  {
    "id": "1647312247801",
    "img": "https://www.forevershining.com.au/design/saved-designs/screenshots/2022/03/1647312247801.jpg",
    "title": "Traditional Engraved Granite Plaque"
  },
  {
    "id": "1647311727158",
    "img": "https://www.forevershining.com.au/design/saved-designs/screenshots/2022/03/1647311727158.jpg",
    "title": "Traditional Engraved Granite Plaque"
  },
  {
    "id": "1647311404090",
    "img": "https://www.forevershining.com.au/design/saved-designs/screenshots/2022/03/1647311404090.jpg",
    "title": "Traditional Engraved Granite Plaque"
  },
  {
    "id": "1647307142637",
    "img": "https://www.forevershining.com.au/design/saved-designs/screenshots/2022/03/1647307142637.jpg",
    "title": "Traditional Engraved Granite Plaque"
  },
  {
    "id": "1647287831514",
    "img": "https://www.forevershining.com.au/design/saved-designs/screenshots/2022/03/1647287831514.jpg",
    "title": "Traditional Engraved Granite Plaque"
  },
  {
    "id": "1638153963067",
    "img": "https://www.forevershining.com.au/design/saved-designs/screenshots/2021/11/1638153963067.jpg",
    "title": "Traditional Engraved Granite Plaque"
  },
  {
    "id": "1636687540984",
    "img": "https://www.forevershining.com.au/design/saved-designs/screenshots/2021/11/1636687540984.jpg",
    "title": "Traditional Engraved Granite Plaque"
  },
  {
    "id": "1627956567034",
    "img": "https://www.forevershining.com.au/design/saved-designs/screenshots/2021/08/1627956567034.jpg",
    "title": "Traditional Engraved Granite Plaque"
  },
  {
    "id": "1627955843049",
    "img": "https://www.forevershining.com.au/design/saved-designs/screenshots/2021/08/1627955843049.jpg",
    "title": "Traditional Engraved Granite Plaque"
  },
  {
    "id": "1627947375115",
    "img": "https://www.forevershining.com.au/design/saved-designs/screenshots/2021/08/1627947375115.jpg",
    "title": "Traditional Engraved Granite Plaque"
  },
  {
    "id": "1624856113431",
    "img": "https://www.forevershining.com.au/design/saved-designs/screenshots/2021/06/1624856113431.jpg",
    "title": "Traditional Engraved Granite Plaque"
  },
  {
    "id": "1624775167412",
    "img": "https://www.forevershining.com.au/design/saved-designs/screenshots/2021/06/1624775167412.jpg",
    "title": "Traditional Engraved Granite Plaque"
  },
  {
    "id": "1623215695967",
    "img": "https://www.forevershining.com.au/design/saved-designs/screenshots/2021/06/1623215695967.jpg",
    "title": "Traditional Engraved Granite Plaque"
  },
  {
    "id": "1623215649236",
    "img": "https://www.forevershining.com.au/design/saved-designs/screenshots/2021/06/1623215649236.jpg",
    "title": "Traditional Engraved Granite Plaque"
  },
  {
    "id": "1623215322836",
    "img": "https://www.forevershining.com.au/design/saved-designs/screenshots/2021/06/1623215322836.jpg",
    "title": "Traditional Engraved Granite Plaque"
  },
  {
    "id": "1623129609490",
    "img": "https://www.forevershining.com.au/design/saved-designs/screenshots/2021/06/1623129609490.jpg",
    "title": "Traditional Engraved Granite Plaque"
  },
  {
    "id": "1623119739126",
    "img": "https://www.forevershining.com.au/design/saved-designs/screenshots/2021/06/1623119739126.jpg",
    "title": "Traditional Engraved Granite Plaque"
  },
  {
    "id": "1623110956421",
    "img": "https://www.forevershining.com.au/design/saved-designs/screenshots/2021/06/1623110956421.jpg",
    "title": "Traditional Engraved Granite Plaque"
  },
  {
    "id": "1623065748277",
    "img": "https://www.forevershining.com.au/design/saved-designs/screenshots/2021/06/1623065748277.jpg",
    "title": "Traditional Engraved Granite Plaque"
  },
  {
    "id": "1622810946421",
    "img": "https://www.forevershining.com.au/design/saved-designs/screenshots/2021/06/1622810946421.jpg",
    "title": "Traditional Engraved Granite Plaque"
  },
  {
    "id": "1621398197698",
    "img": "https://www.forevershining.com.au/design/saved-designs/screenshots/2021/05/1621398197698.jpg",
    "title": "Traditional Engraved Granite Plaque"
  },
  {
    "id": "1621397319493",
    "img": "https://www.forevershining.com.au/design/saved-designs/screenshots/2021/05/1621397319493.jpg",
    "title": "Traditional Engraved Granite Plaque"
  },
  {
    "id": "1618951785069",
    "img": "https://www.forevershining.com.au/design/saved-designs/screenshots/2021/04/1618951785069.jpg",
    "title": "Traditional Engraved Granite Plaque"
  },
  {
    "id": "1618878093756",
    "img": "https://www.forevershining.com.au/design/saved-designs/screenshots/2021/04/1618878093756.jpg",
    "title": "Traditional Engraved Granite Plaque"
  },
  {
    "id": "1616923987311",
    "img": "https://www.forevershining.com.au/design/saved-designs/screenshots/2021/03/1616923987311.jpg",
    "title": "Traditional Engraved Granite Plaque"
  },
  {
    "id": "1616859074454",
    "img": "https://www.forevershining.com.au/design/saved-designs/screenshots/2021/03/1616859074454.jpg",
    "title": "Traditional Engraved Granite Plaque"
  },
  {
    "id": "1616858959698",
    "img": "https://www.forevershining.com.au/design/saved-designs/screenshots/2021/03/1616858959698.jpg",
    "title": "Traditional Engraved Granite Plaque"
  },
  {
    "id": "1616853926249",
    "img": "https://www.forevershining.com.au/design/saved-designs/screenshots/2021/03/1616853926249.jpg",
    "title": "Traditional Engraved Granite Plaque"
  },
  {
    "id": "1616853040540",
    "img": "https://www.forevershining.com.au/design/saved-designs/screenshots/2021/03/1616853040540.jpg",
    "title": "Traditional Engraved Granite Plaque"
  },
  {
    "id": "1616022758097",
    "img": "https://www.forevershining.com.au/design/saved-designs/screenshots/2021/03/1616022758097.jpg",
    "title": "Traditional Engraved Granite Plaque"
  },
  {
    "id": "1616021478588",
    "img": "https://www.forevershining.com.au/design/saved-designs/screenshots/2021/03/1616021478588.jpg",
    "title": "Traditional Engraved Granite Plaque"
  },
  {
    "id": "1615748332413",
    "img": "https://www.forevershining.com.au/design/saved-designs/screenshots/2021/03/1615748332413.jpg",
    "title": "Traditional Engraved Granite Plaque"
  },
  {
    "id": "1615549582620",
    "img": "https://www.forevershining.com.au/design/saved-designs/screenshots/2021/03/1615549582620.jpg",
    "title": "Traditional Engraved Granite Plaque"
  },
  {
    "id": "1605211965189",
    "img": "https://www.forevershining.com.au/design/saved-designs/screenshots/2020/11/1605211965189.jpg",
    "title": "Traditional Engraved Granite Plaque"
  },
  {
    "id": "1605211502770",
    "img": "https://www.forevershining.com.au/design/saved-designs/screenshots/2020/11/1605211502770.jpg",
    "title": "Traditional Engraved Granite Plaque"
  },
  {
    "id": "1603765112609",
    "img": "https://www.forevershining.com.au/design/saved-designs/screenshots/2020/10/1603765112609.jpg",
    "title": "Traditional Engraved Granite Plaque"
  },
  {
    "id": "1601001287051",
    "img": "https://www.forevershining.com.au/design/saved-designs/screenshots/2020/09/1601001287051.jpg",
    "title": "Traditional Engraved Granite Plaque"
  },
  {
    "id": "1597891242981",
    "img": "https://www.forevershining.com.au/design/saved-designs/screenshots/2020/08/1597891242981.jpg",
    "title": "Traditional Engraved Granite Plaque"
  },
  {
    "id": "1595555115109",
    "img": "https://www.forevershining.com.au/design/saved-designs/screenshots/2020/07/1595555115109.jpg",
    "title": "Traditional Engraved Granite Plaque"
  },
  {
    "id": "1595556164209",
    "img": "https://www.forevershining.com.au/design/saved-designs/screenshots/2020/07/1595556164209.jpg",
    "title": "Traditional Engraved Granite Plaque"
  },
  {
    "id": "1588975655132",
    "img": "https://www.forevershining.com.au/design/saved-designs/screenshots/1588975655132.jpg",
    "title": "Traditional Engraved Granite Plaque"
  },
  {
    "id": "1588210497522",
    "img": "https://www.forevershining.com.au/design/saved-designs/screenshots/1588210497522.jpg",
    "title": "Traditional Engraved Granite Plaque"
  },
  {
    "id": "1588146123051",
    "img": "https://www.forevershining.com.au/design/saved-designs/screenshots/1588146123051.jpg",
    "title": "Traditional Engraved Granite Plaque"
  },
  {
    "id": "1588142009780",
    "img": "https://www.forevershining.com.au/design/saved-designs/screenshots/1588142009780.jpg",
    "title": "Traditional Engraved Granite Plaque"
  },
  {
    "id": "1587533217697",
    "img": "https://www.forevershining.com.au/design/saved-designs/screenshots/1587533217697.jpg",
    "title": "Traditional Engraved Granite Plaque"
  },
  {
    "id": "1587511451747",
    "img": "https://www.forevershining.com.au/design/saved-designs/screenshots/1587511451747.jpg",
    "title": "Traditional Engraved Granite Plaque"
  },
  {
    "id": "1587094593354",
    "img": "https://www.forevershining.com.au/design/saved-designs/screenshots/1587094593354.jpg",
    "title": "Traditional Engraved Granite Plaque"
  },
  {
    "id": "1586628019443",
    "img": "https://www.forevershining.com.au/design/saved-designs/screenshots/1586628019443.jpg",
    "title": "Traditional Engraved Granite Plaque"
  },
  {
    "id": "1586618297174",
    "img": "https://www.forevershining.com.au/design/saved-designs/screenshots/1586618297174.jpg",
    "title": "Traditional Engraved Granite Plaque"
  },
  {
    "id": "1580609577422",
    "img": "https://www.forevershining.com.au/design/saved-designs/screenshots/1580609577422.jpg",
    "title": "Traditional Engraved Granite Plaque"
  },
  {
    "id": "1714880270315",
    "img": "https://www.forevershining.com.au/design/saved-designs/screenshots/2024/05/1714880270315.jpg",
    "title": "Traditional Engraved Granite Plaque"
  },
  {
    "id": "1714215640869",
    "img": "https://www.forevershining.com.au/design/saved-designs/screenshots/2024/04/1714215640869.jpg",
    "title": "Traditional Engraved Granite Plaque"
  },
  {
    "id": "1629545537477",
    "img": "https://www.forevershining.com.au/design/saved-designs/screenshots/2021/08/1629545537477.jpg",
    "title": "Traditional Engraved Granite Plaque"
  }
]