[
  {
    "id": "1712057714760",
    "img": "https://www.forevershining.com.au/design/saved-designs/screenshots/2024/04/1712057714760.jpg",
    "title": "Stainless Steel Plaque"
  },
  {
    "id": "1709986851037",
    "img": "https://www.forevershining.com.au/design/saved-designs/screenshots/2024/03/1709986851037.jpg",
    "title": "Stainless Steel Plaque"
  },
  {
    "id": "1709986329203",
    "img": "https://www.forevershining.com.au/design/saved-designs/screenshots/2024/03/1709986329203.jpg",
    "title": "Stainless Steel Plaque"
  },
  {
    "id": "1709986289896",
    "img": "https://www.forevershining.com.au/design/saved-designs/screenshots/2024/03/1709986289896.jpg",
    "title": "Stainless Steel Plaque"
  },
  {
    "id": "1699350235747",
    "img": "https://www.forevershining.com.au/design/saved-designs/screenshots/2023/11/1699350235747.jpg",
    "title": "Stainless Steel Plaque"
  },
  {
    "id": "1696744004954",
    "img": "https://www.forevershining.com.au/design/saved-designs/screenshots/2023/10/1696744004954.jpg",
    "title": "Stainless Steel Plaque"
  },
  {
    "id": "1695353619471",
    "img": "https://www.forevershining.com.au/design/saved-designs/screenshots/2023/09/1695353619471.jpg",
    "title": "Stainless Steel Plaque"
  },
  {
    "id": "1695350559867",
    "img": "https://www.forevershining.com.au/design/saved-designs/screenshots/2023/09/1695350559867.jpg",
    "title": "Stainless Steel Plaque"
  },
  {
    "id": "1693897185715",
    "img": "https://www.forevershining.com.au/design/saved-designs/screenshots/2023/09/1693897185715.jpg",
    "title": "Stainless Steel Plaque"
  },
  {
    "id": "1692939689910",
    "img": "https://www.forevershining.com.au/design/saved-designs/screenshots/2023/08/1692939689910.jpg",
    "title": "Stainless Steel Plaque"
  },
  {
    "id": "1675947970053",
    "img": "https://www.forevershining.com.au/design/saved-designs/screenshots/2023/02/1675947970053.jpg",
    "title": "Stainless Steel Plaque"
  },
  {
    "id": "1674608239795",
    "img": "https://www.forevershining.com.au/design/saved-designs/screenshots/2023/01/1674608239795.jpg",
    "title": "Stainless Steel Plaque"
  },
  {
    "id": "1670833669952",
    "img": "https://www.forevershining.com.au/design/saved-designs/screenshots/2022/12/1670833669952.jpg",
    "title": "Stainless Steel Plaque"
  },
  {
    "id": "1666586650003",
    "img": "https://www.forevershining.com.au/design/saved-designs/screenshots/2022/10/1666586650003.jpg",
    "title": "Stainless Steel Plaque"
  },
  {
    "id": "1666236837845",
    "img": "https://www.forevershining.com.au/design/saved-designs/screenshots/2022/10/1666236837845.jpg",
    "title": "Stainless Steel Plaque"
  },
  {
    "id": "1665373522322",
    "img": "https://www.forevershining.com.au/design/saved-designs/screenshots/2022/10/1665373522322.jpg",
    "title": "Stainless Steel Plaque"
  },
  {
    "id": "1665372721902",
    "img": "https://www.forevershining.com.au/design/saved-designs/screenshots/2022/10/1665372721902.jpg",
    "title": "Stainless Steel Plaque"
  },
  {
    "id": "1663146247216",
    "img": "https://www.forevershining.com.au/design/saved-designs/screenshots/2022/09/1663146247216.jpg",
    "title": "Stainless Steel Plaque"
  },
  {
    "id": "1662863313638",
    "img": "https://www.forevershining.com.au/design/saved-designs/screenshots/2022/09/1662863313638.jpg",
    "title": "Stainless Steel Plaque"
  },
  {
    "id": "1655795295570",
    "img": "https://www.forevershining.com.au/design/saved-designs/screenshots/2022/06/1655795295570.jpg",
    "title": "Stainless Steel Plaque"
  },
  {
    "id": "1652753447150",
    "img": "https://www.forevershining.com.au/design/saved-designs/screenshots/2022/05/1652753447150.jpg",
    "title": "Stainless Steel Plaque"
  },
  {
    "id": "1643767306526",
    "img": "https://www.forevershining.com.au/design/saved-designs/screenshots/2022/02/1643767306526.jpg",
    "title": "Stainless Steel Plaque"
  },
  {
    "id": "1643595266333",
    "img": "https://www.forevershining.com.au/design/saved-designs/screenshots/2022/01/1643595266333.jpg",
    "title": "Stainless Steel Plaque"
  }
]