[
  {
    "id": "1697683734011",
    "img": "https://www.forevershining.com.au/design/saved-designs/screenshots/2023/10/1697683734011.jpg",
    "title": "Laser Etched Black Granite Plaque"
  },
  {
    "id": "1697682046281",
    "img": "https://www.forevershining.com.au/design/saved-designs/screenshots/2023/10/1697682046281.jpg",
    "title": "Laser Etched Black Granite Plaque"
  },
  {
    "id": "1696232967359",
    "img": "https://www.forevershining.com.au/design/saved-designs/screenshots/2023/10/1696232967359.jpg",
    "title": "Laser Etched Black Granite Plaque"
  },
  {
    "id": "1692689460694",
    "img": "https://www.forevershining.com.au/design/saved-designs/screenshots/2023/08/1692689460694.jpg",
    "title": "Laser Etched Black Granite Plaque"
  },
  {
    "id": "1692691236944",
    "img": "https://www.forevershining.com.au/design/saved-designs/screenshots/2023/08/1692691236944.jpg",
    "title": "Laser Etched Black Granite Plaque"
  },
  {
    "id": "1692690638288",
    "img": "https://www.forevershining.com.au/design/saved-designs/screenshots/2023/08/1692690638288.jpg",
    "title": "Laser Etched Black Granite Plaque"
  },
  {
    "id": "1692616666709",
    "img": "https://www.forevershining.com.au/design/saved-designs/screenshots/2023/08/1692616666709.jpg",
    "title": "Laser Etched Black Granite Plaque"
  },
  {
    "id": "1692614983958",
    "img": "https://www.forevershining.com.au/design/saved-designs/screenshots/2023/08/1692614983958.jpg",
    "title": "Laser Etched Black Granite Plaque"
  },
  {
    "id": "1692603199654",
    "img": "https://www.forevershining.com.au/design/saved-designs/screenshots/2023/08/1692603199654.jpg",
    "title": "Laser Etched Black Granite Plaque"
  },
  {
    "id": "1687332801031",
    "img": "https://www.forevershining.com.au/design/saved-designs/screenshots/2023/06/1687332801031.jpg",
    "title": "Laser Etched Black Granite Plaque"
  },
  {
    "id": "1686277056692",
    "img": "https://www.forevershining.com.au/design/saved-designs/screenshots/2023/06/1686277056692.jpg",
    "title": "Laser Etched Black Granite Plaque"
  },
  {
    "id": "1686276794626",
    "img": "https://www.forevershining.com.au/design/saved-designs/screenshots/2023/06/1686276794626.jpg",
    "title": "Laser Etched Black Granite Plaque"
  },
  {
    "id": "1686276653789",
    "img": "https://www.forevershining.com.au/design/saved-designs/screenshots/2023/06/1686276653789.jpg",
    "title": "Laser Etched Black Granite Plaque"
  },
  {
    "id": "1686191981821",
    "img": "https://www.forevershining.com.au/design/saved-designs/screenshots/2023/06/1686191981821.jpg",
    "title": "Laser Etched Black Granite Plaque"
  },
  {
    "id": "1686177383844",
    "img": "https://www.forevershining.com.au/design/saved-designs/screenshots/2023/06/1686177383844.jpg",
    "title": "Laser Etched Black Granite Plaque"
  },
  {
    "id": "1686173552868",
    "img": "https://www.forevershining.com.au/design/saved-designs/screenshots/2023/06/1686173552868.jpg",
    "title": "Laser Etched Black Granite Plaque"
  },
  {
    "id": "1677646771990",
    "img": "https://www.forevershining.com.au/design/saved-designs/screenshots/2023/03/1677646771990.jpg",
    "title": "Laser Etched Black Granite Plaque"
  },
  {
    "id": "1669987194487",
    "img": "https://www.forevershining.com.au/design/saved-designs/screenshots/2022/12/1669987194487.jpg",
    "title": "Laser Etched Black Granite Plaque"
  },
  {
    "id": "1667837662747",
    "img": "https://www.forevershining.com.au/design/saved-designs/screenshots/2022/11/1667837662747.jpg",
    "title": "Laser Etched Black Granite Plaque"
  },
  {
    "id": "1655703927624",
    "img": "https://www.forevershining.com.au/design/saved-designs/screenshots/2022/06/1655703927624.jpg",
    "title": "Laser Etched Black Granite Plaque"
  },
  {
    "id": "1655601838666",
    "img": "https://www.forevershining.com.au/design/saved-designs/screenshots/2022/06/1655601838666.jpg",
    "title": "Laser Etched Black Granite Plaque"
  },
  {
    "id": "1655601032656",
    "img": "https://www.forevershining.com.au/design/saved-designs/screenshots/2022/06/1655601032656.jpg",
    "title": "Laser Etched Black Granite Plaque"
  },
  {
    "id": "1624959455765",
    "img": "https://www.forevershining.com.au/design/saved-designs/screenshots/2021/06/1624959455765.jpg",
    "title": "Laser Etched Black Granite Plaque"
  },
  {
    "id": "1624956439846",
    "img": "https://www.forevershining.com.au/design/saved-designs/screenshots/2021/06/1624956439846.jpg",
    "title": "Laser Etched Black Granite Plaque"
  },
  {
    "id": "1624957576652",
    "img": "https://www.forevershining.com.au/design/saved-designs/screenshots/2021/06/1624957576652.jpg",
    "title": "Laser Etched Black Granite Plaque"
  },
  {
    "id": "1624944586855",
    "img": "https://www.forevershining.com.au/design/saved-designs/screenshots/2021/06/1624944586855.jpg",
    "title": "Laser Etched Black Granite Plaque"
  },
  {
    "id": "1604322429612",
    "img": "https://www.forevershining.com.au/design/saved-designs/screenshots/2020/11/1604322429612.jpg",
    "title": "Laser Etched Black Granite Plaque"
  },
  {
    "id": "1602736772907",
    "img": "https://www.forevershining.com.au/design/saved-designs/screenshots/2020/10/1602736772907.jpg",
    "title": "Laser Etched Black Granite Plaque"
  },
  {
    "id": "1602727950225",
    "img": "https://www.forevershining.com.au/design/saved-designs/screenshots/2020/10/1602727950225.jpg",
    "title": "Laser Etched Black Granite Plaque"
  },
  {
    "id": "1600381330827",
    "img": "https://www.forevershining.com.au/design/saved-designs/screenshots/2020/09/1600381330827.jpg",
    "title": "Laser Etched Black Granite Plaque"
  },
  {
    "id": "1594903472313",
    "img": "https://www.forevershining.com.au/design/saved-designs/screenshots/2020/07/1594903472313.jpg",
    "title": "Laser Etched Black Granite Plaque"
  },
  {
    "id": "1594902367197",
    "img": "https://www.forevershining.com.au/design/saved-designs/screenshots/2020/07/1594902367197.jpg",
    "title": "Laser Etched Black Granite Plaque"
  },
  {
    "id": "1584921643511",
    "img": "https://www.forevershining.com.au/design/saved-designs/screenshots/1584921643511.jpg",
    "title": "Laser Etched Black Granite Plaque"
  },
  {
    "id": "1584604389607",
    "img": "https://www.forevershining.com.au/design/saved-designs/screenshots/1584604389607.jpg",
    "title": "Laser Etched Black Granite Plaque"
  }
]