[
  {
    "id": "1711068052267",
    "img": "https://www.forevershining.com.au/design/saved-designs/screenshots/2024/03/1711068052267.jpg",
    "title": "Full Color Plaque"
  },
  {
    "id": "1711067961421",
    "img": "https://www.forevershining.com.au/design/saved-designs/screenshots/2024/03/1711067961421.jpg",
    "title": "Full Color Plaque"
  },
  {
    "id": "1711064622890",
    "img": "https://www.forevershining.com.au/design/saved-designs/screenshots/2024/03/1711064622890.jpg",
    "title": "Full Color Plaque"
  },
  {
    "id": "1711064348351",
    "img": "https://www.forevershining.com.au/design/saved-designs/screenshots/2024/03/1711064348351.jpg",
    "title": "Full Color Plaque"
  },
  {
    "id": "1711064317161",
    "img": "https://www.forevershining.com.au/design/saved-designs/screenshots/2024/03/1711064317161.jpg",
    "title": "Full Color Plaque"
  },
  {
    "id": "1711064247593",
    "img": "https://www.forevershining.com.au/design/saved-designs/screenshots/2024/03/1711064247593.jpg",
    "title": "Full Color Plaque"
  },
  {
    "id": "1711064141134",
    "img": "https://www.forevershining.com.au/design/saved-designs/screenshots/2024/03/1711064141134.jpg",
    "title": "Full Color Plaque"
  },
  {
    "id": "1711064111206",
    "img": "https://www.forevershining.com.au/design/saved-designs/screenshots/2024/03/1711064111206.jpg",
    "title": "Full Color Plaque"
  },
  {
    "id": "1711061600708",
    "img": "https://www.forevershining.com.au/design/saved-designs/screenshots/2024/03/1711061600708.jpg",
    "title": "Full Color Plaque"
  },
  {
    "id": "1711061417559",
    "img": "https://www.forevershining.com.au/design/saved-designs/screenshots/2024/03/1711061417559.jpg",
    "title": "Full Color Plaque"
  },
  {
    "id": "1711060640710",
    "img": "https://www.forevershining.com.au/design/saved-designs/screenshots/2024/03/1711060640710.jpg",
    "title": "Full Color Plaque"
  },
  {
    "id": "1711060272116",
    "img": "https://www.forevershining.com.au/design/saved-designs/screenshots/2024/03/1711060272116.jpg",
    "title": "Full Color Plaque"
  },
  {
    "id": "1705294702532",
    "img": "https://www.forevershining.com.au/design/saved-designs/screenshots/2024/01/1705294702532.jpg",
    "title": "Full Color Plaque"
  },
  {
    "id": "1705293868392",
    "img": "https://www.forevershining.com.au/design/saved-designs/screenshots/2024/01/1705293868392.jpg",
    "title": "Full Color Plaque"
  },
  {
    "id": "1705285589092",
    "img": "https://www.forevershining.com.au/design/saved-designs/screenshots/2024/01/1705285589092.jpg",
    "title": "Full Color Plaque"
  },
  {
    "id": "1705285378949",
    "img": "https://www.forevershining.com.au/design/saved-designs/screenshots/2024/01/1705285378949.jpg",
    "title": "Full Color Plaque"
  },
  {
    "id": "1705283963286",
    "img": "https://www.forevershining.com.au/design/saved-designs/screenshots/2024/01/1705283963286.jpg",
    "title": "Full Color Plaque"
  },
  {
    "id": "1705283862184",
    "img": "https://www.forevershining.com.au/design/saved-designs/screenshots/2024/01/1705283862184.jpg",
    "title": "Full Color Plaque"
  },
  {
    "id": "1705231384193",
    "img": "https://www.forevershining.com.au/design/saved-designs/screenshots/2024/01/1705231384193.jpg",
    "title": "Full Color Plaque"
  },
  {
    "id": "1702958927936",
    "img": "https://www.forevershining.com.au/design/saved-designs/screenshots/2023/12/1702958927936.jpg",
    "title": "Full Color Plaque"
  },
  {
    "id": "1694929266157",
    "img": "https://www.forevershining.com.au/design/saved-designs/screenshots/2023/09/1694929266157.jpg",
    "title": "Full Color Plaque"
  },
  {
    "id": "1694928991188",
    "img": "https://www.forevershining.com.au/design/saved-designs/screenshots/2023/09/1694928991188.jpg",
    "title": "Full Color Plaque"
  },
  {
    "id": "1690734030646",
    "img": "https://www.forevershining.com.au/design/saved-designs/screenshots/2023/07/1690734030646.jpg",
    "title": "Full Color Plaque"
  },
  {
    "id": "1684444441083",
    "img": "https://www.forevershining.com.au/design/saved-designs/screenshots/2023/05/1684444441083.jpg",
    "title": "Full Color Plaque"
  },
  {
    "id": "1682310701193",
    "img": "https://www.forevershining.com.au/design/saved-designs/screenshots/2023/04/1682310701193.jpg",
    "title": "Full Color Plaque"
  },
  {
    "id": "1681894841428",
    "img": "https://www.forevershining.com.au/design/saved-designs/screenshots/2023/04/1681894841428.jpg",
    "title": "Full Color Plaque"
  },
  {
    "id": "1673925127454",
    "img": "https://www.forevershining.com.au/design/saved-designs/screenshots/2023/01/1673925127454.jpg",
    "title": "Full Color Plaque"
  },
  {
    "id": "1673924640179",
    "img": "https://www.forevershining.com.au/design/saved-designs/screenshots/2023/01/1673924640179.jpg",
    "title": "Full Color Plaque"
  },
  {
    "id": "1673923190213",
    "img": "https://www.forevershining.com.au/design/saved-designs/screenshots/2023/01/1673923190213.jpg",
    "title": "Full Color Plaque"
  },
  {
    "id": "1669356224495",
    "img": "https://www.forevershining.com.au/design/saved-designs/screenshots/2022/11/1669356224495.jpg",
    "title": "Full Color Plaque"
  },
  {
    "id": "1668844581078",
    "img": "https://www.forevershining.com.au/design/saved-designs/screenshots/2022/11/1668844581078.jpg",
    "title": "Full Color Plaque"
  },
  {
    "id": "1668617740685",
    "img": "https://www.forevershining.com.au/design/saved-designs/screenshots/2022/11/1668617740685.jpg",
    "title": "Full Color Plaque"
  },
  {
    "id": "1668617588848",
    "img": "https://www.forevershining.com.au/design/saved-designs/screenshots/2022/11/1668617588848.jpg",
    "title": "Full Color Plaque"
  },
  {
    "id": "1668617459525",
    "img": "https://www.forevershining.com.au/design/saved-designs/screenshots/2022/11/1668617459525.jpg",
    "title": "Full Color Plaque"
  },
  {
    "id": "1668616602111",
    "img": "https://www.forevershining.com.au/design/saved-designs/screenshots/2022/11/1668616602111.jpg",
    "title": "Full Color Plaque"
  },
  {
    "id": "1666083153565",
    "img": "https://www.forevershining.com.au/design/saved-designs/screenshots/2022/10/1666083153565.jpg",
    "title": "Full Color Plaque"
  },
  {
    "id": "1661402566251",
    "img": "https://www.forevershining.com.au/design/saved-designs/screenshots/2022/08/1661402566251.jpg",
    "title": "Full Color Plaque"
  },
  {
    "id": "1653621034512",
    "img": "https://www.forevershining.com.au/design/saved-designs/screenshots/2022/05/1653621034512.jpg",
    "title": "Full Color Plaque"
  },
  {
    "id": "1653280517360",
    "img": "https://www.forevershining.com.au/design/saved-designs/screenshots/2022/05/1653280517360.jpg",
    "title": "Full Color Plaque"
  },
  {
    "id": "1653280449879",
    "img": "https://www.forevershining.com.au/design/saved-designs/screenshots/2022/05/1653280449879.jpg",
    "title": "Full Color Plaque"
  },
  {
    "id": "1631596193209",
    "img": "https://www.forevershining.com.au/design/saved-designs/screenshots/2021/09/1631596193209.jpg",
    "title": "Full Color Plaque"
  },
  {
    "id": "1631594783528",
    "img": "https://www.forevershining.com.au/design/saved-designs/screenshots/2021/09/1631594783528.jpg",
    "title": "Full Color Plaque"
  },
  {
    "id": "1631594258288",
    "img": "https://www.forevershining.com.au/design/saved-designs/screenshots/2021/09/1631594258288.jpg",
    "title": "Full Color Plaque"
  },
  {
    "id": "1631593875579",
    "img": "https://www.forevershining.com.au/design/saved-designs/screenshots/2021/09/1631593875579.jpg",
    "title": "Full Color Plaque"
  },
  {
    "id": "1631580696277",
    "img": "https://www.forevershining.com.au/design/saved-designs/screenshots/2021/09/1631580696277.jpg",
    "title": "Full Color Plaque"
  },
  {
    "id": "1630890836672",
    "img": "https://www.forevershining.com.au/design/saved-designs/screenshots/2021/09/1630890836672.jpg",
    "title": "Full Color Plaque"
  },
  {
    "id": "1630848396108",
    "img": "https://www.forevershining.com.au/design/saved-designs/screenshots/2021/09/1630848396108.jpg",
    "title": "Full Color Plaque"
  },
  {
    "id": "1630778954185",
    "img": "https://www.forevershining.com.au/design/saved-designs/screenshots/2021/09/1630778954185.jpg",
    "title": "Full Color Plaque"
  },
  {
    "id": "1630778139594",
    "img": "https://www.forevershining.com.au/design/saved-designs/screenshots/2021/09/1630778139594.jpg",
    "title": "Full Color Plaque"
  }
]