[
  {
    "id": "1677830824062",
    "img": "https://www.forevershining.com.au/design/saved-designs/screenshots/2023/03/1677830824062.jpg",
    "title": "Laser Etched Black Granite Plaque"
  },
  {
    "id": "1673400353244",
    "img": "https://www.forevershining.com.au/design/saved-designs/screenshots/2023/01/1673400353244.jpg",
    "title": "Laser Etched Black Granite Plaque"
  },
  {
    "id": "1673397544007",
    "img": "https://www.forevershining.com.au/design/saved-designs/screenshots/2023/01/1673397544007.jpg",
    "title": "Laser Etched Black Granite Plaque"
  },
  {
    "id": "1672856543984",
    "img": "https://www.forevershining.com.au/design/saved-designs/screenshots/2023/01/1672856543984.jpg",
    "title": "Laser Etched Black Granite Plaque"
  },
  {
    "id": "1669036245345",
    "img": "https://www.forevershining.com.au/design/saved-designs/screenshots/2022/11/1669036245345.jpg",
    "title": "Laser Etched Black Granite Plaque"
  }
]