[
  {
    "id": "1601897133046",
    "img": "https://www.forevershining.com.au/design/saved-designs/screenshots/2020/10/1601897133046.jpg",
    "title": "Bronze Plaque"
  },
  {
    "id": "1595951883485",
    "img": "https://www.forevershining.com.au/design/saved-designs/screenshots/2020/07/1595951883485.jpg",
    "title": "Bronze Plaque"
  },
  {
    "id": "1595944090065",
    "img": "https://www.forevershining.com.au/design/saved-designs/screenshots/2020/07/1595944090065.jpg",
    "title": "Bronze Plaque"
  }
]