[
  {
    "id": "1681993115033",
    "img": "https://www.forevershining.com.au/design/saved-designs/screenshots/2023/04/1681993115033.jpg",
    "title": "Stainless Steel Plaque"
  },
  {
    "id": "1681989991773",
    "img": "https://www.forevershining.com.au/design/saved-designs/screenshots/2023/04/1681989991773.jpg",
    "title": "Stainless Steel Plaque"
  },
  {
    "id": "1648435333781",
    "img": "https://www.forevershining.com.au/design/saved-designs/screenshots/2022/03/1648435333781.jpg",
    "title": "Stainless Steel Plaque"
  },
  {
    "id": "1648333293170",
    "img": "https://www.forevershining.com.au/design/saved-designs/screenshots/2022/03/1648333293170.jpg",
    "title": "Stainless Steel Plaque"
  }
]