[
  {
    "id": "1708216232804",
    "img": "https://www.forevershining.com.au/design/saved-designs/screenshots/2024/02/1708216232804.jpg",
    "title": "Stainless Steel Plaque"
  },
  {
    "id": "1675680624408",
    "img": "https://www.forevershining.com.au/design/saved-designs/screenshots/2023/02/1675680624408.jpg",
    "title": "Stainless Steel Plaque"
  },
  {
    "id": "1674626511174",
    "img": "https://www.forevershining.com.au/design/saved-designs/screenshots/2023/01/1674626511174.jpg",
    "title": "Stainless Steel Plaque"
  },
  {
    "id": "1674626370957",
    "img": "https://www.forevershining.com.au/design/saved-designs/screenshots/2023/01/1674626370957.jpg",
    "title": "Stainless Steel Plaque"
  },
  {
    "id": "1674625117220",
    "img": "https://www.forevershining.com.au/design/saved-designs/screenshots/2023/01/1674625117220.jpg",
    "title": "Stainless Steel Plaque"
  },
  {
    "id": "1674562965337",
    "img": "https://www.forevershining.com.au/design/saved-designs/screenshots/2023/01/1674562965337.jpg",
    "title": "Stainless Steel Plaque"
  },
  {
    "id": "1662433021124",
    "img": "https://www.forevershining.com.au/design/saved-designs/screenshots/2022/09/1662433021124.jpg",
    "title": "Stainless Steel Plaque"
  },
  {
    "id": "1655717318370",
    "img": "https://www.forevershining.com.au/design/saved-designs/screenshots/2022/06/1655717318370.jpg",
    "title": "Stainless Steel Plaque"
  },
  {
    "id": "1655689960423",
    "img": "https://www.forevershining.com.au/design/saved-designs/screenshots/2022/06/1655689960423.jpg",
    "title": "Stainless Steel Plaque"
  },
  {
    "id": "1655617762301",
    "img": "https://www.forevershining.com.au/design/saved-designs/screenshots/2022/06/1655617762301.jpg",
    "title": "Stainless Steel Plaque"
  }
]