[
  {
    "id": "1712053910665",
    "img": "https://www.forevershining.com.au/design/saved-designs/screenshots/2024/04/1712053910665.jpg",
    "title": "Stainless Steel Plaque"
  },
  {
    "id": "1689714803772",
    "img": "https://www.forevershining.com.au/design/saved-designs/screenshots/2023/07/1689714803772.jpg",
    "title": "Stainless Steel Plaque"
  },
  {
    "id": "1689647581261",
    "img": "https://www.forevershining.com.au/design/saved-designs/screenshots/2023/07/1689647581261.jpg",
    "title": "Stainless Steel Plaque"
  },
  {
    "id": "1689658138873",
    "img": "https://www.forevershining.com.au/design/saved-designs/screenshots/2023/07/1689658138873.jpg",
    "title": "Stainless Steel Plaque"
  },
  {
    "id": "1689657396969",
    "img": "https://www.forevershining.com.au/design/saved-designs/screenshots/2023/07/1689657396969.jpg",
    "title": "Stainless Steel Plaque"
  },
  {
    "id": "1689657751039",
    "img": "https://www.forevershining.com.au/design/saved-designs/screenshots/2023/07/1689657751039.jpg",
    "title": "Stainless Steel Plaque"
  },
  {
    "id": "1686993247543",
    "img": "https://www.forevershining.com.au/design/saved-designs/screenshots/2023/06/1686993247543.jpg",
    "title": "Stainless Steel Plaque"
  },
  {
    "id": "1686991981702",
    "img": "https://www.forevershining.com.au/design/saved-designs/screenshots/2023/06/1686991981702.jpg",
    "title": "Stainless Steel Plaque"
  },
  {
    "id": "1686977796830",
    "img": "https://www.forevershining.com.au/design/saved-designs/screenshots/2023/06/1686977796830.jpg",
    "title": "Stainless Steel Plaque"
  },
  {
    "id": "1686967304673",
    "img": "https://www.forevershining.com.au/design/saved-designs/screenshots/2023/06/1686967304673.jpg",
    "title": "Stainless Steel Plaque"
  },
  {
    "id": "1685235876751",
    "img": "https://www.forevershining.com.au/design/saved-designs/screenshots/2023/05/1685235876751.jpg",
    "title": "Stainless Steel Plaque"
  },
  {
    "id": "1685235223792",
    "img": "https://www.forevershining.com.au/design/saved-designs/screenshots/2023/05/1685235223792.jpg",
    "title": "Stainless Steel Plaque"
  },
  {
    "id": "1685234302162",
    "img": "https://www.forevershining.com.au/design/saved-designs/screenshots/2023/05/1685234302162.jpg",
    "title": "Stainless Steel Plaque"
  },
  {
    "id": "1681089386139",
    "img": "https://www.forevershining.com.au/design/saved-designs/screenshots/2023/04/1681089386139.jpg",
    "title": "Stainless Steel Plaque"
  },
  {
    "id": "1681080639676",
    "img": "https://www.forevershining.com.au/design/saved-designs/screenshots/2023/04/1681080639676.jpg",
    "title": "Stainless Steel Plaque"
  },
  {
    "id": "1675896956543",
    "img": "https://www.forevershining.com.au/design/saved-designs/screenshots/2023/02/1675896956543.jpg",
    "title": "Stainless Steel Plaque"
  },
  {
    "id": "1675832436729",
    "img": "https://www.forevershining.com.au/design/saved-designs/screenshots/2023/02/1675832436729.jpg",
    "title": "Stainless Steel Plaque"
  },
  {
    "id": "1672918425208",
    "img": "https://www.forevershining.com.au/design/saved-designs/screenshots/2023/01/1672918425208.jpg",
    "title": "Stainless Steel Plaque"
  },
  {
    "id": "1664265508672",
    "img": "https://www.forevershining.com.au/design/saved-designs/screenshots/2022/09/1664265508672.jpg",
    "title": "Stainless Steel Plaque"
  },
  {
    "id": "1664265266422",
    "img": "https://www.forevershining.com.au/design/saved-designs/screenshots/2022/09/1664265266422.jpg",
    "title": "Stainless Steel Plaque"
  },
  {
    "id": "1663497691372",
    "img": "https://www.forevershining.com.au/design/saved-designs/screenshots/2022/09/1663497691372.jpg",
    "title": "Stainless Steel Plaque"
  },
  {
    "id": "1663486459124",
    "img": "https://www.forevershining.com.au/design/saved-designs/screenshots/2022/09/1663486459124.jpg",
    "title": "Stainless Steel Plaque"
  },
  {
    "id": "1663216826424",
    "img": "https://www.forevershining.com.au/design/saved-designs/screenshots/2022/09/1663216826424.jpg",
    "title": "Stainless Steel Plaque"
  },
  {
    "id": "1660001554974",
    "img": "https://www.forevershining.com.au/design/saved-designs/screenshots/2022/08/1660001554974.jpg",
    "title": "Stainless Steel Plaque"
  },
  {
    "id": "1659262175086",
    "img": "https://www.forevershining.com.au/design/saved-designs/screenshots/2022/07/1659262175086.jpg",
    "title": "Stainless Steel Plaque"
  },
  {
    "id": "1643557721849",
    "img": "https://www.forevershining.com.au/design/saved-designs/screenshots/2022/01/1643557721849.jpg",
    "title": "Stainless Steel Plaque"
  },
  {
    "id": "1689714883949",
    "img": "https://www.forevershining.com.au/design/saved-designs/screenshots/2023/07/1689714883949.jpg",
    "title": "Stainless Steel Plaque"
  }
]