[
  {
    "id": "1676458589611",
    "img": "https://www.forevershining.com.au/design/saved-designs/screenshots/2023/02/1676458589611.jpg",
    "title": "Bronze Plaque"
  },
  {
    "id": "1673433874765",
    "img": "https://www.forevershining.com.au/design/saved-designs/screenshots/2023/01/1673433874765.jpg",
    "title": "Bronze Plaque"
  },
  {
    "id": "1673433513806",
    "img": "https://www.forevershining.com.au/design/saved-designs/screenshots/2023/01/1673433513806.jpg",
    "title": "Bronze Plaque"
  },
  {
    "id": "1673433230763",
    "img": "https://www.forevershining.com.au/design/saved-designs/screenshots/2023/01/1673433230763.jpg",
    "title": "Bronze Plaque"
  },
  {
    "id": "1673429770494",
    "img": "https://www.forevershining.com.au/design/saved-designs/screenshots/2023/01/1673429770494.jpg",
    "title": "Bronze Plaque"
  },
  {
    "id": "1673429084890",
    "img": "https://www.forevershining.com.au/design/saved-designs/screenshots/2023/01/1673429084890.jpg",
    "title": "Bronze Plaque"
  },
  {
    "id": "1673424142257",
    "img": "https://www.forevershining.com.au/design/saved-designs/screenshots/2023/01/1673424142257.jpg",
    "title": "Bronze Plaque"
  },
  {
    "id": "1673422947490",
    "img": "https://www.forevershining.com.au/design/saved-designs/screenshots/2023/01/1673422947490.jpg",
    "title": "Bronze Plaque"
  },
  {
    "id": "1673423796513",
    "img": "https://www.forevershining.com.au/design/saved-designs/screenshots/2023/01/1673423796513.jpg",
    "title": "Bronze Plaque"
  },
  {
    "id": "1673406007798",
    "img": "https://www.forevershining.com.au/design/saved-designs/screenshots/2023/01/1673406007798.jpg",
    "title": "Bronze Plaque"
  },
  {
    "id": "1673402177649",
    "img": "https://www.forevershining.com.au/design/saved-designs/screenshots/2023/01/1673402177649.jpg",
    "title": "Bronze Plaque"
  }
]