[
  {
    "id": "1709716246460",
    "img": "https://www.forevershining.com.au/design/saved-designs/screenshots/2024/03/1709716246460.jpg",
    "title": "Stainless Steel Plaque"
  },
  {
    "id": "1709715611535",
    "img": "https://www.forevershining.com.au/design/saved-designs/screenshots/2024/03/1709715611535.jpg",
    "title": "Stainless Steel Plaque"
  },
  {
    "id": "1709714088534",
    "img": "https://www.forevershining.com.au/design/saved-designs/screenshots/2024/03/1709714088534.jpg",
    "title": "Stainless Steel Plaque"
  },
  {
    "id": "1706114139654",
    "img": "https://www.forevershining.com.au/design/saved-designs/screenshots/2024/01/1706114139654.jpg",
    "title": "Stainless Steel Plaque"
  },
  {
    "id": "1698779268858",
    "img": "https://www.forevershining.com.au/design/saved-designs/screenshots/2023/10/1698779268858.jpg",
    "title": "Stainless Steel Plaque"
  },
  {
    "id": "1698756142317",
    "img": "https://www.forevershining.com.au/design/saved-designs/screenshots/2023/10/1698756142317.jpg",
    "title": "Stainless Steel Plaque"
  },
  {
    "id": "1698752421046",
    "img": "https://www.forevershining.com.au/design/saved-designs/screenshots/2023/10/1698752421046.jpg",
    "title": "Stainless Steel Plaque"
  },
  {
    "id": "1682224041705",
    "img": "https://www.forevershining.com.au/design/saved-designs/screenshots/2023/04/1682224041705.jpg",
    "title": "Stainless Steel Plaque"
  },
  {
    "id": "1638403454503",
    "img": "https://www.forevershining.com.au/design/saved-designs/screenshots/2021/12/1638403454503.jpg",
    "title": "Stainless Steel Plaque"
  },
  {
    "id": "1638331234587",
    "img": "https://www.forevershining.com.au/design/saved-designs/screenshots/2021/12/1638331234587.jpg",
    "title": "Stainless Steel Plaque"
  },
  {
    "id": "1632222577288",
    "img": "https://www.forevershining.com.au/design/saved-designs/screenshots/2021/09/1632222577288.jpg",
    "title": "Stainless Steel Plaque"
  },
  {
    "id": "1714984850527",
    "img": "https://www.forevershining.com.au/design/saved-designs/screenshots/2024/05/1714984850527.jpg",
    "title": "Stainless Steel Plaque"
  },
  {
    "id": "1681361124440",
    "img": "https://www.forevershining.com.au/design/saved-designs/screenshots/2023/04/1681361124440.jpg",
    "title": "Stainless Steel Plaque"
  },
  {
    "id": "1663697198979",
    "img": "https://www.forevershining.com.au/design/saved-designs/screenshots/2022/09/1663697198979.jpg",
    "title": "Stainless Steel Plaque"
  },
  {
    "id": "1663696994521",
    "img": "https://www.forevershining.com.au/design/saved-designs/screenshots/2022/09/1663696994521.jpg",
    "title": "Stainless Steel Plaque"
  },
  {
    "id": "1663696754691",
    "img": "https://www.forevershining.com.au/design/saved-designs/screenshots/2022/09/1663696754691.jpg",
    "title": "Stainless Steel Plaque"
  },
  {
    "id": "1661056777361",
    "img": "https://www.forevershining.com.au/design/saved-designs/screenshots/2022/08/1661056777361.jpg",
    "title": "Stainless Steel Plaque"
  },
  {
    "id": "1661049755815",
    "img": "https://www.forevershining.com.au/design/saved-designs/screenshots/2022/08/1661049755815.jpg",
    "title": "Stainless Steel Plaque"
  }
]