[
  {
    "id": "1675431455278",
    "img": "https://www.forevershining.com.au/design/saved-designs/screenshots/2023/02/1675431455278.jpg",
    "title": "Bronze Plaque"
  },
  {
    "id": "1669984497449",
    "img": "https://www.forevershining.com.au/design/saved-designs/screenshots/2022/12/1669984497449.jpg",
    "title": "Bronze Plaque"
  },
  {
    "id": "1669796681333",
    "img": "https://www.forevershining.com.au/design/saved-designs/screenshots/2022/11/1669796681333.jpg",
    "title": "Bronze Plaque"
  },
  {
    "id": "1587893960888",
    "img": "https://www.forevershining.com.au/design/saved-designs/screenshots/1587893960888.jpg",
    "title": "Bronze Plaque"
  }
]