[
  {
    "id": "1719440489160",
    "img": "https://www.forevershining.com.au/design/saved-designs/screenshots/2024/06/1719440489160.jpg",
    "title": "Laser Etched Black Granite Plaque"
  },
  {
    "id": "1706783316572",
    "img": "https://www.forevershining.com.au/design/saved-designs/screenshots/2024/02/1706783316572.jpg",
    "title": "Laser Etched Black Granite Plaque"
  },
  {
    "id": "1693355365135",
    "img": "https://www.forevershining.com.au/design/saved-designs/screenshots/2023/08/1693355365135.jpg",
    "title": "Laser Etched Black Granite Plaque"
  },
  {
    "id": "1689661331001",
    "img": "https://www.forevershining.com.au/design/saved-designs/screenshots/2023/07/1689661331001.jpg",
    "title": "Laser Etched Black Granite Plaque"
  },
  {
    "id": "1681093582872",
    "img": "https://www.forevershining.com.au/design/saved-designs/screenshots/2023/04/1681093582872.jpg",
    "title": "Laser Etched Black Granite Plaque"
  },
  {
    "id": "1679618666078",
    "img": "https://www.forevershining.com.au/design/saved-designs/screenshots/2023/03/1679618666078.jpg",
    "title": "Laser Etched Black Granite Plaque"
  },
  {
    "id": "1679467436290",
    "img": "https://www.forevershining.com.au/design/saved-designs/screenshots/2023/03/1679467436290.jpg",
    "title": "Laser Etched Black Granite Plaque"
  },
  {
    "id": "1679463062314",
    "img": "https://www.forevershining.com.au/design/saved-designs/screenshots/2023/03/1679463062314.jpg",
    "title": "Laser Etched Black Granite Plaque"
  },
  {
    "id": "1675897407370",
    "img": "https://www.forevershining.com.au/design/saved-designs/screenshots/2023/02/1675897407370.jpg",
    "title": "Laser Etched Black Granite Plaque"
  },
  {
    "id": "1675832702104",
    "img": "https://www.forevershining.com.au/design/saved-designs/screenshots/2023/02/1675832702104.jpg",
    "title": "Laser Etched Black Granite Plaque"
  },
  {
    "id": "1675239730068",
    "img": "https://www.forevershining.com.au/design/saved-designs/screenshots/2023/02/1675239730068.jpg",
    "title": "Laser Etched Black Granite Plaque"
  },
  {
    "id": "1667827965095",
    "img": "https://www.forevershining.com.au/design/saved-designs/screenshots/2022/11/1667827965095.jpg",
    "title": "Laser Etched Black Granite Plaque"
  },
  {
    "id": "1666059500465",
    "img": "https://www.forevershining.com.au/design/saved-designs/screenshots/2022/10/1666059500465.jpg",
    "title": "Laser Etched Black Granite Plaque"
  },
  {
    "id": "1663514187688",
    "img": "https://www.forevershining.com.au/design/saved-designs/screenshots/2022/09/1663514187688.jpg",
    "title": "Laser Etched Black Granite Plaque"
  },
  {
    "id": "1660018809426",
    "img": "https://www.forevershining.com.au/design/saved-designs/screenshots/2022/08/1660018809426.jpg",
    "title": "Laser Etched Black Granite Plaque"
  },
  {
    "id": "1658415081581",
    "img": "https://www.forevershining.com.au/design/saved-designs/screenshots/2022/07/1658415081581.jpg",
    "title": "Laser Etched Black Granite Plaque"
  },
  {
    "id": "1656907290506",
    "img": "https://www.forevershining.com.au/design/saved-designs/screenshots/2022/07/1656907290506.jpg",
    "title": "Laser Etched Black Granite Plaque"
  },
  {
    "id": "1635741253876",
    "img": "https://www.forevershining.com.au/design/saved-designs/screenshots/2021/11/1635741253876.jpg",
    "title": "Laser Etched Black Granite Plaque"
  },
  {
    "id": "1635735556752",
    "img": "https://www.forevershining.com.au/design/saved-designs/screenshots/2021/11/1635735556752.jpg",
    "title": "Laser Etched Black Granite Plaque"
  },
  {
    "id": "1635734851837",
    "img": "https://www.forevershining.com.au/design/saved-designs/screenshots/2021/11/1635734851837.jpg",
    "title": "Laser Etched Black Granite Plaque"
  },
  {
    "id": "1635732996964",
    "img": "https://www.forevershining.com.au/design/saved-designs/screenshots/2021/11/1635732996964.jpg",
    "title": "Laser Etched Black Granite Plaque"
  },
  {
    "id": "1632192459363",
    "img": "https://www.forevershining.com.au/design/saved-designs/screenshots/2021/09/1632192459363.jpg",
    "title": "Laser Etched Black Granite Plaque"
  },
  {
    "id": "1632192419073",
    "img": "https://www.forevershining.com.au/design/saved-designs/screenshots/2021/09/1632192419073.jpg",
    "title": "Laser Etched Black Granite Plaque"
  },
  {
    "id": "1632192373938",
    "img": "https://www.forevershining.com.au/design/saved-designs/screenshots/2021/09/1632192373938.jpg",
    "title": "Laser Etched Black Granite Plaque"
  },
  {
    "id": "1620525668774",
    "img": "https://www.forevershining.com.au/design/saved-designs/screenshots/2021/05/1620525668774.jpg",
    "title": "Laser Etched Black Granite Plaque"
  },
  {
    "id": "1620523799840",
    "img": "https://www.forevershining.com.au/design/saved-designs/screenshots/2021/05/1620523799840.jpg",
    "title": "Laser Etched Black Granite Plaque"
  },
  {
    "id": "1620447299409",
    "img": "https://www.forevershining.com.au/design/saved-designs/screenshots/2021/05/1620447299409.jpg",
    "title": "Laser Etched Black Granite Plaque"
  },
  {
    "id": "1619402667377",
    "img": "https://www.forevershining.com.au/design/saved-designs/screenshots/2021/04/1619402667377.jpg",
    "title": "Laser Etched Black Granite Plaque"
  },
  {
    "id": "1616229860838",
    "img": "https://www.forevershining.com.au/design/saved-designs/screenshots/2021/03/1616229860838.jpg",
    "title": "Laser Etched Black Granite Plaque"
  },
  {
    "id": "1616219991555",
    "img": "https://www.forevershining.com.au/design/saved-designs/screenshots/2021/03/1616219991555.jpg",
    "title": "Laser Etched Black Granite Plaque"
  },
  {
    "id": "1612402649128",
    "img": "https://www.forevershining.com.au/design/saved-designs/screenshots/2021/02/1612402649128.jpg",
    "title": "Laser Etched Black Granite Plaque"
  },
  {
    "id": "1612402506542",
    "img": "https://www.forevershining.com.au/design/saved-designs/screenshots/2021/02/1612402506542.jpg",
    "title": "Laser Etched Black Granite Plaque"
  },
  {
    "id": "1612339449714",
    "img": "https://www.forevershining.com.au/design/saved-designs/screenshots/2021/02/1612339449714.jpg",
    "title": "Laser Etched Black Granite Plaque"
  },
  {
    "id": "1606634871625",
    "img": "https://www.forevershining.com.au/design/saved-designs/screenshots/2020/11/1606634871625.jpg",
    "title": "Laser Etched Black Granite Plaque"
  },
  {
    "id": "1606633028323",
    "img": "https://www.forevershining.com.au/design/saved-designs/screenshots/2020/11/1606633028323.jpg",
    "title": "Laser Etched Black Granite Plaque"
  },
  {
    "id": "1601364951345",
    "img": "https://www.forevershining.com.au/design/saved-designs/screenshots/2020/09/1601364951345.jpg",
    "title": "Laser Etched Black Granite Plaque"
  },
  {
    "id": "1594024134108",
    "img": "https://www.forevershining.com.au/design/saved-designs/screenshots/2020/07/1594024134108.jpg",
    "title": "Laser Etched Black Granite Plaque"
  },
  {
    "id": "1591659766536",
    "img": "https://www.forevershining.com.au/design/saved-designs/screenshots/1591659766536.jpg",
    "title": "Laser Etched Black Granite Plaque"
  },
  {
    "id": "1591615792020",
    "img": "https://www.forevershining.com.au/design/saved-designs/screenshots/1591615792020.jpg",
    "title": "Laser Etched Black Granite Plaque"
  },
  {
    "id": "1590826144304",
    "img": "https://www.forevershining.com.au/design/saved-designs/screenshots/1590826144304.jpg",
    "title": "Laser Etched Black Granite Plaque"
  },
  {
    "id": "1590824292947",
    "img": "https://www.forevershining.com.au/design/saved-designs/screenshots/1590824292947.jpg",
    "title": "Laser Etched Black Granite Plaque"
  },
  {
    "id": "1589640705153",
    "img": "https://www.forevershining.com.au/design/saved-designs/screenshots/1589640705153.jpg",
    "title": "Laser Etched Black Granite Plaque"
  },
  {
    "id": "1586739115517",
    "img": "https://www.forevershining.com.au/design/saved-designs/screenshots/1586739115517.jpg",
    "title": "Laser Etched Black Granite Plaque"
  },
  {
    "id": "1630524599534",
    "img": "https://www.forevershining.com.au/design/saved-designs/screenshots/2021/09/1630524599534.jpg",
    "title": "Laser Etched Black Granite Plaque"
  },
  {
    "id": "1586745561461",
    "img": "https://www.forevershining.com.au/design/saved-designs/screenshots/1586745561461.jpg",
    "title": "Laser Etched Black Granite Plaque"
  }
]