[
  {
    "id": "1693715525708",
    "img": "https://www.forevershining.com.au/design/saved-designs/screenshots/2023/09/1693715525708.jpg",
    "title": "Bronze Plaque"
  },
  {
    "id": "1693697450570",
    "img": "https://www.forevershining.com.au/design/saved-designs/screenshots/2023/09/1693697450570.jpg",
    "title": "Bronze Plaque"
  },
  {
    "id": "1672798383274",
    "img": "https://www.forevershining.com.au/design/saved-designs/screenshots/2023/01/1672798383274.jpg",
    "title": "Bronze Plaque"
  },
  {
    "id": "1653442866331",
    "img": "https://www.forevershining.com.au/design/saved-designs/screenshots/2022/05/1653442866331.jpg",
    "title": "Bronze Plaque"
  },
  {
    "id": "1646612203534",
    "img": "https://www.forevershining.com.au/design/saved-designs/screenshots/2022/03/1646612203534.jpg",
    "title": "Bronze Plaque"
  },
  {
    "id": "1645433133156",
    "img": "https://www.forevershining.com.au/design/saved-designs/screenshots/2022/02/1645433133156.jpg",
    "title": "Bronze Plaque"
  },
  {
    "id": "1645421599855",
    "img": "https://www.forevershining.com.au/design/saved-designs/screenshots/2022/02/1645421599855.jpg",
    "title": "Bronze Plaque"
  },
  {
    "id": "1645414045340",
    "img": "https://www.forevershining.com.au/design/saved-designs/screenshots/2022/02/1645414045340.jpg",
    "title": "Bronze Plaque"
  },
  {
    "id": "1637450231963",
    "img": "https://www.forevershining.com.au/design/saved-designs/screenshots/2021/11/1637450231963.jpg",
    "title": "Bronze Plaque"
  },
  {
    "id": "1637130001085",
    "img": "https://www.forevershining.com.au/design/saved-designs/screenshots/2021/11/1637130001085.jpg",
    "title": "Bronze Plaque"
  },
  {
    "id": "1637129294454",
    "img": "https://www.forevershining.com.au/design/saved-designs/screenshots/2021/11/1637129294454.jpg",
    "title": "Bronze Plaque"
  },
  {
    "id": "1637127404830",
    "img": "https://www.forevershining.com.au/design/saved-designs/screenshots/2021/11/1637127404830.jpg",
    "title": "Bronze Plaque"
  },
  {
    "id": "1628154149756",
    "img": "https://www.forevershining.com.au/design/saved-designs/screenshots/2021/08/1628154149756.jpg",
    "title": "Bronze Plaque"
  },
  {
    "id": "1628128707762",
    "img": "https://www.forevershining.com.au/design/saved-designs/screenshots/2021/08/1628128707762.jpg",
    "title": "Bronze Plaque"
  },
  {
    "id": "1628072503841",
    "img": "https://www.forevershining.com.au/design/saved-designs/screenshots/2021/08/1628072503841.jpg",
    "title": "Bronze Plaque"
  },
  {
    "id": "1628049895684",
    "img": "https://www.forevershining.com.au/design/saved-designs/screenshots/2021/08/1628049895684.jpg",
    "title": "Bronze Plaque"
  },
  {
    "id": "1628021084922",
    "img": "https://www.forevershining.com.au/design/saved-designs/screenshots/2021/08/1628021084922.jpg",
    "title": "Bronze Plaque"
  },
  {
    "id": "1627981438807",
    "img": "https://www.forevershining.com.au/design/saved-designs/screenshots/2021/08/1627981438807.jpg",
    "title": "Bronze Plaque"
  },
  {
    "id": "1627972490032",
    "img": "https://www.forevershining.com.au/design/saved-designs/screenshots/2021/08/1627972490032.jpg",
    "title": "Bronze Plaque"
  },
  {
    "id": "1610499664177",
    "img": "https://www.forevershining.com.au/design/saved-designs/screenshots/2021/01/1610499664177.jpg",
    "title": "Bronze Plaque"
  },
  {
    "id": "1610495575056",
    "img": "https://www.forevershining.com.au/design/saved-designs/screenshots/2021/01/1610495575056.jpg",
    "title": "Bronze Plaque"
  },
  {
    "id": "1605158701300",
    "img": "https://www.forevershining.com.au/design/saved-designs/screenshots/2020/11/1605158701300.jpg",
    "title": "Bronze Plaque"
  },
  {
    "id": "1605140742523",
    "img": "https://www.forevershining.com.au/design/saved-designs/screenshots/2020/11/1605140742523.jpg",
    "title": "Bronze Plaque"
  },
  {
    "id": "1605092275458",
    "img": "https://www.forevershining.com.au/design/saved-designs/screenshots/2020/11/1605092275458.jpg",
    "title": "Bronze Plaque"
  },
  {
    "id": "1605089559126",
    "img": "https://www.forevershining.com.au/design/saved-designs/screenshots/2020/11/1605089559126.jpg",
    "title": "Bronze Plaque"
  },
  {
    "id": "1605077687766",
    "img": "https://www.forevershining.com.au/design/saved-designs/screenshots/2020/11/1605077687766.jpg",
    "title": "Bronze Plaque"
  },
  {
    "id": "1605012777647",
    "img": "https://www.forevershining.com.au/design/saved-designs/screenshots/2020/11/1605012777647.jpg",
    "title": "Bronze Plaque"
  },
  {
    "id": "1600944685072",
    "img": "https://www.forevershining.com.au/design/saved-designs/screenshots/2020/09/1600944685072.jpg",
    "title": "Bronze Plaque"
  },
  {
    "id": "1600938342281",
    "img": "https://www.forevershining.com.au/design/saved-designs/screenshots/2020/09/1600938342281.jpg",
    "title": "Bronze Plaque"
  },
  {
    "id": "1600870925550",
    "img": "https://www.forevershining.com.au/design/saved-designs/screenshots/2020/09/1600870925550.jpg",
    "title": "Bronze Plaque"
  },
  {
    "id": "1600753562331",
    "img": "https://www.forevershining.com.au/design/saved-designs/screenshots/2020/09/1600753562331.jpg",
    "title": "Bronze Plaque"
  },
  {
    "id": "1600740016687",
    "img": "https://www.forevershining.com.au/design/saved-designs/screenshots/2020/09/1600740016687.jpg",
    "title": "Bronze Plaque"
  },
  {
    "id": "1598122655139",
    "img": "https://www.forevershining.com.au/design/saved-designs/screenshots/2020/08/1598122655139.jpg",
    "title": "Bronze Plaque"
  }
]