[
  {
    "id": "1698236658345",
    "img": "https://www.forevershining.com.au/design/saved-designs/screenshots/2023/10/1698236658345.jpg",
    "title": "Traditional Engraved Granite Plaque"
  },
  {
    "id": "1698175132300",
    "img": "https://www.forevershining.com.au/design/saved-designs/screenshots/2023/10/1698175132300.jpg",
    "title": "Traditional Engraved Granite Plaque"
  },
  {
    "id": "1680988423445",
    "img": "https://www.forevershining.com.au/design/saved-designs/screenshots/2023/04/1680988423445.jpg",
    "title": "Traditional Engraved Granite Plaque"
  },
  {
    "id": "1675678287078",
    "img": "https://www.forevershining.com.au/design/saved-designs/screenshots/2023/02/1675678287078.jpg",
    "title": "Traditional Engraved Granite Plaque"
  }
]