[
  {
    "id": "1707962474202",
    "img": "https://www.forevershining.com.au/design/saved-designs/screenshots/2024/02/1707962474202.jpg",
    "title": "Bronze Plaque"
  },
  {
    "id": "1693830071298",
    "img": "https://www.forevershining.com.au/design/saved-designs/screenshots/2023/09/1693830071298.jpg",
    "title": "Bronze Plaque"
  },
  {
    "id": "1693452017573",
    "img": "https://www.forevershining.com.au/design/saved-designs/screenshots/2023/08/1693452017573.jpg",
    "title": "Bronze Plaque"
  },
  {
    "id": "1693442800309",
    "img": "https://www.forevershining.com.au/design/saved-designs/screenshots/2023/08/1693442800309.jpg",
    "title": "Bronze Plaque"
  },
  {
    "id": "1715301788158",
    "img": "https://www.forevershining.com.au/design/saved-designs/screenshots/2024/05/1715301788158.jpg",
    "title": "Bronze Plaque"
  },
  {
    "id": "1684910685970",
    "img": "https://www.forevershining.com.au/design/saved-designs/screenshots/2023/05/1684910685970.jpg",
    "title": "Bronze Plaque"
  },
  {
    "id": "1684839142407",
    "img": "https://www.forevershining.com.au/design/saved-designs/screenshots/2023/05/1684839142407.jpg",
    "title": "Bronze Plaque"
  },
  {
    "id": "1684838994556",
    "img": "https://www.forevershining.com.au/design/saved-designs/screenshots/2023/05/1684838994556.jpg",
    "title": "Bronze Plaque"
  },
  {
    "id": "1684834587992",
    "img": "https://www.forevershining.com.au/design/saved-designs/screenshots/2023/05/1684834587992.jpg",
    "title": "Bronze Plaque"
  },
  {
    "id": "1680184420915",
    "img": "https://www.forevershining.com.au/design/saved-designs/screenshots/2023/03/1680184420915.jpg",
    "title": "Bronze Plaque"
  },
  {
    "id": "1669342144173",
    "img": "https://www.forevershining.com.au/design/saved-designs/screenshots/2022/11/1669342144173.jpg",
    "title": "Bronze Plaque"
  },
  {
    "id": "1669327598578",
    "img": "https://www.forevershining.com.au/design/saved-designs/screenshots/2022/11/1669327598578.jpg",
    "title": "Bronze Plaque"
  },
  {
    "id": "1664386824939",
    "img": "https://www.forevershining.com.au/design/saved-designs/screenshots/2022/09/1664386824939.jpg",
    "title": "Bronze Plaque"
  },
  {
    "id": "1664384221840",
    "img": "https://www.forevershining.com.au/design/saved-designs/screenshots/2022/09/1664384221840.jpg",
    "title": "Bronze Plaque"
  },
  {
    "id": "1633492701530",
    "img": "https://www.forevershining.com.au/design/saved-designs/screenshots/2021/10/1633492701530.jpg",
    "title": "Bronze Plaque"
  },
  {
    "id": "1633340329535",
    "img": "https://www.forevershining.com.au/design/saved-designs/screenshots/2021/10/1633340329535.jpg",
    "title": "Bronze Plaque"
  },
  {
    "id": "1633323374350",
    "img": "https://www.forevershining.com.au/design/saved-designs/screenshots/2021/10/1633323374350.jpg",
    "title": "Bronze Plaque"
  },
  {
    "id": "1632896962222",
    "img": "https://www.forevershining.com.au/design/saved-designs/screenshots/2021/09/1632896962222.jpg",
    "title": "Bronze Plaque"
  },
  {
    "id": "1632895987335",
    "img": "https://www.forevershining.com.au/design/saved-designs/screenshots/2021/09/1632895987335.jpg",
    "title": "Bronze Plaque"
  },
  {
    "id": "1632894803631",
    "img": "https://www.forevershining.com.au/design/saved-designs/screenshots/2021/09/1632894803631.jpg",
    "title": "Bronze Plaque"
  },
  {
    "id": "1632893264769",
    "img": "https://www.forevershining.com.au/design/saved-designs/screenshots/2021/09/1632893264769.jpg",
    "title": "Bronze Plaque"
  },
  {
    "id": "1602751845468",
    "img": "https://www.forevershining.com.au/design/saved-designs/screenshots/2020/10/1602751845468.jpg",
    "title": "Bronze Plaque"
  },
  {
    "id": "1596444692999",
    "img": "https://www.forevershining.com.au/design/saved-designs/screenshots/2020/08/1596444692999.jpg",
    "title": "Bronze Plaque"
  },
  {
    "id": "1596019600152",
    "img": "https://www.forevershining.com.au/design/saved-designs/screenshots/2020/07/1596019600152.jpg",
    "title": "Bronze Plaque"
  },
  {
    "id": "1596019385646",
    "img": "https://www.forevershining.com.au/design/saved-designs/screenshots/2020/07/1596019385646.jpg",
    "title": "Bronze Plaque"
  },
  {
    "id": "1596013060180",
    "img": "https://www.forevershining.com.au/design/saved-designs/screenshots/2020/07/1596013060180.jpg",
    "title": "Bronze Plaque"
  },
  {
    "id": "1595990467287",
    "img": "https://www.forevershining.com.au/design/saved-designs/screenshots/2020/07/1595990467287.jpg",
    "title": "Bronze Plaque"
  },
  {
    "id": "1595988322025",
    "img": "https://www.forevershining.com.au/design/saved-designs/screenshots/2020/07/1595988322025.jpg",
    "title": "Bronze Plaque"
  },
  {
    "id": "1595985202988",
    "img": "https://www.forevershining.com.au/design/saved-designs/screenshots/2020/07/1595985202988.jpg",
    "title": "Bronze Plaque"
  },
  {
    "id": "1595828664418",
    "img": "https://www.forevershining.com.au/design/saved-designs/screenshots/2020/07/1595828664418.jpg",
    "title": "Bronze Plaque"
  },
  {
    "id": "1595828515196",
    "img": "https://www.forevershining.com.au/design/saved-designs/screenshots/2020/07/1595828515196.jpg",
    "title": "Bronze Plaque"
  },
  {
    "id": "1595828257720",
    "img": "https://www.forevershining.com.au/design/saved-designs/screenshots/2020/07/1595828257720.jpg",
    "title": "Bronze Plaque"
  },
  {
    "id": "1595828360572",
    "img": "https://www.forevershining.com.au/design/saved-designs/screenshots/2020/07/1595828360572.jpg",
    "title": "Bronze Plaque"
  },
  {
    "id": "1589977663661",
    "img": "https://www.forevershining.com.au/design/saved-designs/screenshots/1589977663661.jpg",
    "title": "Bronze Plaque"
  },
  {
    "id": "1586772324943",
    "img": "https://www.forevershining.com.au/design/saved-designs/screenshots/1586772324943.jpg",
    "title": "Bronze Plaque"
  },
  {
    "id": "1586758440953",
    "img": "https://www.forevershining.com.au/design/saved-designs/screenshots/1586758440953.jpg",
    "title": "Bronze Plaque"
  },
  {
    "id": "1583835934729",
    "img": "https://www.forevershining.com.au/design/saved-designs/screenshots/1583835934729.jpg",
    "title": "Bronze Plaque"
  }
]