[
  {
    "id": "1669823803949",
    "img": "https://www.forevershining.com.au/design/saved-designs/screenshots/2022/11/1669823803949.jpg",
    "title": "Traditional Engraved Granite Plaque"
  },
  {
    "id": "1668518175257",
    "img": "https://www.forevershining.com.au/design/saved-designs/screenshots/2022/11/1668518175257.jpg",
    "title": "Traditional Engraved Granite Plaque"
  },
  {
    "id": "1655780727200",
    "img": "https://www.forevershining.com.au/design/saved-designs/screenshots/2022/06/1655780727200.jpg",
    "title": "Traditional Engraved Granite Plaque"
  },
  {
    "id": "1655780376000",
    "img": "https://www.forevershining.com.au/design/saved-designs/screenshots/2022/06/1655780376000.jpg",
    "title": "Traditional Engraved Granite Plaque"
  }
]