[
  {
    "id": "1692316877637",
    "img": "https://www.forevershining.com.au/design/saved-designs/screenshots/2023/08/1692316877637.jpg",
    "title": "Laser Etched Black Granite Headstone"
  },
  {
    "id": "1680929575952",
    "img": "https://www.forevershining.com.au/design/saved-designs/screenshots/2023/04/1680929575952.jpg",
    "title": "Laser Etched Black Granite Headstone"
  },
  {
    "id": "1680921815508",
    "img": "https://www.forevershining.com.au/design/saved-designs/screenshots/2023/04/1680921815508.jpg",
    "title": "Laser Etched Black Granite Headstone"
  },
  {
    "id": "1672830935284",
    "img": "https://www.forevershining.com.au/design/saved-designs/screenshots/2023/01/1672830935284.jpg",
    "title": "Laser Etched Black Granite Headstone"
  },
  {
    "id": "1669127497171",
    "img": "https://www.forevershining.com.au/design/saved-designs/screenshots/2022/11/1669127497171.jpg",
    "title": "Laser Etched Black Granite Headstone"
  },
  {
    "id": "1667809515563",
    "img": "https://www.forevershining.com.au/design/saved-designs/screenshots/2022/11/1667809515563.jpg",
    "title": "Laser Etched Black Granite Headstone"
  },
  {
    "id": "1663772538083",
    "img": "https://www.forevershining.com.au/design/saved-designs/screenshots/2022/09/1663772538083.jpg",
    "title": "Laser Etched Black Granite Headstone"
  },
  {
    "id": "1650336552725",
    "img": "https://www.forevershining.com.au/design/saved-designs/screenshots/2022/04/1650336552725.jpg",
    "title": "Laser Etched Black Granite Headstone"
  },
  {
    "id": "1649535212145",
    "img": "https://www.forevershining.com.au/design/saved-designs/screenshots/2022/04/1649535212145.jpg",
    "title": "Laser Etched Black Granite Headstone"
  },
  {
    "id": "1649528844072",
    "img": "https://www.forevershining.com.au/design/saved-designs/screenshots/2022/04/1649528844072.jpg",
    "title": "Laser Etched Black Granite Headstone"
  },
  {
    "id": "1644851656726",
    "img": "https://www.forevershining.com.au/design/saved-designs/screenshots/2022/02/1644851656726.jpg",
    "title": "Laser Etched Black Granite Headstone"
  },
  {
    "id": "1640574851432",
    "img": "https://www.forevershining.com.au/design/saved-designs/screenshots/2021/12/1640574851432.jpg",
    "title": "Laser Etched Black Granite Headstone"
  },
  {
    "id": "1616674927049",
    "img": "https://www.forevershining.com.au/design/saved-designs/screenshots/2021/03/1616674927049.jpg",
    "title": "Laser Etched Black Granite Headstone"
  },
  {
    "id": "1615795414980",
    "img": "https://www.forevershining.com.au/design/saved-designs/screenshots/2021/03/1615795414980.jpg",
    "title": "Laser Etched Black Granite Headstone"
  },
  {
    "id": "1608677305620",
    "img": "https://www.forevershining.com.au/design/saved-designs/screenshots/2020/12/1608677305620.jpg",
    "title": "Laser Etched Black Granite Headstone"
  },
  {
    "id": "1595895279225",
    "img": "https://www.forevershining.com.au/design/saved-designs/screenshots/2020/07/1595895279225.jpg",
    "title": "Laser Etched Black Granite Headstone"
  },
  {
    "id": "1595180632498",
    "img": "https://www.forevershining.com.au/design/saved-designs/screenshots/2020/07/1595180632498.jpg",
    "title": "Laser Etched Black Granite Headstone"
  },
  {
    "id": "1592548657550",
    "img": "https://www.forevershining.com.au/design/undefined",
    "title": "Laser Etched Black Granite Headstone"
  },
  {
    "id": "1592533984092",
    "img": "https://www.forevershining.com.au/design/saved-designs/screenshots/1592533984092.jpg",
    "title": "Laser Etched Black Granite Headstone"
  },
  {
    "id": "1591341392648",
    "img": "https://www.forevershining.com.au/design/saved-designs/screenshots/1591341392648.jpg",
    "title": "Laser Etched Black Granite Headstone"
  },
  {
    "id": "1591313903992",
    "img": "https://www.forevershining.com.au/design/saved-designs/screenshots/1591313903992.jpg",
    "title": "Laser Etched Black Granite Headstone"
  },
  {
    "id": "1589787710434",
    "img": "https://www.forevershining.com.au/design/saved-designs/screenshots/1589787710434.jpg",
    "title": "Laser Etched Black Granite Headstone"
  },
  {
    "id": "1663770047537",
    "img": "https://www.forevershining.com.au/design/saved-designs/screenshots/2022/09/1663770047537.jpg",
    "title": "Laser Etched Black Granite Headstone"
  },
  {
    "id": "1663769723208",
    "img": "https://www.forevershining.com.au/design/saved-designs/screenshots/2022/09/1663769723208.jpg",
    "title": "Laser Etched Black Granite Headstone"
  },
  {
    "id": "1663756432363",
    "img": "https://www.forevershining.com.au/design/saved-designs/screenshots/2022/09/1663756432363.jpg",
    "title": "Laser Etched Black Granite Headstone"
  },
  {
    "id": "1592640229747",
    "img": "https://www.forevershining.com.au/design/saved-designs/screenshots/1592640229747.jpg",
    "title": "Laser Etched Black Granite Headstone"
  }
]