[
  {
    "id": "1675687323064",
    "img": "https://www.forevershining.com.au/design/saved-designs/screenshots/2023/02/1675687323064.jpg",
    "title": "Traditional Engraved Granite Headstone"
  },
  {
    "id": "1669374072962",
    "img": "https://www.forevershining.com.au/design/saved-designs/screenshots/2022/11/1669374072962.jpg",
    "title": "Traditional Engraved Granite Headstone"
  },
  {
    "id": "1668048817070",
    "img": "https://www.forevershining.com.au/design/saved-designs/screenshots/2022/11/1668048817070.jpg",
    "title": "Traditional Engraved Granite Headstone"
  },
  {
    "id": "1665473699612",
    "img": "https://www.forevershining.com.au/design/saved-designs/screenshots/2022/10/1665473699612.jpg",
    "title": "Traditional Engraved Granite Headstone"
  },
  {
    "id": "1665473020952",
    "img": "https://www.forevershining.com.au/design/saved-designs/screenshots/2022/10/1665473020952.jpg",
    "title": "Traditional Engraved Granite Headstone"
  },
  {
    "id": "1665472355928",
    "img": "https://www.forevershining.com.au/design/saved-designs/screenshots/2022/10/1665472355928.jpg",
    "title": "Traditional Engraved Granite Headstone"
  },
  {
    "id": "1658461456342",
    "img": "https://www.forevershining.com.au/design/saved-designs/screenshots/2022/07/1658461456342.jpg",
    "title": "Traditional Engraved Granite Headstone"
  },
  {
    "id": "1654574227754",
    "img": "https://www.forevershining.com.au/design/saved-designs/screenshots/2022/06/1654574227754.jpg",
    "title": "Traditional Engraved Granite Headstone"
  },
  {
    "id": "1654574133376",
    "img": "https://www.forevershining.com.au/design/saved-designs/screenshots/2022/06/1654574133376.jpg",
    "title": "Traditional Engraved Granite Headstone"
  },
  {
    "id": "1649780075538",
    "img": "https://www.forevershining.com.au/design/saved-designs/screenshots/2022/04/1649780075538.jpg",
    "title": "Traditional Engraved Granite Headstone"
  },
  {
    "id": "1620537504853",
    "img": "https://www.forevershining.com.au/design/saved-designs/screenshots/2021/05/1620537504853.jpg",
    "title": "Traditional Engraved Granite Headstone"
  },
  {
    "id": "1613512413804",
    "img": "https://www.forevershining.com.au/design/saved-designs/screenshots/2021/02/1613512413804.jpg",
    "title": "Traditional Engraved Granite Headstone"
  },
  {
    "id": "1613506585618",
    "img": "https://www.forevershining.com.au/design/saved-designs/screenshots/2021/02/1613506585618.jpg",
    "title": "Traditional Engraved Granite Headstone"
  },
  {
    "id": "1613505999645",
    "img": "https://www.forevershining.com.au/design/saved-designs/screenshots/2021/02/1613505999645.jpg",
    "title": "Traditional Engraved Granite Headstone"
  },
  {
    "id": "1613475414372",
    "img": "https://www.forevershining.com.au/design/saved-designs/screenshots/2021/02/1613475414372.jpg",
    "title": "Traditional Engraved Granite Headstone"
  },
  {
    "id": "1606130179686",
    "img": "https://www.forevershining.com.au/design/saved-designs/screenshots/2020/11/1606130179686.jpg",
    "title": "Traditional Engraved Granite Headstone"
  },
  {
    "id": "1595251987182",
    "img": "https://www.forevershining.com.au/design/saved-designs/screenshots/2020/07/1595251987182.jpg",
    "title": "Traditional Engraved Granite Headstone"
  },
  {
    "id": "1595242285199",
    "img": "https://www.forevershining.com.au/design/saved-designs/screenshots/2020/07/1595242285199.jpg",
    "title": "Traditional Engraved Granite Headstone"
  },
  {
    "id": "1590114631213",
    "img": "https://www.forevershining.com.au/design/saved-designs/screenshots/1590114631213.jpg",
    "title": "Traditional Engraved Granite Headstone"
  },
  {
    "id": "1580214221341",
    "img": "https://www.forevershining.com.au/design/saved-designs/screenshots/1580214221341.jpg",
    "title": "Traditional Engraved Granite Headstone"
  },
  {
    "id": "1580095205609",
    "img": "https://www.forevershining.com.au/design/undefined",
    "title": "Traditional Engraved Granite Headstone"
  },
  {
    "id": "1579873992666",
    "img": "https://www.forevershining.com.au/design/saved-designs/screenshots/1579873992666.jpg",
    "title": "Traditional Engraved Granite Headstone"
  }
]