[
  {
    "id": "1692969245544",
    "img": "https://www.forevershining.com.au/design/saved-designs/screenshots/2023/08/1692969245544.jpg",
    "title": "Traditional Engraved Granite Headstone"
  },
  {
    "id": "1692968186832",
    "img": "https://www.forevershining.com.au/design/saved-designs/screenshots/2023/08/1692968186832.jpg",
    "title": "Traditional Engraved Granite Headstone"
  },
  {
    "id": "1692967362666",
    "img": "https://www.forevershining.com.au/design/saved-designs/screenshots/2023/08/1692967362666.jpg",
    "title": "Traditional Engraved Granite Headstone"
  },
  {
    "id": "1715601172173",
    "img": "https://www.forevershining.com.au/design/saved-designs/screenshots/2024/05/1715601172173.jpg",
    "title": "Traditional Engraved Granite Headstone"
  },
  {
    "id": "1715600580290",
    "img": "https://www.forevershining.com.au/design/saved-designs/screenshots/2024/05/1715600580290.jpg",
    "title": "Traditional Engraved Granite Headstone"
  },
  {
    "id": "1676945505407",
    "img": "https://www.forevershining.com.au/design/saved-designs/screenshots/2023/02/1676945505407.jpg",
    "title": "Traditional Engraved Granite Headstone"
  },
  {
    "id": "1676849450307",
    "img": "https://www.forevershining.com.au/design/saved-designs/screenshots/2023/02/1676849450307.jpg",
    "title": "Traditional Engraved Granite Headstone"
  },
  {
    "id": "1676831677819",
    "img": "https://www.forevershining.com.au/design/saved-designs/screenshots/2023/02/1676831677819.jpg",
    "title": "Traditional Engraved Granite Headstone"
  },
  {
    "id": "1676243181260",
    "img": "https://www.forevershining.com.au/design/saved-designs/screenshots/2023/02/1676243181260.jpg",
    "title": "Traditional Engraved Granite Headstone"
  },
  {
    "id": "1676242097969",
    "img": "https://www.forevershining.com.au/design/saved-designs/screenshots/2023/02/1676242097969.jpg",
    "title": "Traditional Engraved Granite Headstone"
  },
  {
    "id": "1650165244028",
    "img": "https://www.forevershining.com.au/design/saved-designs/screenshots/2022/04/1650165244028.jpg",
    "title": "Traditional Engraved Granite Headstone"
  },
  {
    "id": "1650164827158",
    "img": "https://www.forevershining.com.au/design/saved-designs/screenshots/2022/04/1650164827158.jpg",
    "title": "Traditional Engraved Granite Headstone"
  },
  {
    "id": "1650163937643",
    "img": "https://www.forevershining.com.au/design/saved-designs/screenshots/2022/04/1650163937643.jpg",
    "title": "Traditional Engraved Granite Headstone"
  },
  {
    "id": "1650163736251",
    "img": "https://www.forevershining.com.au/design/saved-designs/screenshots/2022/04/1650163736251.jpg",
    "title": "Traditional Engraved Granite Headstone"
  },
  {
    "id": "1650162791901",
    "img": "https://www.forevershining.com.au/design/saved-designs/screenshots/2022/04/1650162791901.jpg",
    "title": "Traditional Engraved Granite Headstone"
  },
  {
    "id": "1650161797652",
    "img": "https://www.forevershining.com.au/design/saved-designs/screenshots/2022/04/1650161797652.jpg",
    "title": "Traditional Engraved Granite Headstone"
  },
  {
    "id": "1650158535941",
    "img": "https://www.forevershining.com.au/design/saved-designs/screenshots/2022/04/1650158535941.jpg",
    "title": "Traditional Engraved Granite Headstone"
  },
  {
    "id": "1650149709392",
    "img": "https://www.forevershining.com.au/design/saved-designs/screenshots/2022/04/1650149709392.jpg",
    "title": "Traditional Engraved Granite Headstone"
  },
  {
    "id": "1650146718264",
    "img": "https://www.forevershining.com.au/design/saved-designs/screenshots/2022/04/1650146718264.jpg",
    "title": "Traditional Engraved Granite Headstone"
  },
  {
    "id": "1644305845677",
    "img": "https://www.forevershining.com.au/design/saved-designs/screenshots/2022/02/1644305845677.jpg",
    "title": "Traditional Engraved Granite Headstone"
  },
  {
    "id": "1644305742331",
    "img": "https://www.forevershining.com.au/design/saved-designs/screenshots/2022/02/1644305742331.jpg",
    "title": "Traditional Engraved Granite Headstone"
  },
  {
    "id": "1644238842045",
    "img": "https://www.forevershining.com.au/design/saved-designs/screenshots/2022/02/1644238842045.jpg",
    "title": "Traditional Engraved Granite Headstone"
  },
  {
    "id": "1644238387375",
    "img": "https://www.forevershining.com.au/design/saved-designs/screenshots/2022/02/1644238387375.jpg",
    "title": "Traditional Engraved Granite Headstone"
  },
  {
    "id": "1626954390175",
    "img": "https://www.forevershining.com.au/design/saved-designs/screenshots/2021/07/1626954390175.jpg",
    "title": "Traditional Engraved Granite Headstone"
  },
  {
    "id": "1625307808441",
    "img": "https://www.forevershining.com.au/design/saved-designs/screenshots/2021/07/1625307808441.jpg",
    "title": "Traditional Engraved Granite Headstone"
  },
  {
    "id": "1615804714624",
    "img": "https://www.forevershining.com.au/design/saved-designs/screenshots/2021/03/1615804714624.jpg",
    "title": "Traditional Engraved Granite Headstone"
  },
  {
    "id": "1615781090769",
    "img": "https://www.forevershining.com.au/design/saved-designs/screenshots/2021/03/1615781090769.jpg",
    "title": "Traditional Engraved Granite Headstone"
  },
  {
    "id": "1615780932048",
    "img": "https://www.forevershining.com.au/design/saved-designs/screenshots/2021/03/1615780932048.jpg",
    "title": "Traditional Engraved Granite Headstone"
  },
  {
    "id": "1615776070686",
    "img": "https://www.forevershining.com.au/design/saved-designs/screenshots/2021/03/1615776070686.jpg",
    "title": "Traditional Engraved Granite Headstone"
  },
  {
    "id": "1609731367542",
    "img": "https://www.forevershining.com.au/design/saved-designs/screenshots/2021/01/1609731367542.jpg",
    "title": "Traditional Engraved Granite Headstone"
  },
  {
    "id": "1609521978740",
    "img": "https://www.forevershining.com.au/design/saved-designs/screenshots/2021/01/1609521978740.jpg",
    "title": "Traditional Engraved Granite Headstone"
  },
  {
    "id": "1606361521760",
    "img": "https://www.forevershining.com.au/design/saved-designs/screenshots/2020/11/1606361521760.jpg",
    "title": "Traditional Engraved Granite Headstone"
  },
  {
    "id": "1597613446063",
    "img": "https://www.forevershining.com.au/design/saved-designs/screenshots/2020/08/1597613446063.jpg",
    "title": "Traditional Engraved Granite Headstone"
  },
  {
    "id": "1597609749055",
    "img": "https://www.forevershining.com.au/design/saved-designs/screenshots/2020/08/1597609749055.jpg",
    "title": "Traditional Engraved Granite Headstone"
  },
  {
    "id": "1597573022772",
    "img": "https://www.forevershining.com.au/design/saved-designs/screenshots/2020/08/1597573022772.jpg",
    "title": "Traditional Engraved Granite Headstone"
  },
  {
    "id": "1595826700748",
    "img": "https://www.forevershining.com.au/design/saved-designs/screenshots/2020/07/1595826700748.jpg",
    "title": "Traditional Engraved Granite Headstone"
  },
  {
    "id": "1583897804255",
    "img": "https://www.forevershining.com.au/design/saved-designs/screenshots/1583897804255.jpg",
    "title": "Traditional Engraved Granite Headstone"
  }
]