[
  {
    "id": "1716946233631",
    "img": "https://www.forevershining.com.au/design/saved-designs/screenshots/2024/05/1716946233631.jpg",
    "title": "Laser Etched Black Granite Headstone"
  },
  {
    "id": "1708575166215",
    "img": "https://www.forevershining.com.au/design/saved-designs/screenshots/2024/02/1708575166215.jpg",
    "title": "Laser Etched Black Granite Headstone"
  },
  {
    "id": "1706930553533",
    "img": "https://www.forevershining.com.au/design/saved-designs/screenshots/2024/02/1706930553533.jpg",
    "title": "Laser Etched Black Granite Headstone"
  },
  {
    "id": "1706415220025",
    "img": "https://www.forevershining.com.au/design/saved-designs/screenshots/2024/01/1706415220025.jpg",
    "title": "Laser Etched Black Granite Headstone"
  },
  {
    "id": "1706411358412",
    "img": "https://www.forevershining.com.au/design/saved-designs/screenshots/2024/01/1706411358412.jpg",
    "title": "Laser Etched Black Granite Headstone"
  },
  {
    "id": "1706406866474",
    "img": "https://www.forevershining.com.au/design/saved-designs/screenshots/2024/01/1706406866474.jpg",
    "title": "Laser Etched Black Granite Headstone"
  },
  {
    "id": "1704168930559",
    "img": "https://www.forevershining.com.au/design/saved-designs/screenshots/2024/01/1704168930559.jpg",
    "title": "Laser Etched Black Granite Headstone"
  },
  {
    "id": "1704171234802",
    "img": "https://www.forevershining.com.au/design/saved-designs/screenshots/2024/01/1704171234802.jpg",
    "title": "Laser Etched Black Granite Headstone"
  },
  {
    "id": "1704171121353",
    "img": "https://www.forevershining.com.au/design/saved-designs/screenshots/2024/01/1704171121353.jpg",
    "title": "Laser Etched Black Granite Headstone"
  },
  {
    "id": "1704170203569",
    "img": "https://www.forevershining.com.au/design/saved-designs/screenshots/2024/01/1704170203569.jpg",
    "title": "Laser Etched Black Granite Headstone"
  },
  {
    "id": "1704093046509",
    "img": "https://www.forevershining.com.au/design/saved-designs/screenshots/2024/01/1704093046509.jpg",
    "title": "Laser Etched Black Granite Headstone"
  },
  {
    "id": "1704092823034",
    "img": "https://www.forevershining.com.au/design/saved-designs/screenshots/2024/01/1704092823034.jpg",
    "title": "Laser Etched Black Granite Headstone"
  },
  {
    "id": "1704092098779",
    "img": "https://www.forevershining.com.au/design/saved-designs/screenshots/2024/01/1704092098779.jpg",
    "title": "Laser Etched Black Granite Headstone"
  },
  {
    "id": "1704091729840",
    "img": "https://www.forevershining.com.au/design/saved-designs/screenshots/2024/01/1704091729840.jpg",
    "title": "Laser Etched Black Granite Headstone"
  },
  {
    "id": "1704090487598",
    "img": "https://www.forevershining.com.au/design/saved-designs/screenshots/2024/01/1704090487598.jpg",
    "title": "Laser Etched Black Granite Headstone"
  },
  {
    "id": "1701245808712",
    "img": "https://www.forevershining.com.au/design/saved-designs/screenshots/2023/11/1701245808712.jpg",
    "title": "Laser Etched Black Granite Headstone"
  },
  {
    "id": "1701092681994",
    "img": "https://www.forevershining.com.au/design/saved-designs/screenshots/2023/11/1701092681994.jpg",
    "title": "Laser Etched Black Granite Headstone"
  },
  {
    "id": "1697865193816",
    "img": "https://www.forevershining.com.au/design/saved-designs/screenshots/2023/10/1697865193816.jpg",
    "title": "Laser Etched Black Granite Headstone"
  },
  {
    "id": "1697634174655",
    "img": "https://www.forevershining.com.au/design/saved-designs/screenshots/2023/10/1697634174655.jpg",
    "title": "Laser Etched Black Granite Headstone"
  },
  {
    "id": "1697624183275",
    "img": "https://www.forevershining.com.au/design/saved-designs/screenshots/2023/10/1697624183275.jpg",
    "title": "Laser Etched Black Granite Headstone"
  },
  {
    "id": "1697620284064",
    "img": "https://www.forevershining.com.au/design/saved-designs/screenshots/2023/10/1697620284064.jpg",
    "title": "Laser Etched Black Granite Headstone"
  },
  {
    "id": "1697419586962",
    "img": "https://www.forevershining.com.au/design/saved-designs/screenshots/2023/10/1697419586962.jpg",
    "title": "Laser Etched Black Granite Headstone"
  },
  {
    "id": "1691804968739",
    "img": "https://www.forevershining.com.au/design/saved-designs/screenshots/2023/08/1691804968739.jpg",
    "title": "Laser Etched Black Granite Headstone"
  },
  {
    "id": "1683615768889",
    "img": "https://www.forevershining.com.au/design/saved-designs/screenshots/2023/05/1683615768889.jpg",
    "title": "Laser Etched Black Granite Headstone"
  },
  {
    "id": "1679490868941",
    "img": "https://www.forevershining.com.au/design/saved-designs/screenshots/2023/03/1679490868941.jpg",
    "title": "Laser Etched Black Granite Headstone"
  },
  {
    "id": "1677498421141",
    "img": "https://www.forevershining.com.au/design/saved-designs/screenshots/2023/02/1677498421141.jpg",
    "title": "Laser Etched Black Granite Headstone"
  },
  {
    "id": "1675431035697",
    "img": "https://www.forevershining.com.au/design/saved-designs/screenshots/2023/02/1675431035697.jpg",
    "title": "Laser Etched Black Granite Headstone"
  },
  {
    "id": "1673862614593",
    "img": "https://www.forevershining.com.au/design/saved-designs/screenshots/2023/01/1673862614593.jpg",
    "title": "Laser Etched Black Granite Headstone"
  },
  {
    "id": "1673270814542",
    "img": "https://www.forevershining.com.au/design/saved-designs/screenshots/2023/01/1673270814542.jpg",
    "title": "Laser Etched Black Granite Headstone"
  },
  {
    "id": "1672532423887",
    "img": "https://www.forevershining.com.au/design/saved-designs/screenshots/2023/01/1672532423887.jpg",
    "title": "Laser Etched Black Granite Headstone"
  },
  {
    "id": "1672526859676",
    "img": "https://www.forevershining.com.au/design/saved-designs/screenshots/2023/01/1672526859676.jpg",
    "title": "Laser Etched Black Granite Headstone"
  },
  {
    "id": "1670478717205",
    "img": "https://www.forevershining.com.au/design/saved-designs/screenshots/2022/12/1670478717205.jpg",
    "title": "Laser Etched Black Granite Headstone"
  },
  {
    "id": "1668505271783",
    "img": "https://www.forevershining.com.au/design/saved-designs/screenshots/2022/11/1668505271783.jpg",
    "title": "Laser Etched Black Granite Headstone"
  },
  {
    "id": "1667899747357",
    "img": "https://www.forevershining.com.au/design/saved-designs/screenshots/2022/11/1667899747357.jpg",
    "title": "Laser Etched Black Granite Headstone"
  },
  {
    "id": "1667899544726",
    "img": "https://www.forevershining.com.au/design/saved-designs/screenshots/2022/11/1667899544726.jpg",
    "title": "Laser Etched Black Granite Headstone"
  },
  {
    "id": "1667899487443",
    "img": "https://www.forevershining.com.au/design/saved-designs/screenshots/2022/11/1667899487443.jpg",
    "title": "Laser Etched Black Granite Headstone"
  },
  {
    "id": "1667899280972",
    "img": "https://www.forevershining.com.au/design/saved-designs/screenshots/2022/11/1667899280972.jpg",
    "title": "Laser Etched Black Granite Headstone"
  },
  {
    "id": "1660502017610",
    "img": "https://www.forevershining.com.au/design/saved-designs/screenshots/2022/08/1660502017610.jpg",
    "title": "Laser Etched Black Granite Headstone"
  },
  {
    "id": "1658740094438",
    "img": "https://www.forevershining.com.au/design/saved-designs/screenshots/2022/07/1658740094438.jpg",
    "title": "Laser Etched Black Granite Headstone"
  },
  {
    "id": "1657195043983",
    "img": "https://www.forevershining.com.au/design/saved-designs/screenshots/2022/07/1657195043983.jpg",
    "title": "Laser Etched Black Granite Headstone"
  },
  {
    "id": "1657193741836",
    "img": "https://www.forevershining.com.au/design/saved-designs/screenshots/2022/07/1657193741836.jpg",
    "title": "Laser Etched Black Granite Headstone"
  },
  {
    "id": "1656599428596",
    "img": "https://www.forevershining.com.au/design/saved-designs/screenshots/2022/06/1656599428596.jpg",
    "title": "Laser Etched Black Granite Headstone"
  },
  {
    "id": "1656598262789",
    "img": "https://www.forevershining.com.au/design/saved-designs/screenshots/2022/06/1656598262789.jpg",
    "title": "Laser Etched Black Granite Headstone"
  },
  {
    "id": "1653265924165",
    "img": "https://www.forevershining.com.au/design/saved-designs/screenshots/2022/05/1653265924165.jpg",
    "title": "Laser Etched Black Granite Headstone"
  },
  {
    "id": "1653212004354",
    "img": "https://www.forevershining.com.au/design/saved-designs/screenshots/2022/05/1653212004354.jpg",
    "title": "Laser Etched Black Granite Headstone"
  },
  {
    "id": "1652667287771",
    "img": "https://www.forevershining.com.au/design/saved-designs/screenshots/2022/05/1652667287771.jpg",
    "title": "Laser Etched Black Granite Headstone"
  },
  {
    "id": "1652148135892",
    "img": "https://www.forevershining.com.au/design/saved-designs/screenshots/2022/05/1652148135892.jpg",
    "title": "Laser Etched Black Granite Headstone"
  },
  {
    "id": "1652058787104",
    "img": "https://www.forevershining.com.au/design/saved-designs/screenshots/2022/05/1652058787104.jpg",
    "title": "Laser Etched Black Granite Headstone"
  },
  {
    "id": "1651007316353",
    "img": "https://www.forevershining.com.au/design/saved-designs/screenshots/2022/04/1651007316353.jpg",
    "title": "Laser Etched Black Granite Headstone"
  },
  {
    "id": "1650988972848",
    "img": "https://www.forevershining.com.au/design/saved-designs/screenshots/2022/04/1650988972848.jpg",
    "title": "Laser Etched Black Granite Headstone"
  },
  {
    "id": "1643352176735",
    "img": "https://www.forevershining.com.au/design/saved-designs/screenshots/2022/01/1643352176735.jpg",
    "title": "Laser Etched Black Granite Headstone"
  },
  {
    "id": "1643273913564",
    "img": "https://www.forevershining.com.au/design/saved-designs/screenshots/2022/01/1643273913564.jpg",
    "title": "Laser Etched Black Granite Headstone"
  },
  {
    "id": "1641544822499",
    "img": "https://www.forevershining.com.au/design/saved-designs/screenshots/2022/01/1641544822499.jpg",
    "title": "Laser Etched Black Granite Headstone"
  },
  {
    "id": "1635144666191",
    "img": "https://www.forevershining.com.au/design/saved-designs/screenshots/2021/10/1635144666191.jpg",
    "title": "Laser Etched Black Granite Headstone"
  },
  {
    "id": "1635082910450",
    "img": "https://www.forevershining.com.au/design/saved-designs/screenshots/2021/10/1635082910450.jpg",
    "title": "Laser Etched Black Granite Headstone"
  },
  {
    "id": "1633585650353",
    "img": "https://www.forevershining.com.au/design/saved-designs/screenshots/2021/10/1633585650353.jpg",
    "title": "Laser Etched Black Granite Headstone"
  },
  {
    "id": "1626417914040",
    "img": "https://www.forevershining.com.au/design/saved-designs/screenshots/2021/07/1626417914040.jpg",
    "title": "Laser Etched Black Granite Headstone"
  },
  {
    "id": "1624501132852",
    "img": "https://www.forevershining.com.au/design/saved-designs/screenshots/2021/06/1624501132852.jpg",
    "title": "Laser Etched Black Granite Headstone"
  },
  {
    "id": "1623321358529",
    "img": "https://www.forevershining.com.au/design/saved-designs/screenshots/2021/06/1623321358529.jpg",
    "title": "Laser Etched Black Granite Headstone"
  },
  {
    "id": "1623320242842",
    "img": "https://www.forevershining.com.au/design/saved-designs/screenshots/2021/06/1623320242842.jpg",
    "title": "Laser Etched Black Granite Headstone"
  },
  {
    "id": "1620484294230",
    "img": "https://www.forevershining.com.au/design/saved-designs/screenshots/2021/05/1620484294230.jpg",
    "title": "Laser Etched Black Granite Headstone"
  },
  {
    "id": "1620067943307",
    "img": "https://www.forevershining.com.au/design/saved-designs/screenshots/2021/05/1620067943307.jpg",
    "title": "Laser Etched Black Granite Headstone"
  },
  {
    "id": "1620018392951",
    "img": "https://www.forevershining.com.au/design/saved-designs/screenshots/2021/05/1620018392951.jpg",
    "title": "Laser Etched Black Granite Headstone"
  },
  {
    "id": "1620017025629",
    "img": "https://www.forevershining.com.au/design/saved-designs/screenshots/2021/05/1620017025629.jpg",
    "title": "Laser Etched Black Granite Headstone"
  },
  {
    "id": "1620015829734",
    "img": "https://www.forevershining.com.au/design/saved-designs/screenshots/2021/05/1620015829734.jpg",
    "title": "Laser Etched Black Granite Headstone"
  },
  {
    "id": "1620015098503",
    "img": "https://www.forevershining.com.au/design/saved-designs/screenshots/2021/05/1620015098503.jpg",
    "title": "Laser Etched Black Granite Headstone"
  },
  {
    "id": "1620014691815",
    "img": "https://www.forevershining.com.au/design/saved-designs/screenshots/2021/05/1620014691815.jpg",
    "title": "Laser Etched Black Granite Headstone"
  },
  {
    "id": "1618047952173",
    "img": "https://www.forevershining.com.au/design/saved-designs/screenshots/2021/04/1618047952173.jpg",
    "title": "Laser Etched Black Granite Headstone"
  },
  {
    "id": "1618047361280",
    "img": "https://www.forevershining.com.au/design/saved-designs/screenshots/2021/04/1618047361280.jpg",
    "title": "Laser Etched Black Granite Headstone"
  },
  {
    "id": "1618005073649",
    "img": "https://www.forevershining.com.au/design/saved-designs/screenshots/2021/04/1618005073649.jpg",
    "title": "Laser Etched Black Granite Headstone"
  },
  {
    "id": "1613870765433",
    "img": "https://www.forevershining.com.au/design/saved-designs/screenshots/2021/02/1613870765433.jpg",
    "title": "Laser Etched Black Granite Headstone"
  },
  {
    "id": "1613433432537",
    "img": "https://www.forevershining.com.au/design/saved-designs/screenshots/2021/02/1613433432537.jpg",
    "title": "Laser Etched Black Granite Headstone"
  },
  {
    "id": "1608376798343",
    "img": "https://www.forevershining.com.au/design/saved-designs/screenshots/2020/12/1608376798343.jpg",
    "title": "Laser Etched Black Granite Headstone"
  },
  {
    "id": "1608375937823",
    "img": "https://www.forevershining.com.au/design/saved-designs/screenshots/2020/12/1608375937823.jpg",
    "title": "Laser Etched Black Granite Headstone"
  },
  {
    "id": "1603240532896",
    "img": "https://www.forevershining.com.au/design/saved-designs/screenshots/1603240532896.jpg",
    "title": "Laser Etched Black Granite Headstone"
  },
  {
    "id": "1603190206420",
    "img": "https://www.forevershining.com.au/design/saved-designs/screenshots/2020/10/1603190206420.jpg",
    "title": "Laser Etched Black Granite Headstone"
  },
  {
    "id": "1599011333384",
    "img": "https://www.forevershining.com.au/design/saved-designs/screenshots/2020/09/1599011333384.jpg",
    "title": "Laser Etched Black Granite Headstone"
  },
  {
    "id": "1599000548103",
    "img": "https://www.forevershining.com.au/design/saved-designs/screenshots/1599000548103.jpg",
    "title": "Laser Etched Black Granite Headstone"
  },
  {
    "id": "1598977206591",
    "img": "https://www.forevershining.com.au/design/saved-designs/screenshots/2020/09/1598977206591.jpg",
    "title": "Laser Etched Black Granite Headstone"
  },
  {
    "id": "1598936415503",
    "img": "https://www.forevershining.com.au/design/saved-designs/screenshots/2020/09/1598936415503.jpg",
    "title": "Laser Etched Black Granite Headstone"
  },
  {
    "id": "1598928890462",
    "img": "https://www.forevershining.com.au/design/saved-designs/screenshots/1598928890462.jpg",
    "title": "Laser Etched Black Granite Headstone"
  },
  {
    "id": "1598863255145",
    "img": "https://www.forevershining.com.au/design/undefined",
    "title": "Laser Etched Black Granite Headstone"
  },
  {
    "id": "1593656070811",
    "img": "https://www.forevershining.com.au/design/saved-designs/screenshots/2020/07/1593656070811.jpg",
    "title": "Laser Etched Black Granite Headstone"
  },
  {
    "id": "1590071258114",
    "img": "https://www.forevershining.com.au/design/saved-designs/screenshots/1590071258114.jpg",
    "title": "Laser Etched Black Granite Headstone"
  },
  {
    "id": "1590069108820",
    "img": "https://www.forevershining.com.au/design/saved-designs/screenshots/1590069108820.jpg",
    "title": "Laser Etched Black Granite Headstone"
  },
  {
    "id": "1584318072804",
    "img": "https://www.forevershining.com.au/design/saved-designs/screenshots/1584318072804.jpg",
    "title": "Laser Etched Black Granite Headstone"
  },
  {
    "id": "1681121096276",
    "img": "https://www.forevershining.com.au/design/saved-designs/screenshots/2023/04/1681121096276.jpg",
    "title": "Laser Etched Black Granite Headstone"
  },
  {
    "id": "1681120827971",
    "img": "https://www.forevershining.com.au/design/saved-designs/screenshots/2023/04/1681120827971.jpg",
    "title": "Laser Etched Black Granite Headstone"
  },
  {
    "id": "1681116870689",
    "img": "https://www.forevershining.com.au/design/saved-designs/screenshots/2023/04/1681116870689.jpg",
    "title": "Laser Etched Black Granite Headstone"
  },
  {
    "id": "1630302186584",
    "img": "https://www.forevershining.com.au/design/saved-designs/screenshots/2021/08/1630302186584.jpg",
    "title": "Laser Etched Black Granite Headstone"
  },
  {
    "id": "1598989080459",
    "img": "https://www.forevershining.com.au/design/saved-designs/screenshots/2020/09/1598989080459.jpg",
    "title": "Laser Etched Black Granite Headstone"
  }
]