[
  {
    "id": "1708147481875",
    "img": "https://www.forevershining.com.au/design/saved-designs/screenshots/2024/02/1708147481875.jpg",
    "title": "Traditional Engraved Granite Headstone"
  },
  {
    "id": "1708146037540",
    "img": "https://www.forevershining.com.au/design/saved-designs/screenshots/2024/02/1708146037540.jpg",
    "title": "Traditional Engraved Granite Headstone"
  },
  {
    "id": "1708145940155",
    "img": "https://www.forevershining.com.au/design/saved-designs/screenshots/2024/02/1708145940155.jpg",
    "title": "Traditional Engraved Granite Headstone"
  },
  {
    "id": "1708145723761",
    "img": "https://www.forevershining.com.au/design/saved-designs/screenshots/2024/02/1708145723761.jpg",
    "title": "Traditional Engraved Granite Headstone"
  },
  {
    "id": "1708143919817",
    "img": "https://www.forevershining.com.au/design/saved-designs/screenshots/2024/02/1708143919817.jpg",
    "title": "Traditional Engraved Granite Headstone"
  },
  {
    "id": "1698230918296",
    "img": "https://www.forevershining.com.au/design/saved-designs/screenshots/2023/10/1698230918296.jpg",
    "title": "Traditional Engraved Granite Headstone"
  },
  {
    "id": "1689935476286",
    "img": "https://www.forevershining.com.au/design/saved-designs/screenshots/2023/07/1689935476286.jpg",
    "title": "Traditional Engraved Granite Headstone"
  },
  {
    "id": "1689935243045",
    "img": "https://www.forevershining.com.au/design/saved-designs/screenshots/2023/07/1689935243045.jpg",
    "title": "Traditional Engraved Granite Headstone"
  },
  {
    "id": "1689933188891",
    "img": "https://www.forevershining.com.au/design/saved-designs/screenshots/2023/07/1689933188891.jpg",
    "title": "Traditional Engraved Granite Headstone"
  },
  {
    "id": "1689886046766",
    "img": "https://www.forevershining.com.au/design/saved-designs/screenshots/2023/07/1689886046766.jpg",
    "title": "Traditional Engraved Granite Headstone"
  },
  {
    "id": "1681793363747",
    "img": "https://www.forevershining.com.au/design/saved-designs/screenshots/2023/04/1681793363747.jpg",
    "title": "Traditional Engraved Granite Headstone"
  },
  {
    "id": "1681792684774",
    "img": "https://www.forevershining.com.au/design/saved-designs/screenshots/2023/04/1681792684774.jpg",
    "title": "Traditional Engraved Granite Headstone"
  },
  {
    "id": "1681790877929",
    "img": "https://www.forevershining.com.au/design/saved-designs/screenshots/2023/04/1681790877929.jpg",
    "title": "Traditional Engraved Granite Headstone"
  },
  {
    "id": "1675947492845",
    "img": "https://www.forevershining.com.au/design/saved-designs/screenshots/2023/02/1675947492845.jpg",
    "title": "Traditional Engraved Granite Headstone"
  },
  {
    "id": "1674553653078",
    "img": "https://www.forevershining.com.au/design/saved-designs/screenshots/2023/01/1674553653078.jpg",
    "title": "Traditional Engraved Granite Headstone"
  },
  {
    "id": "1673954600642",
    "img": "https://www.forevershining.com.au/design/saved-designs/screenshots/2023/01/1673954600642.jpg",
    "title": "Traditional Engraved Granite Headstone"
  },
  {
    "id": "1662429494317",
    "img": "https://www.forevershining.com.au/design/saved-designs/screenshots/2022/09/1662429494317.jpg",
    "title": "Traditional Engraved Granite Headstone"
  },
  {
    "id": "1653449633988",
    "img": "https://www.forevershining.com.au/design/saved-designs/screenshots/2022/05/1653449633988.jpg",
    "title": "Traditional Engraved Granite Headstone"
  },
  {
    "id": "1625305493105",
    "img": "https://www.forevershining.com.au/design/saved-designs/screenshots/2021/07/1625305493105.jpg",
    "title": "Traditional Engraved Granite Headstone"
  },
  {
    "id": "1623377678331",
    "img": "https://www.forevershining.com.au/design/saved-designs/screenshots/2021/06/1623377678331.jpg",
    "title": "Traditional Engraved Granite Headstone"
  },
  {
    "id": "1621737285109",
    "img": "https://www.forevershining.com.au/design/saved-designs/screenshots/2021/05/1621737285109.jpg",
    "title": "Traditional Engraved Granite Headstone"
  },
  {
    "id": "1621558106756",
    "img": "https://www.forevershining.com.au/design/saved-designs/screenshots/2021/05/1621558106756.jpg",
    "title": "Traditional Engraved Granite Headstone"
  },
  {
    "id": "1621556756840",
    "img": "https://www.forevershining.com.au/design/saved-designs/screenshots/2021/05/1621556756840.jpg",
    "title": "Traditional Engraved Granite Headstone"
  },
  {
    "id": "1621495389830",
    "img": "https://www.forevershining.com.au/design/saved-designs/screenshots/2021/05/1621495389830.jpg",
    "title": "Traditional Engraved Granite Headstone"
  },
  {
    "id": "1615370635700",
    "img": "https://www.forevershining.com.au/design/saved-designs/screenshots/2021/03/1615370635700.jpg",
    "title": "Traditional Engraved Granite Headstone"
  },
  {
    "id": "1612781315569",
    "img": "https://www.forevershining.com.au/design/saved-designs/screenshots/2021/02/1612781315569.jpg",
    "title": "Traditional Engraved Granite Headstone"
  },
  {
    "id": "1612742433452",
    "img": "https://www.forevershining.com.au/design/saved-designs/screenshots/2021/02/1612742433452.jpg",
    "title": "Traditional Engraved Granite Headstone"
  },
  {
    "id": "1611569404885",
    "img": "https://www.forevershining.com.au/design/saved-designs/screenshots/2021/01/1611569404885.jpg",
    "title": "Traditional Engraved Granite Headstone"
  },
  {
    "id": "1611560395147",
    "img": "https://www.forevershining.com.au/design/saved-designs/screenshots/2021/01/1611560395147.jpg",
    "title": "Traditional Engraved Granite Headstone"
  },
  {
    "id": "1611560323920",
    "img": "https://www.forevershining.com.au/design/saved-designs/screenshots/2021/01/1611560323920.jpg",
    "title": "Traditional Engraved Granite Headstone"
  },
  {
    "id": "1611556513295",
    "img": "https://www.forevershining.com.au/design/saved-designs/screenshots/2021/01/1611556513295.jpg",
    "title": "Traditional Engraved Granite Headstone"
  },
  {
    "id": "1611029998226",
    "img": "https://www.forevershining.com.au/design/saved-designs/screenshots/2021/01/1611029998226.jpg",
    "title": "Traditional Engraved Granite Headstone"
  },
  {
    "id": "1611026935110",
    "img": "https://www.forevershining.com.au/design/saved-designs/screenshots/2021/01/1611026935110.jpg",
    "title": "Traditional Engraved Granite Headstone"
  },
  {
    "id": "1610577121299",
    "img": "https://www.forevershining.com.au/design/saved-designs/screenshots/2021/01/1610577121299.jpg",
    "title": "Traditional Engraved Granite Headstone"
  },
  {
    "id": "1606015146320",
    "img": "https://www.forevershining.com.au/design/saved-designs/screenshots/2020/11/1606015146320.jpg",
    "title": "Traditional Engraved Granite Headstone"
  },
  {
    "id": "1606007756862",
    "img": "https://www.forevershining.com.au/design/saved-designs/screenshots/2020/11/1606007756862.jpg",
    "title": "Traditional Engraved Granite Headstone"
  },
  {
    "id": "1604319454807",
    "img": "https://www.forevershining.com.au/design/saved-designs/screenshots/2020/11/1604319454807.jpg",
    "title": "Traditional Engraved Granite Headstone"
  },
  {
    "id": "1604276231398",
    "img": "https://www.forevershining.com.au/design/saved-designs/screenshots/2020/11/1604276231398.jpg",
    "title": "Traditional Engraved Granite Headstone"
  },
  {
    "id": "1604227399107",
    "img": "https://www.forevershining.com.au/design/saved-designs/screenshots/2020/11/1604227399107.jpg",
    "title": "Traditional Engraved Granite Headstone"
  },
  {
    "id": "1602682337707",
    "img": "https://www.forevershining.com.au/design/saved-designs/screenshots/2020/10/1602682337707.jpg",
    "title": "Traditional Engraved Granite Headstone"
  },
  {
    "id": "1602668664659",
    "img": "https://www.forevershining.com.au/design/saved-designs/screenshots/2020/10/1602668664659.jpg",
    "title": "Traditional Engraved Granite Headstone"
  },
  {
    "id": "1594957301943",
    "img": "https://www.forevershining.com.au/design/saved-designs/screenshots/2020/07/1594957301943.jpg",
    "title": "Traditional Engraved Granite Headstone"
  },
  {
    "id": "1592894508047",
    "img": "https://www.forevershining.com.au/design/saved-designs/screenshots/2020/06/1592894508047.jpg",
    "title": "Traditional Engraved Granite Headstone"
  },
  {
    "id": "1590042901665",
    "img": "https://www.forevershining.com.au/design/saved-designs/screenshots/1590042901665.jpg",
    "title": "Traditional Engraved Granite Headstone"
  },
  {
    "id": "1590041798812",
    "img": "https://www.forevershining.com.au/design/saved-designs/screenshots/1590041798812.jpg",
    "title": "Traditional Engraved Granite Headstone"
  },
  {
    "id": "1590034127405",
    "img": "https://www.forevershining.com.au/design/saved-designs/screenshots/1590034127405.jpg",
    "title": "Traditional Engraved Granite Headstone"
  },
  {
    "id": "1570697748238",
    "img": "https://www.forevershining.com.au/design/undefined",
    "title": "Traditional Engraved Granite Headstone"
  },
  {
    "id": "1570686250208",
    "img": "https://www.forevershining.com.au/design/saved-designs/screenshots/1570686250208.jpg",
    "title": "Traditional Engraved Granite Headstone"
  },
  {
    "id": "1570602623576",
    "img": "https://www.forevershining.com.au/design/saved-designs/screenshots/1570602623576.jpg",
    "title": "Traditional Engraved Granite Headstone"
  },
  {
    "id": "1570595140992",
    "img": "https://www.forevershining.com.au/design/saved-designs/screenshots/1570595140992.jpg",
    "title": "Traditional Engraved Granite Headstone"
  },
  {
    "id": "1570518833058",
    "img": "https://www.forevershining.com.au/design/saved-designs/screenshots/1570518833058.jpg",
    "title": "Traditional Engraved Granite Headstone"
  },
  {
    "id": "1570446032251",
    "img": "https://www.forevershining.com.au/design/saved-designs/screenshots/1570446032251.jpg",
    "title": "Traditional Engraved Granite Headstone"
  },
  {
    "id": "1570441299617",
    "img": "https://www.forevershining.com.au/design/saved-designs/screenshots/1570441299617.jpg",
    "title": "Traditional Engraved Granite Headstone"
  },
  {
    "id": "1570424015001",
    "img": "https://www.forevershining.com.au/design/saved-designs/screenshots/1570424015001.jpg",
    "title": "Traditional Engraved Granite Headstone"
  },
  {
    "id": "1570419136996",
    "img": "https://www.forevershining.com.au/design/saved-designs/screenshots/1570419136996.jpg",
    "title": "Traditional Engraved Granite Headstone"
  },
  {
    "id": "1570410096493",
    "img": "https://www.forevershining.com.au/design/saved-designs/screenshots/1570410096493.jpg",
    "title": "Traditional Engraved Granite Headstone"
  },
  {
    "id": "1570290300353",
    "img": "https://www.forevershining.com.au/design/saved-designs/screenshots/1570290300353.jpg",
    "title": "Traditional Engraved Granite Headstone"
  },
  {
    "id": "1570262295887",
    "img": "https://www.forevershining.com.au/design/saved-designs/screenshots/1570262295887.jpg",
    "title": "Traditional Engraved Granite Headstone"
  },
  {
    "id": "1570260060845",
    "img": "https://www.forevershining.com.au/design/saved-designs/screenshots/1570260060845.jpg",
    "title": "Traditional Engraved Granite Headstone"
  },
  {
    "id": "1570246972284",
    "img": "https://www.forevershining.com.au/design/saved-designs/screenshots/1570246972284.jpg",
    "title": "Traditional Engraved Granite Headstone"
  },
  {
    "id": "1570004876094",
    "img": "https://www.forevershining.com.au/design/saved-designs/screenshots/1570004876094.jpg",
    "title": "Traditional Engraved Granite Headstone"
  },
  {
    "id": "1569996077667",
    "img": "https://www.forevershining.com.au/design/saved-designs/screenshots/1569996077667.jpg",
    "title": "Traditional Engraved Granite Headstone"
  },
  {
    "id": "1569886785091",
    "img": "https://www.forevershining.com.au/design/saved-designs/screenshots/1569886785091.jpg",
    "title": "Traditional Engraved Granite Headstone"
  },
  {
    "id": "1569886450490",
    "img": "https://www.forevershining.com.au/design/saved-designs/screenshots/1569886450490.jpg",
    "title": "Traditional Engraved Granite Headstone"
  },
  {
    "id": "1569842572366",
    "img": "https://www.forevershining.com.au/design/saved-designs/screenshots/1569842572366.jpg",
    "title": "Traditional Engraved Granite Headstone"
  },
  {
    "id": "1569842456705",
    "img": "https://www.forevershining.com.au/design/saved-designs/screenshots/1569842456705.jpg",
    "title": "Traditional Engraved Granite Headstone"
  },
  {
    "id": "1569841674073",
    "img": "https://www.forevershining.com.au/design/saved-designs/screenshots/1569841674073.jpg",
    "title": "Traditional Engraved Granite Headstone"
  },
  {
    "id": "1569805977582",
    "img": "https://www.forevershining.com.au/design/saved-designs/screenshots/1569805977582.jpg",
    "title": "Traditional Engraved Granite Headstone"
  },
  {
    "id": "1569795612975",
    "img": "https://www.forevershining.com.au/design/saved-designs/screenshots/1569795612975.jpg",
    "title": "Traditional Engraved Granite Headstone"
  },
  {
    "id": "1569732826668",
    "img": "https://www.forevershining.com.au/design/saved-designs/screenshots/1569732826668.jpg",
    "title": "Traditional Engraved Granite Headstone"
  },
  {
    "id": "1569727136968",
    "img": "https://www.forevershining.com.au/design/saved-designs/screenshots/1569727136968.jpg",
    "title": "Traditional Engraved Granite Headstone"
  },
  {
    "id": "1569721264677",
    "img": "https://www.forevershining.com.au/design/saved-designs/screenshots/1569721264677.jpg",
    "title": "Traditional Engraved Granite Headstone"
  },
  {
    "id": "1569726018722",
    "img": "https://www.forevershining.com.au/design/saved-designs/screenshots/1569726018722.jpg",
    "title": "Traditional Engraved Granite Headstone"
  },
  {
    "id": "1569641621717",
    "img": "https://www.forevershining.com.au/design/saved-designs/screenshots/1569641621717.jpg",
    "title": "Traditional Engraved Granite Headstone"
  },
  {
    "id": "1569585506158",
    "img": "https://www.forevershining.com.au/design/saved-designs/screenshots/1569585506158.jpg",
    "title": "Traditional Engraved Granite Headstone"
  },
  {
    "id": "1569296116587",
    "img": "https://www.forevershining.com.au/design/saved-designs/screenshots/1569296116587.jpg",
    "title": "Traditional Engraved Granite Headstone"
  },
  {
    "id": "1569285651797",
    "img": "https://www.forevershining.com.au/design/saved-designs/screenshots/1569285651797.jpg",
    "title": "Traditional Engraved Granite Headstone"
  },
  {
    "id": "1569278345836",
    "img": "https://www.forevershining.com.au/design/saved-designs/screenshots/1569278345836.jpg",
    "title": "Traditional Engraved Granite Headstone"
  },
  {
    "id": "1569277834933",
    "img": "https://www.forevershining.com.au/design/saved-designs/screenshots/1569277834933.jpg",
    "title": "Traditional Engraved Granite Headstone"
  },
  {
    "id": "1569277061452",
    "img": "https://www.forevershining.com.au/design/saved-designs/screenshots/1569277061452.jpg",
    "title": "Traditional Engraved Granite Headstone"
  },
  {
    "id": "1569252215385",
    "img": "https://www.forevershining.com.au/design/saved-designs/screenshots/1569252215385.jpg",
    "title": "Traditional Engraved Granite Headstone"
  },
  {
    "id": "1569248246750",
    "img": "https://www.forevershining.com.au/design/saved-designs/screenshots/1569248246750.jpg",
    "title": "Traditional Engraved Granite Headstone"
  },
  {
    "id": "1569238814770",
    "img": "https://www.forevershining.com.au/design/saved-designs/screenshots/1569238814770.jpg",
    "title": "Traditional Engraved Granite Headstone"
  },
  {
    "id": "1569222771869",
    "img": "https://www.forevershining.com.au/design/saved-designs/screenshots/1569222771869.jpg",
    "title": "Traditional Engraved Granite Headstone"
  },
  {
    "id": "1569093654505",
    "img": "https://www.forevershining.com.au/design/saved-designs/screenshots/1569093654505.jpg",
    "title": "Traditional Engraved Granite Headstone"
  },
  {
    "id": "1569082835388",
    "img": "https://www.forevershining.com.au/design/saved-designs/screenshots/1569082835388.jpg",
    "title": "Traditional Engraved Granite Headstone"
  },
  {
    "id": "1569032591751",
    "img": "https://www.forevershining.com.au/design/saved-designs/screenshots/1569032591751.jpg",
    "title": "Traditional Engraved Granite Headstone"
  },
  {
    "id": "1569024930122",
    "img": "https://www.forevershining.com.au/design/saved-designs/screenshots/1569024930122.jpg",
    "title": "Traditional Engraved Granite Headstone"
  },
  {
    "id": "1568961754327",
    "img": "https://www.forevershining.com.au/design/saved-designs/screenshots/1568961754327.jpg",
    "title": "Traditional Engraved Granite Headstone"
  },
  {
    "id": "1568845975051",
    "img": "https://www.forevershining.com.au/design/saved-designs/screenshots/1568845975051.jpg",
    "title": "Traditional Engraved Granite Headstone"
  },
  {
    "id": "1568789219920",
    "img": "https://www.forevershining.com.au/design/saved-designs/screenshots/1568789219920.jpg",
    "title": "Traditional Engraved Granite Headstone"
  },
  {
    "id": "1568783204192",
    "img": "https://www.forevershining.com.au/design/saved-designs/screenshots/1568783204192.jpg",
    "title": "Traditional Engraved Granite Headstone"
  },
  {
    "id": "1568784947275",
    "img": "https://www.forevershining.com.au/design/saved-designs/screenshots/1568784947275.jpg",
    "title": "Traditional Engraved Granite Headstone"
  },
  {
    "id": "1568777551878",
    "img": "https://www.forevershining.com.au/design/saved-designs/screenshots/1568777551878.jpg",
    "title": "Traditional Engraved Granite Headstone"
  },
  {
    "id": "1568773377558",
    "img": "https://www.forevershining.com.au/design/saved-designs/screenshots/1568773377558.jpg",
    "title": "Traditional Engraved Granite Headstone"
  },
  {
    "id": "1568763375897",
    "img": "https://www.forevershining.com.au/design/saved-designs/screenshots/1568763375897.jpg",
    "title": "Traditional Engraved Granite Headstone"
  },
  {
    "id": "1568709951456",
    "img": "https://www.forevershining.com.au/design/saved-designs/screenshots/1568709951456.jpg",
    "title": "Traditional Engraved Granite Headstone"
  },
  {
    "id": "1568693322839",
    "img": "https://www.forevershining.com.au/design/saved-designs/screenshots/1568693322839.jpg",
    "title": "Traditional Engraved Granite Headstone"
  },
  {
    "id": "1568689537643",
    "img": "https://www.forevershining.com.au/design/saved-designs/screenshots/1568689537643.jpg",
    "title": "Traditional Engraved Granite Headstone"
  },
  {
    "id": "1568632090324",
    "img": "https://www.forevershining.com.au/design/saved-designs/screenshots/1568632090324.jpg",
    "title": "Traditional Engraved Granite Headstone"
  },
  {
    "id": "1568626742904",
    "img": "https://www.forevershining.com.au/design/saved-designs/screenshots/1568626742904.jpg",
    "title": "Traditional Engraved Granite Headstone"
  },
  {
    "id": "1568607610442",
    "img": "https://www.forevershining.com.au/design/saved-designs/screenshots/1568607610442.jpg",
    "title": "Traditional Engraved Granite Headstone"
  },
  {
    "id": "1568502923145",
    "img": "https://www.forevershining.com.au/design/saved-designs/screenshots/1568502923145.jpg",
    "title": "Traditional Engraved Granite Headstone"
  },
  {
    "id": "1568516153713",
    "img": "https://www.forevershining.com.au/design/saved-designs/screenshots/1568516153713.jpg",
    "title": "Traditional Engraved Granite Headstone"
  },
  {
    "id": "1568511914933",
    "img": "https://www.forevershining.com.au/design/saved-designs/screenshots/1568511914933.jpg",
    "title": "Traditional Engraved Granite Headstone"
  },
  {
    "id": "1568435743788",
    "img": "https://www.forevershining.com.au/design/saved-designs/screenshots/1568435743788.jpg",
    "title": "Traditional Engraved Granite Headstone"
  },
  {
    "id": "1568365401191",
    "img": "https://www.forevershining.com.au/design/saved-designs/screenshots/1568365401191.jpg",
    "title": "Traditional Engraved Granite Headstone"
  }
]