[
  {
    "id": "1708922882060",
    "img": "https://www.forevershining.com.au/design/saved-designs/screenshots/2024/02/1708922882060.jpg",
    "title": "Laser Etched Black Granite Headstone"
  },
  {
    "id": "1678441054344",
    "img": "https://www.forevershining.com.au/design/saved-designs/screenshots/2023/03/1678441054344.jpg",
    "title": "Laser Etched Black Granite Headstone"
  },
  {
    "id": "1662654124074",
    "img": "https://www.forevershining.com.au/design/saved-designs/screenshots/2022/09/1662654124074.jpg",
    "title": "Laser Etched Black Granite Headstone"
  }
]