[
  {
    "id": "1715914605512",
    "img": "https://www.forevershining.com.au/design/saved-designs/screenshots/2024/05/1715914605512.jpg",
    "title": "Laser Etched Black Granite Headstone"
  },
  {
    "id": "1675941752763",
    "img": "https://www.forevershining.com.au/design/saved-designs/screenshots/2023/02/1675941752763.jpg",
    "title": "Laser Etched Black Granite Headstone"
  },
  {
    "id": "1672312766599",
    "img": "https://www.forevershining.com.au/design/saved-designs/screenshots/2022/12/1672312766599.jpg",
    "title": "Laser Etched Black Granite Headstone"
  },
  {
    "id": "1665400832613",
    "img": "https://www.forevershining.com.au/design/saved-designs/screenshots/2022/10/1665400832613.jpg",
    "title": "Laser Etched Black Granite Headstone"
  },
  {
    "id": "1665383516390",
    "img": "https://www.forevershining.com.au/design/saved-designs/screenshots/2022/10/1665383516390.jpg",
    "title": "Laser Etched Black Granite Headstone"
  }
]