[
  {
    "id": "1691039073215",
    "img": "https://www.forevershining.com.au/design/saved-designs/screenshots/2023/08/1691039073215.jpg",
    "title": "Laser Etched Black Granite Headstone"
  },
  {
    "id": "1687320009081",
    "img": "https://www.forevershining.com.au/design/saved-designs/screenshots/2023/06/1687320009081.jpg",
    "title": "Laser Etched Black Granite Headstone"
  },
  {
    "id": "1685061137692",
    "img": "https://www.forevershining.com.au/design/saved-designs/screenshots/2023/05/1685061137692.jpg",
    "title": "Laser Etched Black Granite Headstone"
  },
  {
    "id": "1678094128662",
    "img": "https://www.forevershining.com.au/design/saved-designs/screenshots/2023/03/1678094128662.jpg",
    "title": "Laser Etched Black Granite Headstone"
  },
  {
    "id": "1678093812653",
    "img": "https://www.forevershining.com.au/design/saved-designs/screenshots/2023/03/1678093812653.jpg",
    "title": "Laser Etched Black Granite Headstone"
  },
  {
    "id": "1675341403907",
    "img": "https://www.forevershining.com.au/design/saved-designs/screenshots/2023/02/1675341403907.jpg",
    "title": "Laser Etched Black Granite Headstone"
  },
  {
    "id": "1675340282575",
    "img": "https://www.forevershining.com.au/design/saved-designs/screenshots/2023/02/1675340282575.jpg",
    "title": "Laser Etched Black Granite Headstone"
  },
  {
    "id": "1675316521836",
    "img": "https://www.forevershining.com.au/design/saved-designs/screenshots/2023/02/1675316521836.jpg",
    "title": "Laser Etched Black Granite Headstone"
  },
  {
    "id": "1675309999918",
    "img": "https://www.forevershining.com.au/design/saved-designs/screenshots/2023/02/1675309999918.jpg",
    "title": "Laser Etched Black Granite Headstone"
  },
  {
    "id": "1670421829446",
    "img": "https://www.forevershining.com.au/design/saved-designs/screenshots/2022/12/1670421829446.jpg",
    "title": "Laser Etched Black Granite Headstone"
  },
  {
    "id": "1669724720998",
    "img": "https://www.forevershining.com.au/design/saved-designs/screenshots/2022/11/1669724720998.jpg",
    "title": "Laser Etched Black Granite Headstone"
  },
  {
    "id": "1662274171205",
    "img": "https://www.forevershining.com.au/design/saved-designs/screenshots/2022/09/1662274171205.jpg",
    "title": "Laser Etched Black Granite Headstone"
  },
  {
    "id": "1661921775542",
    "img": "https://www.forevershining.com.au/design/saved-designs/screenshots/2022/08/1661921775542.jpg",
    "title": "Laser Etched Black Granite Headstone"
  },
  {
    "id": "1651716804142",
    "img": "https://www.forevershining.com.au/design/saved-designs/screenshots/2022/05/1651716804142.jpg",
    "title": "Laser Etched Black Granite Headstone"
  },
  {
    "id": "1651716461258",
    "img": "https://www.forevershining.com.au/design/saved-designs/screenshots/2022/05/1651716461258.jpg",
    "title": "Laser Etched Black Granite Headstone"
  },
  {
    "id": "1651597476977",
    "img": "https://www.forevershining.com.au/design/saved-designs/screenshots/2022/05/1651597476977.jpg",
    "title": "Laser Etched Black Granite Headstone"
  },
  {
    "id": "1651545380717",
    "img": "https://www.forevershining.com.au/design/saved-designs/screenshots/2022/05/1651545380717.jpg",
    "title": "Laser Etched Black Granite Headstone"
  },
  {
    "id": "1651513006231",
    "img": "https://www.forevershining.com.au/design/saved-designs/screenshots/2022/05/1651513006231.jpg",
    "title": "Laser Etched Black Granite Headstone"
  },
  {
    "id": "1651463643153",
    "img": "https://www.forevershining.com.au/design/saved-designs/screenshots/2022/05/1651463643153.jpg",
    "title": "Laser Etched Black Granite Headstone"
  },
  {
    "id": "1649753479738",
    "img": "https://www.forevershining.com.au/design/saved-designs/screenshots/2022/04/1649753479738.jpg",
    "title": "Laser Etched Black Granite Headstone"
  },
  {
    "id": "1624962573647",
    "img": "https://www.forevershining.com.au/design/saved-designs/screenshots/2021/06/1624962573647.jpg",
    "title": "Laser Etched Black Granite Headstone"
  },
  {
    "id": "1617998098817",
    "img": "https://www.forevershining.com.au/design/saved-designs/screenshots/2021/04/1617998098817.jpg",
    "title": "Laser Etched Black Granite Headstone"
  },
  {
    "id": "1603089005904",
    "img": "https://www.forevershining.com.au/design/saved-designs/screenshots/2020/10/1603089005904.jpg",
    "title": "Laser Etched Black Granite Headstone"
  },
  {
    "id": "1603088821248",
    "img": "https://www.forevershining.com.au/design/saved-designs/screenshots/2020/10/1603088821248.jpg",
    "title": "Laser Etched Black Granite Headstone"
  },
  {
    "id": "1603082641480",
    "img": "https://www.forevershining.com.au/design/saved-designs/screenshots/2020/10/1603082641480.jpg",
    "title": "Laser Etched Black Granite Headstone"
  },
  {
    "id": "1602999423386",
    "img": "https://www.forevershining.com.au/design/saved-designs/screenshots/2020/10/1602999423386.jpg",
    "title": "Laser Etched Black Granite Headstone"
  },
  {
    "id": "1590130801878",
    "img": "https://www.forevershining.com.au/design/saved-designs/screenshots/1590130801878.jpg",
    "title": "Laser Etched Black Granite Headstone"
  },
  {
    "id": "1590114976227",
    "img": "https://www.forevershining.com.au/design/saved-designs/screenshots/1590114976227.jpg",
    "title": "Laser Etched Black Granite Headstone"
  }
]