[
  {
    "id": "1675481388059",
    "img": "https://www.forevershining.com.au/design/saved-designs/screenshots/2023/02/1675481388059.jpg",
    "title": "Traditional Engraved Granite Headstone"
  },
  {
    "id": "1675481157561",
    "img": "https://www.forevershining.com.au/design/saved-designs/screenshots/2023/02/1675481157561.jpg",
    "title": "Traditional Engraved Granite Headstone"
  },
  {
    "id": "1674877485039",
    "img": "https://www.forevershining.com.au/design/saved-designs/screenshots/2023/01/1674877485039.jpg",
    "title": "Traditional Engraved Granite Headstone"
  },
  {
    "id": "1674877172266",
    "img": "https://www.forevershining.com.au/design/saved-designs/screenshots/2023/01/1674877172266.jpg",
    "title": "Traditional Engraved Granite Headstone"
  },
  {
    "id": "1674013069997",
    "img": "https://www.forevershining.com.au/design/saved-designs/screenshots/2023/01/1674013069997.jpg",
    "title": "Traditional Engraved Granite Headstone"
  },
  {
    "id": "1672918557025",
    "img": "https://www.forevershining.com.au/design/saved-designs/screenshots/2023/01/1672918557025.jpg",
    "title": "Traditional Engraved Granite Headstone"
  },
  {
    "id": "1658720458691",
    "img": "https://www.forevershining.com.au/design/saved-designs/screenshots/2022/07/1658720458691.jpg",
    "title": "Traditional Engraved Granite Headstone"
  },
  {
    "id": "1629077091262",
    "img": "https://www.forevershining.com.au/design/saved-designs/screenshots/2021/08/1629077091262.jpg",
    "title": "Traditional Engraved Granite Headstone"
  }
]