[
  {
    "id": "1708989220769",
    "img": "https://www.forevershining.com.au/design/saved-designs/screenshots/2024/02/1708989220769.jpg",
    "title": "Laser Etched Black Granite Headstone"
  },
  {
    "id": "1679043884324",
    "img": "https://www.forevershining.com.au/design/saved-designs/screenshots/2023/03/1679043884324.jpg",
    "title": "Laser Etched Black Granite Headstone"
  },
  {
    "id": "1679014299923",
    "img": "https://www.forevershining.com.au/design/saved-designs/screenshots/2023/03/1679014299923.jpg",
    "title": "Laser Etched Black Granite Headstone"
  },
  {
    "id": "1674568107318",
    "img": "https://www.forevershining.com.au/design/saved-designs/screenshots/2023/01/1674568107318.jpg",
    "title": "Laser Etched Black Granite Headstone"
  },
  {
    "id": "1673434467676",
    "img": "https://www.forevershining.com.au/design/saved-designs/screenshots/2023/01/1673434467676.jpg",
    "title": "Laser Etched Black Granite Headstone"
  },
  {
    "id": "1589784688636",
    "img": "https://www.forevershining.com.au/design/saved-designs/screenshots/1589784688636.jpg",
    "title": "Laser Etched Black Granite Headstone"
  },
  {
    "id": "1579778599141",
    "img": "https://www.forevershining.com.au/design/saved-designs/screenshots/1579778599141.jpg",
    "title": "Laser Etched Black Granite Headstone"
  },
  {
    "id": "1579759829369",
    "img": "https://www.forevershining.com.au/design/saved-designs/screenshots/1579759829369.jpg",
    "title": "Laser Etched Black Granite Headstone"
  }
]