[
  {
    "id": "1686642889051",
    "img": "https://www.forevershining.com.au/design/saved-designs/screenshots/2023/06/1686642889051.jpg",
    "title": "Traditional Engraved Granite Headstone"
  },
  {
    "id": "1686642387373",
    "img": "https://www.forevershining.com.au/design/saved-designs/screenshots/2023/06/1686642387373.jpg",
    "title": "Traditional Engraved Granite Headstone"
  },
  {
    "id": "1682507717412",
    "img": "https://www.forevershining.com.au/design/saved-designs/screenshots/2023/04/1682507717412.jpg",
    "title": "Traditional Engraved Granite Headstone"
  },
  {
    "id": "1669637429580",
    "img": "https://www.forevershining.com.au/design/saved-designs/screenshots/2022/11/1669637429580.jpg",
    "title": "Traditional Engraved Granite Headstone"
  },
  {
    "id": "1625305796401",
    "img": "https://www.forevershining.com.au/design/saved-designs/screenshots/2021/07/1625305796401.jpg",
    "title": "Traditional Engraved Granite Headstone"
  },
  {
    "id": "1611460424814",
    "img": "https://www.forevershining.com.au/design/saved-designs/screenshots/2021/01/1611460424814.jpg",
    "title": "Traditional Engraved Granite Headstone"
  }
]