[
  {
    "id": "1693670424255",
    "img": "https://www.forevershining.com.au/design/saved-designs/screenshots/2023/09/1693670424255.jpg",
    "title": "Traditional Engraved Granite Headstone"
  },
  {
    "id": "1654566043825",
    "img": "https://www.forevershining.com.au/design/saved-designs/screenshots/2022/06/1654566043825.jpg",
    "title": "Traditional Engraved Granite Headstone"
  },
  {
    "id": "1654468066392",
    "img": "https://www.forevershining.com.au/design/saved-designs/screenshots/2022/06/1654468066392.jpg",
    "title": "Traditional Engraved Granite Headstone"
  },
  {
    "id": "1637485609622",
    "img": "https://www.forevershining.com.au/design/saved-designs/screenshots/2021/11/1637485609622.jpg",
    "title": "Traditional Engraved Granite Headstone"
  },
  {
    "id": "1610862717115",
    "img": "https://www.forevershining.com.au/design/saved-designs/screenshots/2021/01/1610862717115.jpg",
    "title": "Traditional Engraved Granite Headstone"
  },
  {
    "id": "1610853872028",
    "img": "https://www.forevershining.com.au/design/saved-designs/screenshots/2021/01/1610853872028.jpg",
    "title": "Traditional Engraved Granite Headstone"
  },
  {
    "id": "1610835000527",
    "img": "https://www.forevershining.com.au/design/saved-designs/screenshots/2021/01/1610835000527.jpg",
    "title": "Traditional Engraved Granite Headstone"
  },
  {
    "id": "1610497411417",
    "img": "https://www.forevershining.com.au/design/saved-designs/screenshots/2021/01/1610497411417.jpg",
    "title": "Traditional Engraved Granite Headstone"
  },
  {
    "id": "1605160290982",
    "img": "https://www.forevershining.com.au/design/saved-designs/screenshots/2020/11/1605160290982.jpg",
    "title": "Traditional Engraved Granite Headstone"
  },
  {
    "id": "1605158857968",
    "img": "https://www.forevershining.com.au/design/saved-designs/screenshots/2020/11/1605158857968.jpg",
    "title": "Traditional Engraved Granite Headstone"
  },
  {
    "id": "1605154909864",
    "img": "https://www.forevershining.com.au/design/saved-designs/screenshots/2020/11/1605154909864.jpg",
    "title": "Traditional Engraved Granite Headstone"
  },
  {
    "id": "1605062877769",
    "img": "https://www.forevershining.com.au/design/saved-designs/screenshots/2020/11/1605062877769.jpg",
    "title": "Traditional Engraved Granite Headstone"
  },
  {
    "id": "1600870183594",
    "img": "https://www.forevershining.com.au/design/saved-designs/screenshots/2020/09/1600870183594.jpg",
    "title": "Traditional Engraved Granite Headstone"
  },
  {
    "id": "1600868238968",
    "img": "https://www.forevershining.com.au/design/saved-designs/screenshots/2020/09/1600868238968.jpg",
    "title": "Traditional Engraved Granite Headstone"
  },
  {
    "id": "1600868028124",
    "img": "https://www.forevershining.com.au/design/saved-designs/screenshots/2020/09/1600868028124.jpg",
    "title": "Traditional Engraved Granite Headstone"
  },
  {
    "id": "1600866525941",
    "img": "https://www.forevershining.com.au/design/saved-designs/screenshots/2020/09/1600866525941.jpg",
    "title": "Traditional Engraved Granite Headstone"
  },
  {
    "id": "1600841885772",
    "img": "https://www.forevershining.com.au/design/saved-designs/screenshots/2020/09/1600841885772.jpg",
    "title": "Traditional Engraved Granite Headstone"
  },
  {
    "id": "1714206991601",
    "img": "https://www.forevershining.com.au/design/saved-designs/screenshots/2024/04/1714206991601.jpg",
    "title": "Traditional Engraved Granite Headstone"
  }
]