[
  {
    "id": "1687914808582",
    "img": "https://www.forevershining.com.au/design/saved-designs/screenshots/2023/07/1687914808582.jpg",
    "title": "Traditional Engraved Granite Headstone"
  },
  {
    "id": "1676547386090",
    "img": "https://www.forevershining.com.au/design/saved-designs/screenshots/2023/02/1676547386090.jpg",
    "title": "Traditional Engraved Granite Headstone"
  },
  {
    "id": "1669123868646",
    "img": "https://www.forevershining.com.au/design/saved-designs/screenshots/2022/11/1669123868646.jpg",
    "title": "Traditional Engraved Granite Headstone"
  }
]