[
  {
    "id": "1708267227719",
    "img": "https://www.forevershining.com.au/design/saved-designs/screenshots/2024/02/1708267227719.jpg",
    "title": "Laser Etched Black Granite Headstone"
  },
  {
    "id": "1697090809870",
    "img": "https://www.forevershining.com.au/design/saved-designs/screenshots/2023/10/1697090809870.jpg",
    "title": "Laser Etched Black Granite Headstone"
  },
  {
    "id": "1715803560816",
    "img": "https://www.forevershining.com.au/design/saved-designs/screenshots/2024/05/1715803560816.jpg",
    "title": "Laser Etched Black Granite Headstone"
  },
  {
    "id": "1637545848782",
    "img": "https://www.forevershining.com.au/design/saved-designs/screenshots/2021/11/1637545848782.jpg",
    "title": "Laser Etched Black Granite Headstone"
  },
  {
    "id": "1628477647494",
    "img": "https://www.forevershining.com.au/design/saved-designs/screenshots/2021/08/1628477647494.jpg",
    "title": "Laser Etched Black Granite Headstone"
  },
  {
    "id": "1605092596074",
    "img": "https://www.forevershining.com.au/design/saved-designs/screenshots/2020/11/1605092596074.jpg",
    "title": "Laser Etched Black Granite Headstone"
  },
  {
    "id": "1598119886356",
    "img": "https://www.forevershining.com.au/design/saved-designs/screenshots/2020/08/1598119886356.jpg",
    "title": "Laser Etched Black Granite Headstone"
  },
  {
    "id": "1598074736417",
    "img": "https://www.forevershining.com.au/design/saved-designs/screenshots/2020/08/1598074736417.jpg",
    "title": "Laser Etched Black Granite Headstone"
  },
  {
    "id": "1598011942050",
    "img": "https://www.forevershining.com.au/design/saved-designs/screenshots/2020/08/1598011942050.jpg",
    "title": "Laser Etched Black Granite Headstone"
  },
  {
    "id": "1714182125584",
    "img": "https://www.forevershining.com.au/design/saved-designs/screenshots/2024/04/1714182125584.jpg",
    "title": "Laser Etched Black Granite Headstone"
  }
]