[
  {
    "id": "1682508046097",
    "img": "https://www.forevershining.com.au/design/saved-designs/screenshots/2023/04/1682508046097.jpg",
    "title": "Laser Etched Black Granite Headstone"
  },
  {
    "id": "1677580602033",
    "img": "https://www.forevershining.com.au/design/saved-designs/screenshots/2023/02/1677580602033.jpg",
    "title": "Laser Etched Black Granite Headstone"
  },
  {
    "id": "1612811325828",
    "img": "https://www.forevershining.com.au/design/saved-designs/screenshots/2021/02/1612811325828.jpg",
    "title": "Laser Etched Black Granite Headstone"
  },
  {
    "id": "1612809217131",
    "img": "https://www.forevershining.com.au/design/saved-designs/screenshots/2021/02/1612809217131.jpg",
    "title": "Laser Etched Black Granite Headstone"
  },
  {
    "id": "1607150418435",
    "img": "https://www.forevershining.com.au/design/saved-designs/screenshots/2020/12/1607150418435.jpg",
    "title": "Laser Etched Black Granite Headstone"
  },
  {
    "id": "1607149045380",
    "img": "https://www.forevershining.com.au/design/saved-designs/screenshots/2020/12/1607149045380.jpg",
    "title": "Laser Etched Black Granite Headstone"
  },
  {
    "id": "1580532805919",
    "img": "https://www.forevershining.com.au/design/saved-designs/screenshots/1580532805919.jpg",
    "title": "Laser Etched Black Granite Headstone"
  }
]