[
  {
    "id": "1714124321230",
    "img": "https://www.forevershining.com.au/design/saved-designs/screenshots/2024/04/1714124321230.jpg",
    "title": "Traditional Engraved Granite Headstone"
  },
  {
    "id": "1714122977183",
    "img": "https://www.forevershining.com.au/design/saved-designs/screenshots/2024/04/1714122977183.jpg",
    "title": "Traditional Engraved Granite Headstone"
  },
  {
    "id": "1710467777646",
    "img": "https://www.forevershining.com.au/design/saved-designs/screenshots/2024/03/1710467777646.jpg",
    "title": "Traditional Engraved Granite Headstone"
  },
  {
    "id": "1709458695139",
    "img": "https://www.forevershining.com.au/design/saved-designs/screenshots/2024/03/1709458695139.jpg",
    "title": "Traditional Engraved Granite Headstone"
  },
  {
    "id": "1715929157401",
    "img": "https://www.forevershining.com.au/design/saved-designs/screenshots/2024/05/1715929157401.jpg",
    "title": "Traditional Engraved Granite Headstone"
  },
  {
    "id": "1715917012307",
    "img": "https://www.forevershining.com.au/design/saved-designs/screenshots/2024/05/1715917012307.jpg",
    "title": "Traditional Engraved Granite Headstone"
  },
  {
    "id": "1715912183807",
    "img": "https://www.forevershining.com.au/design/saved-designs/screenshots/2024/05/1715912183807.jpg",
    "title": "Traditional Engraved Granite Headstone"
  },
  {
    "id": "1683321083968",
    "img": "https://www.forevershining.com.au/design/saved-designs/screenshots/2023/05/1683321083968.jpg",
    "title": "Traditional Engraved Granite Headstone"
  },
  {
    "id": "1614262500749",
    "img": "https://www.forevershining.com.au/design/saved-designs/screenshots/2021/02/1614262500749.jpg",
    "title": "Traditional Engraved Granite Headstone"
  }
]