[
  {
    "id": "1708112469665",
    "img": "https://www.forevershining.com.au/design/saved-designs/screenshots/2024/02/1708112469665.jpg",
    "title": "Laser Etched Black Granite Headstone"
  },
  {
    "id": "1707257486360",
    "img": "https://www.forevershining.com.au/design/saved-designs/screenshots/2024/02/1707257486360.jpg",
    "title": "Laser Etched Black Granite Headstone"
  },
  {
    "id": "1707183412022",
    "img": "https://www.forevershining.com.au/design/saved-designs/screenshots/2024/02/1707183412022.jpg",
    "title": "Laser Etched Black Granite Headstone"
  },
  {
    "id": "1707180913696",
    "img": "https://www.forevershining.com.au/design/saved-designs/screenshots/2024/02/1707180913696.jpg",
    "title": "Laser Etched Black Granite Headstone"
  },
  {
    "id": "1698364193642",
    "img": "https://www.forevershining.com.au/design/saved-designs/screenshots/2023/10/1698364193642.jpg",
    "title": "Laser Etched Black Granite Headstone"
  },
  {
    "id": "1698363398048",
    "img": "https://www.forevershining.com.au/design/saved-designs/screenshots/2023/10/1698363398048.jpg",
    "title": "Laser Etched Black Granite Headstone"
  },
  {
    "id": "1698362676283",
    "img": "https://www.forevershining.com.au/design/saved-designs/screenshots/2023/10/1698362676283.jpg",
    "title": "Laser Etched Black Granite Headstone"
  },
  {
    "id": "1698348691853",
    "img": "https://www.forevershining.com.au/design/saved-designs/screenshots/2023/10/1698348691853.jpg",
    "title": "Laser Etched Black Granite Headstone"
  },
  {
    "id": "1698342313036",
    "img": "https://www.forevershining.com.au/design/saved-designs/screenshots/2023/10/1698342313036.jpg",
    "title": "Laser Etched Black Granite Headstone"
  },
  {
    "id": "1698333141630",
    "img": "https://www.forevershining.com.au/design/saved-designs/screenshots/2023/10/1698333141630.jpg",
    "title": "Laser Etched Black Granite Headstone"
  },
  {
    "id": "1679054715523",
    "img": "https://www.forevershining.com.au/design/saved-designs/screenshots/2023/03/1679054715523.jpg",
    "title": "Laser Etched Black Granite Headstone"
  },
  {
    "id": "1670729148477",
    "img": "https://www.forevershining.com.au/design/saved-designs/screenshots/2022/12/1670729148477.jpg",
    "title": "Laser Etched Black Granite Headstone"
  },
  {
    "id": "1663636562117",
    "img": "https://www.forevershining.com.au/design/saved-designs/screenshots/2022/09/1663636562117.jpg",
    "title": "Laser Etched Black Granite Headstone"
  },
  {
    "id": "1663636376806",
    "img": "https://www.forevershining.com.au/design/saved-designs/screenshots/2022/09/1663636376806.jpg",
    "title": "Laser Etched Black Granite Headstone"
  },
  {
    "id": "1663602313486",
    "img": "https://www.forevershining.com.au/design/saved-designs/screenshots/2022/09/1663602313486.jpg",
    "title": "Laser Etched Black Granite Headstone"
  },
  {
    "id": "1663601620992",
    "img": "https://www.forevershining.com.au/design/saved-designs/screenshots/2022/09/1663601620992.jpg",
    "title": "Laser Etched Black Granite Headstone"
  },
  {
    "id": "1663595912213",
    "img": "https://www.forevershining.com.au/design/saved-designs/screenshots/2022/09/1663595912213.jpg",
    "title": "Laser Etched Black Granite Headstone"
  },
  {
    "id": "1660145348541",
    "img": "https://www.forevershining.com.au/design/saved-designs/screenshots/2022/08/1660145348541.jpg",
    "title": "Laser Etched Black Granite Headstone"
  },
  {
    "id": "1654581868002",
    "img": "https://www.forevershining.com.au/design/saved-designs/screenshots/2022/06/1654581868002.jpg",
    "title": "Laser Etched Black Granite Headstone"
  },
  {
    "id": "1654581731902",
    "img": "https://www.forevershining.com.au/design/saved-designs/screenshots/2022/06/1654581731902.jpg",
    "title": "Laser Etched Black Granite Headstone"
  },
  {
    "id": "1651452440119",
    "img": "https://www.forevershining.com.au/design/saved-designs/screenshots/2022/05/1651452440119.jpg",
    "title": "Laser Etched Black Granite Headstone"
  },
  {
    "id": "1651451691223",
    "img": "https://www.forevershining.com.au/design/saved-designs/screenshots/2022/05/1651451691223.jpg",
    "title": "Laser Etched Black Granite Headstone"
  },
  {
    "id": "1651449172351",
    "img": "https://www.forevershining.com.au/design/saved-designs/screenshots/2022/05/1651449172351.jpg",
    "title": "Laser Etched Black Granite Headstone"
  },
  {
    "id": "1645262896490",
    "img": "https://www.forevershining.com.au/design/saved-designs/screenshots/2022/02/1645262896490.jpg",
    "title": "Laser Etched Black Granite Headstone"
  },
  {
    "id": "1617758571186",
    "img": "https://www.forevershining.com.au/design/saved-designs/screenshots/2021/04/1617758571186.jpg",
    "title": "Laser Etched Black Granite Headstone"
  },
  {
    "id": "1617755547511",
    "img": "https://www.forevershining.com.au/design/saved-designs/screenshots/2021/04/1617755547511.jpg",
    "title": "Laser Etched Black Granite Headstone"
  },
  {
    "id": "1617748869156",
    "img": "https://www.forevershining.com.au/design/saved-designs/screenshots/2021/04/1617748869156.jpg",
    "title": "Laser Etched Black Granite Headstone"
  },
  {
    "id": "1617747632056",
    "img": "https://www.forevershining.com.au/design/saved-designs/screenshots/2021/04/1617747632056.jpg",
    "title": "Laser Etched Black Granite Headstone"
  },
  {
    "id": "1617747091850",
    "img": "https://www.forevershining.com.au/design/saved-designs/screenshots/2021/04/1617747091850.jpg",
    "title": "Laser Etched Black Granite Headstone"
  },
  {
    "id": "1617744819358",
    "img": "https://www.forevershining.com.au/design/saved-designs/screenshots/2021/04/1617744819358.jpg",
    "title": "Laser Etched Black Granite Headstone"
  },
  {
    "id": "1617743441036",
    "img": "https://www.forevershining.com.au/design/saved-designs/screenshots/2021/04/1617743441036.jpg",
    "title": "Laser Etched Black Granite Headstone"
  },
  {
    "id": "1617742250027",
    "img": "https://www.forevershining.com.au/design/saved-designs/screenshots/2021/04/1617742250027.jpg",
    "title": "Laser Etched Black Granite Headstone"
  },
  {
    "id": "1617738218217",
    "img": "https://www.forevershining.com.au/design/saved-designs/screenshots/2021/04/1617738218217.jpg",
    "title": "Laser Etched Black Granite Headstone"
  },
  {
    "id": "1612537153454",
    "img": "https://www.forevershining.com.au/design/saved-designs/screenshots/2021/02/1612537153454.jpg",
    "title": "Laser Etched Black Granite Headstone"
  },
  {
    "id": "1612535521184",
    "img": "https://www.forevershining.com.au/design/saved-designs/screenshots/2021/02/1612535521184.jpg",
    "title": "Laser Etched Black Granite Headstone"
  },
  {
    "id": "1606110741616",
    "img": "https://www.forevershining.com.au/design/saved-designs/screenshots/2020/11/1606110741616.jpg",
    "title": "Laser Etched Black Granite Headstone"
  },
  {
    "id": "1598678125689",
    "img": "https://www.forevershining.com.au/design/saved-designs/screenshots/2020/08/1598678125689.jpg",
    "title": "Laser Etched Black Granite Headstone"
  },
  {
    "id": "1597617098967",
    "img": "https://www.forevershining.com.au/design/saved-designs/screenshots/2020/08/1597617098967.jpg",
    "title": "Laser Etched Black Granite Headstone"
  },
  {
    "id": "1593350378565",
    "img": "https://www.forevershining.com.au/design/saved-designs/screenshots/2020/06/1593350378565.jpg",
    "title": "Laser Etched Black Granite Headstone"
  },
  {
    "id": "1593276442960",
    "img": "https://www.forevershining.com.au/design/saved-designs/screenshots/2020/06/1593276442960.jpg",
    "title": "Laser Etched Black Granite Headstone"
  },
  {
    "id": "1593267833388",
    "img": "https://www.forevershining.com.au/design/saved-designs/screenshots/2020/06/1593267833388.jpg",
    "title": "Laser Etched Black Granite Headstone"
  },
  {
    "id": "1593267256204",
    "img": "https://www.forevershining.com.au/design/saved-designs/screenshots/2020/06/1593267256204.jpg",
    "title": "Laser Etched Black Granite Headstone"
  },
  {
    "id": "1593265731647",
    "img": "https://www.forevershining.com.au/design/saved-designs/screenshots/2020/06/1593265731647.jpg",
    "title": "Laser Etched Black Granite Headstone"
  },
  {
    "id": "1592153154315",
    "img": "https://www.forevershining.com.au/design/saved-designs/screenshots/1592153154315.jpg",
    "title": "Laser Etched Black Granite Headstone"
  },
  {
    "id": "1592104071426",
    "img": "https://www.forevershining.com.au/design/saved-designs/screenshots/1592104071426.jpg",
    "title": "Laser Etched Black Granite Headstone"
  },
  {
    "id": "1590312127922",
    "img": "https://www.forevershining.com.au/design/saved-designs/screenshots/1590312127922.jpg",
    "title": "Laser Etched Black Granite Headstone"
  },
  {
    "id": "1588238336901",
    "img": "https://www.forevershining.com.au/design/saved-designs/screenshots/1588238336901.jpg",
    "title": "Laser Etched Black Granite Headstone"
  },
  {
    "id": "1586618171209",
    "img": "https://www.forevershining.com.au/design/saved-designs/screenshots/1586618171209.jpg",
    "title": "Laser Etched Black Granite Headstone"
  },
  {
    "id": "1592179455828",
    "img": "https://www.forevershining.com.au/design/saved-designs/screenshots/1592179455828.jpg",
    "title": "Laser Etched Black Granite Headstone"
  }
]