[
  {
    "id": "1689203238445",
    "img": "https://www.forevershining.com.au/design/saved-designs/screenshots/2023/07/1689203238445.jpg",
    "title": "Laser Etched Black Granite Headstone"
  },
  {
    "id": "1689202513233",
    "img": "https://www.forevershining.com.au/design/saved-designs/screenshots/2023/07/1689202513233.jpg",
    "title": "Laser Etched Black Granite Headstone"
  },
  {
    "id": "1689201545565",
    "img": "https://www.forevershining.com.au/design/saved-designs/screenshots/2023/07/1689201545565.jpg",
    "title": "Laser Etched Black Granite Headstone"
  },
  {
    "id": "1689200396162",
    "img": "https://www.forevershining.com.au/design/saved-designs/screenshots/2023/07/1689200396162.jpg",
    "title": "Laser Etched Black Granite Headstone"
  },
  {
    "id": "1687847664848",
    "img": "https://www.forevershining.com.au/design/saved-designs/screenshots/2023/06/1687847664848.jpg",
    "title": "Laser Etched Black Granite Headstone"
  },
  {
    "id": "1677114039305",
    "img": "https://www.forevershining.com.au/design/saved-designs/screenshots/2023/02/1677114039305.jpg",
    "title": "Laser Etched Black Granite Headstone"
  },
  {
    "id": "1674750174266",
    "img": "https://www.forevershining.com.au/design/saved-designs/screenshots/2023/01/1674750174266.jpg",
    "title": "Laser Etched Black Granite Headstone"
  },
  {
    "id": "1669690674137",
    "img": "https://www.forevershining.com.au/design/saved-designs/screenshots/2022/11/1669690674137.jpg",
    "title": "Laser Etched Black Granite Headstone"
  },
  {
    "id": "1669623744544",
    "img": "https://www.forevershining.com.au/design/saved-designs/screenshots/2022/11/1669623744544.jpg",
    "title": "Laser Etched Black Granite Headstone"
  },
  {
    "id": "1620756360819",
    "img": "https://www.forevershining.com.au/design/saved-designs/screenshots/2021/05/1620756360819.jpg",
    "title": "Laser Etched Black Granite Headstone"
  },
  {
    "id": "1620746891580",
    "img": "https://www.forevershining.com.au/design/saved-designs/screenshots/2021/05/1620746891580.jpg",
    "title": "Laser Etched Black Granite Headstone"
  },
  {
    "id": "1602243838962",
    "img": "https://www.forevershining.com.au/design/saved-designs/screenshots/2020/10/1602243838962.jpg",
    "title": "Laser Etched Black Granite Headstone"
  },
  {
    "id": "1602198915239",
    "img": "https://www.forevershining.com.au/design/saved-designs/screenshots/2020/10/1602198915239.jpg",
    "title": "Laser Etched Black Granite Headstone"
  },
  {
    "id": "1598742946257",
    "img": "https://www.forevershining.com.au/design/saved-designs/screenshots/2020/08/1598742946257.jpg",
    "title": "Laser Etched Black Granite Headstone"
  },
  {
    "id": "1598716152957",
    "img": "https://www.forevershining.com.au/design/saved-designs/screenshots/2020/08/1598716152957.jpg",
    "title": "Laser Etched Black Granite Headstone"
  },
  {
    "id": "1591568019704",
    "img": "https://www.forevershining.com.au/design/saved-designs/screenshots/1591568019704.jpg",
    "title": "Laser Etched Black Granite Headstone"
  },
  {
    "id": "1591066211739",
    "img": "https://www.forevershining.com.au/design/saved-designs/screenshots/1591066211739.jpg",
    "title": "Laser Etched Black Granite Headstone"
  },
  {
    "id": "1714931921869",
    "img": "https://www.forevershining.com.au/design/saved-designs/screenshots/2024/05/1714931921869.jpg",
    "title": "Laser Etched Black Granite Headstone"
  }
]