[
  {
    "id": "1675947714245",
    "img": "https://www.forevershining.com.au/design/saved-designs/screenshots/2023/02/1675947714245.jpg",
    "title": "Traditional Engraved Granite Headstone"
  },
  {
    "id": "1587991709290",
    "img": "https://www.forevershining.com.au/design/saved-designs/screenshots/1587991709290.jpg",
    "title": "Traditional Engraved Granite Headstone"
  },
  {
    "id": "1587994672468",
    "img": "https://www.forevershining.com.au/design/undefined",
    "title": "Traditional Engraved Granite Headstone"
  },
  {
    "id": "1587950475420",
    "img": "https://www.forevershining.com.au/design/saved-designs/screenshots/1587950475420.jpg",
    "title": "Traditional Engraved Granite Headstone"
  },
  {
    "id": "1587975665747",
    "img": "https://www.forevershining.com.au/design/saved-designs/screenshots/1587975665747.jpg",
    "title": "Traditional Engraved Granite Headstone"
  }
]