[
  {
    "id": "1693668939061",
    "img": "https://www.forevershining.com.au/design/saved-designs/screenshots/2023/09/1693668939061.jpg",
    "title": "Traditional Engraved Granite Headstone"
  },
  {
    "id": "1679618520232",
    "img": "https://www.forevershining.com.au/design/saved-designs/screenshots/2023/03/1679618520232.jpg",
    "title": "Traditional Engraved Granite Headstone"
  },
  {
    "id": "1679617274064",
    "img": "https://www.forevershining.com.au/design/saved-designs/screenshots/2023/03/1679617274064.jpg",
    "title": "Traditional Engraved Granite Headstone"
  },
  {
    "id": "1679203391817",
    "img": "https://www.forevershining.com.au/design/saved-designs/screenshots/2023/03/1679203391817.jpg",
    "title": "Traditional Engraved Granite Headstone"
  },
  {
    "id": "1678092333431",
    "img": "https://www.forevershining.com.au/design/saved-designs/screenshots/2023/03/1678092333431.jpg",
    "title": "Traditional Engraved Granite Headstone"
  },
  {
    "id": "1677242061018",
    "img": "https://www.forevershining.com.au/design/saved-designs/screenshots/2023/02/1677242061018.jpg",
    "title": "Traditional Engraved Granite Headstone"
  },
  {
    "id": "1665471249465",
    "img": "https://www.forevershining.com.au/design/saved-designs/screenshots/2022/10/1665471249465.jpg",
    "title": "Traditional Engraved Granite Headstone"
  },
  {
    "id": "1665464999952",
    "img": "https://www.forevershining.com.au/design/saved-designs/screenshots/2022/10/1665464999952.jpg",
    "title": "Traditional Engraved Granite Headstone"
  },
  {
    "id": "1665463927014",
    "img": "https://www.forevershining.com.au/design/saved-designs/screenshots/2022/10/1665463927014.jpg",
    "title": "Traditional Engraved Granite Headstone"
  },
  {
    "id": "1665463243006",
    "img": "https://www.forevershining.com.au/design/saved-designs/screenshots/2022/10/1665463243006.jpg",
    "title": "Traditional Engraved Granite Headstone"
  },
  {
    "id": "1665461705666",
    "img": "https://www.forevershining.com.au/design/saved-designs/screenshots/2022/10/1665461705666.jpg",
    "title": "Traditional Engraved Granite Headstone"
  },
  {
    "id": "1652852435537",
    "img": "https://www.forevershining.com.au/design/saved-designs/screenshots/2022/05/1652852435537.jpg",
    "title": "Traditional Engraved Granite Headstone"
  },
  {
    "id": "1647712263668",
    "img": "https://www.forevershining.com.au/design/saved-designs/screenshots/2022/03/1647712263668.jpg",
    "title": "Traditional Engraved Granite Headstone"
  },
  {
    "id": "1641891095832",
    "img": "https://www.forevershining.com.au/design/saved-designs/screenshots/2022/01/1641891095832.jpg",
    "title": "Traditional Engraved Granite Headstone"
  },
  {
    "id": "1632481962465",
    "img": "https://www.forevershining.com.au/design/saved-designs/screenshots/2021/09/1632481962465.jpg",
    "title": "Traditional Engraved Granite Headstone"
  },
  {
    "id": "1632192546337",
    "img": "https://www.forevershining.com.au/design/saved-designs/screenshots/2021/09/1632192546337.jpg",
    "title": "Traditional Engraved Granite Headstone"
  },
  {
    "id": "1632181644924",
    "img": "https://www.forevershining.com.au/design/saved-designs/screenshots/2021/09/1632181644924.jpg",
    "title": "Traditional Engraved Granite Headstone"
  },
  {
    "id": "1628701669723",
    "img": "https://www.forevershining.com.au/design/saved-designs/screenshots/2021/08/1628701669723.jpg",
    "title": "Traditional Engraved Granite Headstone"
  },
  {
    "id": "1611108704929",
    "img": "https://www.forevershining.com.au/design/saved-designs/screenshots/2021/01/1611108704929.jpg",
    "title": "Traditional Engraved Granite Headstone"
  },
  {
    "id": "1611106252661",
    "img": "https://www.forevershining.com.au/design/saved-designs/screenshots/2021/01/1611106252661.jpg",
    "title": "Traditional Engraved Granite Headstone"
  },
  {
    "id": "1610513905425",
    "img": "https://www.forevershining.com.au/design/saved-designs/screenshots/2021/01/1610513905425.jpg",
    "title": "Traditional Engraved Granite Headstone"
  },
  {
    "id": "1609324882224",
    "img": "https://www.forevershining.com.au/design/saved-designs/screenshots/2020/12/1609324882224.jpg",
    "title": "Traditional Engraved Granite Headstone"
  },
  {
    "id": "1609308399791",
    "img": "https://www.forevershining.com.au/design/saved-designs/screenshots/2020/12/1609308399791.jpg",
    "title": "Traditional Engraved Granite Headstone"
  },
  {
    "id": "1606618535751",
    "img": "https://www.forevershining.com.au/design/saved-designs/screenshots/2020/11/1606618535751.jpg",
    "title": "Traditional Engraved Granite Headstone"
  }
]