[
  {
    "id": "1718878282369",
    "img": "https://www.forevershining.com.au/design/saved-designs/screenshots/2024/06/1718878282369.jpg",
    "title": "Traditional Engraved Granite Headstone"
  },
  {
    "id": "1718876588441",
    "img": "https://www.forevershining.com.au/design/saved-designs/screenshots/2024/06/1718876588441.jpg",
    "title": "Traditional Engraved Granite Headstone"
  },
  {
    "id": "1718877987093",
    "img": "https://www.forevershining.com.au/design/saved-designs/screenshots/2024/06/1718877987093.jpg",
    "title": "Traditional Engraved Granite Headstone"
  },
  {
    "id": "1717467348474",
    "img": "https://www.forevershining.com.au/design/saved-designs/screenshots/2024/06/1717467348474.jpg",
    "title": "Traditional Engraved Granite Headstone"
  },
  {
    "id": "1712711074645",
    "img": "https://www.forevershining.com.au/design/saved-designs/screenshots/2024/04/1712711074645.jpg",
    "title": "Traditional Engraved Granite Headstone"
  },
  {
    "id": "1712706615102",
    "img": "https://www.forevershining.com.au/design/saved-designs/screenshots/2024/04/1712706615102.jpg",
    "title": "Traditional Engraved Granite Headstone"
  },
  {
    "id": "1712044802981",
    "img": "https://www.forevershining.com.au/design/saved-designs/screenshots/2024/04/1712044802981.jpg",
    "title": "Traditional Engraved Granite Headstone"
  },
  {
    "id": "1712017898232",
    "img": "https://www.forevershining.com.au/design/saved-designs/screenshots/2024/04/1712017898232.jpg",
    "title": "Traditional Engraved Granite Headstone"
  },
  {
    "id": "1712016814300",
    "img": "https://www.forevershining.com.au/design/saved-designs/screenshots/2024/04/1712016814300.jpg",
    "title": "Traditional Engraved Granite Headstone"
  },
  {
    "id": "1711945332938",
    "img": "https://www.forevershining.com.au/design/saved-designs/screenshots/2024/04/1711945332938.jpg",
    "title": "Traditional Engraved Granite Headstone"
  },
  {
    "id": "1711386836360",
    "img": "https://www.forevershining.com.au/design/saved-designs/screenshots/2024/03/1711386836360.jpg",
    "title": "Traditional Engraved Granite Headstone"
  },
  {
    "id": "1709930373147",
    "img": "https://www.forevershining.com.au/design/saved-designs/screenshots/2024/03/1709930373147.jpg",
    "title": "Traditional Engraved Granite Headstone"
  },
  {
    "id": "1709921676369",
    "img": "https://www.forevershining.com.au/design/saved-designs/screenshots/2024/03/1709921676369.jpg",
    "title": "Traditional Engraved Granite Headstone"
  },
  {
    "id": "1709885972898",
    "img": "https://www.forevershining.com.au/design/saved-designs/screenshots/2024/03/1709885972898.jpg",
    "title": "Traditional Engraved Granite Headstone"
  },
  {
    "id": "1709884944770",
    "img": "https://www.forevershining.com.au/design/saved-designs/screenshots/2024/03/1709884944770.jpg",
    "title": "Traditional Engraved Granite Headstone"
  },
  {
    "id": "1709884707464",
    "img": "https://www.forevershining.com.au/design/saved-designs/screenshots/2024/03/1709884707464.jpg",
    "title": "Traditional Engraved Granite Headstone"
  },
  {
    "id": "1709884371160",
    "img": "https://www.forevershining.com.au/design/saved-designs/screenshots/2024/03/1709884371160.jpg",
    "title": "Traditional Engraved Granite Headstone"
  },
  {
    "id": "1709884320686",
    "img": "https://www.forevershining.com.au/design/saved-designs/screenshots/2024/03/1709884320686.jpg",
    "title": "Traditional Engraved Granite Headstone"
  },
  {
    "id": "1709544118639",
    "img": "https://www.forevershining.com.au/design/saved-designs/screenshots/2024/03/1709544118639.jpg",
    "title": "Traditional Engraved Granite Headstone"
  },
  {
    "id": "1709528313913",
    "img": "https://www.forevershining.com.au/design/saved-designs/screenshots/2024/03/1709528313913.jpg",
    "title": "Traditional Engraved Granite Headstone"
  },
  {
    "id": "1708624857257",
    "img": "https://www.forevershining.com.au/design/saved-designs/screenshots/2024/02/1708624857257.jpg",
    "title": "Traditional Engraved Granite Headstone"
  },
  {
    "id": "1708541642937",
    "img": "https://www.forevershining.com.au/design/saved-designs/screenshots/2024/02/1708541642937.jpg",
    "title": "Traditional Engraved Granite Headstone"
  },
  {
    "id": "1707878828931",
    "img": "https://www.forevershining.com.au/design/saved-designs/screenshots/2024/02/1707878828931.jpg",
    "title": "Traditional Engraved Granite Headstone"
  },
  {
    "id": "1707334928234",
    "img": "https://www.forevershining.com.au/design/saved-designs/screenshots/2024/02/1707334928234.jpg",
    "title": "Traditional Engraved Granite Headstone"
  },
  {
    "id": "1697588111849",
    "img": "https://www.forevershining.com.au/design/saved-designs/screenshots/2023/10/1697588111849.jpg",
    "title": "Traditional Engraved Granite Headstone"
  },
  {
    "id": "1693605144181",
    "img": "https://www.forevershining.com.au/design/saved-designs/screenshots/2023/09/1693605144181.jpg",
    "title": "Traditional Engraved Granite Headstone"
  },
  {
    "id": "1692755667827",
    "img": "https://www.forevershining.com.au/design/saved-designs/screenshots/2023/08/1692755667827.jpg",
    "title": "Traditional Engraved Granite Headstone"
  },
  {
    "id": "1692755252577",
    "img": "https://www.forevershining.com.au/design/saved-designs/screenshots/2023/08/1692755252577.jpg",
    "title": "Traditional Engraved Granite Headstone"
  },
  {
    "id": "1692753933004",
    "img": "https://www.forevershining.com.au/design/saved-designs/screenshots/2023/08/1692753933004.jpg",
    "title": "Traditional Engraved Granite Headstone"
  },
  {
    "id": "1692752794306",
    "img": "https://www.forevershining.com.au/design/saved-designs/screenshots/2023/08/1692752794306.jpg",
    "title": "Traditional Engraved Granite Headstone"
  },
  {
    "id": "1690536323056",
    "img": "https://www.forevershining.com.au/design/saved-designs/screenshots/2023/07/1690536323056.jpg",
    "title": "Traditional Engraved Granite Headstone"
  },
  {
    "id": "1690532730284",
    "img": "https://www.forevershining.com.au/design/saved-designs/screenshots/2023/07/1690532730284.jpg",
    "title": "Traditional Engraved Granite Headstone"
  },
  {
    "id": "1690270316189",
    "img": "https://www.forevershining.com.au/design/saved-designs/screenshots/2023/07/1690270316189.jpg",
    "title": "Traditional Engraved Granite Headstone"
  },
  {
    "id": "1715329420875",
    "img": "https://www.forevershining.com.au/design/saved-designs/screenshots/2024/05/1715329420875.jpg",
    "title": "Traditional Engraved Granite Headstone"
  },
  {
    "id": "1715327828389",
    "img": "https://www.forevershining.com.au/design/saved-designs/screenshots/2024/05/1715327828389.jpg",
    "title": "Traditional Engraved Granite Headstone"
  },
  {
    "id": "1689597702077",
    "img": "https://www.forevershining.com.au/design/saved-designs/screenshots/2023/07/1689597702077.jpg",
    "title": "Traditional Engraved Granite Headstone"
  },
  {
    "id": "1688011104591",
    "img": "https://www.forevershining.com.au/design/saved-designs/screenshots/2023/06/1688011104591.jpg",
    "title": "Traditional Engraved Granite Headstone"
  },
  {
    "id": "1688010319907",
    "img": "https://www.forevershining.com.au/design/saved-designs/screenshots/2023/06/1688010319907.jpg",
    "title": "Traditional Engraved Granite Headstone"
  },
  {
    "id": "1687848563773",
    "img": "https://www.forevershining.com.au/design/saved-designs/screenshots/2023/06/1687848563773.jpg",
    "title": "Traditional Engraved Granite Headstone"
  },
  {
    "id": "1687913410274",
    "img": "https://www.forevershining.com.au/design/saved-designs/screenshots/2023/06/1687913410274.jpg",
    "title": "Traditional Engraved Granite Headstone"
  },
  {
    "id": "1682393352559",
    "img": "https://www.forevershining.com.au/design/saved-designs/screenshots/2023/04/1682393352559.jpg",
    "title": "Traditional Engraved Granite Headstone"
  },
  {
    "id": "1682393236587",
    "img": "https://www.forevershining.com.au/design/saved-designs/screenshots/2023/04/1682393236587.jpg",
    "title": "Traditional Engraved Granite Headstone"
  },
  {
    "id": "1682392960514",
    "img": "https://www.forevershining.com.au/design/saved-designs/screenshots/2023/04/1682392960514.jpg",
    "title": "Traditional Engraved Granite Headstone"
  },
  {
    "id": "1682392499309",
    "img": "https://www.forevershining.com.au/design/saved-designs/screenshots/2023/04/1682392499309.jpg",
    "title": "Traditional Engraved Granite Headstone"
  },
  {
    "id": "1682392299591",
    "img": "https://www.forevershining.com.au/design/saved-designs/screenshots/2023/04/1682392299591.jpg",
    "title": "Traditional Engraved Granite Headstone"
  },
  {
    "id": "1682391923437",
    "img": "https://www.forevershining.com.au/design/saved-designs/screenshots/2023/04/1682391923437.jpg",
    "title": "Traditional Engraved Granite Headstone"
  },
  {
    "id": "1682391605998",
    "img": "https://www.forevershining.com.au/design/saved-designs/screenshots/2023/04/1682391605998.jpg",
    "title": "Traditional Engraved Granite Headstone"
  },
  {
    "id": "1682331163791",
    "img": "https://www.forevershining.com.au/design/saved-designs/screenshots/2023/04/1682331163791.jpg",
    "title": "Traditional Engraved Granite Headstone"
  },
  {
    "id": "1681982779775",
    "img": "https://www.forevershining.com.au/design/saved-designs/screenshots/2023/04/1681982779775.jpg",
    "title": "Traditional Engraved Granite Headstone"
  },
  {
    "id": "1681982667959",
    "img": "https://www.forevershining.com.au/design/saved-designs/screenshots/2023/04/1681982667959.jpg",
    "title": "Traditional Engraved Granite Headstone"
  },
  {
    "id": "1681970732368",
    "img": "https://www.forevershining.com.au/design/saved-designs/screenshots/2023/04/1681970732368.jpg",
    "title": "Traditional Engraved Granite Headstone"
  },
  {
    "id": "1681893543876",
    "img": "https://www.forevershining.com.au/design/saved-designs/screenshots/2023/04/1681893543876.jpg",
    "title": "Traditional Engraved Granite Headstone"
  },
  {
    "id": "1681797170003",
    "img": "https://www.forevershining.com.au/design/saved-designs/screenshots/2023/04/1681797170003.jpg",
    "title": "Traditional Engraved Granite Headstone"
  },
  {
    "id": "1681796811012",
    "img": "https://www.forevershining.com.au/design/saved-designs/screenshots/2023/04/1681796811012.jpg",
    "title": "Traditional Engraved Granite Headstone"
  },
  {
    "id": "1681794880350",
    "img": "https://www.forevershining.com.au/design/saved-designs/screenshots/2023/04/1681794880350.jpg",
    "title": "Traditional Engraved Granite Headstone"
  },
  {
    "id": "1681793691717",
    "img": "https://www.forevershining.com.au/design/saved-designs/screenshots/2023/04/1681793691717.jpg",
    "title": "Traditional Engraved Granite Headstone"
  },
  {
    "id": "1681787905223",
    "img": "https://www.forevershining.com.au/design/saved-designs/screenshots/2023/04/1681787905223.jpg",
    "title": "Traditional Engraved Granite Headstone"
  },
  {
    "id": "1681780650322",
    "img": "https://www.forevershining.com.au/design/saved-designs/screenshots/2023/04/1681780650322.jpg",
    "title": "Traditional Engraved Granite Headstone"
  },
  {
    "id": "1681708058155",
    "img": "https://www.forevershining.com.au/design/saved-designs/screenshots/2023/04/1681708058155.jpg",
    "title": "Traditional Engraved Granite Headstone"
  },
  {
    "id": "1680185145498",
    "img": "https://www.forevershining.com.au/design/saved-designs/screenshots/2023/03/1680185145498.jpg",
    "title": "Traditional Engraved Granite Headstone"
  },
  {
    "id": "1679998609536",
    "img": "https://www.forevershining.com.au/design/saved-designs/screenshots/2023/03/1679998609536.jpg",
    "title": "Traditional Engraved Granite Headstone"
  },
  {
    "id": "1679571875227",
    "img": "https://www.forevershining.com.au/design/saved-designs/screenshots/2023/03/1679571875227.jpg",
    "title": "Traditional Engraved Granite Headstone"
  },
  {
    "id": "1679404268761",
    "img": "https://www.forevershining.com.au/design/saved-designs/screenshots/2023/03/1679404268761.jpg",
    "title": "Traditional Engraved Granite Headstone"
  },
  {
    "id": "1679393322821",
    "img": "https://www.forevershining.com.au/design/saved-designs/screenshots/2023/03/1679393322821.jpg",
    "title": "Traditional Engraved Granite Headstone"
  },
  {
    "id": "1679392189329",
    "img": "https://www.forevershining.com.au/design/saved-designs/screenshots/2023/03/1679392189329.jpg",
    "title": "Traditional Engraved Granite Headstone"
  },
  {
    "id": "1679390678743",
    "img": "https://www.forevershining.com.au/design/saved-designs/screenshots/2023/03/1679390678743.jpg",
    "title": "Traditional Engraved Granite Headstone"
  },
  {
    "id": "1679319722160",
    "img": "https://www.forevershining.com.au/design/saved-designs/screenshots/2023/03/1679319722160.jpg",
    "title": "Traditional Engraved Granite Headstone"
  },
  {
    "id": "1679319028905",
    "img": "https://www.forevershining.com.au/design/saved-designs/screenshots/2023/03/1679319028905.jpg",
    "title": "Traditional Engraved Granite Headstone"
  },
  {
    "id": "1678607575926",
    "img": "https://www.forevershining.com.au/design/saved-designs/screenshots/2023/03/1678607575926.jpg",
    "title": "Traditional Engraved Granite Headstone"
  },
  {
    "id": "1678533778907",
    "img": "https://www.forevershining.com.au/design/saved-designs/screenshots/2023/03/1678533778907.jpg",
    "title": "Traditional Engraved Granite Headstone"
  },
  {
    "id": "1678533725507",
    "img": "https://www.forevershining.com.au/design/saved-designs/screenshots/2023/03/1678533725507.jpg",
    "title": "Traditional Engraved Granite Headstone"
  },
  {
    "id": "1678533577156",
    "img": "https://www.forevershining.com.au/design/saved-designs/screenshots/2023/03/1678533577156.jpg",
    "title": "Traditional Engraved Granite Headstone"
  },
  {
    "id": "1676971227828",
    "img": "https://www.forevershining.com.au/design/saved-designs/screenshots/2023/02/1676971227828.jpg",
    "title": "Traditional Engraved Granite Headstone"
  },
  {
    "id": "1676365806653",
    "img": "https://www.forevershining.com.au/design/saved-designs/screenshots/2023/02/1676365806653.jpg",
    "title": "Traditional Engraved Granite Headstone"
  },
  {
    "id": "1675757522203",
    "img": "https://www.forevershining.com.au/design/saved-designs/screenshots/2023/02/1675757522203.jpg",
    "title": "Traditional Engraved Granite Headstone"
  },
  {
    "id": "1675248795978",
    "img": "https://www.forevershining.com.au/design/saved-designs/screenshots/2023/02/1675248795978.jpg",
    "title": "Traditional Engraved Granite Headstone"
  },
  {
    "id": "1675086171848",
    "img": "https://www.forevershining.com.au/design/saved-designs/screenshots/2023/01/1675086171848.jpg",
    "title": "Traditional Engraved Granite Headstone"
  },
  {
    "id": "1674721322397",
    "img": "https://www.forevershining.com.au/design/saved-designs/screenshots/2023/01/1674721322397.jpg",
    "title": "Traditional Engraved Granite Headstone"
  },
  {
    "id": "1674532761969",
    "img": "https://www.forevershining.com.au/design/saved-designs/screenshots/2023/01/1674532761969.jpg",
    "title": "Traditional Engraved Granite Headstone"
  },
  {
    "id": "1672795730659",
    "img": "https://www.forevershining.com.au/design/saved-designs/screenshots/2023/01/1672795730659.jpg",
    "title": "Traditional Engraved Granite Headstone"
  },
  {
    "id": "1672730207856",
    "img": "https://www.forevershining.com.au/design/saved-designs/screenshots/2023/01/1672730207856.jpg",
    "title": "Traditional Engraved Granite Headstone"
  },
  {
    "id": "1672721471477",
    "img": "https://www.forevershining.com.au/design/saved-designs/screenshots/2023/01/1672721471477.jpg",
    "title": "Traditional Engraved Granite Headstone"
  },
  {
    "id": "1672720805748",
    "img": "https://www.forevershining.com.au/design/saved-designs/screenshots/2023/01/1672720805748.jpg",
    "title": "Traditional Engraved Granite Headstone"
  },
  {
    "id": "1672313496933",
    "img": "https://www.forevershining.com.au/design/saved-designs/screenshots/2022/12/1672313496933.jpg",
    "title": "Traditional Engraved Granite Headstone"
  },
  {
    "id": "1670934357291",
    "img": "https://www.forevershining.com.au/design/saved-designs/screenshots/2022/12/1670934357291.jpg",
    "title": "Traditional Engraved Granite Headstone"
  },
  {
    "id": "1670851194254",
    "img": "https://www.forevershining.com.au/design/saved-designs/screenshots/2022/12/1670851194254.jpg",
    "title": "Traditional Engraved Granite Headstone"
  },
  {
    "id": "1670228213292",
    "img": "https://www.forevershining.com.au/design/saved-designs/screenshots/2022/12/1670228213292.jpg",
    "title": "Traditional Engraved Granite Headstone"
  },
  {
    "id": "1669282638156",
    "img": "https://www.forevershining.com.au/design/saved-designs/screenshots/2022/11/1669282638156.jpg",
    "title": "Traditional Engraved Granite Headstone"
  },
  {
    "id": "1666855282539",
    "img": "https://www.forevershining.com.au/design/saved-designs/screenshots/2022/10/1666855282539.jpg",
    "title": "Traditional Engraved Granite Headstone"
  },
  {
    "id": "1666042599600",
    "img": "https://www.forevershining.com.au/design/saved-designs/screenshots/2022/10/1666042599600.jpg",
    "title": "Traditional Engraved Granite Headstone"
  },
  {
    "id": "1665620037019",
    "img": "https://www.forevershining.com.au/design/saved-designs/screenshots/2022/10/1665620037019.jpg",
    "title": "Traditional Engraved Granite Headstone"
  },
  {
    "id": "1665621024593",
    "img": "https://www.forevershining.com.au/design/saved-designs/screenshots/2022/10/1665621024593.jpg",
    "title": "Traditional Engraved Granite Headstone"
  },
  {
    "id": "1665312321502",
    "img": "https://www.forevershining.com.au/design/saved-designs/screenshots/2022/10/1665312321502.jpg",
    "title": "Traditional Engraved Granite Headstone"
  },
  {
    "id": "1665309047414",
    "img": "https://www.forevershining.com.au/design/saved-designs/screenshots/2022/10/1665309047414.jpg",
    "title": "Traditional Engraved Granite Headstone"
  },
  {
    "id": "1658461749518",
    "img": "https://www.forevershining.com.au/design/saved-designs/screenshots/2022/07/1658461749518.jpg",
    "title": "Traditional Engraved Granite Headstone"
  },
  {
    "id": "1658120100076",
    "img": "https://www.forevershining.com.au/design/saved-designs/screenshots/2022/07/1658120100076.jpg",
    "title": "Traditional Engraved Granite Headstone"
  },
  {
    "id": "1657520626012",
    "img": "https://www.forevershining.com.au/design/saved-designs/screenshots/2022/07/1657520626012.jpg",
    "title": "Traditional Engraved Granite Headstone"
  },
  {
    "id": "1657250842476",
    "img": "https://www.forevershining.com.au/design/saved-designs/screenshots/2022/07/1657250842476.jpg",
    "title": "Traditional Engraved Granite Headstone"
  },
  {
    "id": "1657247591041",
    "img": "https://www.forevershining.com.au/design/saved-designs/screenshots/2022/07/1657247591041.jpg",
    "title": "Traditional Engraved Granite Headstone"
  },
  {
    "id": "1656040658203",
    "img": "https://www.forevershining.com.au/design/saved-designs/screenshots/2022/06/1656040658203.jpg",
    "title": "Traditional Engraved Granite Headstone"
  },
  {
    "id": "1656040423951",
    "img": "https://www.forevershining.com.au/design/saved-designs/screenshots/2022/06/1656040423951.jpg",
    "title": "Traditional Engraved Granite Headstone"
  },
  {
    "id": "1656033492028",
    "img": "https://www.forevershining.com.au/design/saved-designs/screenshots/2022/06/1656033492028.jpg",
    "title": "Traditional Engraved Granite Headstone"
  },
  {
    "id": "1655444207450",
    "img": "https://www.forevershining.com.au/design/saved-designs/screenshots/2022/06/1655444207450.jpg",
    "title": "Traditional Engraved Granite Headstone"
  },
  {
    "id": "1654782433628",
    "img": "https://www.forevershining.com.au/design/saved-designs/screenshots/2022/06/1654782433628.jpg",
    "title": "Traditional Engraved Granite Headstone"
  },
  {
    "id": "1647283425019",
    "img": "https://www.forevershining.com.au/design/saved-designs/screenshots/2022/03/1647283425019.jpg",
    "title": "Traditional Engraved Granite Headstone"
  },
  {
    "id": "1647280130452",
    "img": "https://www.forevershining.com.au/design/saved-designs/screenshots/2022/03/1647280130452.jpg",
    "title": "Traditional Engraved Granite Headstone"
  },
  {
    "id": "1647223045071",
    "img": "https://www.forevershining.com.au/design/saved-designs/screenshots/2022/03/1647223045071.jpg",
    "title": "Traditional Engraved Granite Headstone"
  },
  {
    "id": "1642914510098",
    "img": "https://www.forevershining.com.au/design/saved-designs/screenshots/2022/01/1642914510098.jpg",
    "title": "Traditional Engraved Granite Headstone"
  },
  {
    "id": "1636793188612",
    "img": "https://www.forevershining.com.au/design/saved-designs/screenshots/2021/11/1636793188612.jpg",
    "title": "Traditional Engraved Granite Headstone"
  },
  {
    "id": "1634871905669",
    "img": "https://www.forevershining.com.au/design/saved-designs/screenshots/2021/10/1634871905669.jpg",
    "title": "Traditional Engraved Granite Headstone"
  },
  {
    "id": "1627953872028",
    "img": "https://www.forevershining.com.au/design/saved-designs/screenshots/2021/08/1627953872028.jpg",
    "title": "Traditional Engraved Granite Headstone"
  },
  {
    "id": "1627434047616",
    "img": "https://www.forevershining.com.au/design/saved-designs/screenshots/2021/07/1627434047616.jpg",
    "title": "Traditional Engraved Granite Headstone"
  },
  {
    "id": "1624943637818",
    "img": "https://www.forevershining.com.au/design/saved-designs/screenshots/2021/06/1624943637818.jpg",
    "title": "Traditional Engraved Granite Headstone"
  },
  {
    "id": "1624943677911",
    "img": "https://www.forevershining.com.au/design/saved-designs/screenshots/2021/06/1624943677911.jpg",
    "title": "Traditional Engraved Granite Headstone"
  },
  {
    "id": "1624845006976",
    "img": "https://www.forevershining.com.au/design/saved-designs/screenshots/2021/06/1624845006976.jpg",
    "title": "Traditional Engraved Granite Headstone"
  },
  {
    "id": "1624111595156",
    "img": "https://www.forevershining.com.au/design/saved-designs/screenshots/2021/06/1624111595156.jpg",
    "title": "Traditional Engraved Granite Headstone"
  },
  {
    "id": "1623630380291",
    "img": "https://www.forevershining.com.au/design/saved-designs/screenshots/2021/06/1623630380291.jpg",
    "title": "Traditional Engraved Granite Headstone"
  },
  {
    "id": "1623265276345",
    "img": "https://www.forevershining.com.au/design/saved-designs/screenshots/2021/06/1623265276345.jpg",
    "title": "Traditional Engraved Granite Headstone"
  },
  {
    "id": "1623012348849",
    "img": "https://www.forevershining.com.au/design/saved-designs/screenshots/2021/06/1623012348849.jpg",
    "title": "Traditional Engraved Granite Headstone"
  },
  {
    "id": "1622808060385",
    "img": "https://www.forevershining.com.au/design/saved-designs/screenshots/2021/06/1622808060385.jpg",
    "title": "Traditional Engraved Granite Headstone"
  },
  {
    "id": "1622155247209",
    "img": "https://www.forevershining.com.au/design/saved-designs/screenshots/2021/05/1622155247209.jpg",
    "title": "Traditional Engraved Granite Headstone"
  },
  {
    "id": "1622133476871",
    "img": "https://www.forevershining.com.au/design/saved-designs/screenshots/2021/05/1622133476871.jpg",
    "title": "Traditional Engraved Granite Headstone"
  },
  {
    "id": "1622128431378",
    "img": "https://www.forevershining.com.au/design/saved-designs/screenshots/2021/05/1622128431378.jpg",
    "title": "Traditional Engraved Granite Headstone"
  },
  {
    "id": "1618968869770",
    "img": "https://www.forevershining.com.au/design/saved-designs/screenshots/2021/04/1618968869770.jpg",
    "title": "Traditional Engraved Granite Headstone"
  },
  {
    "id": "1615712877767",
    "img": "https://www.forevershining.com.au/design/saved-designs/screenshots/2021/03/1615712877767.jpg",
    "title": "Traditional Engraved Granite Headstone"
  },
  {
    "id": "1614824682034",
    "img": "https://www.forevershining.com.au/design/saved-designs/screenshots/2021/03/1614824682034.jpg",
    "title": "Traditional Engraved Granite Headstone"
  },
  {
    "id": "1610864970826",
    "img": "https://www.forevershining.com.au/design/saved-designs/screenshots/2021/01/1610864970826.jpg",
    "title": "Traditional Engraved Granite Headstone"
  },
  {
    "id": "1610864923894",
    "img": "https://www.forevershining.com.au/design/saved-designs/screenshots/2021/01/1610864923894.jpg",
    "title": "Traditional Engraved Granite Headstone"
  },
  {
    "id": "1610864692875",
    "img": "https://www.forevershining.com.au/design/saved-designs/screenshots/2021/01/1610864692875.jpg",
    "title": "Traditional Engraved Granite Headstone"
  },
  {
    "id": "1610863580243",
    "img": "https://www.forevershining.com.au/design/saved-designs/screenshots/2021/01/1610863580243.jpg",
    "title": "Traditional Engraved Granite Headstone"
  },
  {
    "id": "1610837345818",
    "img": "https://www.forevershining.com.au/design/saved-designs/screenshots/2021/01/1610837345818.jpg",
    "title": "Traditional Engraved Granite Headstone"
  },
  {
    "id": "1610832359060",
    "img": "https://www.forevershining.com.au/design/saved-designs/screenshots/2021/01/1610832359060.jpg",
    "title": "Traditional Engraved Granite Headstone"
  },
  {
    "id": "1610794197424",
    "img": "https://www.forevershining.com.au/design/saved-designs/screenshots/2021/01/1610794197424.jpg",
    "title": "Traditional Engraved Granite Headstone"
  },
  {
    "id": "1610254790395",
    "img": "https://www.forevershining.com.au/design/saved-designs/screenshots/2021/01/1610254790395.jpg",
    "title": "Traditional Engraved Granite Headstone"
  },
  {
    "id": "1610254477254",
    "img": "https://www.forevershining.com.au/design/saved-designs/screenshots/2021/01/1610254477254.jpg",
    "title": "Traditional Engraved Granite Headstone"
  },
  {
    "id": "1610254217257",
    "img": "https://www.forevershining.com.au/design/saved-designs/screenshots/2021/01/1610254217257.jpg",
    "title": "Traditional Engraved Granite Headstone"
  },
  {
    "id": "1610251510340",
    "img": "https://www.forevershining.com.au/design/saved-designs/screenshots/2021/01/1610251510340.jpg",
    "title": "Traditional Engraved Granite Headstone"
  },
  {
    "id": "1610250402728",
    "img": "https://www.forevershining.com.au/design/saved-designs/screenshots/2021/01/1610250402728.jpg",
    "title": "Traditional Engraved Granite Headstone"
  },
  {
    "id": "1610245504217",
    "img": "https://www.forevershining.com.au/design/saved-designs/screenshots/2021/01/1610245504217.jpg",
    "title": "Traditional Engraved Granite Headstone"
  },
  {
    "id": "1609653319170",
    "img": "https://www.forevershining.com.au/design/saved-designs/screenshots/2021/01/1609653319170.jpg",
    "title": "Traditional Engraved Granite Headstone"
  },
  {
    "id": "1609411893598",
    "img": "https://www.forevershining.com.au/design/saved-designs/screenshots/2021/01/1609411893598.jpg",
    "title": "Traditional Engraved Granite Headstone"
  },
  {
    "id": "1609406959287",
    "img": "https://www.forevershining.com.au/design/saved-designs/screenshots/2020/12/1609406959287.jpg",
    "title": "Traditional Engraved Granite Headstone"
  },
  {
    "id": "1609399925383",
    "img": "https://www.forevershining.com.au/design/saved-designs/screenshots/2020/12/1609399925383.jpg",
    "title": "Traditional Engraved Granite Headstone"
  },
  {
    "id": "1609328324439",
    "img": "https://www.forevershining.com.au/design/saved-designs/screenshots/2020/12/1609328324439.jpg",
    "title": "Traditional Engraved Granite Headstone"
  },
  {
    "id": "1609325880731",
    "img": "https://www.forevershining.com.au/design/saved-designs/screenshots/2020/12/1609325880731.jpg",
    "title": "Traditional Engraved Granite Headstone"
  },
  {
    "id": "1607997764103",
    "img": "https://www.forevershining.com.au/design/saved-designs/screenshots/2020/12/1607997764103.jpg",
    "title": "Traditional Engraved Granite Headstone"
  },
  {
    "id": "1607385080321",
    "img": "https://www.forevershining.com.au/design/saved-designs/screenshots/2020/12/1607385080321.jpg",
    "title": "Traditional Engraved Granite Headstone"
  },
  {
    "id": "1607384821782",
    "img": "https://www.forevershining.com.au/design/saved-designs/screenshots/2020/12/1607384821782.jpg",
    "title": "Traditional Engraved Granite Headstone"
  },
  {
    "id": "1605683046006",
    "img": "https://www.forevershining.com.au/design/saved-designs/screenshots/2020/11/1605683046006.jpg",
    "title": "Traditional Engraved Granite Headstone"
  },
  {
    "id": "1605657361638",
    "img": "https://www.forevershining.com.au/design/saved-designs/screenshots/2020/11/1605657361638.jpg",
    "title": "Traditional Engraved Granite Headstone"
  },
  {
    "id": "1605575753484",
    "img": "https://www.forevershining.com.au/design/saved-designs/screenshots/2020/11/1605575753484.jpg",
    "title": "Traditional Engraved Granite Headstone"
  },
  {
    "id": "1605572167651",
    "img": "https://www.forevershining.com.au/design/saved-designs/screenshots/2020/11/1605572167651.jpg",
    "title": "Traditional Engraved Granite Headstone"
  },
  {
    "id": "1605229234383",
    "img": "https://www.forevershining.com.au/design/saved-designs/screenshots/2020/11/1605229234383.jpg",
    "title": "Traditional Engraved Granite Headstone"
  },
  {
    "id": "1605228521320",
    "img": "https://www.forevershining.com.au/design/saved-designs/screenshots/2020/11/1605228521320.jpg",
    "title": "Traditional Engraved Granite Headstone"
  },
  {
    "id": "1605222762813",
    "img": "https://www.forevershining.com.au/design/saved-designs/screenshots/2020/11/1605222762813.jpg",
    "title": "Traditional Engraved Granite Headstone"
  },
  {
    "id": "1605217877263",
    "img": "https://www.forevershining.com.au/design/saved-designs/screenshots/2020/11/1605217877263.jpg",
    "title": "Traditional Engraved Granite Headstone"
  },
  {
    "id": "1605216791252",
    "img": "https://www.forevershining.com.au/design/saved-designs/screenshots/2020/11/1605216791252.jpg",
    "title": "Traditional Engraved Granite Headstone"
  },
  {
    "id": "1605212131010",
    "img": "https://www.forevershining.com.au/design/saved-designs/screenshots/2020/11/1605212131010.jpg",
    "title": "Traditional Engraved Granite Headstone"
  },
  {
    "id": "1604886177531",
    "img": "https://www.forevershining.com.au/design/saved-designs/screenshots/2020/11/1604886177531.jpg",
    "title": "Traditional Engraved Granite Headstone"
  },
  {
    "id": "1604882804230",
    "img": "https://www.forevershining.com.au/design/saved-designs/screenshots/2020/11/1604882804230.jpg",
    "title": "Traditional Engraved Granite Headstone"
  },
  {
    "id": "1604819856381",
    "img": "https://www.forevershining.com.au/design/saved-designs/screenshots/2020/11/1604819856381.jpg",
    "title": "Traditional Engraved Granite Headstone"
  },
  {
    "id": "1604670110050",
    "img": "https://www.forevershining.com.au/design/saved-designs/screenshots/2020/11/1604670110050.jpg",
    "title": "Traditional Engraved Granite Headstone"
  },
  {
    "id": "1604411870923",
    "img": "https://www.forevershining.com.au/design/saved-designs/screenshots/2020/11/1604411870923.jpg",
    "title": "Traditional Engraved Granite Headstone"
  },
  {
    "id": "1598154561721",
    "img": "https://www.forevershining.com.au/design/saved-designs/screenshots/2020/08/1598154561721.jpg",
    "title": "Traditional Engraved Granite Headstone"
  },
  {
    "id": "1598145807040",
    "img": "https://www.forevershining.com.au/design/saved-designs/screenshots/2020/08/1598145807040.jpg",
    "title": "Traditional Engraved Granite Headstone"
  },
  {
    "id": "1595136077487",
    "img": "https://www.forevershining.com.au/design/saved-designs/screenshots/2020/07/1595136077487.jpg",
    "title": "Traditional Engraved Granite Headstone"
  },
  {
    "id": "1595134243287",
    "img": "https://www.forevershining.com.au/design/saved-designs/screenshots/2020/07/1595134243287.jpg",
    "title": "Traditional Engraved Granite Headstone"
  },
  {
    "id": "1594984513247",
    "img": "https://www.forevershining.com.au/design/saved-designs/screenshots/2020/07/1594984513247.jpg",
    "title": "Traditional Engraved Granite Headstone"
  },
  {
    "id": "1591834569651",
    "img": "https://www.forevershining.com.au/design/saved-designs/screenshots/1591834569651.jpg",
    "title": "Traditional Engraved Granite Headstone"
  },
  {
    "id": "1590142456742",
    "img": "https://www.forevershining.com.au/design/undefined",
    "title": "Traditional Engraved Granite Headstone"
  },
  {
    "id": "1591148102442",
    "img": "https://www.forevershining.com.au/design/saved-designs/screenshots/1591148102442.jpg",
    "title": "Traditional Engraved Granite Headstone"
  },
  {
    "id": "1591140160411",
    "img": "https://www.forevershining.com.au/design/saved-designs/screenshots/1591140160411.jpg",
    "title": "Traditional Engraved Granite Headstone"
  },
  {
    "id": "1591139320596",
    "img": "https://www.forevershining.com.au/design/saved-designs/screenshots/1591139320596.jpg",
    "title": "Traditional Engraved Granite Headstone"
  },
  {
    "id": "1591122779700",
    "img": "https://www.forevershining.com.au/design/saved-designs/screenshots/1591122779700.jpg",
    "title": "Traditional Engraved Granite Headstone"
  },
  {
    "id": "1590882183279",
    "img": "https://www.forevershining.com.au/design/saved-designs/screenshots/1590882183279.jpg",
    "title": "Traditional Engraved Granite Headstone"
  },
  {
    "id": "1590696469768",
    "img": "https://www.forevershining.com.au/design/saved-designs/screenshots/1590696469768.jpg",
    "title": "Traditional Engraved Granite Headstone"
  },
  {
    "id": "1590695946644",
    "img": "https://www.forevershining.com.au/design/saved-designs/screenshots/1590695946644.jpg",
    "title": "Traditional Engraved Granite Headstone"
  },
  {
    "id": "1590695693541",
    "img": "https://www.forevershining.com.au/design/saved-designs/screenshots/1590695693541.jpg",
    "title": "Traditional Engraved Granite Headstone"
  },
  {
    "id": "1590695104883",
    "img": "https://www.forevershining.com.au/design/saved-designs/screenshots/1590695104883.jpg",
    "title": "Traditional Engraved Granite Headstone"
  },
  {
    "id": "1590690056501",
    "img": "https://www.forevershining.com.au/design/saved-designs/screenshots/1590690056501.jpg",
    "title": "Traditional Engraved Granite Headstone"
  },
  {
    "id": "1589941840891",
    "img": "https://www.forevershining.com.au/design/saved-designs/screenshots/1589941840891.jpg",
    "title": "Traditional Engraved Granite Headstone"
  },
  {
    "id": "1590120537498",
    "img": "https://www.forevershining.com.au/design/saved-designs/screenshots/1590120537498.jpg",
    "title": "Traditional Engraved Granite Headstone"
  },
  {
    "id": "1590120452290",
    "img": "https://www.forevershining.com.au/design/saved-designs/screenshots/1590120452290.jpg",
    "title": "Traditional Engraved Granite Headstone"
  },
  {
    "id": "1590120266602",
    "img": "https://www.forevershining.com.au/design/saved-designs/screenshots/1590120266602.jpg",
    "title": "Traditional Engraved Granite Headstone"
  },
  {
    "id": "1589817538451",
    "img": "https://www.forevershining.com.au/design/saved-designs/screenshots/1589817538451.jpg",
    "title": "Traditional Engraved Granite Headstone"
  },
  {
    "id": "1589796566615",
    "img": "https://www.forevershining.com.au/design/saved-designs/screenshots/1589796566615.jpg",
    "title": "Traditional Engraved Granite Headstone"
  },
  {
    "id": "1589795860704",
    "img": "https://www.forevershining.com.au/design/saved-designs/screenshots/1589795860704.jpg",
    "title": "Traditional Engraved Granite Headstone"
  },
  {
    "id": "1589796454326",
    "img": "https://www.forevershining.com.au/design/saved-designs/screenshots/1589796454326.jpg",
    "title": "Traditional Engraved Granite Headstone"
  },
  {
    "id": "1589696810964",
    "img": "https://www.forevershining.com.au/design/saved-designs/screenshots/1589696810964.jpg",
    "title": "Traditional Engraved Granite Headstone"
  },
  {
    "id": "1589678529086",
    "img": "https://www.forevershining.com.au/design/saved-designs/screenshots/1589678529086.jpg",
    "title": "Traditional Engraved Granite Headstone"
  },
  {
    "id": "1589017324895",
    "img": "https://www.forevershining.com.au/design/saved-designs/screenshots/1589017324895.jpg",
    "title": "Traditional Engraved Granite Headstone"
  },
  {
    "id": "1587367689764",
    "img": "https://www.forevershining.com.au/design/saved-designs/screenshots/1587367689764.jpg",
    "title": "Traditional Engraved Granite Headstone"
  },
  {
    "id": "1587310089876",
    "img": "https://www.forevershining.com.au/design/saved-designs/screenshots/1587310089876.jpg",
    "title": "Traditional Engraved Granite Headstone"
  },
  {
    "id": "1586729638778",
    "img": "https://www.forevershining.com.au/design/saved-designs/screenshots/1586729638778.jpg",
    "title": "Traditional Engraved Granite Headstone"
  },
  {
    "id": "1586645824554",
    "img": "https://www.forevershining.com.au/design/saved-designs/screenshots/1586645824554.jpg",
    "title": "Traditional Engraved Granite Headstone"
  },
  {
    "id": "1586572523691",
    "img": "https://www.forevershining.com.au/design/saved-designs/screenshots/1586572523691.jpg",
    "title": "Traditional Engraved Granite Headstone"
  },
  {
    "id": "1586566623372",
    "img": "https://www.forevershining.com.au/design/saved-designs/screenshots/1586566623372.jpg",
    "title": "Traditional Engraved Granite Headstone"
  },
  {
    "id": "1586007699365",
    "img": "https://www.forevershining.com.au/design/saved-designs/screenshots/1586007699365.jpg",
    "title": "Traditional Engraved Granite Headstone"
  },
  {
    "id": "1583813354336",
    "img": "https://www.forevershining.com.au/design/saved-designs/screenshots/1583813354336.jpg",
    "title": "Traditional Engraved Granite Headstone"
  },
  {
    "id": "1583409448988",
    "img": "https://www.forevershining.com.au/design/saved-designs/screenshots/1583409448988.jpg",
    "title": "Traditional Engraved Granite Headstone"
  },
  {
    "id": "1582536501292",
    "img": "https://www.forevershining.com.au/design/saved-designs/screenshots/1582536501292.jpg",
    "title": "Traditional Engraved Granite Headstone"
  },
  {
    "id": "1580268025915",
    "img": "https://www.forevershining.com.au/design/saved-designs/screenshots/1580268025915.jpg",
    "title": "Traditional Engraved Granite Headstone"
  },
  {
    "id": "1579351881277",
    "img": "https://www.forevershining.com.au/design/saved-designs/screenshots/1579351881277.jpg",
    "title": "Traditional Engraved Granite Headstone"
  },
  {
    "id": "1630692541533",
    "img": "https://www.forevershining.com.au/design/saved-designs/screenshots/2021/09/1630692541533.jpg",
    "title": "Traditional Engraved Granite Headstone"
  },
  {
    "id": "1630598627597",
    "img": "https://www.forevershining.com.au/design/saved-designs/screenshots/2021/09/1630598627597.jpg",
    "title": "Traditional Engraved Granite Headstone"
  },
  {
    "id": "1630558777652",
    "img": "https://www.forevershining.com.au/design/saved-designs/screenshots/2021/09/1630558777652.jpg",
    "title": "Traditional Engraved Granite Headstone"
  },
  {
    "id": "1630563795214",
    "img": "https://www.forevershining.com.au/design/saved-designs/screenshots/2021/09/1630563795214.jpg",
    "title": "Traditional Engraved Granite Headstone"
  },
  {
    "id": "1630546318237",
    "img": "https://www.forevershining.com.au/design/saved-designs/screenshots/2021/09/1630546318237.jpg",
    "title": "Traditional Engraved Granite Headstone"
  },
  {
    "id": "1630552242413",
    "img": "https://www.forevershining.com.au/design/saved-designs/screenshots/2021/09/1630552242413.jpg",
    "title": "Traditional Engraved Granite Headstone"
  },
  {
    "id": "1630547668595",
    "img": "https://www.forevershining.com.au/design/saved-designs/screenshots/2021/09/1630547668595.jpg",
    "title": "Traditional Engraved Granite Headstone"
  },
  {
    "id": "1630546737943",
    "img": "https://www.forevershining.com.au/design/saved-designs/screenshots/2021/09/1630546737943.jpg",
    "title": "Traditional Engraved Granite Headstone"
  },
  {
    "id": "1630546633123",
    "img": "https://www.forevershining.com.au/design/saved-designs/screenshots/2021/09/1630546633123.jpg",
    "title": "Traditional Engraved Granite Headstone"
  },
  {
    "id": "1630534454066",
    "img": "https://www.forevershining.com.au/design/saved-designs/screenshots/2021/09/1630534454066.jpg",
    "title": "Traditional Engraved Granite Headstone"
  },
  {
    "id": "1629982948694",
    "img": "https://www.forevershining.com.au/design/saved-designs/screenshots/2021/08/1629982948694.jpg",
    "title": "Traditional Engraved Granite Headstone"
  },
  {
    "id": "1629982469466",
    "img": "https://www.forevershining.com.au/design/saved-designs/screenshots/2021/08/1629982469466.jpg",
    "title": "Traditional Engraved Granite Headstone"
  },
  {
    "id": "1629866187865",
    "img": "https://www.forevershining.com.au/design/saved-designs/screenshots/2021/08/1629866187865.jpg",
    "title": "Traditional Engraved Granite Headstone"
  },
  {
    "id": "1629863789077",
    "img": "https://www.forevershining.com.au/design/saved-designs/screenshots/2021/08/1629863789077.jpg",
    "title": "Traditional Engraved Granite Headstone"
  },
  {
    "id": "1629864139373",
    "img": "https://www.forevershining.com.au/design/saved-designs/screenshots/2021/08/1629864139373.jpg",
    "title": "Traditional Engraved Granite Headstone"
  },
  {
    "id": "1629863657017",
    "img": "https://www.forevershining.com.au/design/saved-designs/screenshots/2021/08/1629863657017.jpg",
    "title": "Traditional Engraved Granite Headstone"
  },
  {
    "id": "1629761921551",
    "img": "https://www.forevershining.com.au/design/saved-designs/screenshots/2021/08/1629761921551.jpg",
    "title": "Traditional Engraved Granite Headstone"
  },
  {
    "id": "1629760716076",
    "img": "https://www.forevershining.com.au/design/saved-designs/screenshots/2021/08/1629760716076.jpg",
    "title": "Traditional Engraved Granite Headstone"
  },
  {
    "id": "1629591766198",
    "img": "https://www.forevershining.com.au/design/saved-designs/screenshots/2021/08/1629591766198.jpg",
    "title": "Traditional Engraved Granite Headstone"
  },
  {
    "id": "1629589815554",
    "img": "https://www.forevershining.com.au/design/saved-designs/screenshots/2021/08/1629589815554.jpg",
    "title": "Traditional Engraved Granite Headstone"
  },
  {
    "id": "1629081953061",
    "img": "https://www.forevershining.com.au/design/saved-designs/screenshots/2021/08/1629081953061.jpg",
    "title": "Traditional Engraved Granite Headstone"
  },
  {
    "id": "1628747583414",
    "img": "https://www.forevershining.com.au/design/saved-designs/screenshots/2021/08/1628747583414.jpg",
    "title": "Traditional Engraved Granite Headstone"
  },
  {
    "id": "1591142675833",
    "img": "https://www.forevershining.com.au/design/saved-designs/screenshots/1591142675833.jpg",
    "title": "Traditional Engraved Granite Headstone"
  }
]