[
  {
    "id": "1691597075781",
    "img": "https://www.forevershining.com.au/design/saved-designs/screenshots/2023/08/1691597075781.jpg",
    "title": "Laser Etched Black Granite Headstone"
  },
  {
    "id": "1670316340777",
    "img": "https://www.forevershining.com.au/design/saved-designs/screenshots/2022/12/1670316340777.jpg",
    "title": "Laser Etched Black Granite Headstone"
  },
  {
    "id": "1669654771166",
    "img": "https://www.forevershining.com.au/design/saved-designs/screenshots/2022/11/1669654771166.jpg",
    "title": "Laser Etched Black Granite Headstone"
  },
  {
    "id": "1658315840784",
    "img": "https://www.forevershining.com.au/design/saved-designs/screenshots/2022/07/1658315840784.jpg",
    "title": "Laser Etched Black Granite Headstone"
  }
]