[
  {
    "id": "1718258775701",
    "img": "https://www.forevershining.com.au/design/saved-designs/screenshots/2024/06/1718258775701.jpg",
    "title": "Laser Etched Black Granite Headstone"
  },
  {
    "id": "1718258679434",
    "img": "https://www.forevershining.com.au/design/saved-designs/screenshots/2024/06/1718258679434.jpg",
    "title": "Laser Etched Black Granite Headstone"
  },
  {
    "id": "1718257846570",
    "img": "https://www.forevershining.com.au/design/saved-designs/screenshots/2024/06/1718257846570.jpg",
    "title": "Laser Etched Black Granite Headstone"
  },
  {
    "id": "1718248976719",
    "img": "https://www.forevershining.com.au/design/saved-designs/screenshots/2024/06/1718248976719.jpg",
    "title": "Laser Etched Black Granite Headstone"
  },
  {
    "id": "1716643639666",
    "img": "https://www.forevershining.com.au/design/saved-designs/screenshots/2024/05/1716643639666.jpg",
    "title": "Laser Etched Black Granite Headstone"
  },
  {
    "id": "1713454013748",
    "img": "https://www.forevershining.com.au/design/saved-designs/screenshots/2024/04/1713454013748.jpg",
    "title": "Laser Etched Black Granite Headstone"
  },
  {
    "id": "1710339173006",
    "img": "https://www.forevershining.com.au/design/saved-designs/screenshots/2024/03/1710339173006.jpg",
    "title": "Laser Etched Black Granite Headstone"
  },
  {
    "id": "1706356592525",
    "img": "https://www.forevershining.com.au/design/saved-designs/screenshots/2024/01/1706356592525.jpg",
    "title": "Laser Etched Black Granite Headstone"
  },
  {
    "id": "1706356200557",
    "img": "https://www.forevershining.com.au/design/saved-designs/screenshots/2024/01/1706356200557.jpg",
    "title": "Laser Etched Black Granite Headstone"
  },
  {
    "id": "1706355541313",
    "img": "https://www.forevershining.com.au/design/saved-designs/screenshots/2024/01/1706355541313.jpg",
    "title": "Laser Etched Black Granite Headstone"
  },
  {
    "id": "1706141197581",
    "img": "https://www.forevershining.com.au/design/saved-designs/screenshots/2024/01/1706141197581.jpg",
    "title": "Laser Etched Black Granite Headstone"
  },
  {
    "id": "1695738220494",
    "img": "https://www.forevershining.com.au/design/saved-designs/screenshots/2023/09/1695738220494.jpg",
    "title": "Laser Etched Black Granite Headstone"
  },
  {
    "id": "1695696926659",
    "img": "https://www.forevershining.com.au/design/saved-designs/screenshots/2023/09/1695696926659.jpg",
    "title": "Laser Etched Black Granite Headstone"
  },
  {
    "id": "1692369013079",
    "img": "https://www.forevershining.com.au/design/saved-designs/screenshots/2023/08/1692369013079.jpg",
    "title": "Laser Etched Black Granite Headstone"
  },
  {
    "id": "1715293521963",
    "img": "https://www.forevershining.com.au/design/saved-designs/screenshots/2024/05/1715293521963.jpg",
    "title": "Laser Etched Black Granite Headstone"
  },
  {
    "id": "1715085086146",
    "img": "https://www.forevershining.com.au/design/saved-designs/screenshots/2024/05/1715085086146.jpg",
    "title": "Laser Etched Black Granite Headstone"
  },
  {
    "id": "1689053842121",
    "img": "https://www.forevershining.com.au/design/saved-designs/screenshots/2023/07/1689053842121.jpg",
    "title": "Laser Etched Black Granite Headstone"
  },
  {
    "id": "1689053703456",
    "img": "https://www.forevershining.com.au/design/saved-designs/screenshots/2023/07/1689053703456.jpg",
    "title": "Laser Etched Black Granite Headstone"
  },
  {
    "id": "1688986590819",
    "img": "https://www.forevershining.com.au/design/saved-designs/screenshots/2023/07/1688986590819.jpg",
    "title": "Laser Etched Black Granite Headstone"
  },
  {
    "id": "1688956633149",
    "img": "https://www.forevershining.com.au/design/saved-designs/screenshots/2023/07/1688956633149.jpg",
    "title": "Laser Etched Black Granite Headstone"
  },
  {
    "id": "1688954380308",
    "img": "https://www.forevershining.com.au/design/saved-designs/screenshots/2023/07/1688954380308.jpg",
    "title": "Laser Etched Black Granite Headstone"
  },
  {
    "id": "1688956047954",
    "img": "https://www.forevershining.com.au/design/saved-designs/screenshots/2023/07/1688956047954.jpg",
    "title": "Laser Etched Black Granite Headstone"
  },
  {
    "id": "1686592304557",
    "img": "https://www.forevershining.com.au/design/saved-designs/screenshots/2023/06/1686592304557.jpg",
    "title": "Laser Etched Black Granite Headstone"
  },
  {
    "id": "1686591911252",
    "img": "https://www.forevershining.com.au/design/saved-designs/screenshots/2023/06/1686591911252.jpg",
    "title": "Laser Etched Black Granite Headstone"
  },
  {
    "id": "1686587166891",
    "img": "https://www.forevershining.com.au/design/saved-designs/screenshots/2023/06/1686587166891.jpg",
    "title": "Laser Etched Black Granite Headstone"
  },
  {
    "id": "1679199868703",
    "img": "https://www.forevershining.com.au/design/saved-designs/screenshots/2023/03/1679199868703.jpg",
    "title": "Laser Etched Black Granite Headstone"
  },
  {
    "id": "1679135316999",
    "img": "https://www.forevershining.com.au/design/saved-designs/screenshots/2023/03/1679135316999.jpg",
    "title": "Laser Etched Black Granite Headstone"
  },
  {
    "id": "1676728478924",
    "img": "https://www.forevershining.com.au/design/saved-designs/screenshots/2023/02/1676728478924.jpg",
    "title": "Laser Etched Black Granite Headstone"
  },
  {
    "id": "1676004527967",
    "img": "https://www.forevershining.com.au/design/saved-designs/screenshots/2023/02/1676004527967.jpg",
    "title": "Laser Etched Black Granite Headstone"
  },
  {
    "id": "1675950927929",
    "img": "https://www.forevershining.com.au/design/saved-designs/screenshots/2023/02/1675950927929.jpg",
    "title": "Laser Etched Black Granite Headstone"
  },
  {
    "id": "1675949640989",
    "img": "https://www.forevershining.com.au/design/saved-designs/screenshots/2023/02/1675949640989.jpg",
    "title": "Laser Etched Black Granite Headstone"
  },
  {
    "id": "1675259335154",
    "img": "https://www.forevershining.com.au/design/saved-designs/screenshots/2023/02/1675259335154.jpg",
    "title": "Laser Etched Black Granite Headstone"
  },
  {
    "id": "1674636313954",
    "img": "https://www.forevershining.com.au/design/saved-designs/screenshots/2023/01/1674636313954.jpg",
    "title": "Laser Etched Black Granite Headstone"
  },
  {
    "id": "1674031065104",
    "img": "https://www.forevershining.com.au/design/saved-designs/screenshots/2023/01/1674031065104.jpg",
    "title": "Laser Etched Black Granite Headstone"
  },
  {
    "id": "1673872677296",
    "img": "https://www.forevershining.com.au/design/saved-designs/screenshots/2023/01/1673872677296.jpg",
    "title": "Laser Etched Black Granite Headstone"
  },
  {
    "id": "1670208394618",
    "img": "https://www.forevershining.com.au/design/saved-designs/screenshots/2022/12/1670208394618.jpg",
    "title": "Laser Etched Black Granite Headstone"
  },
  {
    "id": "1670208278333",
    "img": "https://www.forevershining.com.au/design/saved-designs/screenshots/2022/12/1670208278333.jpg",
    "title": "Laser Etched Black Granite Headstone"
  },
  {
    "id": "1670208048179",
    "img": "https://www.forevershining.com.au/design/saved-designs/screenshots/2022/12/1670208048179.jpg",
    "title": "Laser Etched Black Granite Headstone"
  },
  {
    "id": "1670206719426",
    "img": "https://www.forevershining.com.au/design/saved-designs/screenshots/2022/12/1670206719426.jpg",
    "title": "Laser Etched Black Granite Headstone"
  },
  {
    "id": "1669860456149",
    "img": "https://www.forevershining.com.au/design/saved-designs/screenshots/2022/12/1669860456149.jpg",
    "title": "Laser Etched Black Granite Headstone"
  },
  {
    "id": "1669854203766",
    "img": "https://www.forevershining.com.au/design/saved-designs/screenshots/2022/12/1669854203766.jpg",
    "title": "Laser Etched Black Granite Headstone"
  },
  {
    "id": "1669283015675",
    "img": "https://www.forevershining.com.au/design/saved-designs/screenshots/2022/11/1669283015675.jpg",
    "title": "Laser Etched Black Granite Headstone"
  },
  {
    "id": "1666368324200",
    "img": "https://www.forevershining.com.au/design/saved-designs/screenshots/2022/10/1666368324200.jpg",
    "title": "Laser Etched Black Granite Headstone"
  },
  {
    "id": "1664190174007",
    "img": "https://www.forevershining.com.au/design/saved-designs/screenshots/2022/09/1664190174007.jpg",
    "title": "Laser Etched Black Granite Headstone"
  },
  {
    "id": "1664188928045",
    "img": "https://www.forevershining.com.au/design/saved-designs/screenshots/2022/09/1664188928045.jpg",
    "title": "Laser Etched Black Granite Headstone"
  },
  {
    "id": "1659964651986",
    "img": "https://www.forevershining.com.au/design/saved-designs/screenshots/2022/08/1659964651986.jpg",
    "title": "Laser Etched Black Granite Headstone"
  },
  {
    "id": "1659960587537",
    "img": "https://www.forevershining.com.au/design/saved-designs/screenshots/2022/08/1659960587537.jpg",
    "title": "Laser Etched Black Granite Headstone"
  },
  {
    "id": "1659955984847",
    "img": "https://www.forevershining.com.au/design/saved-designs/screenshots/2022/08/1659955984847.jpg",
    "title": "Laser Etched Black Granite Headstone"
  },
  {
    "id": "1659955202874",
    "img": "https://www.forevershining.com.au/design/saved-designs/screenshots/2022/08/1659955202874.jpg",
    "title": "Laser Etched Black Granite Headstone"
  },
  {
    "id": "1659946475532",
    "img": "https://www.forevershining.com.au/design/saved-designs/screenshots/2022/08/1659946475532.jpg",
    "title": "Laser Etched Black Granite Headstone"
  },
  {
    "id": "1657092027806",
    "img": "https://www.forevershining.com.au/design/saved-designs/screenshots/2022/07/1657092027806.jpg",
    "title": "Laser Etched Black Granite Headstone"
  },
  {
    "id": "1657088619598",
    "img": "https://www.forevershining.com.au/design/saved-designs/screenshots/2022/07/1657088619598.jpg",
    "title": "Laser Etched Black Granite Headstone"
  },
  {
    "id": "1652929013329",
    "img": "https://www.forevershining.com.au/design/saved-designs/screenshots/2022/05/1652929013329.jpg",
    "title": "Laser Etched Black Granite Headstone"
  },
  {
    "id": "1652927437198",
    "img": "https://www.forevershining.com.au/design/saved-designs/screenshots/2022/05/1652927437198.jpg",
    "title": "Laser Etched Black Granite Headstone"
  },
  {
    "id": "1649141180182",
    "img": "https://www.forevershining.com.au/design/saved-designs/screenshots/2022/04/1649141180182.jpg",
    "title": "Laser Etched Black Granite Headstone"
  },
  {
    "id": "1648260196536",
    "img": "https://www.forevershining.com.au/design/saved-designs/screenshots/2022/03/1648260196536.jpg",
    "title": "Laser Etched Black Granite Headstone"
  },
  {
    "id": "1643210127791",
    "img": "https://www.forevershining.com.au/design/saved-designs/screenshots/2022/01/1643210127791.jpg",
    "title": "Laser Etched Black Granite Headstone"
  },
  {
    "id": "1641816268171",
    "img": "https://www.forevershining.com.au/design/saved-designs/screenshots/2022/01/1641816268171.jpg",
    "title": "Laser Etched Black Granite Headstone"
  },
  {
    "id": "1637623179360",
    "img": "https://www.forevershining.com.au/design/saved-designs/screenshots/2021/11/1637623179360.jpg",
    "title": "Laser Etched Black Granite Headstone"
  },
  {
    "id": "1637622975456",
    "img": "https://www.forevershining.com.au/design/saved-designs/screenshots/2021/11/1637622975456.jpg",
    "title": "Laser Etched Black Granite Headstone"
  },
  {
    "id": "1637550688976",
    "img": "https://www.forevershining.com.au/design/saved-designs/screenshots/2021/11/1637550688976.jpg",
    "title": "Laser Etched Black Granite Headstone"
  },
  {
    "id": "1619610181430",
    "img": "https://www.forevershining.com.au/design/saved-designs/screenshots/2021/04/1619610181430.jpg",
    "title": "Laser Etched Black Granite Headstone"
  },
  {
    "id": "1619608201139",
    "img": "https://www.forevershining.com.au/design/saved-designs/screenshots/2021/04/1619608201139.jpg",
    "title": "Laser Etched Black Granite Headstone"
  },
  {
    "id": "1618942240099",
    "img": "https://www.forevershining.com.au/design/saved-designs/screenshots/2021/04/1618942240099.jpg",
    "title": "Laser Etched Black Granite Headstone"
  },
  {
    "id": "1615367676730",
    "img": "https://www.forevershining.com.au/design/saved-designs/screenshots/2021/03/1615367676730.jpg",
    "title": "Laser Etched Black Granite Headstone"
  },
  {
    "id": "1593050083394",
    "img": "https://www.forevershining.com.au/design/saved-designs/screenshots/2020/06/1593050083394.jpg",
    "title": "Laser Etched Black Granite Headstone"
  },
  {
    "id": "1592213304489",
    "img": "https://www.forevershining.com.au/design/saved-designs/screenshots/1592213304489.jpg",
    "title": "Laser Etched Black Granite Headstone"
  },
  {
    "id": "1592213311746",
    "img": "https://www.forevershining.com.au/design/saved-designs/screenshots/1592213311746.jpg",
    "title": "Laser Etched Black Granite Headstone"
  },
  {
    "id": "1592183454976",
    "img": "https://www.forevershining.com.au/design/saved-designs/screenshots/1592183454976.jpg",
    "title": "Laser Etched Black Granite Headstone"
  },
  {
    "id": "1583539431678",
    "img": "https://www.forevershining.com.au/design/saved-designs/screenshots/1583539431678.jpg",
    "title": "Laser Etched Black Granite Headstone"
  },
  {
    "id": "1578542740985",
    "img": "https://www.forevershining.com.au/design/saved-designs/screenshots/1578542740985.jpg",
    "title": "Laser Etched Black Granite Headstone"
  }
]