[
  {
    "id": "1717860444713",
    "img": "https://www.forevershining.com.au/design/saved-designs/screenshots/2024/06/1717860444713.jpg",
    "title": "Laser Etched Black Granite Headstone"
  },
  {
    "id": "1712560106763",
    "img": "https://www.forevershining.com.au/design/saved-designs/screenshots/2024/04/1712560106763.jpg",
    "title": "Laser Etched Black Granite Headstone"
  },
  {
    "id": "1709080854392",
    "img": "https://www.forevershining.com.au/design/saved-designs/screenshots/2024/02/1709080854392.jpg",
    "title": "Laser Etched Black Granite Headstone"
  },
  {
    "id": "1699484650559",
    "img": "https://www.forevershining.com.au/design/saved-designs/screenshots/2023/11/1699484650559.jpg",
    "title": "Laser Etched Black Granite Headstone"
  },
  {
    "id": "1681806755219",
    "img": "https://www.forevershining.com.au/design/saved-designs/screenshots/2023/04/1681806755219.jpg",
    "title": "Laser Etched Black Granite Headstone"
  },
  {
    "id": "1670316067483",
    "img": "https://www.forevershining.com.au/design/saved-designs/screenshots/2022/12/1670316067483.jpg",
    "title": "Laser Etched Black Granite Headstone"
  },
  {
    "id": "1670310038572",
    "img": "https://www.forevershining.com.au/design/saved-designs/screenshots/2022/12/1670310038572.jpg",
    "title": "Laser Etched Black Granite Headstone"
  },
  {
    "id": "1670300139469",
    "img": "https://www.forevershining.com.au/design/saved-designs/screenshots/2022/12/1670300139469.jpg",
    "title": "Laser Etched Black Granite Headstone"
  },
  {
    "id": "1670298635805",
    "img": "https://www.forevershining.com.au/design/saved-designs/screenshots/2022/12/1670298635805.jpg",
    "title": "Laser Etched Black Granite Headstone"
  },
  {
    "id": "1670287349439",
    "img": "https://www.forevershining.com.au/design/saved-designs/screenshots/2022/12/1670287349439.jpg",
    "title": "Laser Etched Black Granite Headstone"
  },
  {
    "id": "1649700793297",
    "img": "https://www.forevershining.com.au/design/saved-designs/screenshots/2022/04/1649700793297.jpg",
    "title": "Laser Etched Black Granite Headstone"
  },
  {
    "id": "1643958775372",
    "img": "https://www.forevershining.com.au/design/saved-designs/screenshots/2022/02/1643958775372.jpg",
    "title": "Laser Etched Black Granite Headstone"
  },
  {
    "id": "1635069906952",
    "img": "https://www.forevershining.com.au/design/saved-designs/screenshots/2021/10/1635069906952.jpg",
    "title": "Laser Etched Black Granite Headstone"
  },
  {
    "id": "1632128729113",
    "img": "https://www.forevershining.com.au/design/saved-designs/screenshots/2021/09/1632128729113.jpg",
    "title": "Laser Etched Black Granite Headstone"
  },
  {
    "id": "1624255951988",
    "img": "https://www.forevershining.com.au/design/saved-designs/screenshots/2021/06/1624255951988.jpg",
    "title": "Laser Etched Black Granite Headstone"
  },
  {
    "id": "1616055891242",
    "img": "https://www.forevershining.com.au/design/saved-designs/screenshots/2021/03/1616055891242.jpg",
    "title": "Laser Etched Black Granite Headstone"
  },
  {
    "id": "1616055812063",
    "img": "https://www.forevershining.com.au/design/saved-designs/screenshots/2021/03/1616055812063.jpg",
    "title": "Laser Etched Black Granite Headstone"
  },
  {
    "id": "1616055803812",
    "img": "https://www.forevershining.com.au/design/saved-designs/screenshots/2021/03/1616055803812.jpg",
    "title": "Laser Etched Black Granite Headstone"
  },
  {
    "id": "1616055751833",
    "img": "https://www.forevershining.com.au/design/saved-designs/screenshots/2021/03/1616055751833.jpg",
    "title": "Laser Etched Black Granite Headstone"
  },
  {
    "id": "1616055739727",
    "img": "https://www.forevershining.com.au/design/saved-designs/screenshots/2021/03/1616055739727.jpg",
    "title": "Laser Etched Black Granite Headstone"
  },
  {
    "id": "1616054110689",
    "img": "https://www.forevershining.com.au/design/saved-designs/screenshots/2021/03/1616054110689.jpg",
    "title": "Laser Etched Black Granite Headstone"
  }
]