[
  {
    "id": "1719101218532",
    "img": "https://www.forevershining.com.au/design/saved-designs/screenshots/2024/06/1719101218532.jpg",
    "title": "Laser Etched Black Granite Headstone"
  },
  {
    "id": "1719057665880",
    "img": "https://www.forevershining.com.au/design/saved-designs/screenshots/2024/06/1719057665880.jpg",
    "title": "Laser Etched Black Granite Headstone"
  },
  {
    "id": "1719045156209",
    "img": "https://www.forevershining.com.au/design/saved-designs/screenshots/2024/06/1719045156209.jpg",
    "title": "Laser Etched Black Granite Headstone"
  },
  {
    "id": "1717489839290",
    "img": "https://www.forevershining.com.au/design/saved-designs/screenshots/2024/06/1717489839290.jpg",
    "title": "Laser Etched Black Granite Headstone"
  },
  {
    "id": "1717487021308",
    "img": "https://www.forevershining.com.au/design/saved-designs/screenshots/2024/06/1717487021308.jpg",
    "title": "Laser Etched Black Granite Headstone"
  },
  {
    "id": "1717477071396",
    "img": "https://www.forevershining.com.au/design/saved-designs/screenshots/2024/06/1717477071396.jpg",
    "title": "Laser Etched Black Granite Headstone"
  },
  {
    "id": "1717466243404",
    "img": "https://www.forevershining.com.au/design/saved-designs/screenshots/2024/06/1717466243404.jpg",
    "title": "Laser Etched Black Granite Headstone"
  },
  {
    "id": "1711080849614",
    "img": "https://www.forevershining.com.au/design/saved-designs/screenshots/2024/03/1711080849614.jpg",
    "title": "Laser Etched Black Granite Headstone"
  },
  {
    "id": "1708135243001",
    "img": "https://www.forevershining.com.au/design/saved-designs/screenshots/2024/02/1708135243001.jpg",
    "title": "Laser Etched Black Granite Headstone"
  },
  {
    "id": "1703857973674",
    "img": "https://www.forevershining.com.au/design/saved-designs/screenshots/2023/12/1703857973674.jpg",
    "title": "Laser Etched Black Granite Headstone"
  },
  {
    "id": "1699156238529",
    "img": "https://www.forevershining.com.au/design/saved-designs/screenshots/2023/11/1699156238529.jpg",
    "title": "Laser Etched Black Granite Headstone"
  },
  {
    "id": "1697036052541",
    "img": "https://www.forevershining.com.au/design/saved-designs/screenshots/2023/10/1697036052541.jpg",
    "title": "Laser Etched Black Granite Headstone"
  },
  {
    "id": "1715665087757",
    "img": "https://www.forevershining.com.au/design/saved-designs/screenshots/2024/05/1715665087757.jpg",
    "title": "Laser Etched Black Granite Headstone"
  },
  {
    "id": "1715664831331",
    "img": "https://www.forevershining.com.au/design/saved-designs/screenshots/2024/05/1715664831331.jpg",
    "title": "Laser Etched Black Granite Headstone"
  },
  {
    "id": "1715662084662",
    "img": "https://www.forevershining.com.au/design/saved-designs/screenshots/2024/05/1715662084662.jpg",
    "title": "Laser Etched Black Granite Headstone"
  },
  {
    "id": "1684985630344",
    "img": "https://www.forevershining.com.au/design/saved-designs/screenshots/2023/05/1684985630344.jpg",
    "title": "Laser Etched Black Granite Headstone"
  },
  {
    "id": "1684910994178",
    "img": "https://www.forevershining.com.au/design/saved-designs/screenshots/2023/05/1684910994178.jpg",
    "title": "Laser Etched Black Granite Headstone"
  },
  {
    "id": "1684835236536",
    "img": "https://www.forevershining.com.au/design/saved-designs/screenshots/2023/05/1684835236536.jpg",
    "title": "Laser Etched Black Granite Headstone"
  },
  {
    "id": "1684742764177",
    "img": "https://www.forevershining.com.au/design/saved-designs/screenshots/2023/05/1684742764177.jpg",
    "title": "Laser Etched Black Granite Headstone"
  },
  {
    "id": "1684650918766",
    "img": "https://www.forevershining.com.au/design/saved-designs/screenshots/2023/05/1684650918766.jpg",
    "title": "Laser Etched Black Granite Headstone"
  },
  {
    "id": "1684669465784",
    "img": "https://www.forevershining.com.au/design/saved-designs/screenshots/2023/05/1684669465784.jpg",
    "title": "Laser Etched Black Granite Headstone"
  },
  {
    "id": "1684667070986",
    "img": "https://www.forevershining.com.au/design/saved-designs/screenshots/2023/05/1684667070986.jpg",
    "title": "Laser Etched Black Granite Headstone"
  },
  {
    "id": "1684648032613",
    "img": "https://www.forevershining.com.au/design/saved-designs/screenshots/2023/05/1684648032613.jpg",
    "title": "Laser Etched Black Granite Headstone"
  },
  {
    "id": "1684644184234",
    "img": "https://www.forevershining.com.au/design/saved-designs/screenshots/2023/05/1684644184234.jpg",
    "title": "Laser Etched Black Granite Headstone"
  },
  {
    "id": "1670439644971",
    "img": "https://www.forevershining.com.au/design/saved-designs/screenshots/2022/12/1670439644971.jpg",
    "title": "Laser Etched Black Granite Headstone"
  },
  {
    "id": "1666655125645",
    "img": "https://www.forevershining.com.au/design/saved-designs/screenshots/2022/10/1666655125645.jpg",
    "title": "Laser Etched Black Granite Headstone"
  },
  {
    "id": "1666653525671",
    "img": "https://www.forevershining.com.au/design/saved-designs/screenshots/2022/10/1666653525671.jpg",
    "title": "Laser Etched Black Granite Headstone"
  },
  {
    "id": "1666592508919",
    "img": "https://www.forevershining.com.au/design/saved-designs/screenshots/2022/10/1666592508919.jpg",
    "title": "Laser Etched Black Granite Headstone"
  },
  {
    "id": "1666587970101",
    "img": "https://www.forevershining.com.au/design/saved-designs/screenshots/2022/10/1666587970101.jpg",
    "title": "Laser Etched Black Granite Headstone"
  },
  {
    "id": "1666236804273",
    "img": "https://www.forevershining.com.au/design/saved-designs/screenshots/2022/10/1666236804273.jpg",
    "title": "Laser Etched Black Granite Headstone"
  },
  {
    "id": "1666070499108",
    "img": "https://www.forevershining.com.au/design/saved-designs/screenshots/2022/10/1666070499108.jpg",
    "title": "Laser Etched Black Granite Headstone"
  },
  {
    "id": "1666064190767",
    "img": "https://www.forevershining.com.au/design/saved-designs/screenshots/2022/10/1666064190767.jpg",
    "title": "Laser Etched Black Granite Headstone"
  },
  {
    "id": "1663171238845",
    "img": "https://www.forevershining.com.au/design/saved-designs/screenshots/2022/09/1663171238845.jpg",
    "title": "Laser Etched Black Granite Headstone"
  },
  {
    "id": "1663171149287",
    "img": "https://www.forevershining.com.au/design/saved-designs/screenshots/2022/09/1663171149287.jpg",
    "title": "Laser Etched Black Granite Headstone"
  },
  {
    "id": "1663168306425",
    "img": "https://www.forevershining.com.au/design/saved-designs/screenshots/2022/09/1663168306425.jpg",
    "title": "Laser Etched Black Granite Headstone"
  },
  {
    "id": "1663136283689",
    "img": "https://www.forevershining.com.au/design/saved-designs/screenshots/2022/09/1663136283689.jpg",
    "title": "Laser Etched Black Granite Headstone"
  },
  {
    "id": "1662653939673",
    "img": "https://www.forevershining.com.au/design/saved-designs/screenshots/2022/09/1662653939673.jpg",
    "title": "Laser Etched Black Granite Headstone"
  },
  {
    "id": "1662653591129",
    "img": "https://www.forevershining.com.au/design/saved-designs/screenshots/2022/09/1662653591129.jpg",
    "title": "Laser Etched Black Granite Headstone"
  },
  {
    "id": "1652673968464",
    "img": "https://www.forevershining.com.au/design/saved-designs/screenshots/2022/05/1652673968464.jpg",
    "title": "Laser Etched Black Granite Headstone"
  },
  {
    "id": "1623816847305",
    "img": "https://www.forevershining.com.au/design/saved-designs/screenshots/2021/06/1623816847305.jpg",
    "title": "Laser Etched Black Granite Headstone"
  },
  {
    "id": "1623811813275",
    "img": "https://www.forevershining.com.au/design/saved-designs/screenshots/2021/06/1623811813275.jpg",
    "title": "Laser Etched Black Granite Headstone"
  },
  {
    "id": "1620742434362",
    "img": "https://www.forevershining.com.au/design/saved-designs/screenshots/2021/05/1620742434362.jpg",
    "title": "Laser Etched Black Granite Headstone"
  },
  {
    "id": "1620738925365",
    "img": "https://www.forevershining.com.au/design/saved-designs/screenshots/2021/05/1620738925365.jpg",
    "title": "Laser Etched Black Granite Headstone"
  },
  {
    "id": "1620710771642",
    "img": "https://www.forevershining.com.au/design/saved-designs/screenshots/2021/05/1620710771642.jpg",
    "title": "Laser Etched Black Granite Headstone"
  },
  {
    "id": "1620705163224",
    "img": "https://www.forevershining.com.au/design/saved-designs/screenshots/2021/05/1620705163224.jpg",
    "title": "Laser Etched Black Granite Headstone"
  },
  {
    "id": "1620705591433",
    "img": "https://www.forevershining.com.au/design/saved-designs/screenshots/2021/05/1620705591433.jpg",
    "title": "Laser Etched Black Granite Headstone"
  },
  {
    "id": "1620705584021",
    "img": "https://www.forevershining.com.au/design/saved-designs/screenshots/2021/05/1620705584021.jpg",
    "title": "Laser Etched Black Granite Headstone"
  },
  {
    "id": "1619913074962",
    "img": "https://www.forevershining.com.au/design/saved-designs/screenshots/2021/05/1619913074962.jpg",
    "title": "Laser Etched Black Granite Headstone"
  },
  {
    "id": "1619908523750",
    "img": "https://www.forevershining.com.au/design/saved-designs/screenshots/2021/05/1619908523750.jpg",
    "title": "Laser Etched Black Granite Headstone"
  },
  {
    "id": "1617367955739",
    "img": "https://www.forevershining.com.au/design/saved-designs/screenshots/2021/04/1617367955739.jpg",
    "title": "Laser Etched Black Granite Headstone"
  },
  {
    "id": "1611667890670",
    "img": "https://www.forevershining.com.au/design/saved-designs/screenshots/2021/01/1611667890670.jpg",
    "title": "Laser Etched Black Granite Headstone"
  },
  {
    "id": "1601970864372",
    "img": "https://www.forevershining.com.au/design/saved-designs/screenshots/2020/10/1601970864372.jpg",
    "title": "Laser Etched Black Granite Headstone"
  },
  {
    "id": "1593936950386",
    "img": "https://www.forevershining.com.au/design/saved-designs/screenshots/2020/07/1593936950386.jpg",
    "title": "Laser Etched Black Granite Headstone"
  },
  {
    "id": "1593935665264",
    "img": "https://www.forevershining.com.au/design/saved-designs/screenshots/2020/07/1593935665264.jpg",
    "title": "Laser Etched Black Granite Headstone"
  },
  {
    "id": "1593855088965",
    "img": "https://www.forevershining.com.au/design/saved-designs/screenshots/2020/07/1593855088965.jpg",
    "title": "Laser Etched Black Granite Headstone"
  },
  {
    "id": "1593774827276",
    "img": "https://www.forevershining.com.au/design/saved-designs/screenshots/2020/07/1593774827276.jpg",
    "title": "Laser Etched Black Granite Headstone"
  },
  {
    "id": "1593773449566",
    "img": "https://www.forevershining.com.au/design/saved-designs/screenshots/2020/07/1593773449566.jpg",
    "title": "Laser Etched Black Granite Headstone"
  },
  {
    "id": "1593768125082",
    "img": "https://www.forevershining.com.au/design/saved-designs/screenshots/2020/07/1593768125082.jpg",
    "title": "Laser Etched Black Granite Headstone"
  },
  {
    "id": "1593765946964",
    "img": "https://www.forevershining.com.au/design/saved-designs/screenshots/2020/07/1593765946964.jpg",
    "title": "Laser Etched Black Granite Headstone"
  },
  {
    "id": "1593765052241",
    "img": "https://www.forevershining.com.au/design/saved-designs/screenshots/2020/07/1593765052241.jpg",
    "title": "Laser Etched Black Granite Headstone"
  },
  {
    "id": "1593680116809",
    "img": "https://www.forevershining.com.au/design/saved-designs/screenshots/2020/07/1593680116809.jpg",
    "title": "Laser Etched Black Granite Headstone"
  }
]