[
  {
    "id": "1601266943416",
    "img": "https://www.forevershining.com.au/design/saved-designs/screenshots/2020/09/1601266943416.jpg",
    "title": "Laser Etched Black Granite Headstone"
  },
  {
    "id": "1601253154038",
    "img": "https://www.forevershining.com.au/design/saved-designs/screenshots/2020/09/1601253154038.jpg",
    "title": "Laser Etched Black Granite Headstone"
  },
  {
    "id": "1601213322162",
    "img": "https://www.forevershining.com.au/design/saved-designs/screenshots/2020/09/1601213322162.jpg",
    "title": "Laser Etched Black Granite Headstone"
  }
]