[
  {
    "id": "1673341139948",
    "img": "https://www.forevershining.com.au/design/saved-designs/screenshots/2023/01/1673341139948.jpg",
    "title": "Traditional Engraved Granite Headstone"
  },
  {
    "id": "1593487842015",
    "img": "https://www.forevershining.com.au/design/saved-designs/screenshots/2020/06/1593487842015.jpg",
    "title": "Traditional Engraved Granite Headstone"
  },
  {
    "id": "1593411619075",
    "img": "https://www.forevershining.com.au/design/saved-designs/screenshots/2020/06/1593411619075.jpg",
    "title": "Traditional Engraved Granite Headstone"
  },
  {
    "id": "1593400579463",
    "img": "https://www.forevershining.com.au/design/saved-designs/screenshots/2020/06/1593400579463.jpg",
    "title": "Traditional Engraved Granite Headstone"
  },
  {
    "id": "1629103771507",
    "img": "https://www.forevershining.com.au/design/saved-designs/screenshots/2021/08/1629103771507.jpg",
    "title": "Traditional Engraved Granite Headstone"
  }
]