[
  {
    "id": "1665410793224",
    "img": "https://www.forevershining.com.au/design/saved-designs/screenshots/2022/10/1665410793224.jpg",
    "title": "Laser Etched Black Granite Headstone"
  },
  {
    "id": "1665405362755",
    "img": "https://www.forevershining.com.au/design/saved-designs/screenshots/2022/10/1665405362755.jpg",
    "title": "Laser Etched Black Granite Headstone"
  },
  {
    "id": "1580299294352",
    "img": "https://www.forevershining.com.au/design/saved-designs/screenshots/1580299294352.jpg",
    "title": "Laser Etched Black Granite Headstone"
  }
]