[
  {
    "id": "1718675856877",
    "img": "https://www.forevershining.com.au/design/saved-designs/screenshots/2024/06/1718675856877.jpg",
    "title": "Traditional Engraved Granite Headstone"
  },
  {
    "id": "1708144857392",
    "img": "https://www.forevershining.com.au/design/saved-designs/screenshots/2024/02/1708144857392.jpg",
    "title": "Traditional Engraved Granite Headstone"
  },
  {
    "id": "1674722249823",
    "img": "https://www.forevershining.com.au/design/saved-designs/screenshots/2023/01/1674722249823.jpg",
    "title": "Traditional Engraved Granite Headstone"
  },
  {
    "id": "1633303250257",
    "img": "https://www.forevershining.com.au/design/saved-designs/screenshots/2021/10/1633303250257.jpg",
    "title": "Traditional Engraved Granite Headstone"
  },
  {
    "id": "1624849888294",
    "img": "https://www.forevershining.com.au/design/saved-designs/screenshots/2021/06/1624849888294.jpg",
    "title": "Traditional Engraved Granite Headstone"
  },
  {
    "id": "1624847396546",
    "img": "https://www.forevershining.com.au/design/saved-designs/screenshots/2021/06/1624847396546.jpg",
    "title": "Traditional Engraved Granite Headstone"
  },
  {
    "id": "1611662238756",
    "img": "https://www.forevershining.com.au/design/saved-designs/screenshots/2021/01/1611662238756.jpg",
    "title": "Traditional Engraved Granite Headstone"
  },
  {
    "id": "1611659390928",
    "img": "https://www.forevershining.com.au/design/saved-designs/screenshots/2021/01/1611659390928.jpg",
    "title": "Traditional Engraved Granite Headstone"
  },
  {
    "id": "1590021838142",
    "img": "https://www.forevershining.com.au/design/saved-designs/screenshots/1590021838142.jpg",
    "title": "Traditional Engraved Granite Headstone"
  },
  {
    "id": "1584692864544",
    "img": "https://www.forevershining.com.au/design/saved-designs/screenshots/1584692864544.jpg",
    "title": "Traditional Engraved Granite Headstone"
  },
  {
    "id": "1584676642973",
    "img": "https://www.forevershining.com.au/design/saved-designs/screenshots/1584676642973.jpg",
    "title": "Traditional Engraved Granite Headstone"
  },
  {
    "id": "1583879868976",
    "img": "https://www.forevershining.com.au/design/saved-designs/screenshots/1583879868976.jpg",
    "title": "Traditional Engraved Granite Headstone"
  },
  {
    "id": "1582372035272",
    "img": "https://www.forevershining.com.au/design/saved-designs/screenshots/1582372035272.jpg",
    "title": "Traditional Engraved Granite Headstone"
  },
  {
    "id": "1584914887160",
    "img": "https://www.forevershining.com.au/design/saved-designs/screenshots/1584914887160.jpg",
    "title": "Traditional Engraved Granite Headstone"
  },
  {
    "id": "1583888436165",
    "img": "https://www.forevershining.com.au/design/saved-designs/screenshots/1583888436165.jpg",
    "title": "Traditional Engraved Granite Headstone"
  }
]