[
  {
    "id": "1669036334182",
    "img": "https://www.forevershining.com.au/design/saved-designs/screenshots/2022/11/1669036334182.jpg",
    "title": "Traditional Engraved Granite Headstone"
  },
  {
    "id": "1616110933129",
    "img": "https://www.forevershining.com.au/design/saved-designs/screenshots/2021/03/1616110933129.jpg",
    "title": "Traditional Engraved Granite Headstone"
  },
  {
    "id": "1616073963036",
    "img": "https://www.forevershining.com.au/design/saved-designs/screenshots/2021/03/1616073963036.jpg",
    "title": "Traditional Engraved Granite Headstone"
  },
  {
    "id": "1616071373956",
    "img": "https://www.forevershining.com.au/design/saved-designs/screenshots/2021/03/1616071373956.jpg",
    "title": "Traditional Engraved Granite Headstone"
  }
]