[
  {
    "id": "1717636810937",
    "img": "https://www.forevershining.com.au/design/saved-designs/screenshots/2024/06/1717636810937.jpg",
    "title": "Traditional Engraved Granite Headstone"
  },
  {
    "id": "1717619859431",
    "img": "https://www.forevershining.com.au/design/saved-designs/screenshots/2024/06/1717619859431.jpg",
    "title": "Traditional Engraved Granite Headstone"
  },
  {
    "id": "1717618960267",
    "img": "https://www.forevershining.com.au/design/saved-designs/screenshots/2024/06/1717618960267.jpg",
    "title": "Traditional Engraved Granite Headstone"
  },
  {
    "id": "1717618486197",
    "img": "https://www.forevershining.com.au/design/saved-designs/screenshots/2024/06/1717618486197.jpg",
    "title": "Traditional Engraved Granite Headstone"
  },
  {
    "id": "1717617998056",
    "img": "https://www.forevershining.com.au/design/saved-designs/screenshots/2024/06/1717617998056.jpg",
    "title": "Traditional Engraved Granite Headstone"
  },
  {
    "id": "1717617676833",
    "img": "https://www.forevershining.com.au/design/saved-designs/screenshots/2024/06/1717617676833.jpg",
    "title": "Traditional Engraved Granite Headstone"
  },
  {
    "id": "1717615889847",
    "img": "https://www.forevershining.com.au/design/saved-designs/screenshots/2024/06/1717615889847.jpg",
    "title": "Traditional Engraved Granite Headstone"
  },
  {
    "id": "1717615297256",
    "img": "https://www.forevershining.com.au/design/saved-designs/screenshots/2024/06/1717615297256.jpg",
    "title": "Traditional Engraved Granite Headstone"
  },
  {
    "id": "1717615216801",
    "img": "https://www.forevershining.com.au/design/saved-designs/screenshots/2024/06/1717615216801.jpg",
    "title": "Traditional Engraved Granite Headstone"
  },
  {
    "id": "1717614655100",
    "img": "https://www.forevershining.com.au/design/saved-designs/screenshots/2024/06/1717614655100.jpg",
    "title": "Traditional Engraved Granite Headstone"
  },
  {
    "id": "1708410670866",
    "img": "https://www.forevershining.com.au/design/saved-designs/screenshots/2024/02/1708410670866.jpg",
    "title": "Traditional Engraved Granite Headstone"
  },
  {
    "id": "1707357823979",
    "img": "https://www.forevershining.com.au/design/saved-designs/screenshots/2024/02/1707357823979.jpg",
    "title": "Traditional Engraved Granite Headstone"
  },
  {
    "id": "1707355897721",
    "img": "https://www.forevershining.com.au/design/saved-designs/screenshots/2024/02/1707355897721.jpg",
    "title": "Traditional Engraved Granite Headstone"
  },
  {
    "id": "1706933312500",
    "img": "https://www.forevershining.com.au/design/saved-designs/screenshots/2024/02/1706933312500.jpg",
    "title": "Traditional Engraved Granite Headstone"
  },
  {
    "id": "1706932192606",
    "img": "https://www.forevershining.com.au/design/saved-designs/screenshots/2024/02/1706932192606.jpg",
    "title": "Traditional Engraved Granite Headstone"
  },
  {
    "id": "1706404745805",
    "img": "https://www.forevershining.com.au/design/saved-designs/screenshots/2024/01/1706404745805.jpg",
    "title": "Traditional Engraved Granite Headstone"
  },
  {
    "id": "1706371925910",
    "img": "https://www.forevershining.com.au/design/saved-designs/screenshots/2024/01/1706371925910.jpg",
    "title": "Traditional Engraved Granite Headstone"
  },
  {
    "id": "1706356897437",
    "img": "https://www.forevershining.com.au/design/saved-designs/screenshots/2024/01/1706356897437.jpg",
    "title": "Traditional Engraved Granite Headstone"
  },
  {
    "id": "1706322209898",
    "img": "https://www.forevershining.com.au/design/saved-designs/screenshots/2024/01/1706322209898.jpg",
    "title": "Traditional Engraved Granite Headstone"
  },
  {
    "id": "1705290119367",
    "img": "https://www.forevershining.com.au/design/saved-designs/screenshots/2024/01/1705290119367.jpg",
    "title": "Traditional Engraved Granite Headstone"
  },
  {
    "id": "1705113332273",
    "img": "https://www.forevershining.com.au/design/saved-designs/screenshots/2024/01/1705113332273.jpg",
    "title": "Traditional Engraved Granite Headstone"
  },
  {
    "id": "1705097454584",
    "img": "https://www.forevershining.com.au/design/saved-designs/screenshots/2024/01/1705097454584.jpg",
    "title": "Traditional Engraved Granite Headstone"
  },
  {
    "id": "1705096607351",
    "img": "https://www.forevershining.com.au/design/saved-designs/screenshots/2024/01/1705096607351.jpg",
    "title": "Traditional Engraved Granite Headstone"
  },
  {
    "id": "1704011685894",
    "img": "https://www.forevershining.com.au/design/saved-designs/screenshots/2023/12/1704011685894.jpg",
    "title": "Traditional Engraved Granite Headstone"
  },
  {
    "id": "1704008306623",
    "img": "https://www.forevershining.com.au/design/saved-designs/screenshots/2023/12/1704008306623.jpg",
    "title": "Traditional Engraved Granite Headstone"
  },
  {
    "id": "1699151169030",
    "img": "https://www.forevershining.com.au/design/saved-designs/screenshots/2023/11/1699151169030.jpg",
    "title": "Traditional Engraved Granite Headstone"
  },
  {
    "id": "1694478735766",
    "img": "https://www.forevershining.com.au/design/saved-designs/screenshots/2023/09/1694478735766.jpg",
    "title": "Traditional Engraved Granite Headstone"
  },
  {
    "id": "1694435978267",
    "img": "https://www.forevershining.com.au/design/saved-designs/screenshots/2023/09/1694435978267.jpg",
    "title": "Traditional Engraved Granite Headstone"
  },
  {
    "id": "1694429227558",
    "img": "https://www.forevershining.com.au/design/saved-designs/screenshots/2023/09/1694429227558.jpg",
    "title": "Traditional Engraved Granite Headstone"
  },
  {
    "id": "1694257462923",
    "img": "https://www.forevershining.com.au/design/saved-designs/screenshots/2023/09/1694257462923.jpg",
    "title": "Traditional Engraved Granite Headstone"
  },
  {
    "id": "1694256231543",
    "img": "https://www.forevershining.com.au/design/saved-designs/screenshots/2023/09/1694256231543.jpg",
    "title": "Traditional Engraved Granite Headstone"
  },
  {
    "id": "1693875808434",
    "img": "https://www.forevershining.com.au/design/saved-designs/screenshots/2023/09/1693875808434.jpg",
    "title": "Traditional Engraved Granite Headstone"
  },
  {
    "id": "1693875688180",
    "img": "https://www.forevershining.com.au/design/saved-designs/screenshots/2023/09/1693875688180.jpg",
    "title": "Traditional Engraved Granite Headstone"
  },
  {
    "id": "1693814401389",
    "img": "https://www.forevershining.com.au/design/saved-designs/screenshots/2023/09/1693814401389.jpg",
    "title": "Traditional Engraved Granite Headstone"
  },
  {
    "id": "1693804822428",
    "img": "https://www.forevershining.com.au/design/saved-designs/screenshots/2023/09/1693804822428.jpg",
    "title": "Traditional Engraved Granite Headstone"
  },
  {
    "id": "1693286726130",
    "img": "https://www.forevershining.com.au/design/saved-designs/screenshots/2023/08/1693286726130.jpg",
    "title": "Traditional Engraved Granite Headstone"
  },
  {
    "id": "1690270864187",
    "img": "https://www.forevershining.com.au/design/saved-designs/screenshots/2023/07/1690270864187.jpg",
    "title": "Traditional Engraved Granite Headstone"
  },
  {
    "id": "1687827662768",
    "img": "https://www.forevershining.com.au/design/saved-designs/screenshots/2023/06/1687827662768.jpg",
    "title": "Traditional Engraved Granite Headstone"
  },
  {
    "id": "1687826472621",
    "img": "https://www.forevershining.com.au/design/saved-designs/screenshots/2023/06/1687826472621.jpg",
    "title": "Traditional Engraved Granite Headstone"
  },
  {
    "id": "1683444331505",
    "img": "https://www.forevershining.com.au/design/saved-designs/screenshots/2023/05/1683444331505.jpg",
    "title": "Traditional Engraved Granite Headstone"
  },
  {
    "id": "1683440270484",
    "img": "https://www.forevershining.com.au/design/saved-designs/screenshots/2023/05/1683440270484.jpg",
    "title": "Traditional Engraved Granite Headstone"
  },
  {
    "id": "1675946996822",
    "img": "https://www.forevershining.com.au/design/saved-designs/screenshots/2023/02/1675946996822.jpg",
    "title": "Traditional Engraved Granite Headstone"
  },
  {
    "id": "1673933631389",
    "img": "https://www.forevershining.com.au/design/saved-designs/screenshots/2023/01/1673933631389.jpg",
    "title": "Traditional Engraved Granite Headstone"
  },
  {
    "id": "1672729990130",
    "img": "https://www.forevershining.com.au/design/saved-designs/screenshots/2023/01/1672729990130.jpg",
    "title": "Traditional Engraved Granite Headstone"
  },
  {
    "id": "1669819570563",
    "img": "https://www.forevershining.com.au/design/saved-designs/screenshots/2022/11/1669819570563.jpg",
    "title": "Traditional Engraved Granite Headstone"
  },
  {
    "id": "1669808005699",
    "img": "https://www.forevershining.com.au/design/saved-designs/screenshots/2022/11/1669808005699.jpg",
    "title": "Traditional Engraved Granite Headstone"
  },
  {
    "id": "1669749541023",
    "img": "https://www.forevershining.com.au/design/saved-designs/screenshots/2022/11/1669749541023.jpg",
    "title": "Traditional Engraved Granite Headstone"
  },
  {
    "id": "1669744936085",
    "img": "https://www.forevershining.com.au/design/saved-designs/screenshots/2022/11/1669744936085.jpg",
    "title": "Traditional Engraved Granite Headstone"
  },
  {
    "id": "1668646222226",
    "img": "https://www.forevershining.com.au/design/saved-designs/screenshots/2022/11/1668646222226.jpg",
    "title": "Traditional Engraved Granite Headstone"
  },
  {
    "id": "1668646172642",
    "img": "https://www.forevershining.com.au/design/saved-designs/screenshots/2022/11/1668646172642.jpg",
    "title": "Traditional Engraved Granite Headstone"
  },
  {
    "id": "1668644725305",
    "img": "https://www.forevershining.com.au/design/saved-designs/screenshots/2022/11/1668644725305.jpg",
    "title": "Traditional Engraved Granite Headstone"
  },
  {
    "id": "1668640728109",
    "img": "https://www.forevershining.com.au/design/saved-designs/screenshots/2022/11/1668640728109.jpg",
    "title": "Traditional Engraved Granite Headstone"
  },
  {
    "id": "1668639881970",
    "img": "https://www.forevershining.com.au/design/saved-designs/screenshots/2022/11/1668639881970.jpg",
    "title": "Traditional Engraved Granite Headstone"
  },
  {
    "id": "1665541071148",
    "img": "https://www.forevershining.com.au/design/saved-designs/screenshots/2022/10/1665541071148.jpg",
    "title": "Traditional Engraved Granite Headstone"
  },
  {
    "id": "1665488454632",
    "img": "https://www.forevershining.com.au/design/saved-designs/screenshots/2022/10/1665488454632.jpg",
    "title": "Traditional Engraved Granite Headstone"
  },
  {
    "id": "1662124545430",
    "img": "https://www.forevershining.com.au/design/saved-designs/screenshots/2022/09/1662124545430.jpg",
    "title": "Traditional Engraved Granite Headstone"
  },
  {
    "id": "1662123971684",
    "img": "https://www.forevershining.com.au/design/saved-designs/screenshots/2022/09/1662123971684.jpg",
    "title": "Traditional Engraved Granite Headstone"
  },
  {
    "id": "1660572571422",
    "img": "https://www.forevershining.com.au/design/saved-designs/screenshots/2022/08/1660572571422.jpg",
    "title": "Traditional Engraved Granite Headstone"
  },
  {
    "id": "1660569190747",
    "img": "https://www.forevershining.com.au/design/saved-designs/screenshots/2022/08/1660569190747.jpg",
    "title": "Traditional Engraved Granite Headstone"
  },
  {
    "id": "1658802462794",
    "img": "https://www.forevershining.com.au/design/saved-designs/screenshots/2022/07/1658802462794.jpg",
    "title": "Traditional Engraved Granite Headstone"
  },
  {
    "id": "1657759915122",
    "img": "https://www.forevershining.com.au/design/saved-designs/screenshots/2022/07/1657759915122.jpg",
    "title": "Traditional Engraved Granite Headstone"
  },
  {
    "id": "1657758223838",
    "img": "https://www.forevershining.com.au/design/saved-designs/screenshots/2022/07/1657758223838.jpg",
    "title": "Traditional Engraved Granite Headstone"
  },
  {
    "id": "1650959429085",
    "img": "https://www.forevershining.com.au/design/saved-designs/screenshots/2022/04/1650959429085.jpg",
    "title": "Traditional Engraved Granite Headstone"
  },
  {
    "id": "1650860052151",
    "img": "https://www.forevershining.com.au/design/saved-designs/screenshots/2022/04/1650860052151.jpg",
    "title": "Traditional Engraved Granite Headstone"
  },
  {
    "id": "1646180446810",
    "img": "https://www.forevershining.com.au/design/saved-designs/screenshots/2022/03/1646180446810.jpg",
    "title": "Traditional Engraved Granite Headstone"
  },
  {
    "id": "1644498981991",
    "img": "https://www.forevershining.com.au/design/saved-designs/screenshots/2022/02/1644498981991.jpg",
    "title": "Traditional Engraved Granite Headstone"
  },
  {
    "id": "1644200264195",
    "img": "https://www.forevershining.com.au/design/saved-designs/screenshots/2022/02/1644200264195.jpg",
    "title": "Traditional Engraved Granite Headstone"
  },
  {
    "id": "1642560031659",
    "img": "https://www.forevershining.com.au/design/saved-designs/screenshots/2022/01/1642560031659.jpg",
    "title": "Traditional Engraved Granite Headstone"
  },
  {
    "id": "1640567955927",
    "img": "https://www.forevershining.com.au/design/saved-designs/screenshots/2021/12/1640567955927.jpg",
    "title": "Traditional Engraved Granite Headstone"
  },
  {
    "id": "1637122640244",
    "img": "https://www.forevershining.com.au/design/saved-designs/screenshots/2021/11/1637122640244.jpg",
    "title": "Traditional Engraved Granite Headstone"
  },
  {
    "id": "1637064589835",
    "img": "https://www.forevershining.com.au/design/saved-designs/screenshots/2021/11/1637064589835.jpg",
    "title": "Traditional Engraved Granite Headstone"
  },
  {
    "id": "1636593064447",
    "img": "https://www.forevershining.com.au/design/saved-designs/screenshots/2021/11/1636593064447.jpg",
    "title": "Traditional Engraved Granite Headstone"
  },
  {
    "id": "1636589593343",
    "img": "https://www.forevershining.com.au/design/saved-designs/screenshots/2021/11/1636589593343.jpg",
    "title": "Traditional Engraved Granite Headstone"
  },
  {
    "id": "1636461222230",
    "img": "https://www.forevershining.com.au/design/saved-designs/screenshots/2021/11/1636461222230.jpg",
    "title": "Traditional Engraved Granite Headstone"
  },
  {
    "id": "1636460251995",
    "img": "https://www.forevershining.com.au/design/saved-designs/screenshots/2021/11/1636460251995.jpg",
    "title": "Traditional Engraved Granite Headstone"
  },
  {
    "id": "1636341381173",
    "img": "https://www.forevershining.com.au/design/saved-designs/screenshots/2021/11/1636341381173.jpg",
    "title": "Traditional Engraved Granite Headstone"
  },
  {
    "id": "1633801793754",
    "img": "https://www.forevershining.com.au/design/saved-designs/screenshots/2021/10/1633801793754.jpg",
    "title": "Traditional Engraved Granite Headstone"
  },
  {
    "id": "1632041114363",
    "img": "https://www.forevershining.com.au/design/saved-designs/screenshots/2021/09/1632041114363.jpg",
    "title": "Traditional Engraved Granite Headstone"
  },
  {
    "id": "1632037318953",
    "img": "https://www.forevershining.com.au/design/saved-designs/screenshots/2021/09/1632037318953.jpg",
    "title": "Traditional Engraved Granite Headstone"
  },
  {
    "id": "1632036533206",
    "img": "https://www.forevershining.com.au/design/saved-designs/screenshots/2021/09/1632036533206.jpg",
    "title": "Traditional Engraved Granite Headstone"
  },
  {
    "id": "1632035732334",
    "img": "https://www.forevershining.com.au/design/saved-designs/screenshots/2021/09/1632035732334.jpg",
    "title": "Traditional Engraved Granite Headstone"
  },
  {
    "id": "1631832122828",
    "img": "https://www.forevershining.com.au/design/saved-designs/screenshots/2021/09/1631832122828.jpg",
    "title": "Traditional Engraved Granite Headstone"
  },
  {
    "id": "1631174526962",
    "img": "https://www.forevershining.com.au/design/saved-designs/screenshots/2021/09/1631174526962.jpg",
    "title": "Traditional Engraved Granite Headstone"
  },
  {
    "id": "1631173886974",
    "img": "https://www.forevershining.com.au/design/saved-designs/screenshots/2021/09/1631173886974.jpg",
    "title": "Traditional Engraved Granite Headstone"
  },
  {
    "id": "1631173737787",
    "img": "https://www.forevershining.com.au/design/saved-designs/screenshots/2021/09/1631173737787.jpg",
    "title": "Traditional Engraved Granite Headstone"
  },
  {
    "id": "1631173180945",
    "img": "https://www.forevershining.com.au/design/saved-designs/screenshots/2021/09/1631173180945.jpg",
    "title": "Traditional Engraved Granite Headstone"
  },
  {
    "id": "1631173108677",
    "img": "https://www.forevershining.com.au/design/saved-designs/screenshots/2021/09/1631173108677.jpg",
    "title": "Traditional Engraved Granite Headstone"
  },
  {
    "id": "1631172506194",
    "img": "https://www.forevershining.com.au/design/saved-designs/screenshots/2021/09/1631172506194.jpg",
    "title": "Traditional Engraved Granite Headstone"
  },
  {
    "id": "1631172264154",
    "img": "https://www.forevershining.com.au/design/saved-designs/screenshots/2021/09/1631172264154.jpg",
    "title": "Traditional Engraved Granite Headstone"
  },
  {
    "id": "1631168956073",
    "img": "https://www.forevershining.com.au/design/saved-designs/screenshots/2021/09/1631168956073.jpg",
    "title": "Traditional Engraved Granite Headstone"
  },
  {
    "id": "1625999703120",
    "img": "https://www.forevershining.com.au/design/saved-designs/screenshots/2021/07/1625999703120.jpg",
    "title": "Traditional Engraved Granite Headstone"
  },
  {
    "id": "1625442088206",
    "img": "https://www.forevershining.com.au/design/saved-designs/screenshots/2021/07/1625442088206.jpg",
    "title": "Traditional Engraved Granite Headstone"
  },
  {
    "id": "1623379857475",
    "img": "https://www.forevershining.com.au/design/saved-designs/screenshots/2021/06/1623379857475.jpg",
    "title": "Traditional Engraved Granite Headstone"
  },
  {
    "id": "1621983403554",
    "img": "https://www.forevershining.com.au/design/saved-designs/screenshots/2021/05/1621983403554.jpg",
    "title": "Traditional Engraved Granite Headstone"
  },
  {
    "id": "1618423558367",
    "img": "https://www.forevershining.com.au/design/saved-designs/screenshots/2021/04/1618423558367.jpg",
    "title": "Traditional Engraved Granite Headstone"
  },
  {
    "id": "1618422920915",
    "img": "https://www.forevershining.com.au/design/saved-designs/screenshots/2021/04/1618422920915.jpg",
    "title": "Traditional Engraved Granite Headstone"
  },
  {
    "id": "1610840481942",
    "img": "https://www.forevershining.com.au/design/saved-designs/screenshots/2021/01/1610840481942.jpg",
    "title": "Traditional Engraved Granite Headstone"
  },
  {
    "id": "1610840401468",
    "img": "https://www.forevershining.com.au/design/saved-designs/screenshots/2021/01/1610840401468.jpg",
    "title": "Traditional Engraved Granite Headstone"
  },
  {
    "id": "1606618319933",
    "img": "https://www.forevershining.com.au/design/saved-designs/screenshots/2020/11/1606618319933.jpg",
    "title": "Traditional Engraved Granite Headstone"
  },
  {
    "id": "1606615432453",
    "img": "https://www.forevershining.com.au/design/saved-designs/screenshots/2020/11/1606615432453.jpg",
    "title": "Traditional Engraved Granite Headstone"
  },
  {
    "id": "1606610759337",
    "img": "https://www.forevershining.com.au/design/saved-designs/screenshots/2020/11/1606610759337.jpg",
    "title": "Traditional Engraved Granite Headstone"
  },
  {
    "id": "1606016322974",
    "img": "https://www.forevershining.com.au/design/saved-designs/screenshots/2020/11/1606016322974.jpg",
    "title": "Traditional Engraved Granite Headstone"
  },
  {
    "id": "1605826537658",
    "img": "https://www.forevershining.com.au/design/saved-designs/screenshots/2020/11/1605826537658.jpg",
    "title": "Traditional Engraved Granite Headstone"
  },
  {
    "id": "1605824536428",
    "img": "https://www.forevershining.com.au/design/saved-designs/screenshots/2020/11/1605824536428.jpg",
    "title": "Traditional Engraved Granite Headstone"
  },
  {
    "id": "1605815496924",
    "img": "https://www.forevershining.com.au/design/saved-designs/screenshots/2020/11/1605815496924.jpg",
    "title": "Traditional Engraved Granite Headstone"
  },
  {
    "id": "1605559986412",
    "img": "https://www.forevershining.com.au/design/saved-designs/screenshots/2020/11/1605559986412.jpg",
    "title": "Traditional Engraved Granite Headstone"
  },
  {
    "id": "1605506528445",
    "img": "https://www.forevershining.com.au/design/undefined",
    "title": "Traditional Engraved Granite Headstone"
  },
  {
    "id": "1602822110570",
    "img": "https://www.forevershining.com.au/design/saved-designs/screenshots/2020/10/1602822110570.jpg",
    "title": "Traditional Engraved Granite Headstone"
  },
  {
    "id": "1600250758744",
    "img": "https://www.forevershining.com.au/design/saved-designs/screenshots/2020/09/1600250758744.jpg",
    "title": "Traditional Engraved Granite Headstone"
  },
  {
    "id": "1600250345552",
    "img": "https://www.forevershining.com.au/design/saved-designs/screenshots/2020/09/1600250345552.jpg",
    "title": "Traditional Engraved Granite Headstone"
  },
  {
    "id": "1600250052022",
    "img": "https://www.forevershining.com.au/design/saved-designs/screenshots/2020/09/1600250052022.jpg",
    "title": "Traditional Engraved Granite Headstone"
  },
  {
    "id": "1600249515581",
    "img": "https://www.forevershining.com.au/design/saved-designs/screenshots/2020/09/1600249515581.jpg",
    "title": "Traditional Engraved Granite Headstone"
  },
  {
    "id": "1600221752210",
    "img": "https://www.forevershining.com.au/design/saved-designs/screenshots/2020/09/1600221752210.jpg",
    "title": "Traditional Engraved Granite Headstone"
  },
  {
    "id": "1600240238190",
    "img": "https://www.forevershining.com.au/design/saved-designs/screenshots/2020/09/1600240238190.jpg",
    "title": "Traditional Engraved Granite Headstone"
  },
  {
    "id": "1600234069499",
    "img": "https://www.forevershining.com.au/design/saved-designs/screenshots/2020/09/1600234069499.jpg",
    "title": "Traditional Engraved Granite Headstone"
  },
  {
    "id": "1600221243968",
    "img": "https://www.forevershining.com.au/design/saved-designs/screenshots/2020/09/1600221243968.jpg",
    "title": "Traditional Engraved Granite Headstone"
  },
  {
    "id": "1600221169682",
    "img": "https://www.forevershining.com.au/design/saved-designs/screenshots/2020/09/1600221169682.jpg",
    "title": "Traditional Engraved Granite Headstone"
  },
  {
    "id": "1600218943359",
    "img": "https://www.forevershining.com.au/design/saved-designs/screenshots/2020/09/1600218943359.jpg",
    "title": "Traditional Engraved Granite Headstone"
  },
  {
    "id": "1600205007616",
    "img": "https://www.forevershining.com.au/design/saved-designs/screenshots/2020/09/1600205007616.jpg",
    "title": "Traditional Engraved Granite Headstone"
  },
  {
    "id": "1596847461476",
    "img": "https://www.forevershining.com.au/design/saved-designs/screenshots/2020/08/1596847461476.jpg",
    "title": "Traditional Engraved Granite Headstone"
  },
  {
    "id": "1596844436345",
    "img": "https://www.forevershining.com.au/design/saved-designs/screenshots/2020/08/1596844436345.jpg",
    "title": "Traditional Engraved Granite Headstone"
  },
  {
    "id": "1596690719532",
    "img": "https://www.forevershining.com.au/design/saved-designs/screenshots/2020/08/1596690719532.jpg",
    "title": "Traditional Engraved Granite Headstone"
  },
  {
    "id": "1595922366182",
    "img": "https://www.forevershining.com.au/design/saved-designs/screenshots/2020/07/1595922366182.jpg",
    "title": "Traditional Engraved Granite Headstone"
  },
  {
    "id": "1595853995561",
    "img": "https://www.forevershining.com.au/design/saved-designs/screenshots/2020/07/1595853995561.jpg",
    "title": "Traditional Engraved Granite Headstone"
  },
  {
    "id": "1595750254334",
    "img": "https://www.forevershining.com.au/design/saved-designs/screenshots/2020/07/1595750254334.jpg",
    "title": "Traditional Engraved Granite Headstone"
  },
  {
    "id": "1595732280206",
    "img": "https://www.forevershining.com.au/design/saved-designs/screenshots/2020/07/1595732280206.jpg",
    "title": "Traditional Engraved Granite Headstone"
  },
  {
    "id": "1595406411374",
    "img": "https://www.forevershining.com.au/design/saved-designs/screenshots/2020/07/1595406411374.jpg",
    "title": "Traditional Engraved Granite Headstone"
  },
  {
    "id": "1595392066001",
    "img": "https://www.forevershining.com.au/design/saved-designs/screenshots/2020/07/1595392066001.jpg",
    "title": "Traditional Engraved Granite Headstone"
  },
  {
    "id": "1595318506331",
    "img": "https://www.forevershining.com.au/design/saved-designs/screenshots/1595318506331.jpg",
    "title": "Traditional Engraved Granite Headstone"
  },
  {
    "id": "1595292215416",
    "img": "https://www.forevershining.com.au/design/saved-designs/screenshots/2020/07/1595292215416.jpg",
    "title": "Traditional Engraved Granite Headstone"
  },
  {
    "id": "1595255616104",
    "img": "https://www.forevershining.com.au/design/saved-designs/screenshots/2020/07/1595255616104.jpg",
    "title": "Traditional Engraved Granite Headstone"
  },
  {
    "id": "1592897968441",
    "img": "https://www.forevershining.com.au/design/saved-designs/screenshots/2020/06/1592897968441.jpg",
    "title": "Traditional Engraved Granite Headstone"
  },
  {
    "id": "1592871137001",
    "img": "https://www.forevershining.com.au/design/saved-designs/screenshots/2020/06/1592871137001.jpg",
    "title": "Traditional Engraved Granite Headstone"
  },
  {
    "id": "1592794834842",
    "img": "https://www.forevershining.com.au/design/saved-designs/screenshots/2020/06/1592794834842.jpg",
    "title": "Traditional Engraved Granite Headstone"
  },
  {
    "id": "1590760666395",
    "img": "https://www.forevershining.com.au/design/saved-designs/screenshots/1590760666395.jpg",
    "title": "Traditional Engraved Granite Headstone"
  },
  {
    "id": "1588134536327",
    "img": "https://www.forevershining.com.au/design/saved-designs/screenshots/1588134536327.jpg",
    "title": "Traditional Engraved Granite Headstone"
  },
  {
    "id": "1588038829369",
    "img": "https://www.forevershining.com.au/design/saved-designs/screenshots/1588038829369.jpg",
    "title": "Traditional Engraved Granite Headstone"
  },
  {
    "id": "1586135219850",
    "img": "https://www.forevershining.com.au/design/saved-designs/screenshots/1586135219850.jpg",
    "title": "Traditional Engraved Granite Headstone"
  },
  {
    "id": "1583070482478",
    "img": "https://www.forevershining.com.au/design/saved-designs/screenshots/1583070482478.jpg",
    "title": "Traditional Engraved Granite Headstone"
  },
  {
    "id": "1579657368014",
    "img": "https://www.forevershining.com.au/design/saved-designs/screenshots/1579657368014.jpg",
    "title": "Traditional Engraved Granite Headstone"
  },
  {
    "id": "1578378875185",
    "img": "https://www.forevershining.com.au/design/saved-designs/screenshots/1578378875185.jpg",
    "title": "Traditional Engraved Granite Headstone"
  },
  {
    "id": "1578016189116",
    "img": "https://www.forevershining.com.au/design/saved-designs/screenshots/1578016189116.jpg",
    "title": "Traditional Engraved Granite Headstone"
  },
  {
    "id": "1577938315050",
    "img": "https://www.forevershining.com.au/design/saved-designs/screenshots/1577938315050.jpg",
    "title": "Traditional Engraved Granite Headstone"
  },
  {
    "id": "1577697339289",
    "img": "https://www.forevershining.com.au/design/undefined",
    "title": "Traditional Engraved Granite Headstone"
  },
  {
    "id": "1577597529017",
    "img": "https://www.forevershining.com.au/design/undefined",
    "title": "Traditional Engraved Granite Headstone"
  },
  {
    "id": "1577526205361",
    "img": "https://www.forevershining.com.au/design/saved-designs/screenshots/1577526205361.jpg",
    "title": "Traditional Engraved Granite Headstone"
  },
  {
    "id": "1577403309323",
    "img": "https://www.forevershining.com.au/design/saved-designs/screenshots/1577403309323.jpg",
    "title": "Traditional Engraved Granite Headstone"
  },
  {
    "id": "1577402026683",
    "img": "https://www.forevershining.com.au/design/saved-designs/screenshots/1577402026683.jpg",
    "title": "Traditional Engraved Granite Headstone"
  },
  {
    "id": "1577356675605",
    "img": "https://www.forevershining.com.au/design/saved-designs/screenshots/1577356675605.jpg",
    "title": "Traditional Engraved Granite Headstone"
  },
  {
    "id": "1577320101696",
    "img": "https://www.forevershining.com.au/design/saved-designs/screenshots/1577320101696.jpg",
    "title": "Traditional Engraved Granite Headstone"
  },
  {
    "id": "1577313996974",
    "img": "https://www.forevershining.com.au/design/undefined",
    "title": "Traditional Engraved Granite Headstone"
  },
  {
    "id": "1577153875663",
    "img": "https://www.forevershining.com.au/design/saved-designs/screenshots/1577153875663.jpg",
    "title": "Traditional Engraved Granite Headstone"
  },
  {
    "id": "1576573801470",
    "img": "https://www.forevershining.com.au/design/saved-designs/screenshots/1576573801470.jpg",
    "title": "Traditional Engraved Granite Headstone"
  },
  {
    "id": "1576800549225",
    "img": "https://www.forevershining.com.au/design/saved-designs/screenshots/1576800549225.jpg",
    "title": "Traditional Engraved Granite Headstone"
  },
  {
    "id": "1576649406402",
    "img": "https://www.forevershining.com.au/design/saved-designs/screenshots/1576649406402.jpg",
    "title": "Traditional Engraved Granite Headstone"
  },
  {
    "id": "1576648549074",
    "img": "https://www.forevershining.com.au/design/saved-designs/screenshots/1576648549074.jpg",
    "title": "Traditional Engraved Granite Headstone"
  },
  {
    "id": "1576627648324",
    "img": "https://www.forevershining.com.au/design/saved-designs/screenshots/1576627648324.jpg",
    "title": "Traditional Engraved Granite Headstone"
  },
  {
    "id": "1576578985957",
    "img": "https://www.forevershining.com.au/design/saved-designs/screenshots/1576578985957.jpg",
    "title": "Traditional Engraved Granite Headstone"
  },
  {
    "id": "1576557023024",
    "img": "https://www.forevershining.com.au/design/saved-designs/screenshots/1576557023024.jpg",
    "title": "Traditional Engraved Granite Headstone"
  },
  {
    "id": "1576496775288",
    "img": "https://www.forevershining.com.au/design/saved-designs/screenshots/1576496775288.jpg",
    "title": "Traditional Engraved Granite Headstone"
  },
  {
    "id": "1576494156923",
    "img": "https://www.forevershining.com.au/design/saved-designs/screenshots/1576494156923.jpg",
    "title": "Traditional Engraved Granite Headstone"
  },
  {
    "id": "1576491833769",
    "img": "https://www.forevershining.com.au/design/saved-designs/screenshots/1576491833769.jpg",
    "title": "Traditional Engraved Granite Headstone"
  },
  {
    "id": "1576358957822",
    "img": "https://www.forevershining.com.au/design/saved-designs/screenshots/1576358957822.jpg",
    "title": "Traditional Engraved Granite Headstone"
  },
  {
    "id": "1576234201389",
    "img": "https://www.forevershining.com.au/design/saved-designs/screenshots/1576234201389.jpg",
    "title": "Traditional Engraved Granite Headstone"
  },
  {
    "id": "1576231804200",
    "img": "https://www.forevershining.com.au/design/saved-designs/screenshots/1576231804200.jpg",
    "title": "Traditional Engraved Granite Headstone"
  },
  {
    "id": "1576161455886",
    "img": "https://www.forevershining.com.au/design/saved-designs/screenshots/1576161455886.jpg",
    "title": "Traditional Engraved Granite Headstone"
  },
  {
    "id": "1576106067429",
    "img": "https://www.forevershining.com.au/design/saved-designs/screenshots/1576106067429.jpg",
    "title": "Traditional Engraved Granite Headstone"
  },
  {
    "id": "1576104968184",
    "img": "https://www.forevershining.com.au/design/saved-designs/screenshots/1576104968184.jpg",
    "title": "Traditional Engraved Granite Headstone"
  },
  {
    "id": "1576062886455",
    "img": "https://www.forevershining.com.au/design/saved-designs/screenshots/1576062886455.jpg",
    "title": "Traditional Engraved Granite Headstone"
  },
  {
    "id": "1576038152739",
    "img": "https://www.forevershining.com.au/design/saved-designs/screenshots/1576038152739.jpg",
    "title": "Traditional Engraved Granite Headstone"
  },
  {
    "id": "1575936045089",
    "img": "https://www.forevershining.com.au/design/saved-designs/screenshots/1575936045089.jpg",
    "title": "Traditional Engraved Granite Headstone"
  },
  {
    "id": "1575934933726",
    "img": "https://www.forevershining.com.au/design/saved-designs/screenshots/1575934933726.jpg",
    "title": "Traditional Engraved Granite Headstone"
  },
  {
    "id": "1575705643416",
    "img": "https://www.forevershining.com.au/design/saved-designs/screenshots/1575705643416.jpg",
    "title": "Traditional Engraved Granite Headstone"
  },
  {
    "id": "1575669986520",
    "img": "https://www.forevershining.com.au/design/saved-designs/screenshots/1575669986520.jpg",
    "title": "Traditional Engraved Granite Headstone"
  },
  {
    "id": "1575617450960",
    "img": "https://www.forevershining.com.au/design/saved-designs/screenshots/1575617450960.jpg",
    "title": "Traditional Engraved Granite Headstone"
  },
  {
    "id": "1575603704028",
    "img": "https://www.forevershining.com.au/design/undefined",
    "title": "Traditional Engraved Granite Headstone"
  },
  {
    "id": "1575602881894",
    "img": "https://www.forevershining.com.au/design/saved-designs/screenshots/1575602881894.jpg",
    "title": "Traditional Engraved Granite Headstone"
  },
  {
    "id": "1575602713271",
    "img": "https://www.forevershining.com.au/design/saved-designs/screenshots/1575602713271.jpg",
    "title": "Traditional Engraved Granite Headstone"
  },
  {
    "id": "1575516675401",
    "img": "https://www.forevershining.com.au/design/saved-designs/screenshots/1575516675401.jpg",
    "title": "Traditional Engraved Granite Headstone"
  },
  {
    "id": "1575516143964",
    "img": "https://www.forevershining.com.au/design/saved-designs/screenshots/1575516143964.jpg",
    "title": "Traditional Engraved Granite Headstone"
  },
  {
    "id": "1575516140499",
    "img": "https://www.forevershining.com.au/design/saved-designs/screenshots/1575516140499.jpg",
    "title": "Traditional Engraved Granite Headstone"
  },
  {
    "id": "1575515236819",
    "img": "https://www.forevershining.com.au/design/saved-designs/screenshots/1575515236819.jpg",
    "title": "Traditional Engraved Granite Headstone"
  },
  {
    "id": "1575452817978",
    "img": "https://www.forevershining.com.au/design/saved-designs/screenshots/1575452817978.jpg",
    "title": "Traditional Engraved Granite Headstone"
  },
  {
    "id": "1575451474616",
    "img": "https://www.forevershining.com.au/design/undefined",
    "title": "Traditional Engraved Granite Headstone"
  },
  {
    "id": "1575439761221",
    "img": "https://www.forevershining.com.au/design/saved-designs/screenshots/1575439761221.jpg",
    "title": "Traditional Engraved Granite Headstone"
  },
  {
    "id": "1575435950965",
    "img": "https://www.forevershining.com.au/design/saved-designs/screenshots/1575435950965.jpg",
    "title": "Traditional Engraved Granite Headstone"
  },
  {
    "id": "1575362083603",
    "img": "https://www.forevershining.com.au/design/saved-designs/screenshots/1575362083603.jpg",
    "title": "Traditional Engraved Granite Headstone"
  },
  {
    "id": "1575333382467",
    "img": "https://www.forevershining.com.au/design/saved-designs/screenshots/1575333382467.jpg",
    "title": "Traditional Engraved Granite Headstone"
  },
  {
    "id": "1575340106943",
    "img": "https://www.forevershining.com.au/design/undefined",
    "title": "Traditional Engraved Granite Headstone"
  },
  {
    "id": "1575160639028",
    "img": "https://www.forevershining.com.au/design/saved-designs/screenshots/1575160639028.jpg",
    "title": "Traditional Engraved Granite Headstone"
  },
  {
    "id": "1575109291653",
    "img": "https://www.forevershining.com.au/design/saved-designs/screenshots/1575109291653.jpg",
    "title": "Traditional Engraved Granite Headstone"
  },
  {
    "id": "1575086876628",
    "img": "https://www.forevershining.com.au/design/saved-designs/screenshots/1575086876628.jpg",
    "title": "Traditional Engraved Granite Headstone"
  },
  {
    "id": "1575066500163",
    "img": "https://www.forevershining.com.au/design/saved-designs/screenshots/1575066500163.jpg",
    "title": "Traditional Engraved Granite Headstone"
  },
  {
    "id": "1574983653526",
    "img": "https://www.forevershining.com.au/design/saved-designs/screenshots/1574983653526.jpg",
    "title": "Traditional Engraved Granite Headstone"
  },
  {
    "id": "1574930905563",
    "img": "https://www.forevershining.com.au/design/saved-designs/screenshots/1574930905563.jpg",
    "title": "Traditional Engraved Granite Headstone"
  },
  {
    "id": "1574906750586",
    "img": "https://www.forevershining.com.au/design/saved-designs/screenshots/1574906750586.jpg",
    "title": "Traditional Engraved Granite Headstone"
  },
  {
    "id": "1574902186430",
    "img": "https://www.forevershining.com.au/design/saved-designs/screenshots/1574902186430.jpg",
    "title": "Traditional Engraved Granite Headstone"
  },
  {
    "id": "1574902290793",
    "img": "https://www.forevershining.com.au/design/saved-designs/screenshots/1574902290793.jpg",
    "title": "Traditional Engraved Granite Headstone"
  },
  {
    "id": "1574901999375",
    "img": "https://www.forevershining.com.au/design/saved-designs/screenshots/1574901999375.jpg",
    "title": "Traditional Engraved Granite Headstone"
  },
  {
    "id": "1574901838481",
    "img": "https://www.forevershining.com.au/design/saved-designs/screenshots/1574901838481.jpg",
    "title": "Traditional Engraved Granite Headstone"
  },
  {
    "id": "1574841707243",
    "img": "https://www.forevershining.com.au/design/saved-designs/screenshots/1574841707243.jpg",
    "title": "Traditional Engraved Granite Headstone"
  },
  {
    "id": "1574840281583",
    "img": "https://www.forevershining.com.au/design/saved-designs/screenshots/1574840281583.jpg",
    "title": "Traditional Engraved Granite Headstone"
  },
  {
    "id": "1574811748401",
    "img": "https://www.forevershining.com.au/design/saved-designs/screenshots/1574811748401.jpg",
    "title": "Traditional Engraved Granite Headstone"
  },
  {
    "id": "1574735085696",
    "img": "https://www.forevershining.com.au/design/saved-designs/screenshots/1574735085696.jpg",
    "title": "Traditional Engraved Granite Headstone"
  },
  {
    "id": "1574670647289",
    "img": "https://www.forevershining.com.au/design/saved-designs/screenshots/1574670647289.jpg",
    "title": "Traditional Engraved Granite Headstone"
  },
  {
    "id": "1574670505007",
    "img": "https://www.forevershining.com.au/design/saved-designs/screenshots/1574670505007.jpg",
    "title": "Traditional Engraved Granite Headstone"
  },
  {
    "id": "1574661761395",
    "img": "https://www.forevershining.com.au/design/saved-designs/screenshots/1574661761395.jpg",
    "title": "Traditional Engraved Granite Headstone"
  },
  {
    "id": "1574658104284",
    "img": "https://www.forevershining.com.au/design/saved-designs/screenshots/1574658104284.jpg",
    "title": "Traditional Engraved Granite Headstone"
  },
  {
    "id": "1574657452606",
    "img": "https://www.forevershining.com.au/design/saved-designs/screenshots/1574657452606.jpg",
    "title": "Traditional Engraved Granite Headstone"
  },
  {
    "id": "1574657418393",
    "img": "https://www.forevershining.com.au/design/saved-designs/screenshots/1574657418393.jpg",
    "title": "Traditional Engraved Granite Headstone"
  },
  {
    "id": "1574490119287",
    "img": "https://www.forevershining.com.au/design/saved-designs/screenshots/1574490119287.jpg",
    "title": "Traditional Engraved Granite Headstone"
  },
  {
    "id": "1574408648024",
    "img": "https://www.forevershining.com.au/design/undefined",
    "title": "Traditional Engraved Granite Headstone"
  },
  {
    "id": "1574407938247",
    "img": "https://www.forevershining.com.au/design/saved-designs/screenshots/1574407938247.jpg",
    "title": "Traditional Engraved Granite Headstone"
  },
  {
    "id": "1574404250257",
    "img": "https://www.forevershining.com.au/design/saved-designs/screenshots/1574404250257.jpg",
    "title": "Traditional Engraved Granite Headstone"
  },
  {
    "id": "1574400688536",
    "img": "https://www.forevershining.com.au/design/saved-designs/screenshots/1574400688536.jpg",
    "title": "Traditional Engraved Granite Headstone"
  },
  {
    "id": "1574389948420",
    "img": "https://www.forevershining.com.au/design/saved-designs/screenshots/1574389948420.jpg",
    "title": "Traditional Engraved Granite Headstone"
  },
  {
    "id": "1574376234224",
    "img": "https://www.forevershining.com.au/design/saved-designs/screenshots/1574376234224.jpg",
    "title": "Traditional Engraved Granite Headstone"
  },
  {
    "id": "1574375850847",
    "img": "https://www.forevershining.com.au/design/saved-designs/screenshots/1574375850847.jpg",
    "title": "Traditional Engraved Granite Headstone"
  },
  {
    "id": "1574374121645",
    "img": "https://www.forevershining.com.au/design/saved-designs/screenshots/1574374121645.jpg",
    "title": "Traditional Engraved Granite Headstone"
  },
  {
    "id": "1574300515801",
    "img": "https://www.forevershining.com.au/design/saved-designs/screenshots/1574300515801.jpg",
    "title": "Traditional Engraved Granite Headstone"
  },
  {
    "id": "1574298410909",
    "img": "https://www.forevershining.com.au/design/undefined",
    "title": "Traditional Engraved Granite Headstone"
  },
  {
    "id": "1574298331925",
    "img": "https://www.forevershining.com.au/design/saved-designs/screenshots/1574298331925.jpg",
    "title": "Traditional Engraved Granite Headstone"
  },
  {
    "id": "1574298049815",
    "img": "https://www.forevershining.com.au/design/saved-designs/screenshots/1574298049815.jpg",
    "title": "Traditional Engraved Granite Headstone"
  },
  {
    "id": "1574247607738",
    "img": "https://www.forevershining.com.au/design/saved-designs/screenshots/1574247607738.jpg",
    "title": "Traditional Engraved Granite Headstone"
  },
  {
    "id": "1574187846100",
    "img": "https://www.forevershining.com.au/design/saved-designs/screenshots/1574187846100.jpg",
    "title": "Traditional Engraved Granite Headstone"
  },
  {
    "id": "1574136484138",
    "img": "https://www.forevershining.com.au/design/saved-designs/screenshots/1574136484138.jpg",
    "title": "Traditional Engraved Granite Headstone"
  },
  {
    "id": "1574121858760",
    "img": "https://www.forevershining.com.au/design/saved-designs/screenshots/1574121858760.jpg",
    "title": "Traditional Engraved Granite Headstone"
  },
  {
    "id": "1574116145805",
    "img": "https://www.forevershining.com.au/design/saved-designs/screenshots/1574116145805.jpg",
    "title": "Traditional Engraved Granite Headstone"
  },
  {
    "id": "1574046408502",
    "img": "https://www.forevershining.com.au/design/saved-designs/screenshots/1574046408502.jpg",
    "title": "Traditional Engraved Granite Headstone"
  },
  {
    "id": "1574030004864",
    "img": "https://www.forevershining.com.au/design/saved-designs/screenshots/1574030004864.jpg",
    "title": "Traditional Engraved Granite Headstone"
  },
  {
    "id": "1573985085453",
    "img": "https://www.forevershining.com.au/design/undefined",
    "title": "Traditional Engraved Granite Headstone"
  },
  {
    "id": "1573865283014",
    "img": "https://www.forevershining.com.au/design/saved-designs/screenshots/1573865283014.jpg",
    "title": "Traditional Engraved Granite Headstone"
  },
  {
    "id": "1573778253660",
    "img": "https://www.forevershining.com.au/design/saved-designs/screenshots/1573778253660.jpg",
    "title": "Traditional Engraved Granite Headstone"
  },
  {
    "id": "1573775969311",
    "img": "https://www.forevershining.com.au/design/saved-designs/screenshots/1573775969311.jpg",
    "title": "Traditional Engraved Granite Headstone"
  },
  {
    "id": "1573754552380",
    "img": "https://www.forevershining.com.au/design/saved-designs/screenshots/1573754552380.jpg",
    "title": "Traditional Engraved Granite Headstone"
  },
  {
    "id": "1573625761689",
    "img": "https://www.forevershining.com.au/design/saved-designs/screenshots/1573625761689.jpg",
    "title": "Traditional Engraved Granite Headstone"
  },
  {
    "id": "1573623519284",
    "img": "https://www.forevershining.com.au/design/saved-designs/screenshots/1573623519284.jpg",
    "title": "Traditional Engraved Granite Headstone"
  },
  {
    "id": "1573613259607",
    "img": "https://www.forevershining.com.au/design/saved-designs/screenshots/1573613259607.jpg",
    "title": "Traditional Engraved Granite Headstone"
  },
  {
    "id": "1573571093606",
    "img": "https://www.forevershining.com.au/design/saved-designs/screenshots/1573571093606.jpg",
    "title": "Traditional Engraved Granite Headstone"
  },
  {
    "id": "1573564010182",
    "img": "https://www.forevershining.com.au/design/saved-designs/screenshots/1573564010182.jpg",
    "title": "Traditional Engraved Granite Headstone"
  },
  {
    "id": "1573527747922",
    "img": "https://www.forevershining.com.au/design/undefined",
    "title": "Traditional Engraved Granite Headstone"
  },
  {
    "id": "1573509967778",
    "img": "https://www.forevershining.com.au/design/saved-designs/screenshots/1573509967778.jpg",
    "title": "Traditional Engraved Granite Headstone"
  },
  {
    "id": "1573475804815",
    "img": "https://www.forevershining.com.au/design/saved-designs/screenshots/1573475804815.jpg",
    "title": "Traditional Engraved Granite Headstone"
  },
  {
    "id": "1573438339277",
    "img": "https://www.forevershining.com.au/design/undefined",
    "title": "Traditional Engraved Granite Headstone"
  },
  {
    "id": "1573433697190",
    "img": "https://www.forevershining.com.au/design/saved-designs/screenshots/1573433697190.jpg",
    "title": "Traditional Engraved Granite Headstone"
  },
  {
    "id": "1573447002027",
    "img": "https://www.forevershining.com.au/design/saved-designs/screenshots/1573447002027.jpg",
    "title": "Traditional Engraved Granite Headstone"
  },
  {
    "id": "1573445749469",
    "img": "https://www.forevershining.com.au/design/saved-designs/screenshots/1573445749469.jpg",
    "title": "Traditional Engraved Granite Headstone"
  },
  {
    "id": "1573380140077",
    "img": "https://www.forevershining.com.au/design/saved-designs/screenshots/1573380140077.jpg",
    "title": "Traditional Engraved Granite Headstone"
  },
  {
    "id": "1573111939145",
    "img": "https://www.forevershining.com.au/design/saved-designs/screenshots/1573111939145.jpg",
    "title": "Traditional Engraved Granite Headstone"
  },
  {
    "id": "1572933117879",
    "img": "https://www.forevershining.com.au/design/saved-designs/screenshots/1572933117879.jpg",
    "title": "Traditional Engraved Granite Headstone"
  },
  {
    "id": "1572920914738",
    "img": "https://www.forevershining.com.au/design/saved-designs/screenshots/1572920914738.jpg",
    "title": "Traditional Engraved Granite Headstone"
  },
  {
    "id": "1572922734892",
    "img": "https://www.forevershining.com.au/design/saved-designs/screenshots/1572922734892.jpg",
    "title": "Traditional Engraved Granite Headstone"
  },
  {
    "id": "1572846293823",
    "img": "https://www.forevershining.com.au/design/saved-designs/screenshots/1572846293823.jpg",
    "title": "Traditional Engraved Granite Headstone"
  },
  {
    "id": "1572845495111",
    "img": "https://www.forevershining.com.au/design/undefined",
    "title": "Traditional Engraved Granite Headstone"
  },
  {
    "id": "1572827304449",
    "img": "https://www.forevershining.com.au/design/saved-designs/screenshots/1572827304449.jpg",
    "title": "Traditional Engraved Granite Headstone"
  },
  {
    "id": "1572715939953",
    "img": "https://www.forevershining.com.au/design/saved-designs/screenshots/1572715939953.jpg",
    "title": "Traditional Engraved Granite Headstone"
  },
  {
    "id": "1572714269791",
    "img": "https://www.forevershining.com.au/design/saved-designs/screenshots/1572714269791.jpg",
    "title": "Traditional Engraved Granite Headstone"
  },
  {
    "id": "1572498282004",
    "img": "https://www.forevershining.com.au/design/saved-designs/screenshots/1572498282004.jpg",
    "title": "Traditional Engraved Granite Headstone"
  },
  {
    "id": "1572491970738",
    "img": "https://www.forevershining.com.au/design/saved-designs/screenshots/1572491970738.jpg",
    "title": "Traditional Engraved Granite Headstone"
  },
  {
    "id": "1572491499805",
    "img": "https://www.forevershining.com.au/design/undefined",
    "title": "Traditional Engraved Granite Headstone"
  },
  {
    "id": "1572484236185",
    "img": "https://www.forevershining.com.au/design/saved-designs/screenshots/1572484236185.jpg",
    "title": "Traditional Engraved Granite Headstone"
  },
  {
    "id": "1572473440925",
    "img": "https://www.forevershining.com.au/design/saved-designs/screenshots/1572473440925.jpg",
    "title": "Traditional Engraved Granite Headstone"
  },
  {
    "id": "1572437152136",
    "img": "https://www.forevershining.com.au/design/saved-designs/screenshots/1572437152136.jpg",
    "title": "Traditional Engraved Granite Headstone"
  },
  {
    "id": "1572424882458",
    "img": "https://www.forevershining.com.au/design/saved-designs/screenshots/1572424882458.jpg",
    "title": "Traditional Engraved Granite Headstone"
  },
  {
    "id": "1572341433037",
    "img": "https://www.forevershining.com.au/design/undefined",
    "title": "Traditional Engraved Granite Headstone"
  },
  {
    "id": "1572232760928",
    "img": "https://www.forevershining.com.au/design/saved-designs/screenshots/1572232760928.jpg",
    "title": "Traditional Engraved Granite Headstone"
  },
  {
    "id": "1572249571185",
    "img": "https://www.forevershining.com.au/design/saved-designs/screenshots/1572249571185.jpg",
    "title": "Traditional Engraved Granite Headstone"
  },
  {
    "id": "1572245163826",
    "img": "https://www.forevershining.com.au/design/saved-designs/screenshots/1572245163826.jpg",
    "title": "Traditional Engraved Granite Headstone"
  },
  {
    "id": "1572242948050",
    "img": "https://www.forevershining.com.au/design/saved-designs/screenshots/1572242948050.jpg",
    "title": "Traditional Engraved Granite Headstone"
  },
  {
    "id": "1572145435723",
    "img": "https://www.forevershining.com.au/design/undefined",
    "title": "Traditional Engraved Granite Headstone"
  },
  {
    "id": "1572140034892",
    "img": "https://www.forevershining.com.au/design/saved-designs/screenshots/1572140034892.jpg",
    "title": "Traditional Engraved Granite Headstone"
  },
  {
    "id": "1572084307692",
    "img": "https://www.forevershining.com.au/design/saved-designs/screenshots/1572084307692.jpg",
    "title": "Traditional Engraved Granite Headstone"
  },
  {
    "id": "1572083048763",
    "img": "https://www.forevershining.com.au/design/saved-designs/screenshots/1572083048763.jpg",
    "title": "Traditional Engraved Granite Headstone"
  },
  {
    "id": "1572070244800",
    "img": "https://www.forevershining.com.au/design/saved-designs/screenshots/1572070244800.jpg",
    "title": "Traditional Engraved Granite Headstone"
  },
  {
    "id": "1572050408186",
    "img": "https://www.forevershining.com.au/design/saved-designs/screenshots/1572050408186.jpg",
    "title": "Traditional Engraved Granite Headstone"
  },
  {
    "id": "1571966944019",
    "img": "https://www.forevershining.com.au/design/saved-designs/screenshots/1571966944019.jpg",
    "title": "Traditional Engraved Granite Headstone"
  },
  {
    "id": "1571923492441",
    "img": "https://www.forevershining.com.au/design/saved-designs/screenshots/1571923492441.jpg",
    "title": "Traditional Engraved Granite Headstone"
  },
  {
    "id": "1571886905851",
    "img": "https://www.forevershining.com.au/design/saved-designs/screenshots/1571886905851.jpg",
    "title": "Traditional Engraved Granite Headstone"
  },
  {
    "id": "1571883078788",
    "img": "https://www.forevershining.com.au/design/undefined",
    "title": "Traditional Engraved Granite Headstone"
  },
  {
    "id": "1571867126771",
    "img": "https://www.forevershining.com.au/design/saved-designs/screenshots/1571867126771.jpg",
    "title": "Traditional Engraved Granite Headstone"
  },
  {
    "id": "1571857209872",
    "img": "https://www.forevershining.com.au/design/saved-designs/screenshots/1571857209872.jpg",
    "title": "Traditional Engraved Granite Headstone"
  },
  {
    "id": "1571819445185",
    "img": "https://www.forevershining.com.au/design/saved-designs/screenshots/1571819445185.jpg",
    "title": "Traditional Engraved Granite Headstone"
  },
  {
    "id": "1571819255304",
    "img": "https://www.forevershining.com.au/design/saved-designs/screenshots/1571819255304.jpg",
    "title": "Traditional Engraved Granite Headstone"
  },
  {
    "id": "1571813577622",
    "img": "https://www.forevershining.com.au/design/saved-designs/screenshots/1571813577622.jpg",
    "title": "Traditional Engraved Granite Headstone"
  },
  {
    "id": "1571779296093",
    "img": "https://www.forevershining.com.au/design/saved-designs/screenshots/1571779296093.jpg",
    "title": "Traditional Engraved Granite Headstone"
  },
  {
    "id": "1571635140093",
    "img": "https://www.forevershining.com.au/design/saved-designs/screenshots/1571635140093.jpg",
    "title": "Traditional Engraved Granite Headstone"
  },
  {
    "id": "1571716293415",
    "img": "https://www.forevershining.com.au/design/saved-designs/screenshots/1571716293415.jpg",
    "title": "Traditional Engraved Granite Headstone"
  },
  {
    "id": "1571681508436",
    "img": "https://www.forevershining.com.au/design/saved-designs/screenshots/1571681508436.jpg",
    "title": "Traditional Engraved Granite Headstone"
  },
  {
    "id": "1571681185327",
    "img": "https://www.forevershining.com.au/design/saved-designs/screenshots/1571681185327.jpg",
    "title": "Traditional Engraved Granite Headstone"
  },
  {
    "id": "1571679869047",
    "img": "https://www.forevershining.com.au/design/undefined",
    "title": "Traditional Engraved Granite Headstone"
  },
  {
    "id": "1571654523306",
    "img": "https://www.forevershining.com.au/design/saved-designs/screenshots/1571654523306.jpg",
    "title": "Traditional Engraved Granite Headstone"
  },
  {
    "id": "1571653462717",
    "img": "https://www.forevershining.com.au/design/saved-designs/screenshots/1571653462717.jpg",
    "title": "Traditional Engraved Granite Headstone"
  },
  {
    "id": "1571653311213",
    "img": "https://www.forevershining.com.au/design/saved-designs/screenshots/1571653311213.jpg",
    "title": "Traditional Engraved Granite Headstone"
  },
  {
    "id": "1571652342792",
    "img": "https://www.forevershining.com.au/design/saved-designs/screenshots/1571652342792.jpg",
    "title": "Traditional Engraved Granite Headstone"
  },
  {
    "id": "1571632585597",
    "img": "https://www.forevershining.com.au/design/saved-designs/screenshots/1571632585597.jpg",
    "title": "Traditional Engraved Granite Headstone"
  },
  {
    "id": "1571578040810",
    "img": "https://www.forevershining.com.au/design/undefined",
    "title": "Traditional Engraved Granite Headstone"
  },
  {
    "id": "1571560457762",
    "img": "https://www.forevershining.com.au/design/saved-designs/screenshots/1571560457762.jpg",
    "title": "Traditional Engraved Granite Headstone"
  },
  {
    "id": "1571555515874",
    "img": "https://www.forevershining.com.au/design/saved-designs/screenshots/1571555515874.jpg",
    "title": "Traditional Engraved Granite Headstone"
  },
  {
    "id": "1571554472725",
    "img": "https://www.forevershining.com.au/design/undefined",
    "title": "Traditional Engraved Granite Headstone"
  },
  {
    "id": "1571553822124",
    "img": "https://www.forevershining.com.au/design/saved-designs/screenshots/1571553822124.jpg",
    "title": "Traditional Engraved Granite Headstone"
  },
  {
    "id": "1571553710766",
    "img": "https://www.forevershining.com.au/design/saved-designs/screenshots/1571553710766.jpg",
    "title": "Traditional Engraved Granite Headstone"
  },
  {
    "id": "1571553736808",
    "img": "https://www.forevershining.com.au/design/saved-designs/screenshots/1571553736808.jpg",
    "title": "Traditional Engraved Granite Headstone"
  },
  {
    "id": "1571553654884",
    "img": "https://www.forevershining.com.au/design/saved-designs/screenshots/1571553654884.jpg",
    "title": "Traditional Engraved Granite Headstone"
  },
  {
    "id": "1571551209219",
    "img": "https://www.forevershining.com.au/design/saved-designs/screenshots/1571551209219.jpg",
    "title": "Traditional Engraved Granite Headstone"
  },
  {
    "id": "1571528011444",
    "img": "https://www.forevershining.com.au/design/saved-designs/screenshots/1571528011444.jpg",
    "title": "Traditional Engraved Granite Headstone"
  },
  {
    "id": "1571381851350",
    "img": "https://www.forevershining.com.au/design/saved-designs/screenshots/1571381851350.jpg",
    "title": "Traditional Engraved Granite Headstone"
  },
  {
    "id": "1571368454272",
    "img": "https://www.forevershining.com.au/design/saved-designs/screenshots/1571368454272.jpg",
    "title": "Traditional Engraved Granite Headstone"
  },
  {
    "id": "1571363651886",
    "img": "https://www.forevershining.com.au/design/saved-designs/screenshots/1571363651886.jpg",
    "title": "Traditional Engraved Granite Headstone"
  },
  {
    "id": "1571361043431",
    "img": "https://www.forevershining.com.au/design/saved-designs/screenshots/1571361043431.jpg",
    "title": "Traditional Engraved Granite Headstone"
  },
  {
    "id": "1571360956944",
    "img": "https://www.forevershining.com.au/design/saved-designs/screenshots/1571360956944.jpg",
    "title": "Traditional Engraved Granite Headstone"
  },
  {
    "id": "1571353441863",
    "img": "https://www.forevershining.com.au/design/saved-designs/screenshots/1571353441863.jpg",
    "title": "Traditional Engraved Granite Headstone"
  },
  {
    "id": "1571306467162",
    "img": "https://www.forevershining.com.au/design/saved-designs/screenshots/1571306467162.jpg",
    "title": "Traditional Engraved Granite Headstone"
  },
  {
    "id": "1571306177686",
    "img": "https://www.forevershining.com.au/design/saved-designs/screenshots/1571306177686.jpg",
    "title": "Traditional Engraved Granite Headstone"
  },
  {
    "id": "1571295664071",
    "img": "https://www.forevershining.com.au/design/saved-designs/screenshots/1571295664071.jpg",
    "title": "Traditional Engraved Granite Headstone"
  },
  {
    "id": "1571293062441",
    "img": "https://www.forevershining.com.au/design/undefined",
    "title": "Traditional Engraved Granite Headstone"
  },
  {
    "id": "1571281634718",
    "img": "https://www.forevershining.com.au/design/saved-designs/screenshots/1571281634718.jpg",
    "title": "Traditional Engraved Granite Headstone"
  },
  {
    "id": "1571274561109",
    "img": "https://www.forevershining.com.au/design/saved-designs/screenshots/1571274561109.jpg",
    "title": "Traditional Engraved Granite Headstone"
  },
  {
    "id": "1571221614788",
    "img": "https://www.forevershining.com.au/design/saved-designs/screenshots/1571221614788.jpg",
    "title": "Traditional Engraved Granite Headstone"
  },
  {
    "id": "1571219668812",
    "img": "https://www.forevershining.com.au/design/saved-designs/screenshots/1571219668812.jpg",
    "title": "Traditional Engraved Granite Headstone"
  },
  {
    "id": "1571203773515",
    "img": "https://www.forevershining.com.au/design/saved-designs/screenshots/1571203773515.jpg",
    "title": "Traditional Engraved Granite Headstone"
  },
  {
    "id": "1571199834873",
    "img": "https://www.forevershining.com.au/design/saved-designs/screenshots/1571199834873.jpg",
    "title": "Traditional Engraved Granite Headstone"
  },
  {
    "id": "1571196656986",
    "img": "https://www.forevershining.com.au/design/saved-designs/screenshots/1571196656986.jpg",
    "title": "Traditional Engraved Granite Headstone"
  },
  {
    "id": "1571196659215",
    "img": "https://www.forevershining.com.au/design/saved-designs/screenshots/1571196659215.jpg",
    "title": "Traditional Engraved Granite Headstone"
  },
  {
    "id": "1571123852724",
    "img": "https://www.forevershining.com.au/design/saved-designs/screenshots/1571123852724.jpg",
    "title": "Traditional Engraved Granite Headstone"
  },
  {
    "id": "1571119811403",
    "img": "https://www.forevershining.com.au/design/saved-designs/screenshots/1571119811403.jpg",
    "title": "Traditional Engraved Granite Headstone"
  },
  {
    "id": "1571119744060",
    "img": "https://www.forevershining.com.au/design/saved-designs/screenshots/1571119744060.jpg",
    "title": "Traditional Engraved Granite Headstone"
  },
  {
    "id": "1571117956405",
    "img": "https://www.forevershining.com.au/design/undefined",
    "title": "Traditional Engraved Granite Headstone"
  },
  {
    "id": "1571102618481",
    "img": "https://www.forevershining.com.au/design/saved-designs/screenshots/1571102618481.jpg",
    "title": "Traditional Engraved Granite Headstone"
  },
  {
    "id": "1571078765417",
    "img": "https://www.forevershining.com.au/design/undefined",
    "title": "Traditional Engraved Granite Headstone"
  },
  {
    "id": "1571051655531",
    "img": "https://www.forevershining.com.au/design/saved-designs/screenshots/1571051655531.jpg",
    "title": "Traditional Engraved Granite Headstone"
  },
  {
    "id": "1571050666068",
    "img": "https://www.forevershining.com.au/design/undefined",
    "title": "Traditional Engraved Granite Headstone"
  },
  {
    "id": "1571049918115",
    "img": "https://www.forevershining.com.au/design/saved-designs/screenshots/1571049918115.jpg",
    "title": "Traditional Engraved Granite Headstone"
  },
  {
    "id": "1571049558112",
    "img": "https://www.forevershining.com.au/design/saved-designs/screenshots/1571049558112.jpg",
    "title": "Traditional Engraved Granite Headstone"
  },
  {
    "id": "1571045752125",
    "img": "https://www.forevershining.com.au/design/undefined",
    "title": "Traditional Engraved Granite Headstone"
  },
  {
    "id": "1571034322614",
    "img": "https://www.forevershining.com.au/design/saved-designs/screenshots/1571034322614.jpg",
    "title": "Traditional Engraved Granite Headstone"
  },
  {
    "id": "1571019203977",
    "img": "https://www.forevershining.com.au/design/saved-designs/screenshots/1571019203977.jpg",
    "title": "Traditional Engraved Granite Headstone"
  },
  {
    "id": "1571028716474",
    "img": "https://www.forevershining.com.au/design/saved-designs/screenshots/1571028716474.jpg",
    "title": "Traditional Engraved Granite Headstone"
  },
  {
    "id": "1571007089623",
    "img": "https://www.forevershining.com.au/design/saved-designs/screenshots/1571007089623.jpg",
    "title": "Traditional Engraved Granite Headstone"
  },
  {
    "id": "1570937337191",
    "img": "https://www.forevershining.com.au/design/saved-designs/screenshots/1570937337191.jpg",
    "title": "Traditional Engraved Granite Headstone"
  },
  {
    "id": "1570878066919",
    "img": "https://www.forevershining.com.au/design/saved-designs/screenshots/1570878066919.jpg",
    "title": "Traditional Engraved Granite Headstone"
  },
  {
    "id": "1570804435310",
    "img": "https://www.forevershining.com.au/design/undefined",
    "title": "Traditional Engraved Granite Headstone"
  },
  {
    "id": "1570700677192",
    "img": "https://www.forevershining.com.au/design/saved-designs/screenshots/1570700677192.jpg",
    "title": "Traditional Engraved Granite Headstone"
  },
  {
    "id": "1714542584789",
    "img": "https://www.forevershining.com.au/design/saved-designs/screenshots/2024/05/1714542584789.jpg",
    "title": "Traditional Engraved Granite Headstone"
  },
  {
    "id": "1714540601790",
    "img": "https://www.forevershining.com.au/design/saved-designs/screenshots/2024/05/1714540601790.jpg",
    "title": "Traditional Engraved Granite Headstone"
  },
  {
    "id": "1661141472531",
    "img": "https://www.forevershining.com.au/design/saved-designs/screenshots/2022/08/1661141472531.jpg",
    "title": "Traditional Engraved Granite Headstone"
  },
  {
    "id": "1630917279464",
    "img": "https://www.forevershining.com.au/design/saved-designs/screenshots/2021/09/1630917279464.jpg",
    "title": "Traditional Engraved Granite Headstone"
  },
  {
    "id": "1630296462797",
    "img": "https://www.forevershining.com.au/design/saved-designs/screenshots/2021/08/1630296462797.jpg",
    "title": "Traditional Engraved Granite Headstone"
  },
  {
    "id": "1630294320618",
    "img": "https://www.forevershining.com.au/design/saved-designs/screenshots/2021/08/1630294320618.jpg",
    "title": "Traditional Engraved Granite Headstone"
  },
  {
    "id": "1630105396174",
    "img": "https://www.forevershining.com.au/design/saved-designs/screenshots/2021/08/1630105396174.jpg",
    "title": "Traditional Engraved Granite Headstone"
  },
  {
    "id": "1630100290049",
    "img": "https://www.forevershining.com.au/design/saved-designs/screenshots/2021/08/1630100290049.jpg",
    "title": "Traditional Engraved Granite Headstone"
  },
  {
    "id": "1630098788903",
    "img": "https://www.forevershining.com.au/design/saved-designs/screenshots/2021/08/1630098788903.jpg",
    "title": "Traditional Engraved Granite Headstone"
  },
  {
    "id": "1629770370703",
    "img": "https://www.forevershining.com.au/design/saved-designs/screenshots/2021/08/1629770370703.jpg",
    "title": "Traditional Engraved Granite Headstone"
  },
  {
    "id": "1629704607668",
    "img": "https://www.forevershining.com.au/design/saved-designs/screenshots/2021/08/1629704607668.jpg",
    "title": "Traditional Engraved Granite Headstone"
  },
  {
    "id": "1605507666734",
    "img": "https://www.forevershining.com.au/design/saved-designs/screenshots/1605507666734.jpg",
    "title": "Traditional Engraved Granite Headstone"
  },
  {
    "id": "1595414299028",
    "img": "https://www.forevershining.com.au/design/saved-designs/screenshots/1595414299028.jpg",
    "title": "Traditional Engraved Granite Headstone"
  },
  {
    "id": "1577669189982",
    "img": "https://www.forevershining.com.au/design/saved-designs/screenshots/1577669189982.jpg",
    "title": "Traditional Engraved Granite Headstone"
  },
  {
    "id": "1577564606221",
    "img": "https://www.forevershining.com.au/design/saved-designs/screenshots/1577564606221.jpg",
    "title": "Traditional Engraved Granite Headstone"
  },
  {
    "id": "1576969835506",
    "img": "https://www.forevershining.com.au/design/saved-designs/screenshots/1576969835506.jpg",
    "title": "Traditional Engraved Granite Headstone"
  },
  {
    "id": "1576554502199",
    "img": "https://www.forevershining.com.au/design/saved-designs/screenshots/1576554502199.jpg",
    "title": "Traditional Engraved Granite Headstone"
  },
  {
    "id": "1576498647963",
    "img": "https://www.forevershining.com.au/design/saved-designs/screenshots/1576498647963.jpg",
    "title": "Traditional Engraved Granite Headstone"
  },
  {
    "id": "1576361480153",
    "img": "https://www.forevershining.com.au/design/saved-designs/screenshots/1576361480153.jpg",
    "title": "Traditional Engraved Granite Headstone"
  },
  {
    "id": "1575704961224",
    "img": "https://www.forevershining.com.au/design/saved-designs/screenshots/1575704961224.jpg",
    "title": "Traditional Engraved Granite Headstone"
  },
  {
    "id": "1575603335325",
    "img": "https://www.forevershining.com.au/design/saved-designs/screenshots/1575603335325.jpg",
    "title": "Traditional Engraved Granite Headstone"
  },
  {
    "id": "1575371301046",
    "img": "https://www.forevershining.com.au/design/saved-designs/screenshots/1575371301046.jpg",
    "title": "Traditional Engraved Granite Headstone"
  },
  {
    "id": "1575370714329",
    "img": "https://www.forevershining.com.au/design/saved-designs/screenshots/1575370714329.jpg",
    "title": "Traditional Engraved Granite Headstone"
  },
  {
    "id": "1575336152775",
    "img": "https://www.forevershining.com.au/design/saved-designs/screenshots/1575336152775.jpg",
    "title": "Traditional Engraved Granite Headstone"
  },
  {
    "id": "1575260800936",
    "img": "https://www.forevershining.com.au/design/saved-designs/screenshots/1575260800936.jpg",
    "title": "Traditional Engraved Granite Headstone"
  },
  {
    "id": "1574903811416",
    "img": "https://www.forevershining.com.au/design/saved-designs/screenshots/1574903811416.jpg",
    "title": "Traditional Engraved Granite Headstone"
  },
  {
    "id": "1574670703970",
    "img": "https://www.forevershining.com.au/design/saved-designs/screenshots/1574670703970.jpg",
    "title": "Traditional Engraved Granite Headstone"
  },
  {
    "id": "1574658059339",
    "img": "https://www.forevershining.com.au/design/saved-designs/screenshots/1574658059339.jpg",
    "title": "Traditional Engraved Granite Headstone"
  },
  {
    "id": "1574642818823",
    "img": "https://www.forevershining.com.au/design/saved-designs/screenshots/1574642818823.jpg",
    "title": "Traditional Engraved Granite Headstone"
  },
  {
    "id": "1574587342674",
    "img": "https://www.forevershining.com.au/design/saved-designs/screenshots/1574587342674.jpg",
    "title": "Traditional Engraved Granite Headstone"
  },
  {
    "id": "1574497347848",
    "img": "https://www.forevershining.com.au/design/saved-designs/screenshots/1574497347848.jpg",
    "title": "Traditional Engraved Granite Headstone"
  },
  {
    "id": "1574403195004",
    "img": "https://www.forevershining.com.au/design/saved-designs/screenshots/1574403195004.jpg",
    "title": "Traditional Engraved Granite Headstone"
  },
  {
    "id": "1574373133608",
    "img": "https://www.forevershining.com.au/design/saved-designs/screenshots/1574373133608.jpg",
    "title": "Traditional Engraved Granite Headstone"
  },
  {
    "id": "1574330125961",
    "img": "https://www.forevershining.com.au/design/saved-designs/screenshots/1574330125961.jpg",
    "title": "Traditional Engraved Granite Headstone"
  },
  {
    "id": "1574214547877",
    "img": "https://www.forevershining.com.au/design/saved-designs/screenshots/1574214547877.jpg",
    "title": "Traditional Engraved Granite Headstone"
  },
  {
    "id": "1574189822274",
    "img": "https://www.forevershining.com.au/design/saved-designs/screenshots/1574189822274.jpg",
    "title": "Traditional Engraved Granite Headstone"
  },
  {
    "id": "1574058655835",
    "img": "https://www.forevershining.com.au/design/saved-designs/screenshots/1574058655835.jpg",
    "title": "Traditional Engraved Granite Headstone"
  },
  {
    "id": "1574047990529",
    "img": "https://www.forevershining.com.au/design/saved-designs/screenshots/1574047990529.jpg",
    "title": "Traditional Engraved Granite Headstone"
  },
  {
    "id": "1573867835428",
    "img": "https://www.forevershining.com.au/design/saved-designs/screenshots/1573867835428.jpg",
    "title": "Traditional Engraved Granite Headstone"
  },
  {
    "id": "1573709473433",
    "img": "https://www.forevershining.com.au/design/saved-designs/screenshots/1573709473433.jpg",
    "title": "Traditional Engraved Granite Headstone"
  },
  {
    "id": "1573475075631",
    "img": "https://www.forevershining.com.au/design/saved-designs/screenshots/1573475075631.jpg",
    "title": "Traditional Engraved Granite Headstone"
  },
  {
    "id": "1573083723350",
    "img": "https://www.forevershining.com.au/design/saved-designs/screenshots/1573083723350.jpg",
    "title": "Traditional Engraved Granite Headstone"
  },
  {
    "id": "1572982161977",
    "img": "https://www.forevershining.com.au/design/saved-designs/screenshots/1572982161977.jpg",
    "title": "Traditional Engraved Granite Headstone"
  },
  {
    "id": "1572413499897",
    "img": "https://www.forevershining.com.au/design/saved-designs/screenshots/1572413499897.jpg",
    "title": "Traditional Engraved Granite Headstone"
  },
  {
    "id": "1572144978281",
    "img": "https://www.forevershining.com.au/design/saved-designs/screenshots/1572144978281.jpg",
    "title": "Traditional Engraved Granite Headstone"
  },
  {
    "id": "1571781513160",
    "img": "https://www.forevershining.com.au/design/saved-designs/screenshots/1571781513160.jpg",
    "title": "Traditional Engraved Granite Headstone"
  },
  {
    "id": "1571668777842",
    "img": "https://www.forevershining.com.au/design/saved-designs/screenshots/1571668777842.jpg",
    "title": "Traditional Engraved Granite Headstone"
  },
  {
    "id": "1571627532878",
    "img": "https://www.forevershining.com.au/design/saved-designs/screenshots/1571627532878.jpg",
    "title": "Traditional Engraved Granite Headstone"
  },
  {
    "id": "1571620219268",
    "img": "https://www.forevershining.com.au/design/saved-designs/screenshots/1571620219268.jpg",
    "title": "Traditional Engraved Granite Headstone"
  },
  {
    "id": "1571562302516",
    "img": "https://www.forevershining.com.au/design/saved-designs/screenshots/1571562302516.jpg",
    "title": "Traditional Engraved Granite Headstone"
  },
  {
    "id": "1571529068247",
    "img": "https://www.forevershining.com.au/design/saved-designs/screenshots/1571529068247.jpg",
    "title": "Traditional Engraved Granite Headstone"
  },
  {
    "id": "1571306248294",
    "img": "https://www.forevershining.com.au/design/saved-designs/screenshots/1571306248294.jpg",
    "title": "Traditional Engraved Granite Headstone"
  },
  {
    "id": "1571273903378",
    "img": "https://www.forevershining.com.au/design/saved-designs/screenshots/1571273903378.jpg",
    "title": "Traditional Engraved Granite Headstone"
  },
  {
    "id": "1571200383608",
    "img": "https://www.forevershining.com.au/design/saved-designs/screenshots/1571200383608.jpg",
    "title": "Traditional Engraved Granite Headstone"
  },
  {
    "id": "1571200619236",
    "img": "https://www.forevershining.com.au/design/saved-designs/screenshots/1571200619236.jpg",
    "title": "Traditional Engraved Granite Headstone"
  },
  {
    "id": "1571148612173",
    "img": "https://www.forevershining.com.au/design/saved-designs/screenshots/1571148612173.jpg",
    "title": "Traditional Engraved Granite Headstone"
  },
  {
    "id": "1571146751685",
    "img": "https://www.forevershining.com.au/design/saved-designs/screenshots/1571146751685.jpg",
    "title": "Traditional Engraved Granite Headstone"
  },
  {
    "id": "1571049891554",
    "img": "https://www.forevershining.com.au/design/saved-designs/screenshots/1571049891554.jpg",
    "title": "Traditional Engraved Granite Headstone"
  },
  {
    "id": "1571051108620",
    "img": "https://www.forevershining.com.au/design/saved-designs/screenshots/1571051108620.jpg",
    "title": "Traditional Engraved Granite Headstone"
  },
  {
    "id": "1571024133817",
    "img": "https://www.forevershining.com.au/design/saved-designs/screenshots/1571024133817.jpg",
    "title": "Traditional Engraved Granite Headstone"
  },
  {
    "id": "1570700559805",
    "img": "https://www.forevershining.com.au/design/saved-designs/screenshots/1570700559805.jpg",
    "title": "Traditional Engraved Granite Headstone"
  }
]