[
  {
    "id": "1676022092219",
    "img": "https://www.forevershining.com.au/design/saved-designs/screenshots/2023/02/1676022092219.jpg",
    "title": "Laser Etched Black Granite Headstone"
  },
  {
    "id": "1593531795317",
    "img": "https://www.forevershining.com.au/design/saved-designs/screenshots/1593531795317.jpg",
    "title": "Laser Etched Black Granite Headstone"
  },
  {
    "id": "1593532579427",
    "img": "https://www.forevershining.com.au/design/undefined",
    "title": "Laser Etched Black Granite Headstone"
  },
  {
    "id": "1593508023643",
    "img": "https://www.forevershining.com.au/design/saved-designs/screenshots/2020/06/1593508023643.jpg",
    "title": "Laser Etched Black Granite Headstone"
  },
  {
    "id": "1593592825264",
    "img": "https://www.forevershining.com.au/design/saved-designs/screenshots/2020/07/1593592825264.jpg",
    "title": "Laser Etched Black Granite Headstone"
  }
]