[
  {
    "id": "1718884316572",
    "img": "https://www.forevershining.com.au/design/saved-designs/screenshots/2024/06/1718884316572.jpg",
    "title": "Laser Etched Black Granite Headstone"
  },
  {
    "id": "1719560493840",
    "img": "https://www.forevershining.com.au/design/saved-designs/screenshots/2024/06/1719560493840.jpg",
    "title": "Laser Etched Black Granite Headstone"
  },
  {
    "id": "1719557192041",
    "img": "https://www.forevershining.com.au/design/saved-designs/screenshots/2024/06/1719557192041.jpg",
    "title": "Laser Etched Black Granite Headstone"
  },
  {
    "id": "1719455117115",
    "img": "https://www.forevershining.com.au/design/saved-designs/screenshots/2024/06/1719455117115.jpg",
    "title": "Laser Etched Black Granite Headstone"
  },
  {
    "id": "1718879050484",
    "img": "https://www.forevershining.com.au/design/saved-designs/screenshots/2024/06/1718879050484.jpg",
    "title": "Laser Etched Black Granite Headstone"
  },
  {
    "id": "1718240317432",
    "img": "https://www.forevershining.com.au/design/saved-designs/screenshots/2024/06/1718240317432.jpg",
    "title": "Laser Etched Black Granite Headstone"
  },
  {
    "id": "1718236438326",
    "img": "https://www.forevershining.com.au/design/saved-designs/screenshots/2024/06/1718236438326.jpg",
    "title": "Laser Etched Black Granite Headstone"
  },
  {
    "id": "1717464966167",
    "img": "https://www.forevershining.com.au/design/saved-designs/screenshots/2024/06/1717464966167.jpg",
    "title": "Laser Etched Black Granite Headstone"
  },
  {
    "id": "1717463149004",
    "img": "https://www.forevershining.com.au/design/saved-designs/screenshots/2024/06/1717463149004.jpg",
    "title": "Laser Etched Black Granite Headstone"
  },
  {
    "id": "1717462412333",
    "img": "https://www.forevershining.com.au/design/saved-designs/screenshots/2024/06/1717462412333.jpg",
    "title": "Laser Etched Black Granite Headstone"
  },
  {
    "id": "1717414052797",
    "img": "https://www.forevershining.com.au/design/saved-designs/screenshots/2024/06/1717414052797.jpg",
    "title": "Laser Etched Black Granite Headstone"
  },
  {
    "id": "1717029189438",
    "img": "https://www.forevershining.com.au/design/saved-designs/screenshots/2024/05/1717029189438.jpg",
    "title": "Laser Etched Black Granite Headstone"
  },
  {
    "id": "1717014925928",
    "img": "https://www.forevershining.com.au/design/saved-designs/screenshots/2024/05/1717014925928.jpg",
    "title": "Laser Etched Black Granite Headstone"
  },
  {
    "id": "1717014745360",
    "img": "https://www.forevershining.com.au/design/saved-designs/screenshots/2024/05/1717014745360.jpg",
    "title": "Laser Etched Black Granite Headstone"
  },
  {
    "id": "1717014380691",
    "img": "https://www.forevershining.com.au/design/saved-designs/screenshots/2024/05/1717014380691.jpg",
    "title": "Laser Etched Black Granite Headstone"
  },
  {
    "id": "1717013163514",
    "img": "https://www.forevershining.com.au/design/saved-designs/screenshots/2024/05/1717013163514.jpg",
    "title": "Laser Etched Black Granite Headstone"
  },
  {
    "id": "1716959706210",
    "img": "https://www.forevershining.com.au/design/saved-designs/screenshots/2024/05/1716959706210.jpg",
    "title": "Laser Etched Black Granite Headstone"
  },
  {
    "id": "1716921273106",
    "img": "https://www.forevershining.com.au/design/saved-designs/screenshots/2024/05/1716921273106.jpg",
    "title": "Laser Etched Black Granite Headstone"
  },
  {
    "id": "1716482683538",
    "img": "https://www.forevershining.com.au/design/saved-designs/screenshots/2024/05/1716482683538.jpg",
    "title": "Laser Etched Black Granite Headstone"
  },
  {
    "id": "1716482644614",
    "img": "https://www.forevershining.com.au/design/saved-designs/screenshots/2024/05/1716482644614.jpg",
    "title": "Laser Etched Black Granite Headstone"
  },
  {
    "id": "1716481393499",
    "img": "https://www.forevershining.com.au/design/saved-designs/screenshots/2024/05/1716481393499.jpg",
    "title": "Laser Etched Black Granite Headstone"
  },
  {
    "id": "1714104286434",
    "img": "https://www.forevershining.com.au/design/saved-designs/screenshots/2024/04/1714104286434.jpg",
    "title": "Laser Etched Black Granite Headstone"
  },
  {
    "id": "1713817454729",
    "img": "https://www.forevershining.com.au/design/saved-designs/screenshots/2024/04/1713817454729.jpg",
    "title": "Laser Etched Black Granite Headstone"
  },
  {
    "id": "1711895873332",
    "img": "https://www.forevershining.com.au/design/saved-designs/screenshots/2024/03/1711895873332.jpg",
    "title": "Laser Etched Black Granite Headstone"
  },
  {
    "id": "1711753569318",
    "img": "https://www.forevershining.com.au/design/saved-designs/screenshots/2024/03/1711753569318.jpg",
    "title": "Laser Etched Black Granite Headstone"
  },
  {
    "id": "1711374389692",
    "img": "https://www.forevershining.com.au/design/saved-designs/screenshots/2024/03/1711374389692.jpg",
    "title": "Laser Etched Black Granite Headstone"
  },
  {
    "id": "1710976937608",
    "img": "https://www.forevershining.com.au/design/saved-designs/screenshots/2024/03/1710976937608.jpg",
    "title": "Laser Etched Black Granite Headstone"
  },
  {
    "id": "1708392693061",
    "img": "https://www.forevershining.com.au/design/saved-designs/screenshots/2024/02/1708392693061.jpg",
    "title": "Laser Etched Black Granite Headstone"
  },
  {
    "id": "1707631620577",
    "img": "https://www.forevershining.com.au/design/saved-designs/screenshots/2024/02/1707631620577.jpg",
    "title": "Laser Etched Black Granite Headstone"
  },
  {
    "id": "1707378460294",
    "img": "https://www.forevershining.com.au/design/saved-designs/screenshots/2024/02/1707378460294.jpg",
    "title": "Laser Etched Black Granite Headstone"
  },
  {
    "id": "1707360963671",
    "img": "https://www.forevershining.com.au/design/saved-designs/screenshots/2024/02/1707360963671.jpg",
    "title": "Laser Etched Black Granite Headstone"
  },
  {
    "id": "1707348356582",
    "img": "https://www.forevershining.com.au/design/saved-designs/screenshots/2024/02/1707348356582.jpg",
    "title": "Laser Etched Black Granite Headstone"
  },
  {
    "id": "1707348229164",
    "img": "https://www.forevershining.com.au/design/saved-designs/screenshots/2024/02/1707348229164.jpg",
    "title": "Laser Etched Black Granite Headstone"
  },
  {
    "id": "1707346444578",
    "img": "https://www.forevershining.com.au/design/saved-designs/screenshots/2024/02/1707346444578.jpg",
    "title": "Laser Etched Black Granite Headstone"
  },
  {
    "id": "1707346066605",
    "img": "https://www.forevershining.com.au/design/saved-designs/screenshots/2024/02/1707346066605.jpg",
    "title": "Laser Etched Black Granite Headstone"
  },
  {
    "id": "1707342685233",
    "img": "https://www.forevershining.com.au/design/saved-designs/screenshots/2024/02/1707342685233.jpg",
    "title": "Laser Etched Black Granite Headstone"
  },
  {
    "id": "1707336566915",
    "img": "https://www.forevershining.com.au/design/saved-designs/screenshots/2024/02/1707336566915.jpg",
    "title": "Laser Etched Black Granite Headstone"
  },
  {
    "id": "1707328886140",
    "img": "https://www.forevershining.com.au/design/saved-designs/screenshots/2024/02/1707328886140.jpg",
    "title": "Laser Etched Black Granite Headstone"
  },
  {
    "id": "1707036825189",
    "img": "https://www.forevershining.com.au/design/saved-designs/screenshots/2024/02/1707036825189.jpg",
    "title": "Laser Etched Black Granite Headstone"
  },
  {
    "id": "1706361421190",
    "img": "https://www.forevershining.com.au/design/saved-designs/screenshots/2024/01/1706361421190.jpg",
    "title": "Laser Etched Black Granite Headstone"
  },
  {
    "id": "1706360333645",
    "img": "https://www.forevershining.com.au/design/saved-designs/screenshots/2024/01/1706360333645.jpg",
    "title": "Laser Etched Black Granite Headstone"
  },
  {
    "id": "1706333490760",
    "img": "https://www.forevershining.com.au/design/saved-designs/screenshots/2024/01/1706333490760.jpg",
    "title": "Laser Etched Black Granite Headstone"
  },
  {
    "id": "1705453999034",
    "img": "https://www.forevershining.com.au/design/saved-designs/screenshots/2024/01/1705453999034.jpg",
    "title": "Laser Etched Black Granite Headstone"
  },
  {
    "id": "1704782165782",
    "img": "https://www.forevershining.com.au/design/saved-designs/screenshots/2024/01/1704782165782.jpg",
    "title": "Laser Etched Black Granite Headstone"
  },
  {
    "id": "1704780067024",
    "img": "https://www.forevershining.com.au/design/saved-designs/screenshots/2024/01/1704780067024.jpg",
    "title": "Laser Etched Black Granite Headstone"
  },
  {
    "id": "1704764309526",
    "img": "https://www.forevershining.com.au/design/saved-designs/screenshots/2024/01/1704764309526.jpg",
    "title": "Laser Etched Black Granite Headstone"
  },
  {
    "id": "1704325372962",
    "img": "https://www.forevershining.com.au/design/saved-designs/screenshots/2024/01/1704325372962.jpg",
    "title": "Laser Etched Black Granite Headstone"
  },
  {
    "id": "1704325247041",
    "img": "https://www.forevershining.com.au/design/saved-designs/screenshots/2024/01/1704325247041.jpg",
    "title": "Laser Etched Black Granite Headstone"
  },
  {
    "id": "1704325062803",
    "img": "https://www.forevershining.com.au/design/saved-designs/screenshots/2024/01/1704325062803.jpg",
    "title": "Laser Etched Black Granite Headstone"
  },
  {
    "id": "1704323853143",
    "img": "https://www.forevershining.com.au/design/saved-designs/screenshots/2024/01/1704323853143.jpg",
    "title": "Laser Etched Black Granite Headstone"
  },
  {
    "id": "1704323685211",
    "img": "https://www.forevershining.com.au/design/saved-designs/screenshots/2024/01/1704323685211.jpg",
    "title": "Laser Etched Black Granite Headstone"
  },
  {
    "id": "1701617779107",
    "img": "https://www.forevershining.com.au/design/saved-designs/screenshots/2023/12/1701617779107.jpg",
    "title": "Laser Etched Black Granite Headstone"
  },
  {
    "id": "1700175243842",
    "img": "https://www.forevershining.com.au/design/saved-designs/screenshots/2023/11/1700175243842.jpg",
    "title": "Laser Etched Black Granite Headstone"
  },
  {
    "id": "1699798508798",
    "img": "https://www.forevershining.com.au/design/saved-designs/screenshots/2023/11/1699798508798.jpg",
    "title": "Laser Etched Black Granite Headstone"
  },
  {
    "id": "1697618840397",
    "img": "https://www.forevershining.com.au/design/saved-designs/screenshots/2023/10/1697618840397.jpg",
    "title": "Laser Etched Black Granite Headstone"
  },
  {
    "id": "1696638943631",
    "img": "https://www.forevershining.com.au/design/saved-designs/screenshots/2023/10/1696638943631.jpg",
    "title": "Laser Etched Black Granite Headstone"
  },
  {
    "id": "1696590238971",
    "img": "https://www.forevershining.com.au/design/saved-designs/screenshots/2023/10/1696590238971.jpg",
    "title": "Laser Etched Black Granite Headstone"
  },
  {
    "id": "1696589660100",
    "img": "https://www.forevershining.com.au/design/saved-designs/screenshots/2023/10/1696589660100.jpg",
    "title": "Laser Etched Black Granite Headstone"
  },
  {
    "id": "1692754757754",
    "img": "https://www.forevershining.com.au/design/saved-designs/screenshots/2023/08/1692754757754.jpg",
    "title": "Laser Etched Black Granite Headstone"
  },
  {
    "id": "1692751244141",
    "img": "https://www.forevershining.com.au/design/saved-designs/screenshots/2023/08/1692751244141.jpg",
    "title": "Laser Etched Black Granite Headstone"
  },
  {
    "id": "1691595101929",
    "img": "https://www.forevershining.com.au/design/saved-designs/screenshots/2023/08/1691595101929.jpg",
    "title": "Laser Etched Black Granite Headstone"
  },
  {
    "id": "1691509151353",
    "img": "https://www.forevershining.com.au/design/saved-designs/screenshots/2023/08/1691509151353.jpg",
    "title": "Laser Etched Black Granite Headstone"
  },
  {
    "id": "1691470384439",
    "img": "https://www.forevershining.com.au/design/saved-designs/screenshots/2023/08/1691470384439.jpg",
    "title": "Laser Etched Black Granite Headstone"
  },
  {
    "id": "1691466196825",
    "img": "https://www.forevershining.com.au/design/saved-designs/screenshots/2023/08/1691466196825.jpg",
    "title": "Laser Etched Black Granite Headstone"
  },
  {
    "id": "1691427610557",
    "img": "https://www.forevershining.com.au/design/saved-designs/screenshots/2023/08/1691427610557.jpg",
    "title": "Laser Etched Black Granite Headstone"
  },
  {
    "id": "1691290831942",
    "img": "https://www.forevershining.com.au/design/saved-designs/screenshots/2023/08/1691290831942.jpg",
    "title": "Laser Etched Black Granite Headstone"
  },
  {
    "id": "1690531792250",
    "img": "https://www.forevershining.com.au/design/saved-designs/screenshots/2023/07/1690531792250.jpg",
    "title": "Laser Etched Black Granite Headstone"
  },
  {
    "id": "1690425162939",
    "img": "https://www.forevershining.com.au/design/saved-designs/screenshots/2023/07/1690425162939.jpg",
    "title": "Laser Etched Black Granite Headstone"
  },
  {
    "id": "1690278715539",
    "img": "https://www.forevershining.com.au/design/saved-designs/screenshots/2023/07/1690278715539.jpg",
    "title": "Laser Etched Black Granite Headstone"
  },
  {
    "id": "1690093291417",
    "img": "https://www.forevershining.com.au/design/saved-designs/screenshots/2023/07/1690093291417.jpg",
    "title": "Laser Etched Black Granite Headstone"
  },
  {
    "id": "1690079356017",
    "img": "https://www.forevershining.com.au/design/saved-designs/screenshots/2023/07/1690079356017.jpg",
    "title": "Laser Etched Black Granite Headstone"
  },
  {
    "id": "1690077828379",
    "img": "https://www.forevershining.com.au/design/saved-designs/screenshots/2023/07/1690077828379.jpg",
    "title": "Laser Etched Black Granite Headstone"
  },
  {
    "id": "1690076432958",
    "img": "https://www.forevershining.com.au/design/saved-designs/screenshots/2023/07/1690076432958.jpg",
    "title": "Laser Etched Black Granite Headstone"
  },
  {
    "id": "1689987354216",
    "img": "https://www.forevershining.com.au/design/saved-designs/screenshots/2023/07/1689987354216.jpg",
    "title": "Laser Etched Black Granite Headstone"
  },
  {
    "id": "1715661952294",
    "img": "https://www.forevershining.com.au/design/saved-designs/screenshots/2024/05/1715661952294.jpg",
    "title": "Laser Etched Black Granite Headstone"
  },
  {
    "id": "1715672758184",
    "img": "https://www.forevershining.com.au/design/saved-designs/screenshots/2024/05/1715672758184.jpg",
    "title": "Laser Etched Black Granite Headstone"
  },
  {
    "id": "1688117613342",
    "img": "https://www.forevershining.com.au/design/saved-designs/screenshots/2023/06/1688117613342.jpg",
    "title": "Laser Etched Black Granite Headstone"
  },
  {
    "id": "1688093110396",
    "img": "https://www.forevershining.com.au/design/saved-designs/screenshots/2023/06/1688093110396.jpg",
    "title": "Laser Etched Black Granite Headstone"
  },
  {
    "id": "1688087577339",
    "img": "https://www.forevershining.com.au/design/saved-designs/screenshots/2023/06/1688087577339.jpg",
    "title": "Laser Etched Black Granite Headstone"
  },
  {
    "id": "1687984898505",
    "img": "https://www.forevershining.com.au/design/saved-designs/screenshots/2023/06/1687984898505.jpg",
    "title": "Laser Etched Black Granite Headstone"
  },
  {
    "id": "1686656119234",
    "img": "https://www.forevershining.com.au/design/saved-designs/screenshots/2023/06/1686656119234.jpg",
    "title": "Laser Etched Black Granite Headstone"
  },
  {
    "id": "1686644354428",
    "img": "https://www.forevershining.com.au/design/saved-designs/screenshots/2023/06/1686644354428.jpg",
    "title": "Laser Etched Black Granite Headstone"
  },
  {
    "id": "1686643083252",
    "img": "https://www.forevershining.com.au/design/saved-designs/screenshots/2023/06/1686643083252.jpg",
    "title": "Laser Etched Black Granite Headstone"
  },
  {
    "id": "1686571960600",
    "img": "https://www.forevershining.com.au/design/saved-designs/screenshots/2023/06/1686571960600.jpg",
    "title": "Laser Etched Black Granite Headstone"
  },
  {
    "id": "1686477855984",
    "img": "https://www.forevershining.com.au/design/saved-designs/screenshots/2023/06/1686477855984.jpg",
    "title": "Laser Etched Black Granite Headstone"
  },
  {
    "id": "1686477709568",
    "img": "https://www.forevershining.com.au/design/saved-designs/screenshots/2023/06/1686477709568.jpg",
    "title": "Laser Etched Black Granite Headstone"
  },
  {
    "id": "1686316312860",
    "img": "https://www.forevershining.com.au/design/saved-designs/screenshots/2023/06/1686316312860.jpg",
    "title": "Laser Etched Black Granite Headstone"
  },
  {
    "id": "1686312798686",
    "img": "https://www.forevershining.com.au/design/saved-designs/screenshots/2023/06/1686312798686.jpg",
    "title": "Laser Etched Black Granite Headstone"
  },
  {
    "id": "1686312645632",
    "img": "https://www.forevershining.com.au/design/saved-designs/screenshots/2023/06/1686312645632.jpg",
    "title": "Laser Etched Black Granite Headstone"
  },
  {
    "id": "1686312196026",
    "img": "https://www.forevershining.com.au/design/saved-designs/screenshots/2023/06/1686312196026.jpg",
    "title": "Laser Etched Black Granite Headstone"
  },
  {
    "id": "1686312018052",
    "img": "https://www.forevershining.com.au/design/saved-designs/screenshots/2023/06/1686312018052.jpg",
    "title": "Laser Etched Black Granite Headstone"
  },
  {
    "id": "1686311896656",
    "img": "https://www.forevershining.com.au/design/saved-designs/screenshots/2023/06/1686311896656.jpg",
    "title": "Laser Etched Black Granite Headstone"
  },
  {
    "id": "1686311427180",
    "img": "https://www.forevershining.com.au/design/saved-designs/screenshots/2023/06/1686311427180.jpg",
    "title": "Laser Etched Black Granite Headstone"
  },
  {
    "id": "1686307037790",
    "img": "https://www.forevershining.com.au/design/saved-designs/screenshots/2023/06/1686307037790.jpg",
    "title": "Laser Etched Black Granite Headstone"
  },
  {
    "id": "1686306868210",
    "img": "https://www.forevershining.com.au/design/saved-designs/screenshots/2023/06/1686306868210.jpg",
    "title": "Laser Etched Black Granite Headstone"
  },
  {
    "id": "1686306546517",
    "img": "https://www.forevershining.com.au/design/saved-designs/screenshots/2023/06/1686306546517.jpg",
    "title": "Laser Etched Black Granite Headstone"
  },
  {
    "id": "1686296207283",
    "img": "https://www.forevershining.com.au/design/saved-designs/screenshots/2023/06/1686296207283.jpg",
    "title": "Laser Etched Black Granite Headstone"
  },
  {
    "id": "1684984781882",
    "img": "https://www.forevershining.com.au/design/saved-designs/screenshots/2023/05/1684984781882.jpg",
    "title": "Laser Etched Black Granite Headstone"
  },
  {
    "id": "1684240424248",
    "img": "https://www.forevershining.com.au/design/saved-designs/screenshots/2023/05/1684240424248.jpg",
    "title": "Laser Etched Black Granite Headstone"
  },
  {
    "id": "1684166719290",
    "img": "https://www.forevershining.com.au/design/saved-designs/screenshots/2023/05/1684166719290.jpg",
    "title": "Laser Etched Black Granite Headstone"
  },
  {
    "id": "1683187740320",
    "img": "https://www.forevershining.com.au/design/saved-designs/screenshots/2023/05/1683187740320.jpg",
    "title": "Laser Etched Black Granite Headstone"
  },
  {
    "id": "1683185320942",
    "img": "https://www.forevershining.com.au/design/saved-designs/screenshots/2023/05/1683185320942.jpg",
    "title": "Laser Etched Black Granite Headstone"
  },
  {
    "id": "1683118484571",
    "img": "https://www.forevershining.com.au/design/saved-designs/screenshots/2023/05/1683118484571.jpg",
    "title": "Laser Etched Black Granite Headstone"
  },
  {
    "id": "1683118351826",
    "img": "https://www.forevershining.com.au/design/saved-designs/screenshots/2023/05/1683118351826.jpg",
    "title": "Laser Etched Black Granite Headstone"
  },
  {
    "id": "1683118018408",
    "img": "https://www.forevershining.com.au/design/saved-designs/screenshots/2023/05/1683118018408.jpg",
    "title": "Laser Etched Black Granite Headstone"
  },
  {
    "id": "1683117072931",
    "img": "https://www.forevershining.com.au/design/saved-designs/screenshots/2023/05/1683117072931.jpg",
    "title": "Laser Etched Black Granite Headstone"
  },
  {
    "id": "1683113684909",
    "img": "https://www.forevershining.com.au/design/saved-designs/screenshots/2023/05/1683113684909.jpg",
    "title": "Laser Etched Black Granite Headstone"
  },
  {
    "id": "1682232338246",
    "img": "https://www.forevershining.com.au/design/saved-designs/screenshots/2023/04/1682232338246.jpg",
    "title": "Laser Etched Black Granite Headstone"
  },
  {
    "id": "1681896670399",
    "img": "https://www.forevershining.com.au/design/saved-designs/screenshots/2023/04/1681896670399.jpg",
    "title": "Laser Etched Black Granite Headstone"
  },
  {
    "id": "1680431119577",
    "img": "https://www.forevershining.com.au/design/saved-designs/screenshots/2023/04/1680431119577.jpg",
    "title": "Laser Etched Black Granite Headstone"
  },
  {
    "id": "1679994702205",
    "img": "https://www.forevershining.com.au/design/saved-designs/screenshots/2023/03/1679994702205.jpg",
    "title": "Laser Etched Black Granite Headstone"
  },
  {
    "id": "1679992006270",
    "img": "https://www.forevershining.com.au/design/saved-designs/screenshots/2023/03/1679992006270.jpg",
    "title": "Laser Etched Black Granite Headstone"
  },
  {
    "id": "1679538088963",
    "img": "https://www.forevershining.com.au/design/saved-designs/screenshots/2023/03/1679538088963.jpg",
    "title": "Laser Etched Black Granite Headstone"
  },
  {
    "id": "1679060417745",
    "img": "https://www.forevershining.com.au/design/saved-designs/screenshots/2023/03/1679060417745.jpg",
    "title": "Laser Etched Black Granite Headstone"
  },
  {
    "id": "1679059020925",
    "img": "https://www.forevershining.com.au/design/saved-designs/screenshots/2023/03/1679059020925.jpg",
    "title": "Laser Etched Black Granite Headstone"
  },
  {
    "id": "1679052088021",
    "img": "https://www.forevershining.com.au/design/saved-designs/screenshots/2023/03/1679052088021.jpg",
    "title": "Laser Etched Black Granite Headstone"
  },
  {
    "id": "1679044149041",
    "img": "https://www.forevershining.com.au/design/saved-designs/screenshots/2023/03/1679044149041.jpg",
    "title": "Laser Etched Black Granite Headstone"
  },
  {
    "id": "1678437076976",
    "img": "https://www.forevershining.com.au/design/saved-designs/screenshots/2023/03/1678437076976.jpg",
    "title": "Laser Etched Black Granite Headstone"
  },
  {
    "id": "1678151784781",
    "img": "https://www.forevershining.com.au/design/saved-designs/screenshots/2023/03/1678151784781.jpg",
    "title": "Laser Etched Black Granite Headstone"
  },
  {
    "id": "1677241048028",
    "img": "https://www.forevershining.com.au/design/saved-designs/screenshots/2023/02/1677241048028.jpg",
    "title": "Laser Etched Black Granite Headstone"
  },
  {
    "id": "1676970190260",
    "img": "https://www.forevershining.com.au/design/saved-designs/screenshots/2023/02/1676970190260.jpg",
    "title": "Laser Etched Black Granite Headstone"
  },
  {
    "id": "1676276338754",
    "img": "https://www.forevershining.com.au/design/saved-designs/screenshots/2023/02/1676276338754.jpg",
    "title": "Laser Etched Black Granite Headstone"
  },
  {
    "id": "1675855569861",
    "img": "https://www.forevershining.com.au/design/saved-designs/screenshots/2023/02/1675855569861.jpg",
    "title": "Laser Etched Black Granite Headstone"
  },
  {
    "id": "1675854822585",
    "img": "https://www.forevershining.com.au/design/saved-designs/screenshots/2023/02/1675854822585.jpg",
    "title": "Laser Etched Black Granite Headstone"
  },
  {
    "id": "1675259562655",
    "img": "https://www.forevershining.com.au/design/saved-designs/screenshots/2023/02/1675259562655.jpg",
    "title": "Laser Etched Black Granite Headstone"
  },
  {
    "id": "1675254832906",
    "img": "https://www.forevershining.com.au/design/saved-designs/screenshots/2023/02/1675254832906.jpg",
    "title": "Laser Etched Black Granite Headstone"
  },
  {
    "id": "1674949639746",
    "img": "https://www.forevershining.com.au/design/saved-designs/screenshots/2023/01/1674949639746.jpg",
    "title": "Laser Etched Black Granite Headstone"
  },
  {
    "id": "1674637473303",
    "img": "https://www.forevershining.com.au/design/saved-designs/screenshots/2023/01/1674637473303.jpg",
    "title": "Laser Etched Black Granite Headstone"
  },
  {
    "id": "1674636562652",
    "img": "https://www.forevershining.com.au/design/saved-designs/screenshots/2023/01/1674636562652.jpg",
    "title": "Laser Etched Black Granite Headstone"
  },
  {
    "id": "1674531723445",
    "img": "https://www.forevershining.com.au/design/saved-designs/screenshots/2023/01/1674531723445.jpg",
    "title": "Laser Etched Black Granite Headstone"
  },
  {
    "id": "1674528354477",
    "img": "https://www.forevershining.com.au/design/saved-designs/screenshots/2023/01/1674528354477.jpg",
    "title": "Laser Etched Black Granite Headstone"
  },
  {
    "id": "1673604011428",
    "img": "https://www.forevershining.com.au/design/saved-designs/screenshots/2023/01/1673604011428.jpg",
    "title": "Laser Etched Black Granite Headstone"
  },
  {
    "id": "1672919149382",
    "img": "https://www.forevershining.com.au/design/saved-designs/screenshots/2023/01/1672919149382.jpg",
    "title": "Laser Etched Black Granite Headstone"
  },
  {
    "id": "1672485736563",
    "img": "https://www.forevershining.com.au/design/saved-designs/screenshots/2022/12/1672485736563.jpg",
    "title": "Laser Etched Black Granite Headstone"
  },
  {
    "id": "1672392487388",
    "img": "https://www.forevershining.com.au/design/saved-designs/screenshots/2022/12/1672392487388.jpg",
    "title": "Laser Etched Black Granite Headstone"
  },
  {
    "id": "1671442694377",
    "img": "https://www.forevershining.com.au/design/saved-designs/screenshots/2022/12/1671442694377.jpg",
    "title": "Laser Etched Black Granite Headstone"
  },
  {
    "id": "1670836151106",
    "img": "https://www.forevershining.com.au/design/saved-designs/screenshots/2022/12/1670836151106.jpg",
    "title": "Laser Etched Black Granite Headstone"
  },
  {
    "id": "1669190190216",
    "img": "https://www.forevershining.com.au/design/saved-designs/screenshots/2022/11/1669190190216.jpg",
    "title": "Laser Etched Black Granite Headstone"
  },
  {
    "id": "1668480799660",
    "img": "https://www.forevershining.com.au/design/saved-designs/screenshots/2022/11/1668480799660.jpg",
    "title": "Laser Etched Black Granite Headstone"
  },
  {
    "id": "1667936496601",
    "img": "https://www.forevershining.com.au/design/saved-designs/screenshots/2022/11/1667936496601.jpg",
    "title": "Laser Etched Black Granite Headstone"
  },
  {
    "id": "1666160708336",
    "img": "https://www.forevershining.com.au/design/saved-designs/screenshots/2022/10/1666160708336.jpg",
    "title": "Laser Etched Black Granite Headstone"
  },
  {
    "id": "1665425466218",
    "img": "https://www.forevershining.com.au/design/saved-designs/screenshots/2022/10/1665425466218.jpg",
    "title": "Laser Etched Black Granite Headstone"
  },
  {
    "id": "1665424413853",
    "img": "https://www.forevershining.com.au/design/saved-designs/screenshots/2022/10/1665424413853.jpg",
    "title": "Laser Etched Black Granite Headstone"
  },
  {
    "id": "1665423243344",
    "img": "https://www.forevershining.com.au/design/saved-designs/screenshots/2022/10/1665423243344.jpg",
    "title": "Laser Etched Black Granite Headstone"
  },
  {
    "id": "1665421739194",
    "img": "https://www.forevershining.com.au/design/saved-designs/screenshots/2022/10/1665421739194.jpg",
    "title": "Laser Etched Black Granite Headstone"
  },
  {
    "id": "1665083488632",
    "img": "https://www.forevershining.com.au/design/saved-designs/screenshots/2022/10/1665083488632.jpg",
    "title": "Laser Etched Black Granite Headstone"
  },
  {
    "id": "1663201525241",
    "img": "https://www.forevershining.com.au/design/saved-designs/screenshots/2022/09/1663201525241.jpg",
    "title": "Laser Etched Black Granite Headstone"
  },
  {
    "id": "1663198137943",
    "img": "https://www.forevershining.com.au/design/saved-designs/screenshots/2022/09/1663198137943.jpg",
    "title": "Laser Etched Black Granite Headstone"
  },
  {
    "id": "1663174750984",
    "img": "https://www.forevershining.com.au/design/saved-designs/screenshots/2022/09/1663174750984.jpg",
    "title": "Laser Etched Black Granite Headstone"
  },
  {
    "id": "1663173660423",
    "img": "https://www.forevershining.com.au/design/saved-designs/screenshots/2022/09/1663173660423.jpg",
    "title": "Laser Etched Black Granite Headstone"
  },
  {
    "id": "1663171478315",
    "img": "https://www.forevershining.com.au/design/saved-designs/screenshots/2022/09/1663171478315.jpg",
    "title": "Laser Etched Black Granite Headstone"
  },
  {
    "id": "1663172208001",
    "img": "https://www.forevershining.com.au/design/saved-designs/screenshots/2022/09/1663172208001.jpg",
    "title": "Laser Etched Black Granite Headstone"
  },
  {
    "id": "1660527086641",
    "img": "https://www.forevershining.com.au/design/saved-designs/screenshots/2022/08/1660527086641.jpg",
    "title": "Laser Etched Black Granite Headstone"
  },
  {
    "id": "1660320219923",
    "img": "https://www.forevershining.com.au/design/saved-designs/screenshots/2022/08/1660320219923.jpg",
    "title": "Laser Etched Black Granite Headstone"
  },
  {
    "id": "1660316226860",
    "img": "https://www.forevershining.com.au/design/saved-designs/screenshots/2022/08/1660316226860.jpg",
    "title": "Laser Etched Black Granite Headstone"
  },
  {
    "id": "1660145153385",
    "img": "https://www.forevershining.com.au/design/saved-designs/screenshots/2022/08/1660145153385.jpg",
    "title": "Laser Etched Black Granite Headstone"
  },
  {
    "id": "1658015630449",
    "img": "https://www.forevershining.com.au/design/saved-designs/screenshots/2022/07/1658015630449.jpg",
    "title": "Laser Etched Black Granite Headstone"
  },
  {
    "id": "1657761694706",
    "img": "https://www.forevershining.com.au/design/saved-designs/screenshots/2022/07/1657761694706.jpg",
    "title": "Laser Etched Black Granite Headstone"
  },
  {
    "id": "1657521858960",
    "img": "https://www.forevershining.com.au/design/saved-designs/screenshots/2022/07/1657521858960.jpg",
    "title": "Laser Etched Black Granite Headstone"
  },
  {
    "id": "1656374982043",
    "img": "https://www.forevershining.com.au/design/saved-designs/screenshots/2022/06/1656374982043.jpg",
    "title": "Laser Etched Black Granite Headstone"
  },
  {
    "id": "1655959679764",
    "img": "https://www.forevershining.com.au/design/saved-designs/screenshots/2022/06/1655959679764.jpg",
    "title": "Laser Etched Black Granite Headstone"
  },
  {
    "id": "1655340271100",
    "img": "https://www.forevershining.com.au/design/saved-designs/screenshots/2022/06/1655340271100.jpg",
    "title": "Laser Etched Black Granite Headstone"
  },
  {
    "id": "1650509097521",
    "img": "https://www.forevershining.com.au/design/saved-designs/screenshots/2022/04/1650509097521.jpg",
    "title": "Laser Etched Black Granite Headstone"
  },
  {
    "id": "1650507667252",
    "img": "https://www.forevershining.com.au/design/saved-designs/screenshots/2022/04/1650507667252.jpg",
    "title": "Laser Etched Black Granite Headstone"
  },
  {
    "id": "1650491432658",
    "img": "https://www.forevershining.com.au/design/saved-designs/screenshots/2022/04/1650491432658.jpg",
    "title": "Laser Etched Black Granite Headstone"
  },
  {
    "id": "1650489814221",
    "img": "https://www.forevershining.com.au/design/saved-designs/screenshots/2022/04/1650489814221.jpg",
    "title": "Laser Etched Black Granite Headstone"
  },
  {
    "id": "1650435145908",
    "img": "https://www.forevershining.com.au/design/saved-designs/screenshots/2022/04/1650435145908.jpg",
    "title": "Laser Etched Black Granite Headstone"
  },
  {
    "id": "1650434881337",
    "img": "https://www.forevershining.com.au/design/saved-designs/screenshots/2022/04/1650434881337.jpg",
    "title": "Laser Etched Black Granite Headstone"
  },
  {
    "id": "1650434600302",
    "img": "https://www.forevershining.com.au/design/saved-designs/screenshots/2022/04/1650434600302.jpg",
    "title": "Laser Etched Black Granite Headstone"
  },
  {
    "id": "1650420950835",
    "img": "https://www.forevershining.com.au/design/saved-designs/screenshots/2022/04/1650420950835.jpg",
    "title": "Laser Etched Black Granite Headstone"
  },
  {
    "id": "1650337030511",
    "img": "https://www.forevershining.com.au/design/saved-designs/screenshots/2022/04/1650337030511.jpg",
    "title": "Laser Etched Black Granite Headstone"
  },
  {
    "id": "1649791108398",
    "img": "https://www.forevershining.com.au/design/saved-designs/screenshots/2022/04/1649791108398.jpg",
    "title": "Laser Etched Black Granite Headstone"
  },
  {
    "id": "1649791058578",
    "img": "https://www.forevershining.com.au/design/saved-designs/screenshots/2022/04/1649791058578.jpg",
    "title": "Laser Etched Black Granite Headstone"
  },
  {
    "id": "1649790962838",
    "img": "https://www.forevershining.com.au/design/saved-designs/screenshots/2022/04/1649790962838.jpg",
    "title": "Laser Etched Black Granite Headstone"
  },
  {
    "id": "1648223497445",
    "img": "https://www.forevershining.com.au/design/saved-designs/screenshots/2022/03/1648223497445.jpg",
    "title": "Laser Etched Black Granite Headstone"
  },
  {
    "id": "1648218630986",
    "img": "https://www.forevershining.com.au/design/saved-designs/screenshots/2022/03/1648218630986.jpg",
    "title": "Laser Etched Black Granite Headstone"
  },
  {
    "id": "1648053776428",
    "img": "https://www.forevershining.com.au/design/saved-designs/screenshots/2022/03/1648053776428.jpg",
    "title": "Laser Etched Black Granite Headstone"
  },
  {
    "id": "1648024034635",
    "img": "https://www.forevershining.com.au/design/saved-designs/screenshots/2022/03/1648024034635.jpg",
    "title": "Laser Etched Black Granite Headstone"
  },
  {
    "id": "1646616117886",
    "img": "https://www.forevershining.com.au/design/saved-designs/screenshots/2022/03/1646616117886.jpg",
    "title": "Laser Etched Black Granite Headstone"
  },
  {
    "id": "1643408676746",
    "img": "https://www.forevershining.com.au/design/saved-designs/screenshots/2022/01/1643408676746.jpg",
    "title": "Laser Etched Black Granite Headstone"
  },
  {
    "id": "1642064259476",
    "img": "https://www.forevershining.com.au/design/saved-designs/screenshots/2022/01/1642064259476.jpg",
    "title": "Laser Etched Black Granite Headstone"
  },
  {
    "id": "1641289172852",
    "img": "https://www.forevershining.com.au/design/saved-designs/screenshots/2022/01/1641289172852.jpg",
    "title": "Laser Etched Black Granite Headstone"
  },
  {
    "id": "1641086827566",
    "img": "https://www.forevershining.com.au/design/saved-designs/screenshots/2022/01/1641086827566.jpg",
    "title": "Laser Etched Black Granite Headstone"
  },
  {
    "id": "1640698689165",
    "img": "https://www.forevershining.com.au/design/saved-designs/screenshots/2021/12/1640698689165.jpg",
    "title": "Laser Etched Black Granite Headstone"
  },
  {
    "id": "1640619831921",
    "img": "https://www.forevershining.com.au/design/saved-designs/screenshots/2021/12/1640619831921.jpg",
    "title": "Laser Etched Black Granite Headstone"
  },
  {
    "id": "1639847862318",
    "img": "https://www.forevershining.com.au/design/saved-designs/screenshots/2021/12/1639847862318.jpg",
    "title": "Laser Etched Black Granite Headstone"
  },
  {
    "id": "1639726134589",
    "img": "https://www.forevershining.com.au/design/saved-designs/screenshots/2021/12/1639726134589.jpg",
    "title": "Laser Etched Black Granite Headstone"
  },
  {
    "id": "1639674776200",
    "img": "https://www.forevershining.com.au/design/saved-designs/screenshots/2021/12/1639674776200.jpg",
    "title": "Laser Etched Black Granite Headstone"
  },
  {
    "id": "1639674052538",
    "img": "https://www.forevershining.com.au/design/saved-designs/screenshots/2021/12/1639674052538.jpg",
    "title": "Laser Etched Black Granite Headstone"
  },
  {
    "id": "1639658723731",
    "img": "https://www.forevershining.com.au/design/saved-designs/screenshots/2021/12/1639658723731.jpg",
    "title": "Laser Etched Black Granite Headstone"
  },
  {
    "id": "1634832196442",
    "img": "https://www.forevershining.com.au/design/saved-designs/screenshots/2021/10/1634832196442.jpg",
    "title": "Laser Etched Black Granite Headstone"
  },
  {
    "id": "1634810672456",
    "img": "https://www.forevershining.com.au/design/saved-designs/screenshots/2021/10/1634810672456.jpg",
    "title": "Laser Etched Black Granite Headstone"
  },
  {
    "id": "1627957780469",
    "img": "https://www.forevershining.com.au/design/saved-designs/screenshots/2021/08/1627957780469.jpg",
    "title": "Laser Etched Black Granite Headstone"
  },
  {
    "id": "1627955024903",
    "img": "https://www.forevershining.com.au/design/saved-designs/screenshots/2021/08/1627955024903.jpg",
    "title": "Laser Etched Black Granite Headstone"
  },
  {
    "id": "1618305310422",
    "img": "https://www.forevershining.com.au/design/saved-designs/screenshots/2021/04/1618305310422.jpg",
    "title": "Laser Etched Black Granite Headstone"
  },
  {
    "id": "1618304478218",
    "img": "https://www.forevershining.com.au/design/saved-designs/screenshots/2021/04/1618304478218.jpg",
    "title": "Laser Etched Black Granite Headstone"
  },
  {
    "id": "1618279816790",
    "img": "https://www.forevershining.com.au/design/saved-designs/screenshots/2021/04/1618279816790.jpg",
    "title": "Laser Etched Black Granite Headstone"
  },
  {
    "id": "1618279537909",
    "img": "https://www.forevershining.com.au/design/saved-designs/screenshots/2021/04/1618279537909.jpg",
    "title": "Laser Etched Black Granite Headstone"
  },
  {
    "id": "1618275297943",
    "img": "https://www.forevershining.com.au/design/saved-designs/screenshots/2021/04/1618275297943.jpg",
    "title": "Laser Etched Black Granite Headstone"
  },
  {
    "id": "1618239061611",
    "img": "https://www.forevershining.com.au/design/saved-designs/screenshots/2021/04/1618239061611.jpg",
    "title": "Laser Etched Black Granite Headstone"
  },
  {
    "id": "1618202828266",
    "img": "https://www.forevershining.com.au/design/saved-designs/screenshots/2021/04/1618202828266.jpg",
    "title": "Laser Etched Black Granite Headstone"
  },
  {
    "id": "1617169440160",
    "img": "https://www.forevershining.com.au/design/saved-designs/screenshots/2021/04/1617169440160.jpg",
    "title": "Laser Etched Black Granite Headstone"
  },
  {
    "id": "1613979061741",
    "img": "https://www.forevershining.com.au/design/saved-designs/screenshots/2021/02/1613979061741.jpg",
    "title": "Laser Etched Black Granite Headstone"
  },
  {
    "id": "1610329073510",
    "img": "https://www.forevershining.com.au/design/saved-designs/screenshots/2021/01/1610329073510.jpg",
    "title": "Laser Etched Black Granite Headstone"
  },
  {
    "id": "1606281493229",
    "img": "https://www.forevershining.com.au/design/saved-designs/screenshots/2020/11/1606281493229.jpg",
    "title": "Laser Etched Black Granite Headstone"
  },
  {
    "id": "1605238533488",
    "img": "https://www.forevershining.com.au/design/saved-designs/screenshots/2020/11/1605238533488.jpg",
    "title": "Laser Etched Black Granite Headstone"
  },
  {
    "id": "1602562153141",
    "img": "https://www.forevershining.com.au/design/saved-designs/screenshots/2020/10/1602562153141.jpg",
    "title": "Laser Etched Black Granite Headstone"
  },
  {
    "id": "1601040265804",
    "img": "https://www.forevershining.com.au/design/saved-designs/screenshots/2020/09/1601040265804.jpg",
    "title": "Laser Etched Black Granite Headstone"
  },
  {
    "id": "1600098815425",
    "img": "https://www.forevershining.com.au/design/saved-designs/screenshots/2020/09/1600098815425.jpg",
    "title": "Laser Etched Black Granite Headstone"
  },
  {
    "id": "1599996314929",
    "img": "https://www.forevershining.com.au/design/saved-designs/screenshots/2020/09/1599996314929.jpg",
    "title": "Laser Etched Black Granite Headstone"
  },
  {
    "id": "1595677139707",
    "img": "https://www.forevershining.com.au/design/saved-designs/screenshots/2020/07/1595677139707.jpg",
    "title": "Laser Etched Black Granite Headstone"
  },
  {
    "id": "1595610456131",
    "img": "https://www.forevershining.com.au/design/saved-designs/screenshots/1595610456131.jpg",
    "title": "Laser Etched Black Granite Headstone"
  },
  {
    "id": "1594411732569",
    "img": "https://www.forevershining.com.au/design/undefined",
    "title": "Laser Etched Black Granite Headstone"
  },
  {
    "id": "1593235973279",
    "img": "https://www.forevershining.com.au/design/saved-designs/screenshots/2020/06/1593235973279.jpg",
    "title": "Laser Etched Black Granite Headstone"
  },
  {
    "id": "1593202702691",
    "img": "https://www.forevershining.com.au/design/saved-designs/screenshots/2020/06/1593202702691.jpg",
    "title": "Laser Etched Black Granite Headstone"
  },
  {
    "id": "1593202528531",
    "img": "https://www.forevershining.com.au/design/saved-designs/screenshots/2020/06/1593202528531.jpg",
    "title": "Laser Etched Black Granite Headstone"
  },
  {
    "id": "1593201527373",
    "img": "https://www.forevershining.com.au/design/saved-designs/screenshots/2020/06/1593201527373.jpg",
    "title": "Laser Etched Black Granite Headstone"
  },
  {
    "id": "1593200613805",
    "img": "https://www.forevershining.com.au/design/saved-designs/screenshots/2020/06/1593200613805.jpg",
    "title": "Laser Etched Black Granite Headstone"
  },
  {
    "id": "1593198670239",
    "img": "https://www.forevershining.com.au/design/saved-designs/screenshots/2020/06/1593198670239.jpg",
    "title": "Laser Etched Black Granite Headstone"
  },
  {
    "id": "1593198429115",
    "img": "https://www.forevershining.com.au/design/saved-designs/screenshots/2020/06/1593198429115.jpg",
    "title": "Laser Etched Black Granite Headstone"
  },
  {
    "id": "1593187711511",
    "img": "https://www.forevershining.com.au/design/saved-designs/screenshots/2020/06/1593187711511.jpg",
    "title": "Laser Etched Black Granite Headstone"
  },
  {
    "id": "1592499408592",
    "img": "https://www.forevershining.com.au/design/saved-designs/screenshots/1592499408592.jpg",
    "title": "Laser Etched Black Granite Headstone"
  },
  {
    "id": "1592472349241",
    "img": "https://www.forevershining.com.au/design/saved-designs/screenshots/1592472349241.jpg",
    "title": "Laser Etched Black Granite Headstone"
  },
  {
    "id": "1591845545626",
    "img": "https://www.forevershining.com.au/design/saved-designs/screenshots/1591845545626.jpg",
    "title": "Laser Etched Black Granite Headstone"
  },
  {
    "id": "1591766665805",
    "img": "https://www.forevershining.com.au/design/saved-designs/screenshots/1591766665805.jpg",
    "title": "Laser Etched Black Granite Headstone"
  },
  {
    "id": "1590883323454",
    "img": "https://www.forevershining.com.au/design/saved-designs/screenshots/1590883323454.jpg",
    "title": "Laser Etched Black Granite Headstone"
  },
  {
    "id": "1590738218404",
    "img": "https://www.forevershining.com.au/design/saved-designs/screenshots/1590738218404.jpg",
    "title": "Laser Etched Black Granite Headstone"
  },
  {
    "id": "1590736008838",
    "img": "https://www.forevershining.com.au/design/saved-designs/screenshots/1590736008838.jpg",
    "title": "Laser Etched Black Granite Headstone"
  },
  {
    "id": "1590735988227",
    "img": "https://www.forevershining.com.au/design/saved-designs/screenshots/1590735988227.jpg",
    "title": "Laser Etched Black Granite Headstone"
  },
  {
    "id": "1590735961665",
    "img": "https://www.forevershining.com.au/design/saved-designs/screenshots/1590735961665.jpg",
    "title": "Laser Etched Black Granite Headstone"
  },
  {
    "id": "1590735934088",
    "img": "https://www.forevershining.com.au/design/saved-designs/screenshots/1590735934088.jpg",
    "title": "Laser Etched Black Granite Headstone"
  },
  {
    "id": "1590735889107",
    "img": "https://www.forevershining.com.au/design/saved-designs/screenshots/1590735889107.jpg",
    "title": "Laser Etched Black Granite Headstone"
  },
  {
    "id": "1590716689490",
    "img": "https://www.forevershining.com.au/design/saved-designs/screenshots/1590716689490.jpg",
    "title": "Laser Etched Black Granite Headstone"
  },
  {
    "id": "1590716525587",
    "img": "https://www.forevershining.com.au/design/saved-designs/screenshots/1590716525587.jpg",
    "title": "Laser Etched Black Granite Headstone"
  },
  {
    "id": "1590696684514",
    "img": "https://www.forevershining.com.au/design/saved-designs/screenshots/1590696684514.jpg",
    "title": "Laser Etched Black Granite Headstone"
  },
  {
    "id": "1590642531975",
    "img": "https://www.forevershining.com.au/design/undefined",
    "title": "Laser Etched Black Granite Headstone"
  },
  {
    "id": "1590117644655",
    "img": "https://www.forevershining.com.au/design/saved-designs/screenshots/1590117644655.jpg",
    "title": "Laser Etched Black Granite Headstone"
  },
  {
    "id": "1590117595181",
    "img": "https://www.forevershining.com.au/design/saved-designs/screenshots/1590117595181.jpg",
    "title": "Laser Etched Black Granite Headstone"
  },
  {
    "id": "1590117532451",
    "img": "https://www.forevershining.com.au/design/saved-designs/screenshots/1590117532451.jpg",
    "title": "Laser Etched Black Granite Headstone"
  },
  {
    "id": "1590117389947",
    "img": "https://www.forevershining.com.au/design/saved-designs/screenshots/1590117389947.jpg",
    "title": "Laser Etched Black Granite Headstone"
  },
  {
    "id": "1590114177980",
    "img": "https://www.forevershining.com.au/design/undefined",
    "title": "Laser Etched Black Granite Headstone"
  },
  {
    "id": "1589786917282",
    "img": "https://www.forevershining.com.au/design/saved-designs/screenshots/1589786917282.jpg",
    "title": "Laser Etched Black Granite Headstone"
  },
  {
    "id": "1589510560767",
    "img": "https://www.forevershining.com.au/design/saved-designs/screenshots/1589510560767.jpg",
    "title": "Laser Etched Black Granite Headstone"
  },
  {
    "id": "1588960861354",
    "img": "https://www.forevershining.com.au/design/saved-designs/screenshots/1588960861354.jpg",
    "title": "Laser Etched Black Granite Headstone"
  },
  {
    "id": "1588924247299",
    "img": "https://www.forevershining.com.au/design/saved-designs/screenshots/1588924247299.jpg",
    "title": "Laser Etched Black Granite Headstone"
  },
  {
    "id": "1588923680747",
    "img": "https://www.forevershining.com.au/design/saved-designs/screenshots/1588923680747.jpg",
    "title": "Laser Etched Black Granite Headstone"
  },
  {
    "id": "1587288283903",
    "img": "https://www.forevershining.com.au/design/saved-designs/screenshots/1587288283903.jpg",
    "title": "Laser Etched Black Granite Headstone"
  },
  {
    "id": "1587287421542",
    "img": "https://www.forevershining.com.au/design/saved-designs/screenshots/1587287421542.jpg",
    "title": "Laser Etched Black Granite Headstone"
  },
  {
    "id": "1587101854066",
    "img": "https://www.forevershining.com.au/design/saved-designs/screenshots/1587101854066.jpg",
    "title": "Laser Etched Black Granite Headstone"
  },
  {
    "id": "1586927108982",
    "img": "https://www.forevershining.com.au/design/saved-designs/screenshots/1586927108982.jpg",
    "title": "Laser Etched Black Granite Headstone"
  },
  {
    "id": "1586919569805",
    "img": "https://www.forevershining.com.au/design/saved-designs/screenshots/1586919569805.jpg",
    "title": "Laser Etched Black Granite Headstone"
  },
  {
    "id": "1583894553097",
    "img": "https://www.forevershining.com.au/design/saved-designs/screenshots/1583894553097.jpg",
    "title": "Laser Etched Black Granite Headstone"
  },
  {
    "id": "1583450738385",
    "img": "https://www.forevershining.com.au/design/saved-designs/screenshots/1583450738385.jpg",
    "title": "Laser Etched Black Granite Headstone"
  },
  {
    "id": "1581631058991",
    "img": "https://www.forevershining.com.au/design/saved-designs/screenshots/1581631058991.jpg",
    "title": "Laser Etched Black Granite Headstone"
  },
  {
    "id": "1580616255547",
    "img": "https://www.forevershining.com.au/design/saved-designs/screenshots/1580616255547.jpg",
    "title": "Laser Etched Black Granite Headstone"
  },
  {
    "id": "1579064941813",
    "img": "https://www.forevershining.com.au/design/saved-designs/screenshots/1579064941813.jpg",
    "title": "Laser Etched Black Granite Headstone"
  },
  {
    "id": "1579063286062",
    "img": "https://www.forevershining.com.au/design/saved-designs/screenshots/1579063286062.jpg",
    "title": "Laser Etched Black Granite Headstone"
  },
  {
    "id": "1579043259982",
    "img": "https://www.forevershining.com.au/design/saved-designs/screenshots/1579043259982.jpg",
    "title": "Laser Etched Black Granite Headstone"
  },
  {
    "id": "1578879092055",
    "img": "https://www.forevershining.com.au/design/saved-designs/screenshots/1578879092055.jpg",
    "title": "Laser Etched Black Granite Headstone"
  },
  {
    "id": "1578810545176",
    "img": "https://www.forevershining.com.au/design/saved-designs/screenshots/1578810545176.jpg",
    "title": "Laser Etched Black Granite Headstone"
  },
  {
    "id": "1578808474369",
    "img": "https://www.forevershining.com.au/design/saved-designs/screenshots/1578808474369.jpg",
    "title": "Laser Etched Black Granite Headstone"
  },
  {
    "id": "1714608643399",
    "img": "https://www.forevershining.com.au/design/saved-designs/screenshots/2024/05/1714608643399.jpg",
    "title": "Laser Etched Black Granite Headstone"
  },
  {
    "id": "1689722453187",
    "img": "https://www.forevershining.com.au/design/saved-designs/screenshots/2023/07/1689722453187.jpg",
    "title": "Laser Etched Black Granite Headstone"
  },
  {
    "id": "1689721507008",
    "img": "https://www.forevershining.com.au/design/saved-designs/screenshots/2023/07/1689721507008.jpg",
    "title": "Laser Etched Black Granite Headstone"
  },
  {
    "id": "1689720886721",
    "img": "https://www.forevershining.com.au/design/saved-designs/screenshots/2023/07/1689720886721.jpg",
    "title": "Laser Etched Black Granite Headstone"
  },
  {
    "id": "1681298110631",
    "img": "https://www.forevershining.com.au/design/saved-designs/screenshots/2023/04/1681298110631.jpg",
    "title": "Laser Etched Black Granite Headstone"
  },
  {
    "id": "1681299126520",
    "img": "https://www.forevershining.com.au/design/saved-designs/screenshots/2023/04/1681299126520.jpg",
    "title": "Laser Etched Black Granite Headstone"
  },
  {
    "id": "1661305407866",
    "img": "https://www.forevershining.com.au/design/saved-designs/screenshots/2022/08/1661305407866.jpg",
    "title": "Laser Etched Black Granite Headstone"
  },
  {
    "id": "1661304626521",
    "img": "https://www.forevershining.com.au/design/saved-designs/screenshots/2022/08/1661304626521.jpg",
    "title": "Laser Etched Black Granite Headstone"
  },
  {
    "id": "1630026483554",
    "img": "https://www.forevershining.com.au/design/saved-designs/screenshots/2021/08/1630026483554.jpg",
    "title": "Laser Etched Black Granite Headstone"
  },
  {
    "id": "1629486638153",
    "img": "https://www.forevershining.com.au/design/saved-designs/screenshots/2021/08/1629486638153.jpg",
    "title": "Laser Etched Black Granite Headstone"
  },
  {
    "id": "1629486594724",
    "img": "https://www.forevershining.com.au/design/saved-designs/screenshots/2021/08/1629486594724.jpg",
    "title": "Laser Etched Black Granite Headstone"
  },
  {
    "id": "1629485824280",
    "img": "https://www.forevershining.com.au/design/saved-designs/screenshots/2021/08/1629485824280.jpg",
    "title": "Laser Etched Black Granite Headstone"
  },
  {
    "id": "1629485316865",
    "img": "https://www.forevershining.com.au/design/saved-designs/screenshots/2021/08/1629485316865.jpg",
    "title": "Laser Etched Black Granite Headstone"
  },
  {
    "id": "1629264677606",
    "img": "https://www.forevershining.com.au/design/saved-designs/screenshots/2021/08/1629264677606.jpg",
    "title": "Laser Etched Black Granite Headstone"
  },
  {
    "id": "1629264245772",
    "img": "https://www.forevershining.com.au/design/saved-designs/screenshots/2021/08/1629264245772.jpg",
    "title": "Laser Etched Black Granite Headstone"
  },
  {
    "id": "1629260618558",
    "img": "https://www.forevershining.com.au/design/saved-designs/screenshots/2021/08/1629260618558.jpg",
    "title": "Laser Etched Black Granite Headstone"
  },
  {
    "id": "1629085245364",
    "img": "https://www.forevershining.com.au/design/saved-designs/screenshots/2021/08/1629085245364.jpg",
    "title": "Laser Etched Black Granite Headstone"
  },
  {
    "id": "1629084894631",
    "img": "https://www.forevershining.com.au/design/saved-designs/screenshots/2021/08/1629084894631.jpg",
    "title": "Laser Etched Black Granite Headstone"
  },
  {
    "id": "1590643496044",
    "img": "https://www.forevershining.com.au/design/saved-designs/screenshots/1590643496044.jpg",
    "title": "Laser Etched Black Granite Headstone"
  },
  {
    "id": "1590115067847",
    "img": "https://www.forevershining.com.au/design/saved-designs/screenshots/1590115067847.jpg",
    "title": "Laser Etched Black Granite Headstone"
  }
]