[
  {
    "id": "1711281809818",
    "img": "https://www.forevershining.com.au/design/saved-designs/screenshots/2024/03/1711281809818.jpg",
    "title": "Traditional Engraved Granite Headstone"
  },
  {
    "id": "1706931896867",
    "img": "https://www.forevershining.com.au/design/saved-designs/screenshots/2024/02/1706931896867.jpg",
    "title": "Traditional Engraved Granite Headstone"
  },
  {
    "id": "1706911480849",
    "img": "https://www.forevershining.com.au/design/saved-designs/screenshots/2024/02/1706911480849.jpg",
    "title": "Traditional Engraved Granite Headstone"
  },
  {
    "id": "1690872353685",
    "img": "https://www.forevershining.com.au/design/saved-designs/screenshots/2023/08/1690872353685.jpg",
    "title": "Traditional Engraved Granite Headstone"
  },
  {
    "id": "1690753478649",
    "img": "https://www.forevershining.com.au/design/saved-designs/screenshots/2023/07/1690753478649.jpg",
    "title": "Traditional Engraved Granite Headstone"
  },
  {
    "id": "1686345704607",
    "img": "https://www.forevershining.com.au/design/saved-designs/screenshots/2023/06/1686345704607.jpg",
    "title": "Traditional Engraved Granite Headstone"
  },
  {
    "id": "1686343781061",
    "img": "https://www.forevershining.com.au/design/saved-designs/screenshots/2023/06/1686343781061.jpg",
    "title": "Traditional Engraved Granite Headstone"
  },
  {
    "id": "1683444594993",
    "img": "https://www.forevershining.com.au/design/saved-designs/screenshots/2023/05/1683444594993.jpg",
    "title": "Traditional Engraved Granite Headstone"
  },
  {
    "id": "1683441530166",
    "img": "https://www.forevershining.com.au/design/saved-designs/screenshots/2023/05/1683441530166.jpg",
    "title": "Traditional Engraved Granite Headstone"
  },
  {
    "id": "1681895815375",
    "img": "https://www.forevershining.com.au/design/saved-designs/screenshots/2023/04/1681895815375.jpg",
    "title": "Traditional Engraved Granite Headstone"
  },
  {
    "id": "1681806059613",
    "img": "https://www.forevershining.com.au/design/saved-designs/screenshots/2023/04/1681806059613.jpg",
    "title": "Traditional Engraved Granite Headstone"
  },
  {
    "id": "1673863947594",
    "img": "https://www.forevershining.com.au/design/saved-designs/screenshots/2023/01/1673863947594.jpg",
    "title": "Traditional Engraved Granite Headstone"
  },
  {
    "id": "1670894742493",
    "img": "https://www.forevershining.com.au/design/saved-designs/screenshots/2022/12/1670894742493.jpg",
    "title": "Traditional Engraved Granite Headstone"
  },
  {
    "id": "1670845427370",
    "img": "https://www.forevershining.com.au/design/saved-designs/screenshots/2022/12/1670845427370.jpg",
    "title": "Traditional Engraved Granite Headstone"
  },
  {
    "id": "1660561905127",
    "img": "https://www.forevershining.com.au/design/saved-designs/screenshots/2022/08/1660561905127.jpg",
    "title": "Traditional Engraved Granite Headstone"
  },
  {
    "id": "1660560352000",
    "img": "https://www.forevershining.com.au/design/saved-designs/screenshots/2022/08/1660560352000.jpg",
    "title": "Traditional Engraved Granite Headstone"
  },
  {
    "id": "1652322533069",
    "img": "https://www.forevershining.com.au/design/saved-designs/screenshots/2022/05/1652322533069.jpg",
    "title": "Traditional Engraved Granite Headstone"
  },
  {
    "id": "1652321594862",
    "img": "https://www.forevershining.com.au/design/saved-designs/screenshots/2022/05/1652321594862.jpg",
    "title": "Traditional Engraved Granite Headstone"
  },
  {
    "id": "1652320022375",
    "img": "https://www.forevershining.com.au/design/saved-designs/screenshots/2022/05/1652320022375.jpg",
    "title": "Traditional Engraved Granite Headstone"
  },
  {
    "id": "1652063613262",
    "img": "https://www.forevershining.com.au/design/saved-designs/screenshots/2022/05/1652063613262.jpg",
    "title": "Traditional Engraved Granite Headstone"
  },
  {
    "id": "1652063166924",
    "img": "https://www.forevershining.com.au/design/saved-designs/screenshots/2022/05/1652063166924.jpg",
    "title": "Traditional Engraved Granite Headstone"
  },
  {
    "id": "1652002775707",
    "img": "https://www.forevershining.com.au/design/saved-designs/screenshots/2022/05/1652002775707.jpg",
    "title": "Traditional Engraved Granite Headstone"
  },
  {
    "id": "1632430769120",
    "img": "https://www.forevershining.com.au/design/saved-designs/screenshots/2021/09/1632430769120.jpg",
    "title": "Traditional Engraved Granite Headstone"
  },
  {
    "id": "1632407658300",
    "img": "https://www.forevershining.com.au/design/saved-designs/screenshots/2021/09/1632407658300.jpg",
    "title": "Traditional Engraved Granite Headstone"
  },
  {
    "id": "1632283534889",
    "img": "https://www.forevershining.com.au/design/saved-designs/screenshots/2021/09/1632283534889.jpg",
    "title": "Traditional Engraved Granite Headstone"
  },
  {
    "id": "1632282944386",
    "img": "https://www.forevershining.com.au/design/saved-designs/screenshots/2021/09/1632282944386.jpg",
    "title": "Traditional Engraved Granite Headstone"
  },
  {
    "id": "1626751139179",
    "img": "https://www.forevershining.com.au/design/saved-designs/screenshots/2021/07/1626751139179.jpg",
    "title": "Traditional Engraved Granite Headstone"
  },
  {
    "id": "1626602253119",
    "img": "https://www.forevershining.com.au/design/saved-designs/screenshots/2021/07/1626602253119.jpg",
    "title": "Traditional Engraved Granite Headstone"
  },
  {
    "id": "1626598589206",
    "img": "https://www.forevershining.com.au/design/saved-designs/screenshots/2021/07/1626598589206.jpg",
    "title": "Traditional Engraved Granite Headstone"
  },
  {
    "id": "1625907517755",
    "img": "https://www.forevershining.com.au/design/saved-designs/screenshots/2021/07/1625907517755.jpg",
    "title": "Traditional Engraved Granite Headstone"
  },
  {
    "id": "1620303034434",
    "img": "https://www.forevershining.com.au/design/saved-designs/screenshots/2021/05/1620303034434.jpg",
    "title": "Traditional Engraved Granite Headstone"
  },
  {
    "id": "1620301768209",
    "img": "https://www.forevershining.com.au/design/saved-designs/screenshots/2021/05/1620301768209.jpg",
    "title": "Traditional Engraved Granite Headstone"
  },
  {
    "id": "1616989118264",
    "img": "https://www.forevershining.com.au/design/saved-designs/screenshots/2021/03/1616989118264.jpg",
    "title": "Traditional Engraved Granite Headstone"
  },
  {
    "id": "1614441581088",
    "img": "https://www.forevershining.com.au/design/saved-designs/screenshots/2021/02/1614441581088.jpg",
    "title": "Traditional Engraved Granite Headstone"
  },
  {
    "id": "1614432105903",
    "img": "https://www.forevershining.com.au/design/saved-designs/screenshots/2021/02/1614432105903.jpg",
    "title": "Traditional Engraved Granite Headstone"
  },
  {
    "id": "1610571834494",
    "img": "https://www.forevershining.com.au/design/saved-designs/screenshots/2021/01/1610571834494.jpg",
    "title": "Traditional Engraved Granite Headstone"
  },
  {
    "id": "1610570463811",
    "img": "https://www.forevershining.com.au/design/saved-designs/screenshots/2021/01/1610570463811.jpg",
    "title": "Traditional Engraved Granite Headstone"
  },
  {
    "id": "1610561155046",
    "img": "https://www.forevershining.com.au/design/saved-designs/screenshots/2021/01/1610561155046.jpg",
    "title": "Traditional Engraved Granite Headstone"
  },
  {
    "id": "1608486253938",
    "img": "https://www.forevershining.com.au/design/saved-designs/screenshots/2020/12/1608486253938.jpg",
    "title": "Traditional Engraved Granite Headstone"
  },
  {
    "id": "1607489504275",
    "img": "https://www.forevershining.com.au/design/saved-designs/screenshots/2020/12/1607489504275.jpg",
    "title": "Traditional Engraved Granite Headstone"
  },
  {
    "id": "1606991662649",
    "img": "https://www.forevershining.com.au/design/saved-designs/screenshots/2020/12/1606991662649.jpg",
    "title": "Traditional Engraved Granite Headstone"
  },
  {
    "id": "1606882752024",
    "img": "https://www.forevershining.com.au/design/saved-designs/screenshots/2020/12/1606882752024.jpg",
    "title": "Traditional Engraved Granite Headstone"
  },
  {
    "id": "1604187568691",
    "img": "https://www.forevershining.com.au/design/saved-designs/screenshots/2020/10/1604187568691.jpg",
    "title": "Traditional Engraved Granite Headstone"
  },
  {
    "id": "1601894648053",
    "img": "https://www.forevershining.com.au/design/saved-designs/screenshots/2020/10/1601894648053.jpg",
    "title": "Traditional Engraved Granite Headstone"
  },
  {
    "id": "1596845533431",
    "img": "https://www.forevershining.com.au/design/saved-designs/screenshots/2020/08/1596845533431.jpg",
    "title": "Traditional Engraved Granite Headstone"
  },
  {
    "id": "1593177142619",
    "img": "https://www.forevershining.com.au/design/saved-designs/screenshots/2020/06/1593177142619.jpg",
    "title": "Traditional Engraved Granite Headstone"
  },
  {
    "id": "1593165746908",
    "img": "https://www.forevershining.com.au/design/saved-designs/screenshots/2020/06/1593165746908.jpg",
    "title": "Traditional Engraved Granite Headstone"
  },
  {
    "id": "1590060888754",
    "img": "https://www.forevershining.com.au/design/saved-designs/screenshots/1590060888754.jpg",
    "title": "Traditional Engraved Granite Headstone"
  },
  {
    "id": "1582363363363",
    "img": "https://www.forevershining.com.au/design/saved-designs/screenshots/1582363363363.jpg",
    "title": "Traditional Engraved Granite Headstone"
  },
  {
    "id": "1630391263637",
    "img": "https://www.forevershining.com.au/design/saved-designs/screenshots/2021/08/1630391263637.jpg",
    "title": "Traditional Engraved Granite Headstone"
  },
  {
    "id": "1630370916472",
    "img": "https://www.forevershining.com.au/design/saved-designs/screenshots/2021/08/1630370916472.jpg",
    "title": "Traditional Engraved Granite Headstone"
  },
  {
    "id": "1630324164744",
    "img": "https://www.forevershining.com.au/design/saved-designs/screenshots/2021/08/1630324164744.jpg",
    "title": "Traditional Engraved Granite Headstone"
  },
  {
    "id": "1630300953277",
    "img": "https://www.forevershining.com.au/design/saved-designs/screenshots/2021/08/1630300953277.jpg",
    "title": "Traditional Engraved Granite Headstone"
  },
  {
    "id": "1630300612722",
    "img": "https://www.forevershining.com.au/design/saved-designs/screenshots/2021/08/1630300612722.jpg",
    "title": "Traditional Engraved Granite Headstone"
  },
  {
    "id": "1630300572896",
    "img": "https://www.forevershining.com.au/design/saved-designs/screenshots/2021/08/1630300572896.jpg",
    "title": "Traditional Engraved Granite Headstone"
  },
  {
    "id": "1630300456516",
    "img": "https://www.forevershining.com.au/design/saved-designs/screenshots/2021/08/1630300456516.jpg",
    "title": "Traditional Engraved Granite Headstone"
  },
  {
    "id": "1630300413529",
    "img": "https://www.forevershining.com.au/design/saved-designs/screenshots/2021/08/1630300413529.jpg",
    "title": "Traditional Engraved Granite Headstone"
  },
  {
    "id": "1630300079145",
    "img": "https://www.forevershining.com.au/design/saved-designs/screenshots/2021/08/1630300079145.jpg",
    "title": "Traditional Engraved Granite Headstone"
  },
  {
    "id": "1630296624317",
    "img": "https://www.forevershining.com.au/design/saved-designs/screenshots/2021/08/1630296624317.jpg",
    "title": "Traditional Engraved Granite Headstone"
  }
]