[
  {
    "id": "1595794484241",
    "img": "https://www.forevershining.com.au/design/saved-designs/screenshots/2020/07/1595794484241.jpg",
    "title": "Laser Etched Black Granite Headstone"
  },
  {
    "id": "1595794325165",
    "img": "https://www.forevershining.com.au/design/saved-designs/screenshots/2020/07/1595794325165.jpg",
    "title": "Laser Etched Black Granite Headstone"
  },
  {
    "id": "1595794185556",
    "img": "https://www.forevershining.com.au/design/saved-designs/screenshots/2020/07/1595794185556.jpg",
    "title": "Laser Etched Black Granite Headstone"
  },
  {
    "id": "1595787261483",
    "img": "https://www.forevershining.com.au/design/saved-designs/screenshots/2020/07/1595787261483.jpg",
    "title": "Laser Etched Black Granite Headstone"
  },
  {
    "id": "1583897856657",
    "img": "https://www.forevershining.com.au/design/saved-designs/screenshots/1583897856657.jpg",
    "title": "Laser Etched Black Granite Headstone"
  },
  {
    "id": "1579780934567",
    "img": "https://www.forevershining.com.au/design/saved-designs/screenshots/1579780934567.jpg",
    "title": "Laser Etched Black Granite Headstone"
  },
  {
    "id": "1579780273114",
    "img": "https://www.forevershining.com.au/design/saved-designs/screenshots/1579780273114.jpg",
    "title": "Laser Etched Black Granite Headstone"
  }
]