[
  {
    "id": "1709867992648",
    "img": "https://www.forevershining.com.au/design/saved-designs/screenshots/2024/03/1709867992648.jpg",
    "title": "Traditional Engraved Granite Headstone"
  },
  {
    "id": "1709828356240",
    "img": "https://www.forevershining.com.au/design/saved-designs/screenshots/2024/03/1709828356240.jpg",
    "title": "Traditional Engraved Granite Headstone"
  },
  {
    "id": "1709827141802",
    "img": "https://www.forevershining.com.au/design/saved-designs/screenshots/2024/03/1709827141802.jpg",
    "title": "Traditional Engraved Granite Headstone"
  },
  {
    "id": "1692604715875",
    "img": "https://www.forevershining.com.au/design/saved-designs/screenshots/2023/08/1692604715875.jpg",
    "title": "Traditional Engraved Granite Headstone"
  },
  {
    "id": "1692591252891",
    "img": "https://www.forevershining.com.au/design/saved-designs/screenshots/2023/08/1692591252891.jpg",
    "title": "Traditional Engraved Granite Headstone"
  },
  {
    "id": "1679819318860",
    "img": "https://www.forevershining.com.au/design/saved-designs/screenshots/2023/03/1679819318860.jpg",
    "title": "Traditional Engraved Granite Headstone"
  },
  {
    "id": "1679816588678",
    "img": "https://www.forevershining.com.au/design/saved-designs/screenshots/2023/03/1679816588678.jpg",
    "title": "Traditional Engraved Granite Headstone"
  },
  {
    "id": "1679798333694",
    "img": "https://www.forevershining.com.au/design/saved-designs/screenshots/2023/03/1679798333694.jpg",
    "title": "Traditional Engraved Granite Headstone"
  },
  {
    "id": "1674463766554",
    "img": "https://www.forevershining.com.au/design/saved-designs/screenshots/2023/01/1674463766554.jpg",
    "title": "Traditional Engraved Granite Headstone"
  },
  {
    "id": "1671012181977",
    "img": "https://www.forevershining.com.au/design/saved-designs/screenshots/2022/12/1671012181977.jpg",
    "title": "Traditional Engraved Granite Headstone"
  },
  {
    "id": "1668647773331",
    "img": "https://www.forevershining.com.au/design/saved-designs/screenshots/2022/11/1668647773331.jpg",
    "title": "Traditional Engraved Granite Headstone"
  },
  {
    "id": "1668646452790",
    "img": "https://www.forevershining.com.au/design/saved-designs/screenshots/2022/11/1668646452790.jpg",
    "title": "Traditional Engraved Granite Headstone"
  },
  {
    "id": "1661684297887",
    "img": "https://www.forevershining.com.au/design/saved-designs/screenshots/2022/08/1661684297887.jpg",
    "title": "Traditional Engraved Granite Headstone"
  },
  {
    "id": "1661663000159",
    "img": "https://www.forevershining.com.au/design/saved-designs/screenshots/2022/08/1661663000159.jpg",
    "title": "Traditional Engraved Granite Headstone"
  },
  {
    "id": "1654577312861",
    "img": "https://www.forevershining.com.au/design/saved-designs/screenshots/2022/06/1654577312861.jpg",
    "title": "Traditional Engraved Granite Headstone"
  },
  {
    "id": "1615901557641",
    "img": "https://www.forevershining.com.au/design/saved-designs/screenshots/2021/03/1615901557641.jpg",
    "title": "Traditional Engraved Granite Headstone"
  },
  {
    "id": "1615895189907",
    "img": "https://www.forevershining.com.au/design/saved-designs/screenshots/2021/03/1615895189907.jpg",
    "title": "Traditional Engraved Granite Headstone"
  },
  {
    "id": "1615893963832",
    "img": "https://www.forevershining.com.au/design/saved-designs/screenshots/2021/03/1615893963832.jpg",
    "title": "Traditional Engraved Granite Headstone"
  },
  {
    "id": "1600379741793",
    "img": "https://www.forevershining.com.au/design/saved-designs/screenshots/2020/09/1600379741793.jpg",
    "title": "Traditional Engraved Granite Headstone"
  },
  {
    "id": "1600359620067",
    "img": "https://www.forevershining.com.au/design/saved-designs/screenshots/2020/09/1600359620067.jpg",
    "title": "Traditional Engraved Granite Headstone"
  }
]