[
  {
    "id": "1679327059804",
    "img": "https://www.forevershining.com.au/design/saved-designs/screenshots/2023/03/1679327059804.jpg",
    "title": "Laser Etched Black Granite Headstone"
  },
  {
    "id": "1676425582542",
    "img": "https://www.forevershining.com.au/design/saved-designs/screenshots/2023/02/1676425582542.jpg",
    "title": "Laser Etched Black Granite Headstone"
  },
  {
    "id": "1676425294806",
    "img": "https://www.forevershining.com.au/design/saved-designs/screenshots/2023/02/1676425294806.jpg",
    "title": "Laser Etched Black Granite Headstone"
  },
  {
    "id": "1676424999373",
    "img": "https://www.forevershining.com.au/design/saved-designs/screenshots/2023/02/1676424999373.jpg",
    "title": "Laser Etched Black Granite Headstone"
  },
  {
    "id": "1628816271989",
    "img": "https://www.forevershining.com.au/design/saved-designs/screenshots/2021/08/1628816271989.jpg",
    "title": "Laser Etched Black Granite Headstone"
  }
]