[
  {
    "id": "1714007747099",
    "img": "https://www.forevershining.com.au/design/saved-designs/screenshots/2024/04/1714007747099.jpg",
    "title": "Laser Etched Black Granite Headstone"
  },
  {
    "id": "1714002805933",
    "img": "https://www.forevershining.com.au/design/saved-designs/screenshots/2024/04/1714002805933.jpg",
    "title": "Laser Etched Black Granite Headstone"
  },
  {
    "id": "1708021743092",
    "img": "https://www.forevershining.com.au/design/saved-designs/screenshots/2024/02/1708021743092.jpg",
    "title": "Laser Etched Black Granite Headstone"
  },
  {
    "id": "1697090519917",
    "img": "https://www.forevershining.com.au/design/saved-designs/screenshots/2023/10/1697090519917.jpg",
    "title": "Laser Etched Black Granite Headstone"
  },
  {
    "id": "1697089138322",
    "img": "https://www.forevershining.com.au/design/saved-designs/screenshots/2023/10/1697089138322.jpg",
    "title": "Laser Etched Black Granite Headstone"
  },
  {
    "id": "1682337470272",
    "img": "https://www.forevershining.com.au/design/saved-designs/screenshots/2023/04/1682337470272.jpg",
    "title": "Laser Etched Black Granite Headstone"
  },
  {
    "id": "1676885356508",
    "img": "https://www.forevershining.com.au/design/saved-designs/screenshots/2023/02/1676885356508.jpg",
    "title": "Laser Etched Black Granite Headstone"
  },
  {
    "id": "1676541458060",
    "img": "https://www.forevershining.com.au/design/saved-designs/screenshots/2023/02/1676541458060.jpg",
    "title": "Laser Etched Black Granite Headstone"
  },
  {
    "id": "1672412272933",
    "img": "https://www.forevershining.com.au/design/saved-designs/screenshots/2022/12/1672412272933.jpg",
    "title": "Laser Etched Black Granite Headstone"
  },
  {
    "id": "1669826120605",
    "img": "https://www.forevershining.com.au/design/saved-designs/screenshots/2022/11/1669826120605.jpg",
    "title": "Laser Etched Black Granite Headstone"
  },
  {
    "id": "1669094953471",
    "img": "https://www.forevershining.com.au/design/saved-designs/screenshots/2022/11/1669094953471.jpg",
    "title": "Laser Etched Black Granite Headstone"
  },
  {
    "id": "1638009121298",
    "img": "https://www.forevershining.com.au/design/saved-designs/screenshots/2021/11/1638009121298.jpg",
    "title": "Laser Etched Black Granite Headstone"
  },
  {
    "id": "1638008645343",
    "img": "https://www.forevershining.com.au/design/saved-designs/screenshots/2021/11/1638008645343.jpg",
    "title": "Laser Etched Black Granite Headstone"
  },
  {
    "id": "1624225081974",
    "img": "https://www.forevershining.com.au/design/saved-designs/screenshots/2021/06/1624225081974.jpg",
    "title": "Laser Etched Black Granite Headstone"
  },
  {
    "id": "1624193567167",
    "img": "https://www.forevershining.com.au/design/saved-designs/screenshots/2021/06/1624193567167.jpg",
    "title": "Laser Etched Black Granite Headstone"
  },
  {
    "id": "1622598419508",
    "img": "https://www.forevershining.com.au/design/saved-designs/screenshots/2021/06/1622598419508.jpg",
    "title": "Laser Etched Black Granite Headstone"
  },
  {
    "id": "1622518789619",
    "img": "https://www.forevershining.com.au/design/saved-designs/screenshots/2021/06/1622518789619.jpg",
    "title": "Laser Etched Black Granite Headstone"
  },
  {
    "id": "1621443473572",
    "img": "https://www.forevershining.com.au/design/saved-designs/screenshots/2021/05/1621443473572.jpg",
    "title": "Laser Etched Black Granite Headstone"
  }
]