[
  {
    "id": "1706847973234",
    "img": "https://www.forevershining.com.au/design/saved-designs/screenshots/2024/02/1706847973234.jpg",
    "title": "Laser Etched Black Granite Headstone"
  },
  {
    "id": "1706845748208",
    "img": "https://www.forevershining.com.au/design/saved-designs/screenshots/2024/02/1706845748208.jpg",
    "title": "Laser Etched Black Granite Headstone"
  },
  {
    "id": "1706844864172",
    "img": "https://www.forevershining.com.au/design/saved-designs/screenshots/2024/02/1706844864172.jpg",
    "title": "Laser Etched Black Granite Headstone"
  },
  {
    "id": "1706587146326",
    "img": "https://www.forevershining.com.au/design/saved-designs/screenshots/2024/01/1706587146326.jpg",
    "title": "Laser Etched Black Granite Headstone"
  },
  {
    "id": "1706587058209",
    "img": "https://www.forevershining.com.au/design/saved-designs/screenshots/2024/01/1706587058209.jpg",
    "title": "Laser Etched Black Granite Headstone"
  },
  {
    "id": "1706586929803",
    "img": "https://www.forevershining.com.au/design/saved-designs/screenshots/2024/01/1706586929803.jpg",
    "title": "Laser Etched Black Granite Headstone"
  },
  {
    "id": "1706586833372",
    "img": "https://www.forevershining.com.au/design/saved-designs/screenshots/2024/01/1706586833372.jpg",
    "title": "Laser Etched Black Granite Headstone"
  },
  {
    "id": "1706586237932",
    "img": "https://www.forevershining.com.au/design/saved-designs/screenshots/2024/01/1706586237932.jpg",
    "title": "Laser Etched Black Granite Headstone"
  },
  {
    "id": "1706580120100",
    "img": "https://www.forevershining.com.au/design/saved-designs/screenshots/2024/01/1706580120100.jpg",
    "title": "Laser Etched Black Granite Headstone"
  },
  {
    "id": "1706579259401",
    "img": "https://www.forevershining.com.au/design/saved-designs/screenshots/2024/01/1706579259401.jpg",
    "title": "Laser Etched Black Granite Headstone"
  },
  {
    "id": "1706549049658",
    "img": "https://www.forevershining.com.au/design/saved-designs/screenshots/2024/01/1706549049658.jpg",
    "title": "Laser Etched Black Granite Headstone"
  },
  {
    "id": "1706548826395",
    "img": "https://www.forevershining.com.au/design/saved-designs/screenshots/2024/01/1706548826395.jpg",
    "title": "Laser Etched Black Granite Headstone"
  },
  {
    "id": "1706548756577",
    "img": "https://www.forevershining.com.au/design/saved-designs/screenshots/2024/01/1706548756577.jpg",
    "title": "Laser Etched Black Granite Headstone"
  },
  {
    "id": "1706527383953",
    "img": "https://www.forevershining.com.au/design/saved-designs/screenshots/2024/01/1706527383953.jpg",
    "title": "Laser Etched Black Granite Headstone"
  },
  {
    "id": "1687772432302",
    "img": "https://www.forevershining.com.au/design/saved-designs/screenshots/2023/06/1687772432302.jpg",
    "title": "Laser Etched Black Granite Headstone"
  },
  {
    "id": "1687771862861",
    "img": "https://www.forevershining.com.au/design/saved-designs/screenshots/2023/06/1687771862861.jpg",
    "title": "Laser Etched Black Granite Headstone"
  },
  {
    "id": "1687562216938",
    "img": "https://www.forevershining.com.au/design/saved-designs/screenshots/2023/06/1687562216938.jpg",
    "title": "Laser Etched Black Granite Headstone"
  },
  {
    "id": "1687559171676",
    "img": "https://www.forevershining.com.au/design/saved-designs/screenshots/2023/06/1687559171676.jpg",
    "title": "Laser Etched Black Granite Headstone"
  },
  {
    "id": "1687491853820",
    "img": "https://www.forevershining.com.au/design/saved-designs/screenshots/2023/06/1687491853820.jpg",
    "title": "Laser Etched Black Granite Headstone"
  },
  {
    "id": "1677401057693",
    "img": "https://www.forevershining.com.au/design/saved-designs/screenshots/2023/02/1677401057693.jpg",
    "title": "Laser Etched Black Granite Headstone"
  },
  {
    "id": "1673157713263",
    "img": "https://www.forevershining.com.au/design/saved-designs/screenshots/2023/01/1673157713263.jpg",
    "title": "Laser Etched Black Granite Headstone"
  },
  {
    "id": "1666872211524",
    "img": "https://www.forevershining.com.au/design/saved-designs/screenshots/2022/10/1666872211524.jpg",
    "title": "Laser Etched Black Granite Headstone"
  },
  {
    "id": "1666306329827",
    "img": "https://www.forevershining.com.au/design/saved-designs/screenshots/2022/10/1666306329827.jpg",
    "title": "Laser Etched Black Granite Headstone"
  },
  {
    "id": "1663212348983",
    "img": "https://www.forevershining.com.au/design/saved-designs/screenshots/2022/09/1663212348983.jpg",
    "title": "Laser Etched Black Granite Headstone"
  },
  {
    "id": "1663211741861",
    "img": "https://www.forevershining.com.au/design/saved-designs/screenshots/2022/09/1663211741861.jpg",
    "title": "Laser Etched Black Granite Headstone"
  },
  {
    "id": "1663206134855",
    "img": "https://www.forevershining.com.au/design/saved-designs/screenshots/2022/09/1663206134855.jpg",
    "title": "Laser Etched Black Granite Headstone"
  },
  {
    "id": "1663205455240",
    "img": "https://www.forevershining.com.au/design/saved-designs/screenshots/2022/09/1663205455240.jpg",
    "title": "Laser Etched Black Granite Headstone"
  },
  {
    "id": "1663205237253",
    "img": "https://www.forevershining.com.au/design/saved-designs/screenshots/2022/09/1663205237253.jpg",
    "title": "Laser Etched Black Granite Headstone"
  },
  {
    "id": "1661745113036",
    "img": "https://www.forevershining.com.au/design/saved-designs/screenshots/2022/08/1661745113036.jpg",
    "title": "Laser Etched Black Granite Headstone"
  },
  {
    "id": "1650952207522",
    "img": "https://www.forevershining.com.au/design/saved-designs/screenshots/2022/04/1650952207522.jpg",
    "title": "Laser Etched Black Granite Headstone"
  },
  {
    "id": "1597909665278",
    "img": "https://www.forevershining.com.au/design/saved-designs/screenshots/2020/08/1597909665278.jpg",
    "title": "Laser Etched Black Granite Headstone"
  }
]