[
  {
    "id": "1669371905639",
    "img": "https://www.forevershining.com.au/design/saved-designs/screenshots/2022/11/1669371905639.jpg",
    "title": "Traditional Engraved Granite Headstone"
  },
  {
    "id": "1668418488773",
    "img": "https://www.forevershining.com.au/design/saved-designs/screenshots/2022/11/1668418488773.jpg",
    "title": "Traditional Engraved Granite Headstone"
  },
  {
    "id": "1667830605228",
    "img": "https://www.forevershining.com.au/design/saved-designs/screenshots/2022/11/1667830605228.jpg",
    "title": "Traditional Engraved Granite Headstone"
  },
  {
    "id": "1663813066072",
    "img": "https://www.forevershining.com.au/design/saved-designs/screenshots/2022/09/1663813066072.jpg",
    "title": "Traditional Engraved Granite Headstone"
  },
  {
    "id": "1661944639481",
    "img": "https://www.forevershining.com.au/design/saved-designs/screenshots/2022/08/1661944639481.jpg",
    "title": "Traditional Engraved Granite Headstone"
  },
  {
    "id": "1655123038872",
    "img": "https://www.forevershining.com.au/design/saved-designs/screenshots/2022/06/1655123038872.jpg",
    "title": "Traditional Engraved Granite Headstone"
  },
  {
    "id": "1655021714597",
    "img": "https://www.forevershining.com.au/design/saved-designs/screenshots/2022/06/1655021714597.jpg",
    "title": "Traditional Engraved Granite Headstone"
  },
  {
    "id": "1654870988567",
    "img": "https://www.forevershining.com.au/design/saved-designs/screenshots/2022/06/1654870988567.jpg",
    "title": "Traditional Engraved Granite Headstone"
  },
  {
    "id": "1654837218500",
    "img": "https://www.forevershining.com.au/design/saved-designs/screenshots/2022/06/1654837218500.jpg",
    "title": "Traditional Engraved Granite Headstone"
  },
  {
    "id": "1632030575344",
    "img": "https://www.forevershining.com.au/design/saved-designs/screenshots/2021/09/1632030575344.jpg",
    "title": "Traditional Engraved Granite Headstone"
  },
  {
    "id": "1628572613628",
    "img": "https://www.forevershining.com.au/design/saved-designs/screenshots/2021/08/1628572613628.jpg",
    "title": "Traditional Engraved Granite Headstone"
  },
  {
    "id": "1628572382184",
    "img": "https://www.forevershining.com.au/design/saved-designs/screenshots/2021/08/1628572382184.jpg",
    "title": "Traditional Engraved Granite Headstone"
  },
  {
    "id": "1628572146250",
    "img": "https://www.forevershining.com.au/design/saved-designs/screenshots/2021/08/1628572146250.jpg",
    "title": "Traditional Engraved Granite Headstone"
  },
  {
    "id": "1628571946869",
    "img": "https://www.forevershining.com.au/design/saved-designs/screenshots/2021/08/1628571946869.jpg",
    "title": "Traditional Engraved Granite Headstone"
  },
  {
    "id": "1628570163240",
    "img": "https://www.forevershining.com.au/design/saved-designs/screenshots/2021/08/1628570163240.jpg",
    "title": "Traditional Engraved Granite Headstone"
  },
  {
    "id": "1628565714079",
    "img": "https://www.forevershining.com.au/design/saved-designs/screenshots/2021/08/1628565714079.jpg",
    "title": "Traditional Engraved Granite Headstone"
  },
  {
    "id": "1597474589748",
    "img": "https://www.forevershining.com.au/design/saved-designs/screenshots/2020/08/1597474589748.jpg",
    "title": "Traditional Engraved Granite Headstone"
  },
  {
    "id": "1591054572521",
    "img": "https://www.forevershining.com.au/design/saved-designs/screenshots/1591054572521.jpg",
    "title": "Traditional Engraved Granite Headstone"
  },
  {
    "id": "1589411333934",
    "img": "https://www.forevershining.com.au/design/saved-designs/screenshots/1589411333934.jpg",
    "title": "Traditional Engraved Granite Headstone"
  },
  {
    "id": "1589338453740",
    "img": "https://www.forevershining.com.au/design/saved-designs/screenshots/1589338453740.jpg",
    "title": "Traditional Engraved Granite Headstone"
  },
  {
    "id": "1589337643195",
    "img": "https://www.forevershining.com.au/design/saved-designs/screenshots/1589337643195.jpg",
    "title": "Traditional Engraved Granite Headstone"
  },
  {
    "id": "1589336929426",
    "img": "https://www.forevershining.com.au/design/saved-designs/screenshots/1589336929426.jpg",
    "title": "Traditional Engraved Granite Headstone"
  },
  {
    "id": "1579709622898",
    "img": "https://www.forevershining.com.au/design/saved-designs/screenshots/1579709622898.jpg",
    "title": "Traditional Engraved Granite Headstone"
  },
  {
    "id": "1629007946739",
    "img": "https://www.forevershining.com.au/design/saved-designs/screenshots/2021/08/1629007946739.jpg",
    "title": "Traditional Engraved Granite Headstone"
  },
  {
    "id": "1629007454974",
    "img": "https://www.forevershining.com.au/design/saved-designs/screenshots/2021/08/1629007454974.jpg",
    "title": "Traditional Engraved Granite Headstone"
  }
]