[
  {
    "id": "1718939704589",
    "img": "https://www.forevershining.com.au/design/saved-designs/screenshots/2024/06/1718939704589.jpg",
    "title": "Traditional Engraved Granite Headstone"
  },
  {
    "id": "1717568360695",
    "img": "https://www.forevershining.com.au/design/saved-designs/screenshots/2024/06/1717568360695.jpg",
    "title": "Traditional Engraved Granite Headstone"
  },
  {
    "id": "1711330583363",
    "img": "https://www.forevershining.com.au/design/saved-designs/screenshots/2024/03/1711330583363.jpg",
    "title": "Traditional Engraved Granite Headstone"
  },
  {
    "id": "1671489757345",
    "img": "https://www.forevershining.com.au/design/saved-designs/screenshots/2022/12/1671489757345.jpg",
    "title": "Traditional Engraved Granite Headstone"
  },
  {
    "id": "1666671305127",
    "img": "https://www.forevershining.com.au/design/saved-designs/screenshots/2022/10/1666671305127.jpg",
    "title": "Traditional Engraved Granite Headstone"
  },
  {
    "id": "1666351217539",
    "img": "https://www.forevershining.com.au/design/saved-designs/screenshots/2022/10/1666351217539.jpg",
    "title": "Traditional Engraved Granite Headstone"
  },
  {
    "id": "1665552568931",
    "img": "https://www.forevershining.com.au/design/saved-designs/screenshots/2022/10/1665552568931.jpg",
    "title": "Traditional Engraved Granite Headstone"
  },
  {
    "id": "1665552336013",
    "img": "https://www.forevershining.com.au/design/saved-designs/screenshots/2022/10/1665552336013.jpg",
    "title": "Traditional Engraved Granite Headstone"
  },
  {
    "id": "1665549699105",
    "img": "https://www.forevershining.com.au/design/saved-designs/screenshots/2022/10/1665549699105.jpg",
    "title": "Traditional Engraved Granite Headstone"
  },
  {
    "id": "1662464647715",
    "img": "https://www.forevershining.com.au/design/saved-designs/screenshots/2022/09/1662464647715.jpg",
    "title": "Traditional Engraved Granite Headstone"
  },
  {
    "id": "1620706259119",
    "img": "https://www.forevershining.com.au/design/saved-designs/screenshots/2021/05/1620706259119.jpg",
    "title": "Traditional Engraved Granite Headstone"
  },
  {
    "id": "1620706203969",
    "img": "https://www.forevershining.com.au/design/saved-designs/screenshots/2021/05/1620706203969.jpg",
    "title": "Traditional Engraved Granite Headstone"
  },
  {
    "id": "1620706130161",
    "img": "https://www.forevershining.com.au/design/saved-designs/screenshots/2021/05/1620706130161.jpg",
    "title": "Traditional Engraved Granite Headstone"
  },
  {
    "id": "1618305512277",
    "img": "https://www.forevershining.com.au/design/saved-designs/screenshots/2021/04/1618305512277.jpg",
    "title": "Traditional Engraved Granite Headstone"
  },
  {
    "id": "1615271571927",
    "img": "https://www.forevershining.com.au/design/saved-designs/screenshots/2021/03/1615271571927.jpg",
    "title": "Traditional Engraved Granite Headstone"
  },
  {
    "id": "1611577134563",
    "img": "https://www.forevershining.com.au/design/saved-designs/screenshots/2021/01/1611577134563.jpg",
    "title": "Traditional Engraved Granite Headstone"
  },
  {
    "id": "1606471151957",
    "img": "https://www.forevershining.com.au/design/saved-designs/screenshots/2020/11/1606471151957.jpg",
    "title": "Traditional Engraved Granite Headstone"
  },
  {
    "id": "1606014681133",
    "img": "https://www.forevershining.com.au/design/saved-designs/screenshots/2020/11/1606014681133.jpg",
    "title": "Traditional Engraved Granite Headstone"
  }
]