[
  {
    "id": "1718057301747",
    "img": "https://www.forevershining.com.au/design/saved-designs/screenshots/2024/06/1718057301747.jpg",
    "title": "Traditional Engraved Granite Headstone"
  },
  {
    "id": "1718056372280",
    "img": "https://www.forevershining.com.au/design/saved-designs/screenshots/2024/06/1718056372280.jpg",
    "title": "Traditional Engraved Granite Headstone"
  },
  {
    "id": "1706100142286",
    "img": "https://www.forevershining.com.au/design/saved-designs/screenshots/2024/01/1706100142286.jpg",
    "title": "Traditional Engraved Granite Headstone"
  },
  {
    "id": "1706099831293",
    "img": "https://www.forevershining.com.au/design/saved-designs/screenshots/2024/01/1706099831293.jpg",
    "title": "Traditional Engraved Granite Headstone"
  },
  {
    "id": "1706099799523",
    "img": "https://www.forevershining.com.au/design/saved-designs/screenshots/2024/01/1706099799523.jpg",
    "title": "Traditional Engraved Granite Headstone"
  },
  {
    "id": "1705382879163",
    "img": "https://www.forevershining.com.au/design/saved-designs/screenshots/2024/01/1705382879163.jpg",
    "title": "Traditional Engraved Granite Headstone"
  },
  {
    "id": "1685887116690",
    "img": "https://www.forevershining.com.au/design/saved-designs/screenshots/2023/06/1685887116690.jpg",
    "title": "Traditional Engraved Granite Headstone"
  },
  {
    "id": "1685884943808",
    "img": "https://www.forevershining.com.au/design/saved-designs/screenshots/2023/06/1685884943808.jpg",
    "title": "Traditional Engraved Granite Headstone"
  },
  {
    "id": "1674998569234",
    "img": "https://www.forevershining.com.au/design/saved-designs/screenshots/2023/01/1674998569234.jpg",
    "title": "Traditional Engraved Granite Headstone"
  },
  {
    "id": "1674978822911",
    "img": "https://www.forevershining.com.au/design/saved-designs/screenshots/2023/01/1674978822911.jpg",
    "title": "Traditional Engraved Granite Headstone"
  },
  {
    "id": "1672149768061",
    "img": "https://www.forevershining.com.au/design/saved-designs/screenshots/2022/12/1672149768061.jpg",
    "title": "Traditional Engraved Granite Headstone"
  },
  {
    "id": "1665426727085",
    "img": "https://www.forevershining.com.au/design/saved-designs/screenshots/2022/10/1665426727085.jpg",
    "title": "Traditional Engraved Granite Headstone"
  },
  {
    "id": "1657585775749",
    "img": "https://www.forevershining.com.au/design/saved-designs/screenshots/2022/07/1657585775749.jpg",
    "title": "Traditional Engraved Granite Headstone"
  },
  {
    "id": "1635934238074",
    "img": "https://www.forevershining.com.au/design/saved-designs/screenshots/2021/11/1635934238074.jpg",
    "title": "Traditional Engraved Granite Headstone"
  },
  {
    "id": "1631175557396",
    "img": "https://www.forevershining.com.au/design/saved-designs/screenshots/2021/09/1631175557396.jpg",
    "title": "Traditional Engraved Granite Headstone"
  },
  {
    "id": "1631175512578",
    "img": "https://www.forevershining.com.au/design/saved-designs/screenshots/2021/09/1631175512578.jpg",
    "title": "Traditional Engraved Granite Headstone"
  },
  {
    "id": "1610966781233",
    "img": "https://www.forevershining.com.au/design/saved-designs/screenshots/2021/01/1610966781233.jpg",
    "title": "Traditional Engraved Granite Headstone"
  },
  {
    "id": "1606802260141",
    "img": "https://www.forevershining.com.au/design/saved-designs/screenshots/2020/12/1606802260141.jpg",
    "title": "Traditional Engraved Granite Headstone"
  },
  {
    "id": "1606799720861",
    "img": "https://www.forevershining.com.au/design/saved-designs/screenshots/2020/12/1606799720861.jpg",
    "title": "Traditional Engraved Granite Headstone"
  },
  {
    "id": "1606799299091",
    "img": "https://www.forevershining.com.au/design/saved-designs/screenshots/2020/12/1606799299091.jpg",
    "title": "Traditional Engraved Granite Headstone"
  },
  {
    "id": "1594348900102",
    "img": "https://www.forevershining.com.au/design/saved-designs/screenshots/2020/07/1594348900102.jpg",
    "title": "Traditional Engraved Granite Headstone"
  },
  {
    "id": "1589576965291",
    "img": "https://www.forevershining.com.au/design/saved-designs/screenshots/1589576965291.jpg",
    "title": "Traditional Engraved Granite Headstone"
  }
]