[
  {
    "id": "1698844888530",
    "img": "https://www.forevershining.com.au/design/saved-designs/screenshots/2023/11/1698844888530.jpg",
    "title": "Laser Etched Black Granite Headstone"
  },
  {
    "id": "1693993406255",
    "img": "https://www.forevershining.com.au/design/saved-designs/screenshots/2023/09/1693993406255.jpg",
    "title": "Laser Etched Black Granite Headstone"
  },
  {
    "id": "1649474102602",
    "img": "https://www.forevershining.com.au/design/saved-designs/screenshots/2022/04/1649474102602.jpg",
    "title": "Laser Etched Black Granite Headstone"
  },
  {
    "id": "1649464649174",
    "img": "https://www.forevershining.com.au/design/saved-designs/screenshots/2022/04/1649464649174.jpg",
    "title": "Laser Etched Black Granite Headstone"
  },
  {
    "id": "1649464542901",
    "img": "https://www.forevershining.com.au/design/saved-designs/screenshots/2022/04/1649464542901.jpg",
    "title": "Laser Etched Black Granite Headstone"
  },
  {
    "id": "1625764175852",
    "img": "https://www.forevershining.com.au/design/saved-designs/screenshots/2021/07/1625764175852.jpg",
    "title": "Laser Etched Black Granite Headstone"
  },
  {
    "id": "1625734184450",
    "img": "https://www.forevershining.com.au/design/saved-designs/screenshots/2021/07/1625734184450.jpg",
    "title": "Laser Etched Black Granite Headstone"
  }
]