[
  {
    "id": "1695921339618",
    "img": "https://www.forevershining.com.au/design/saved-designs/screenshots/2023/09/1695921339618.jpg",
    "title": "Laser Etched Black Granite Headstone"
  },
  {
    "id": "1695920943138",
    "img": "https://www.forevershining.com.au/design/saved-designs/screenshots/2023/09/1695920943138.jpg",
    "title": "Laser Etched Black Granite Headstone"
  },
  {
    "id": "1686295269553",
    "img": "https://www.forevershining.com.au/design/saved-designs/screenshots/2023/06/1686295269553.jpg",
    "title": "Laser Etched Black Granite Headstone"
  },
  {
    "id": "1674728057482",
    "img": "https://www.forevershining.com.au/design/saved-designs/screenshots/2023/01/1674728057482.jpg",
    "title": "Laser Etched Black Granite Headstone"
  },
  {
    "id": "1674724797500",
    "img": "https://www.forevershining.com.au/design/saved-designs/screenshots/2023/01/1674724797500.jpg",
    "title": "Laser Etched Black Granite Headstone"
  },
  {
    "id": "1649534170476",
    "img": "https://www.forevershining.com.au/design/saved-designs/screenshots/2022/04/1649534170476.jpg",
    "title": "Laser Etched Black Granite Headstone"
  },
  {
    "id": "1649533023215",
    "img": "https://www.forevershining.com.au/design/saved-designs/screenshots/2022/04/1649533023215.jpg",
    "title": "Laser Etched Black Granite Headstone"
  },
  {
    "id": "1648429023487",
    "img": "https://www.forevershining.com.au/design/saved-designs/screenshots/2022/03/1648429023487.jpg",
    "title": "Laser Etched Black Granite Headstone"
  },
  {
    "id": "1648428907079",
    "img": "https://www.forevershining.com.au/design/saved-designs/screenshots/2022/03/1648428907079.jpg",
    "title": "Laser Etched Black Granite Headstone"
  },
  {
    "id": "1648307675800",
    "img": "https://www.forevershining.com.au/design/saved-designs/screenshots/2022/03/1648307675800.jpg",
    "title": "Laser Etched Black Granite Headstone"
  },
  {
    "id": "1648307507863",
    "img": "https://www.forevershining.com.au/design/saved-designs/screenshots/2022/03/1648307507863.jpg",
    "title": "Laser Etched Black Granite Headstone"
  },
  {
    "id": "1648307293565",
    "img": "https://www.forevershining.com.au/design/saved-designs/screenshots/2022/03/1648307293565.jpg",
    "title": "Laser Etched Black Granite Headstone"
  },
  {
    "id": "1648307109407",
    "img": "https://www.forevershining.com.au/design/saved-designs/screenshots/2022/03/1648307109407.jpg",
    "title": "Laser Etched Black Granite Headstone"
  },
  {
    "id": "1648306824210",
    "img": "https://www.forevershining.com.au/design/saved-designs/screenshots/2022/03/1648306824210.jpg",
    "title": "Laser Etched Black Granite Headstone"
  },
  {
    "id": "1648265184371",
    "img": "https://www.forevershining.com.au/design/saved-designs/screenshots/2022/03/1648265184371.jpg",
    "title": "Laser Etched Black Granite Headstone"
  },
  {
    "id": "1624256710557",
    "img": "https://www.forevershining.com.au/design/saved-designs/screenshots/2021/06/1624256710557.jpg",
    "title": "Laser Etched Black Granite Headstone"
  },
  {
    "id": "1624242371395",
    "img": "https://www.forevershining.com.au/design/saved-designs/screenshots/2021/06/1624242371395.jpg",
    "title": "Laser Etched Black Granite Headstone"
  },
  {
    "id": "1600070534317",
    "img": "https://www.forevershining.com.au/design/saved-designs/screenshots/2020/09/1600070534317.jpg",
    "title": "Laser Etched Black Granite Headstone"
  },
  {
    "id": "1629882554208",
    "img": "https://www.forevershining.com.au/design/saved-designs/screenshots/2021/08/1629882554208.jpg",
    "title": "Laser Etched Black Granite Headstone"
  },
  {
    "id": "1629873203256",
    "img": "https://www.forevershining.com.au/design/saved-designs/screenshots/2021/08/1629873203256.jpg",
    "title": "Laser Etched Black Granite Headstone"
  },
  {
    "id": "1629867437529",
    "img": "https://www.forevershining.com.au/design/saved-designs/screenshots/2021/08/1629867437529.jpg",
    "title": "Laser Etched Black Granite Headstone"
  }
]