[
  {
    "id": "1680494032007",
    "img": "https://www.forevershining.com.au/design/saved-designs/screenshots/2023/04/1680494032007.jpg",
    "title": "Laser Etched Black Granite Headstone"
  },
  {
    "id": "1680483654126",
    "img": "https://www.forevershining.com.au/design/saved-designs/screenshots/2023/04/1680483654126.jpg",
    "title": "Laser Etched Black Granite Headstone"
  },
  {
    "id": "1670920936860",
    "img": "https://www.forevershining.com.au/design/saved-designs/screenshots/2022/12/1670920936860.jpg",
    "title": "Laser Etched Black Granite Headstone"
  },
  {
    "id": "1670912639155",
    "img": "https://www.forevershining.com.au/design/saved-designs/screenshots/2022/12/1670912639155.jpg",
    "title": "Laser Etched Black Granite Headstone"
  },
  {
    "id": "1668594491533",
    "img": "https://www.forevershining.com.au/design/saved-designs/screenshots/2022/11/1668594491533.jpg",
    "title": "Laser Etched Black Granite Headstone"
  }
]