[
  {
    "id": "1599101495883",
    "img": "https://www.forevershining.com.au/design/saved-designs/screenshots/2020/09/1599101495883.jpg",
    "title": "Laser Etched Black Granite Headstone"
  },
  {
    "id": "1595872786511",
    "img": "https://www.forevershining.com.au/design/saved-designs/screenshots/2020/07/1595872786511.jpg",
    "title": "Laser Etched Black Granite Headstone"
  },
  {
    "id": "1595866213578",
    "img": "https://www.forevershining.com.au/design/saved-designs/screenshots/2020/07/1595866213578.jpg",
    "title": "Laser Etched Black Granite Headstone"
  }
]