[
  {
    "id": "1701917235254",
    "img": "https://www.forevershining.com.au/design/saved-designs/screenshots/2023/12/1701917235254.jpg",
    "title": "Laser Etched Black Granite Headstone"
  },
  {
    "id": "1701916743682",
    "img": "https://www.forevershining.com.au/design/saved-designs/screenshots/2023/12/1701916743682.jpg",
    "title": "Laser Etched Black Granite Headstone"
  },
  {
    "id": "1701912749275",
    "img": "https://www.forevershining.com.au/design/saved-designs/screenshots/2023/12/1701912749275.jpg",
    "title": "Laser Etched Black Granite Headstone"
  },
  {
    "id": "1697687101654",
    "img": "https://www.forevershining.com.au/design/saved-designs/screenshots/2023/10/1697687101654.jpg",
    "title": "Laser Etched Black Granite Headstone"
  },
  {
    "id": "1697685797473",
    "img": "https://www.forevershining.com.au/design/saved-designs/screenshots/2023/10/1697685797473.jpg",
    "title": "Laser Etched Black Granite Headstone"
  },
  {
    "id": "1697683287142",
    "img": "https://www.forevershining.com.au/design/saved-designs/screenshots/2023/10/1697683287142.jpg",
    "title": "Laser Etched Black Granite Headstone"
  },
  {
    "id": "1697243057013",
    "img": "https://www.forevershining.com.au/design/saved-designs/screenshots/2023/10/1697243057013.jpg",
    "title": "Laser Etched Black Granite Headstone"
  },
  {
    "id": "1697240991040",
    "img": "https://www.forevershining.com.au/design/saved-designs/screenshots/2023/10/1697240991040.jpg",
    "title": "Laser Etched Black Granite Headstone"
  },
  {
    "id": "1697233351397",
    "img": "https://www.forevershining.com.au/design/saved-designs/screenshots/2023/10/1697233351397.jpg",
    "title": "Laser Etched Black Granite Headstone"
  },
  {
    "id": "1696364695826",
    "img": "https://www.forevershining.com.au/design/saved-designs/screenshots/2023/10/1696364695826.jpg",
    "title": "Laser Etched Black Granite Headstone"
  },
  {
    "id": "1696315685678",
    "img": "https://www.forevershining.com.au/design/saved-designs/screenshots/2023/10/1696315685678.jpg",
    "title": "Laser Etched Black Granite Headstone"
  },
  {
    "id": "1696257452689",
    "img": "https://www.forevershining.com.au/design/saved-designs/screenshots/2023/10/1696257452689.jpg",
    "title": "Laser Etched Black Granite Headstone"
  },
  {
    "id": "1696257320037",
    "img": "https://www.forevershining.com.au/design/saved-designs/screenshots/2023/10/1696257320037.jpg",
    "title": "Laser Etched Black Granite Headstone"
  },
  {
    "id": "1696256989899",
    "img": "https://www.forevershining.com.au/design/saved-designs/screenshots/2023/10/1696256989899.jpg",
    "title": "Laser Etched Black Granite Headstone"
  },
  {
    "id": "1696256777298",
    "img": "https://www.forevershining.com.au/design/saved-designs/screenshots/2023/10/1696256777298.jpg",
    "title": "Laser Etched Black Granite Headstone"
  },
  {
    "id": "1696232189135",
    "img": "https://www.forevershining.com.au/design/saved-designs/screenshots/2023/10/1696232189135.jpg",
    "title": "Laser Etched Black Granite Headstone"
  },
  {
    "id": "1687430844295",
    "img": "https://www.forevershining.com.au/design/saved-designs/screenshots/2023/06/1687430844295.jpg",
    "title": "Laser Etched Black Granite Headstone"
  },
  {
    "id": "1687374519042",
    "img": "https://www.forevershining.com.au/design/saved-designs/screenshots/2023/06/1687374519042.jpg",
    "title": "Laser Etched Black Granite Headstone"
  },
  {
    "id": "1687332401689",
    "img": "https://www.forevershining.com.au/design/saved-designs/screenshots/2023/06/1687332401689.jpg",
    "title": "Laser Etched Black Granite Headstone"
  },
  {
    "id": "1687255557672",
    "img": "https://www.forevershining.com.au/design/saved-designs/screenshots/2023/06/1687255557672.jpg",
    "title": "Laser Etched Black Granite Headstone"
  },
  {
    "id": "1687167676485",
    "img": "https://www.forevershining.com.au/design/saved-designs/screenshots/2023/06/1687167676485.jpg",
    "title": "Laser Etched Black Granite Headstone"
  },
  {
    "id": "1687107896457",
    "img": "https://www.forevershining.com.au/design/saved-designs/screenshots/2023/06/1687107896457.jpg",
    "title": "Laser Etched Black Granite Headstone"
  },
  {
    "id": "1686854017857",
    "img": "https://www.forevershining.com.au/design/saved-designs/screenshots/2023/06/1686854017857.jpg",
    "title": "Laser Etched Black Granite Headstone"
  },
  {
    "id": "1686762954749",
    "img": "https://www.forevershining.com.au/design/saved-designs/screenshots/2023/06/1686762954749.jpg",
    "title": "Laser Etched Black Granite Headstone"
  },
  {
    "id": "1686660706701",
    "img": "https://www.forevershining.com.au/design/saved-designs/screenshots/2023/06/1686660706701.jpg",
    "title": "Laser Etched Black Granite Headstone"
  },
  {
    "id": "1686566358638",
    "img": "https://www.forevershining.com.au/design/saved-designs/screenshots/2023/06/1686566358638.jpg",
    "title": "Laser Etched Black Granite Headstone"
  },
  {
    "id": "1686506176361",
    "img": "https://www.forevershining.com.au/design/saved-designs/screenshots/2023/06/1686506176361.jpg",
    "title": "Laser Etched Black Granite Headstone"
  },
  {
    "id": "1686479812710",
    "img": "https://www.forevershining.com.au/design/saved-designs/screenshots/2023/06/1686479812710.jpg",
    "title": "Laser Etched Black Granite Headstone"
  },
  {
    "id": "1686035301151",
    "img": "https://www.forevershining.com.au/design/saved-designs/screenshots/2023/06/1686035301151.jpg",
    "title": "Laser Etched Black Granite Headstone"
  },
  {
    "id": "1677673572560",
    "img": "https://www.forevershining.com.au/design/saved-designs/screenshots/2023/03/1677673572560.jpg",
    "title": "Laser Etched Black Granite Headstone"
  },
  {
    "id": "1676949422510",
    "img": "https://www.forevershining.com.au/design/saved-designs/screenshots/2023/02/1676949422510.jpg",
    "title": "Laser Etched Black Granite Headstone"
  },
  {
    "id": "1673956119500",
    "img": "https://www.forevershining.com.au/design/saved-designs/screenshots/2023/01/1673956119500.jpg",
    "title": "Laser Etched Black Granite Headstone"
  },
  {
    "id": "1667897886818",
    "img": "https://www.forevershining.com.au/design/saved-designs/screenshots/2022/11/1667897886818.jpg",
    "title": "Laser Etched Black Granite Headstone"
  },
  {
    "id": "1655722374717",
    "img": "https://www.forevershining.com.au/design/saved-designs/screenshots/2022/06/1655722374717.jpg",
    "title": "Laser Etched Black Granite Headstone"
  },
  {
    "id": "1649245474295",
    "img": "https://www.forevershining.com.au/design/saved-designs/screenshots/2022/04/1649245474295.jpg",
    "title": "Laser Etched Black Granite Headstone"
  },
  {
    "id": "1644113494926",
    "img": "https://www.forevershining.com.au/design/saved-designs/screenshots/2022/02/1644113494926.jpg",
    "title": "Laser Etched Black Granite Headstone"
  },
  {
    "id": "1636261132782",
    "img": "https://www.forevershining.com.au/design/saved-designs/screenshots/2021/11/1636261132782.jpg",
    "title": "Laser Etched Black Granite Headstone"
  },
  {
    "id": "1635204651664",
    "img": "https://www.forevershining.com.au/design/saved-designs/screenshots/2021/10/1635204651664.jpg",
    "title": "Laser Etched Black Granite Headstone"
  },
  {
    "id": "1635152331911",
    "img": "https://www.forevershining.com.au/design/saved-designs/screenshots/2021/10/1635152331911.jpg",
    "title": "Laser Etched Black Granite Headstone"
  },
  {
    "id": "1621766639961",
    "img": "https://www.forevershining.com.au/design/saved-designs/screenshots/2021/05/1621766639961.jpg",
    "title": "Laser Etched Black Granite Headstone"
  },
  {
    "id": "1621231144762",
    "img": "https://www.forevershining.com.au/design/saved-designs/screenshots/2021/05/1621231144762.jpg",
    "title": "Laser Etched Black Granite Headstone"
  },
  {
    "id": "1621230297993",
    "img": "https://www.forevershining.com.au/design/saved-designs/screenshots/2021/05/1621230297993.jpg",
    "title": "Laser Etched Black Granite Headstone"
  },
  {
    "id": "1621230058666",
    "img": "https://www.forevershining.com.au/design/saved-designs/screenshots/2021/05/1621230058666.jpg",
    "title": "Laser Etched Black Granite Headstone"
  },
  {
    "id": "1621225070177",
    "img": "https://www.forevershining.com.au/design/saved-designs/screenshots/2021/05/1621225070177.jpg",
    "title": "Laser Etched Black Granite Headstone"
  },
  {
    "id": "1621224481142",
    "img": "https://www.forevershining.com.au/design/saved-designs/screenshots/2021/05/1621224481142.jpg",
    "title": "Laser Etched Black Granite Headstone"
  },
  {
    "id": "1612679550151",
    "img": "https://www.forevershining.com.au/design/saved-designs/screenshots/2021/02/1612679550151.jpg",
    "title": "Laser Etched Black Granite Headstone"
  },
  {
    "id": "1612623164484",
    "img": "https://www.forevershining.com.au/design/saved-designs/screenshots/2021/02/1612623164484.jpg",
    "title": "Laser Etched Black Granite Headstone"
  },
  {
    "id": "1612612565881",
    "img": "https://www.forevershining.com.au/design/saved-designs/screenshots/2021/02/1612612565881.jpg",
    "title": "Laser Etched Black Granite Headstone"
  },
  {
    "id": "1609829216777",
    "img": "https://www.forevershining.com.au/design/saved-designs/screenshots/2021/01/1609829216777.jpg",
    "title": "Laser Etched Black Granite Headstone"
  },
  {
    "id": "1599010903168",
    "img": "https://www.forevershining.com.au/design/saved-designs/screenshots/2020/09/1599010903168.jpg",
    "title": "Laser Etched Black Granite Headstone"
  }
]