[
  {
    "id": "1709888645831",
    "img": "https://www.forevershining.com.au/design/saved-designs/screenshots/2024/03/1709888645831.jpg",
    "title": "Traditional Engraved Granite Headstone"
  },
  {
    "id": "1709344095409",
    "img": "https://www.forevershining.com.au/design/saved-designs/screenshots/2024/03/1709344095409.jpg",
    "title": "Traditional Engraved Granite Headstone"
  },
  {
    "id": "1683186728255",
    "img": "https://www.forevershining.com.au/design/saved-designs/screenshots/2023/05/1683186728255.jpg",
    "title": "Traditional Engraved Granite Headstone"
  },
  {
    "id": "1679660422285",
    "img": "https://www.forevershining.com.au/design/saved-designs/screenshots/2023/03/1679660422285.jpg",
    "title": "Traditional Engraved Granite Headstone"
  },
  {
    "id": "1670411873065",
    "img": "https://www.forevershining.com.au/design/saved-designs/screenshots/2022/12/1670411873065.jpg",
    "title": "Traditional Engraved Granite Headstone"
  }
]