[
  {
    "id": "1707013386163",
    "img": "https://www.forevershining.com.au/design/saved-designs/screenshots/2024/02/1707013386163.jpg",
    "title": "Laser Etched Black Granite Headstone"
  },
  {
    "id": "1701306212138",
    "img": "https://www.forevershining.com.au/design/saved-designs/screenshots/2023/11/1701306212138.jpg",
    "title": "Laser Etched Black Granite Headstone"
  },
  {
    "id": "1678426894895",
    "img": "https://www.forevershining.com.au/design/saved-designs/screenshots/2023/03/1678426894895.jpg",
    "title": "Laser Etched Black Granite Headstone"
  },
  {
    "id": "1663806091751",
    "img": "https://www.forevershining.com.au/design/saved-designs/screenshots/2022/09/1663806091751.jpg",
    "title": "Laser Etched Black Granite Headstone"
  },
  {
    "id": "1663801824669",
    "img": "https://www.forevershining.com.au/design/saved-designs/screenshots/2022/09/1663801824669.jpg",
    "title": "Laser Etched Black Granite Headstone"
  },
  {
    "id": "1655851906673",
    "img": "https://www.forevershining.com.au/design/saved-designs/screenshots/2022/06/1655851906673.jpg",
    "title": "Laser Etched Black Granite Headstone"
  },
  {
    "id": "1655814879595",
    "img": "https://www.forevershining.com.au/design/saved-designs/screenshots/2022/06/1655814879595.jpg",
    "title": "Laser Etched Black Granite Headstone"
  },
  {
    "id": "1655811156410",
    "img": "https://www.forevershining.com.au/design/saved-designs/screenshots/2022/06/1655811156410.jpg",
    "title": "Laser Etched Black Granite Headstone"
  },
  {
    "id": "1655196160495",
    "img": "https://www.forevershining.com.au/design/saved-designs/screenshots/2022/06/1655196160495.jpg",
    "title": "Laser Etched Black Granite Headstone"
  },
  {
    "id": "1655188731293",
    "img": "https://www.forevershining.com.au/design/saved-designs/screenshots/2022/06/1655188731293.jpg",
    "title": "Laser Etched Black Granite Headstone"
  },
  {
    "id": "1611666274499",
    "img": "https://www.forevershining.com.au/design/saved-designs/screenshots/2021/01/1611666274499.jpg",
    "title": "Laser Etched Black Granite Headstone"
  },
  {
    "id": "1611664800558",
    "img": "https://www.forevershining.com.au/design/saved-designs/screenshots/2021/01/1611664800558.jpg",
    "title": "Laser Etched Black Granite Headstone"
  },
  {
    "id": "1611664152727",
    "img": "https://www.forevershining.com.au/design/saved-designs/screenshots/2021/01/1611664152727.jpg",
    "title": "Laser Etched Black Granite Headstone"
  },
  {
    "id": "1611659020909",
    "img": "https://www.forevershining.com.au/design/saved-designs/screenshots/2021/01/1611659020909.jpg",
    "title": "Laser Etched Black Granite Headstone"
  },
  {
    "id": "1598333530581",
    "img": "https://www.forevershining.com.au/design/saved-designs/screenshots/2020/08/1598333530581.jpg",
    "title": "Laser Etched Black Granite Headstone"
  },
  {
    "id": "1628917345177",
    "img": "https://www.forevershining.com.au/design/saved-designs/screenshots/2021/08/1628917345177.jpg",
    "title": "Laser Etched Black Granite Headstone"
  }
]