[
  {
    "id": "1717948995438",
    "img": "https://www.forevershining.com.au/design/saved-designs/screenshots/2024/06/1717948995438.jpg",
    "title": "Traditional Engraved Granite Headstone"
  },
  {
    "id": "1717948738555",
    "img": "https://www.forevershining.com.au/design/saved-designs/screenshots/2024/06/1717948738555.jpg",
    "title": "Traditional Engraved Granite Headstone"
  },
  {
    "id": "1717948359054",
    "img": "https://www.forevershining.com.au/design/saved-designs/screenshots/2024/06/1717948359054.jpg",
    "title": "Traditional Engraved Granite Headstone"
  },
  {
    "id": "1717948121994",
    "img": "https://www.forevershining.com.au/design/saved-designs/screenshots/2024/06/1717948121994.jpg",
    "title": "Traditional Engraved Granite Headstone"
  },
  {
    "id": "1717947511964",
    "img": "https://www.forevershining.com.au/design/saved-designs/screenshots/2024/06/1717947511964.jpg",
    "title": "Traditional Engraved Granite Headstone"
  },
  {
    "id": "1717904397725",
    "img": "https://www.forevershining.com.au/design/saved-designs/screenshots/2024/06/1717904397725.jpg",
    "title": "Traditional Engraved Granite Headstone"
  },
  {
    "id": "1706141277336",
    "img": "https://www.forevershining.com.au/design/saved-designs/screenshots/2024/01/1706141277336.jpg",
    "title": "Traditional Engraved Granite Headstone"
  },
  {
    "id": "1705644010351",
    "img": "https://www.forevershining.com.au/design/saved-designs/screenshots/2024/01/1705644010351.jpg",
    "title": "Traditional Engraved Granite Headstone"
  },
  {
    "id": "1705643080686",
    "img": "https://www.forevershining.com.au/design/saved-designs/screenshots/2024/01/1705643080686.jpg",
    "title": "Traditional Engraved Granite Headstone"
  },
  {
    "id": "1705641095329",
    "img": "https://www.forevershining.com.au/design/saved-designs/screenshots/2024/01/1705641095329.jpg",
    "title": "Traditional Engraved Granite Headstone"
  },
  {
    "id": "1705639703370",
    "img": "https://www.forevershining.com.au/design/saved-designs/screenshots/2024/01/1705639703370.jpg",
    "title": "Traditional Engraved Granite Headstone"
  },
  {
    "id": "1701685812511",
    "img": "https://www.forevershining.com.au/design/saved-designs/screenshots/2023/12/1701685812511.jpg",
    "title": "Traditional Engraved Granite Headstone"
  },
  {
    "id": "1692186393216",
    "img": "https://www.forevershining.com.au/design/saved-designs/screenshots/2023/08/1692186393216.jpg",
    "title": "Traditional Engraved Granite Headstone"
  },
  {
    "id": "1692186337245",
    "img": "https://www.forevershining.com.au/design/saved-designs/screenshots/2023/08/1692186337245.jpg",
    "title": "Traditional Engraved Granite Headstone"
  },
  {
    "id": "1692185995386",
    "img": "https://www.forevershining.com.au/design/saved-designs/screenshots/2023/08/1692185995386.jpg",
    "title": "Traditional Engraved Granite Headstone"
  },
  {
    "id": "1692185693104",
    "img": "https://www.forevershining.com.au/design/saved-designs/screenshots/2023/08/1692185693104.jpg",
    "title": "Traditional Engraved Granite Headstone"
  },
  {
    "id": "1692185257163",
    "img": "https://www.forevershining.com.au/design/saved-designs/screenshots/2023/08/1692185257163.jpg",
    "title": "Traditional Engraved Granite Headstone"
  },
  {
    "id": "1692184649164",
    "img": "https://www.forevershining.com.au/design/saved-designs/screenshots/2023/08/1692184649164.jpg",
    "title": "Traditional Engraved Granite Headstone"
  },
  {
    "id": "1692178944595",
    "img": "https://www.forevershining.com.au/design/saved-designs/screenshots/2023/08/1692178944595.jpg",
    "title": "Traditional Engraved Granite Headstone"
  },
  {
    "id": "1692177217341",
    "img": "https://www.forevershining.com.au/design/saved-designs/screenshots/2023/08/1692177217341.jpg",
    "title": "Traditional Engraved Granite Headstone"
  },
  {
    "id": "1658459145705",
    "img": "https://www.forevershining.com.au/design/saved-designs/screenshots/2022/07/1658459145705.jpg",
    "title": "Traditional Engraved Granite Headstone"
  },
  {
    "id": "1652673924623",
    "img": "https://www.forevershining.com.au/design/saved-designs/screenshots/2022/05/1652673924623.jpg",
    "title": "Traditional Engraved Granite Headstone"
  },
  {
    "id": "1651904289477",
    "img": "https://www.forevershining.com.au/design/saved-designs/screenshots/2022/05/1651904289477.jpg",
    "title": "Traditional Engraved Granite Headstone"
  },
  {
    "id": "1641476957186",
    "img": "https://www.forevershining.com.au/design/saved-designs/screenshots/2022/01/1641476957186.jpg",
    "title": "Traditional Engraved Granite Headstone"
  },
  {
    "id": "1628696207001",
    "img": "https://www.forevershining.com.au/design/saved-designs/screenshots/2021/08/1628696207001.jpg",
    "title": "Traditional Engraved Granite Headstone"
  },
  {
    "id": "1628696019689",
    "img": "https://www.forevershining.com.au/design/saved-designs/screenshots/2021/08/1628696019689.jpg",
    "title": "Traditional Engraved Granite Headstone"
  },
  {
    "id": "1628647600944",
    "img": "https://www.forevershining.com.au/design/saved-designs/screenshots/2021/08/1628647600944.jpg",
    "title": "Traditional Engraved Granite Headstone"
  },
  {
    "id": "1596411086239",
    "img": "https://www.forevershining.com.au/design/saved-designs/screenshots/2020/08/1596411086239.jpg",
    "title": "Traditional Engraved Granite Headstone"
  },
  {
    "id": "1591873191479",
    "img": "https://www.forevershining.com.au/design/saved-designs/screenshots/1591873191479.jpg",
    "title": "Traditional Engraved Granite Headstone"
  },
  {
    "id": "1591869863696",
    "img": "https://www.forevershining.com.au/design/saved-designs/screenshots/1591869863696.jpg",
    "title": "Traditional Engraved Granite Headstone"
  },
  {
    "id": "1591338553243",
    "img": "https://www.forevershining.com.au/design/saved-designs/screenshots/1591338553243.jpg",
    "title": "Traditional Engraved Granite Headstone"
  },
  {
    "id": "1591337964559",
    "img": "https://www.forevershining.com.au/design/saved-designs/screenshots/1591337964559.jpg",
    "title": "Traditional Engraved Granite Headstone"
  },
  {
    "id": "1591871097429",
    "img": "https://www.forevershining.com.au/design/saved-designs/screenshots/1591871097429.jpg",
    "title": "Traditional Engraved Granite Headstone"
  }
]