[
  {
    "id": "1718083670577",
    "img": "https://www.forevershining.com.au/design/saved-designs/screenshots/2024/06/1718083670577.jpg",
    "title": "Laser Etched Black Granite Headstone"
  },
  {
    "id": "1718081713826",
    "img": "https://www.forevershining.com.au/design/saved-designs/screenshots/2024/06/1718081713826.jpg",
    "title": "Laser Etched Black Granite Headstone"
  },
  {
    "id": "1718081385060",
    "img": "https://www.forevershining.com.au/design/saved-designs/screenshots/2024/06/1718081385060.jpg",
    "title": "Laser Etched Black Granite Headstone"
  },
  {
    "id": "1713537649107",
    "img": "https://www.forevershining.com.au/design/saved-designs/screenshots/2024/04/1713537649107.jpg",
    "title": "Laser Etched Black Granite Headstone"
  },
  {
    "id": "1707955320516",
    "img": "https://www.forevershining.com.au/design/saved-designs/screenshots/2024/02/1707955320516.jpg",
    "title": "Laser Etched Black Granite Headstone"
  },
  {
    "id": "1689468778942",
    "img": "https://www.forevershining.com.au/design/saved-designs/screenshots/2023/07/1689468778942.jpg",
    "title": "Laser Etched Black Granite Headstone"
  },
  {
    "id": "1689229132545",
    "img": "https://www.forevershining.com.au/design/saved-designs/screenshots/2023/07/1689229132545.jpg",
    "title": "Laser Etched Black Granite Headstone"
  },
  {
    "id": "1689228748673",
    "img": "https://www.forevershining.com.au/design/saved-designs/screenshots/2023/07/1689228748673.jpg",
    "title": "Laser Etched Black Granite Headstone"
  },
  {
    "id": "1689228012288",
    "img": "https://www.forevershining.com.au/design/saved-designs/screenshots/2023/07/1689228012288.jpg",
    "title": "Laser Etched Black Granite Headstone"
  },
  {
    "id": "1689227008501",
    "img": "https://www.forevershining.com.au/design/saved-designs/screenshots/2023/07/1689227008501.jpg",
    "title": "Laser Etched Black Granite Headstone"
  },
  {
    "id": "1678654145449",
    "img": "https://www.forevershining.com.au/design/saved-designs/screenshots/2023/03/1678654145449.jpg",
    "title": "Laser Etched Black Granite Headstone"
  },
  {
    "id": "1666572838373",
    "img": "https://www.forevershining.com.au/design/saved-designs/screenshots/2022/10/1666572838373.jpg",
    "title": "Laser Etched Black Granite Headstone"
  },
  {
    "id": "1665374865820",
    "img": "https://www.forevershining.com.au/design/saved-designs/screenshots/2022/10/1665374865820.jpg",
    "title": "Laser Etched Black Granite Headstone"
  },
  {
    "id": "1665444337160",
    "img": "https://www.forevershining.com.au/design/saved-designs/screenshots/2022/10/1665444337160.jpg",
    "title": "Laser Etched Black Granite Headstone"
  },
  {
    "id": "1657799191156",
    "img": "https://www.forevershining.com.au/design/saved-designs/screenshots/2022/07/1657799191156.jpg",
    "title": "Laser Etched Black Granite Headstone"
  },
  {
    "id": "1657795592498",
    "img": "https://www.forevershining.com.au/design/saved-designs/screenshots/2022/07/1657795592498.jpg",
    "title": "Laser Etched Black Granite Headstone"
  },
  {
    "id": "1657794542128",
    "img": "https://www.forevershining.com.au/design/saved-designs/screenshots/2022/07/1657794542128.jpg",
    "title": "Laser Etched Black Granite Headstone"
  },
  {
    "id": "1657793845555",
    "img": "https://www.forevershining.com.au/design/saved-designs/screenshots/2022/07/1657793845555.jpg",
    "title": "Laser Etched Black Granite Headstone"
  },
  {
    "id": "1657792692353",
    "img": "https://www.forevershining.com.au/design/saved-designs/screenshots/2022/07/1657792692353.jpg",
    "title": "Laser Etched Black Granite Headstone"
  },
  {
    "id": "1657791499304",
    "img": "https://www.forevershining.com.au/design/saved-designs/screenshots/2022/07/1657791499304.jpg",
    "title": "Laser Etched Black Granite Headstone"
  },
  {
    "id": "1642650108585",
    "img": "https://www.forevershining.com.au/design/saved-designs/screenshots/2022/01/1642650108585.jpg",
    "title": "Laser Etched Black Granite Headstone"
  },
  {
    "id": "1635751194559",
    "img": "https://www.forevershining.com.au/design/saved-designs/screenshots/2021/11/1635751194559.jpg",
    "title": "Laser Etched Black Granite Headstone"
  },
  {
    "id": "1631791418479",
    "img": "https://www.forevershining.com.au/design/saved-designs/screenshots/2021/09/1631791418479.jpg",
    "title": "Laser Etched Black Granite Headstone"
  },
  {
    "id": "1631277699797",
    "img": "https://www.forevershining.com.au/design/saved-designs/screenshots/2021/09/1631277699797.jpg",
    "title": "Laser Etched Black Granite Headstone"
  },
  {
    "id": "1631277126585",
    "img": "https://www.forevershining.com.au/design/saved-designs/screenshots/2021/09/1631277126585.jpg",
    "title": "Laser Etched Black Granite Headstone"
  },
  {
    "id": "1631276387035",
    "img": "https://www.forevershining.com.au/design/saved-designs/screenshots/2021/09/1631276387035.jpg",
    "title": "Laser Etched Black Granite Headstone"
  },
  {
    "id": "1631237663856",
    "img": "https://www.forevershining.com.au/design/saved-designs/screenshots/2021/09/1631237663856.jpg",
    "title": "Laser Etched Black Granite Headstone"
  },
  {
    "id": "1631176506736",
    "img": "https://www.forevershining.com.au/design/saved-designs/screenshots/2021/09/1631176506736.jpg",
    "title": "Laser Etched Black Granite Headstone"
  },
  {
    "id": "1631176238914",
    "img": "https://www.forevershining.com.au/design/saved-designs/screenshots/2021/09/1631176238914.jpg",
    "title": "Laser Etched Black Granite Headstone"
  },
  {
    "id": "1631175802133",
    "img": "https://www.forevershining.com.au/design/saved-designs/screenshots/2021/09/1631175802133.jpg",
    "title": "Laser Etched Black Granite Headstone"
  },
  {
    "id": "1618849130928",
    "img": "https://www.forevershining.com.au/design/saved-designs/screenshots/2021/04/1618849130928.jpg",
    "title": "Laser Etched Black Granite Headstone"
  },
  {
    "id": "1617235732465",
    "img": "https://www.forevershining.com.au/design/saved-designs/screenshots/2021/04/1617235732465.jpg",
    "title": "Laser Etched Black Granite Headstone"
  },
  {
    "id": "1613433886305",
    "img": "https://www.forevershining.com.au/design/saved-designs/screenshots/2021/02/1613433886305.jpg",
    "title": "Laser Etched Black Granite Headstone"
  },
  {
    "id": "1606625063619",
    "img": "https://www.forevershining.com.au/design/saved-designs/screenshots/2020/11/1606625063619.jpg",
    "title": "Laser Etched Black Granite Headstone"
  },
  {
    "id": "1603281821579",
    "img": "https://www.forevershining.com.au/design/saved-designs/screenshots/2020/10/1603281821579.jpg",
    "title": "Laser Etched Black Granite Headstone"
  },
  {
    "id": "1603253381947",
    "img": "https://www.forevershining.com.au/design/saved-designs/screenshots/1603253381947.jpg",
    "title": "Laser Etched Black Granite Headstone"
  },
  {
    "id": "1603248718156",
    "img": "https://www.forevershining.com.au/design/saved-designs/screenshots/2020/10/1603248718156.jpg",
    "title": "Laser Etched Black Granite Headstone"
  },
  {
    "id": "1603089056252",
    "img": "https://www.forevershining.com.au/design/saved-designs/screenshots/2020/10/1603089056252.jpg",
    "title": "Laser Etched Black Granite Headstone"
  },
  {
    "id": "1579084521839",
    "img": "https://www.forevershining.com.au/design/saved-designs/screenshots/1579084521839.jpg",
    "title": "Laser Etched Black Granite Headstone"
  }
]