[
  {
    "id": "1712469806573",
    "img": "https://www.forevershining.com.au/design/saved-designs/screenshots/2024/04/1712469806573.jpg",
    "title": "Traditional Engraved Granite Headstone"
  },
  {
    "id": "1693177722937",
    "img": "https://www.forevershining.com.au/design/saved-designs/screenshots/2023/08/1693177722937.jpg",
    "title": "Traditional Engraved Granite Headstone"
  },
  {
    "id": "1669545930534",
    "img": "https://www.forevershining.com.au/design/saved-designs/screenshots/2022/11/1669545930534.jpg",
    "title": "Traditional Engraved Granite Headstone"
  },
  {
    "id": "1666850670366",
    "img": "https://www.forevershining.com.au/design/saved-designs/screenshots/2022/10/1666850670366.jpg",
    "title": "Traditional Engraved Granite Headstone"
  },
  {
    "id": "1666850317647",
    "img": "https://www.forevershining.com.au/design/saved-designs/screenshots/2022/10/1666850317647.jpg",
    "title": "Traditional Engraved Granite Headstone"
  },
  {
    "id": "1666682124399",
    "img": "https://www.forevershining.com.au/design/saved-designs/screenshots/2022/10/1666682124399.jpg",
    "title": "Traditional Engraved Granite Headstone"
  },
  {
    "id": "1666681632138",
    "img": "https://www.forevershining.com.au/design/saved-designs/screenshots/2022/10/1666681632138.jpg",
    "title": "Traditional Engraved Granite Headstone"
  },
  {
    "id": "1666680306777",
    "img": "https://www.forevershining.com.au/design/saved-designs/screenshots/2022/10/1666680306777.jpg",
    "title": "Traditional Engraved Granite Headstone"
  },
  {
    "id": "1666679428234",
    "img": "https://www.forevershining.com.au/design/saved-designs/screenshots/2022/10/1666679428234.jpg",
    "title": "Traditional Engraved Granite Headstone"
  },
  {
    "id": "1666678188216",
    "img": "https://www.forevershining.com.au/design/saved-designs/screenshots/2022/10/1666678188216.jpg",
    "title": "Traditional Engraved Granite Headstone"
  },
  {
    "id": "1666678045717",
    "img": "https://www.forevershining.com.au/design/saved-designs/screenshots/2022/10/1666678045717.jpg",
    "title": "Traditional Engraved Granite Headstone"
  },
  {
    "id": "1666676184772",
    "img": "https://www.forevershining.com.au/design/saved-designs/screenshots/2022/10/1666676184772.jpg",
    "title": "Traditional Engraved Granite Headstone"
  },
  {
    "id": "1644851246530",
    "img": "https://www.forevershining.com.au/design/saved-designs/screenshots/2022/02/1644851246530.jpg",
    "title": "Traditional Engraved Granite Headstone"
  },
  {
    "id": "1644414463138",
    "img": "https://www.forevershining.com.au/design/saved-designs/screenshots/2022/02/1644414463138.jpg",
    "title": "Traditional Engraved Granite Headstone"
  },
  {
    "id": "1644321713360",
    "img": "https://www.forevershining.com.au/design/saved-designs/screenshots/2022/02/1644321713360.jpg",
    "title": "Traditional Engraved Granite Headstone"
  },
  {
    "id": "1623862766067",
    "img": "https://www.forevershining.com.au/design/saved-designs/screenshots/2021/06/1623862766067.jpg",
    "title": "Traditional Engraved Granite Headstone"
  },
  {
    "id": "1610677606656",
    "img": "https://www.forevershining.com.au/design/saved-designs/screenshots/2021/01/1610677606656.jpg",
    "title": "Traditional Engraved Granite Headstone"
  },
  {
    "id": "1610513600828",
    "img": "https://www.forevershining.com.au/design/saved-designs/screenshots/2021/01/1610513600828.jpg",
    "title": "Traditional Engraved Granite Headstone"
  },
  {
    "id": "1610512849556",
    "img": "https://www.forevershining.com.au/design/saved-designs/screenshots/2021/01/1610512849556.jpg",
    "title": "Traditional Engraved Granite Headstone"
  },
  {
    "id": "1610511870241",
    "img": "https://www.forevershining.com.au/design/saved-designs/screenshots/2021/01/1610511870241.jpg",
    "title": "Traditional Engraved Granite Headstone"
  },
  {
    "id": "1599690598001",
    "img": "https://www.forevershining.com.au/design/saved-designs/screenshots/2020/09/1599690598001.jpg",
    "title": "Traditional Engraved Granite Headstone"
  },
  {
    "id": "1596848658875",
    "img": "https://www.forevershining.com.au/design/saved-designs/screenshots/2020/08/1596848658875.jpg",
    "title": "Traditional Engraved Granite Headstone"
  },
  {
    "id": "1596361897493",
    "img": "https://www.forevershining.com.au/design/saved-designs/screenshots/2020/08/1596361897493.jpg",
    "title": "Traditional Engraved Granite Headstone"
  },
  {
    "id": "1591099781740",
    "img": "https://www.forevershining.com.au/design/saved-designs/screenshots/1591099781740.jpg",
    "title": "Traditional Engraved Granite Headstone"
  },
  {
    "id": "1591055062584",
    "img": "https://www.forevershining.com.au/design/saved-designs/screenshots/1591055062584.jpg",
    "title": "Traditional Engraved Granite Headstone"
  },
  {
    "id": "1583073940215",
    "img": "https://www.forevershining.com.au/design/saved-designs/screenshots/1583073940215.jpg",
    "title": "Traditional Engraved Granite Headstone"
  }
]