[
  {
    "id": "1718676086914",
    "img": "https://www.forevershining.com.au/design/saved-designs/screenshots/2024/06/1718676086914.jpg",
    "title": "Laser Etched Black Granite Headstone"
  },
  {
    "id": "1718672452486",
    "img": "https://www.forevershining.com.au/design/saved-designs/screenshots/2024/06/1718672452486.jpg",
    "title": "Laser Etched Black Granite Headstone"
  },
  {
    "id": "1718673654118",
    "img": "https://www.forevershining.com.au/design/saved-designs/screenshots/2024/06/1718673654118.jpg",
    "title": "Laser Etched Black Granite Headstone"
  },
  {
    "id": "1718671374627",
    "img": "https://www.forevershining.com.au/design/saved-designs/screenshots/2024/06/1718671374627.jpg",
    "title": "Laser Etched Black Granite Headstone"
  },
  {
    "id": "1666059878539",
    "img": "https://www.forevershining.com.au/design/saved-designs/screenshots/2022/10/1666059878539.jpg",
    "title": "Laser Etched Black Granite Headstone"
  },
  {
    "id": "1664512116343",
    "img": "https://www.forevershining.com.au/design/saved-designs/screenshots/2022/09/1664512116343.jpg",
    "title": "Laser Etched Black Granite Headstone"
  },
  {
    "id": "1664511582721",
    "img": "https://www.forevershining.com.au/design/saved-designs/screenshots/2022/09/1664511582721.jpg",
    "title": "Laser Etched Black Granite Headstone"
  },
  {
    "id": "1644131619293",
    "img": "https://www.forevershining.com.au/design/saved-designs/screenshots/2022/02/1644131619293.jpg",
    "title": "Laser Etched Black Granite Headstone"
  },
  {
    "id": "1633234397545",
    "img": "https://www.forevershining.com.au/design/saved-designs/screenshots/2021/10/1633234397545.jpg",
    "title": "Laser Etched Black Granite Headstone"
  },
  {
    "id": "1633172701004",
    "img": "https://www.forevershining.com.au/design/saved-designs/screenshots/2021/10/1633172701004.jpg",
    "title": "Laser Etched Black Granite Headstone"
  },
  {
    "id": "1632883842714",
    "img": "https://www.forevershining.com.au/design/saved-designs/screenshots/2021/09/1632883842714.jpg",
    "title": "Laser Etched Black Granite Headstone"
  },
  {
    "id": "1632841799745",
    "img": "https://www.forevershining.com.au/design/saved-designs/screenshots/2021/09/1632841799745.jpg",
    "title": "Laser Etched Black Granite Headstone"
  },
  {
    "id": "1632839225082",
    "img": "https://www.forevershining.com.au/design/saved-designs/screenshots/2021/09/1632839225082.jpg",
    "title": "Laser Etched Black Granite Headstone"
  },
  {
    "id": "1598851285876",
    "img": "https://www.forevershining.com.au/design/saved-designs/screenshots/2020/08/1598851285876.jpg",
    "title": "Laser Etched Black Granite Headstone"
  },
  {
    "id": "1596027695134",
    "img": "https://www.forevershining.com.au/design/saved-designs/screenshots/2020/07/1596027695134.jpg",
    "title": "Laser Etched Black Granite Headstone"
  },
  {
    "id": "1595794729646",
    "img": "https://www.forevershining.com.au/design/saved-designs/screenshots/2020/07/1595794729646.jpg",
    "title": "Laser Etched Black Granite Headstone"
  },
  {
    "id": "1595794588221",
    "img": "https://www.forevershining.com.au/design/saved-designs/screenshots/2020/07/1595794588221.jpg",
    "title": "Laser Etched Black Granite Headstone"
  }
]