[
  {
    "id": "1706670055228",
    "img": "https://www.forevershining.com.au/design/saved-designs/screenshots/2024/01/1706670055228.jpg",
    "title": "Laser Etched Black Granite Headstone"
  },
  {
    "id": "1678109059997",
    "img": "https://www.forevershining.com.au/design/saved-designs/screenshots/2023/03/1678109059997.jpg",
    "title": "Laser Etched Black Granite Headstone"
  },
  {
    "id": "1675849609192",
    "img": "https://www.forevershining.com.au/design/saved-designs/screenshots/2023/02/1675849609192.jpg",
    "title": "Laser Etched Black Granite Headstone"
  },
  {
    "id": "1675429114202",
    "img": "https://www.forevershining.com.au/design/saved-designs/screenshots/2023/02/1675429114202.jpg",
    "title": "Laser Etched Black Granite Headstone"
  },
  {
    "id": "1674638745781",
    "img": "https://www.forevershining.com.au/design/saved-designs/screenshots/2023/01/1674638745781.jpg",
    "title": "Laser Etched Black Granite Headstone"
  },
  {
    "id": "1667814994179",
    "img": "https://www.forevershining.com.au/design/saved-designs/screenshots/2022/11/1667814994179.jpg",
    "title": "Laser Etched Black Granite Headstone"
  },
  {
    "id": "1667810822444",
    "img": "https://www.forevershining.com.au/design/saved-designs/screenshots/2022/11/1667810822444.jpg",
    "title": "Laser Etched Black Granite Headstone"
  },
  {
    "id": "1667485978196",
    "img": "https://www.forevershining.com.au/design/saved-designs/screenshots/2022/11/1667485978196.jpg",
    "title": "Laser Etched Black Granite Headstone"
  },
  {
    "id": "1667393732277",
    "img": "https://www.forevershining.com.au/design/saved-designs/screenshots/2022/11/1667393732277.jpg",
    "title": "Laser Etched Black Granite Headstone"
  },
  {
    "id": "1667330228212",
    "img": "https://www.forevershining.com.au/design/saved-designs/screenshots/2022/11/1667330228212.jpg",
    "title": "Laser Etched Black Granite Headstone"
  },
  {
    "id": "1663554964164",
    "img": "https://www.forevershining.com.au/design/saved-designs/screenshots/2022/09/1663554964164.jpg",
    "title": "Laser Etched Black Granite Headstone"
  },
  {
    "id": "1663554472317",
    "img": "https://www.forevershining.com.au/design/saved-designs/screenshots/2022/09/1663554472317.jpg",
    "title": "Laser Etched Black Granite Headstone"
  },
  {
    "id": "1663536300053",
    "img": "https://www.forevershining.com.au/design/saved-designs/screenshots/2022/09/1663536300053.jpg",
    "title": "Laser Etched Black Granite Headstone"
  },
  {
    "id": "1663298562599",
    "img": "https://www.forevershining.com.au/design/saved-designs/screenshots/2022/09/1663298562599.jpg",
    "title": "Laser Etched Black Granite Headstone"
  },
  {
    "id": "1660869497569",
    "img": "https://www.forevershining.com.au/design/saved-designs/screenshots/2022/08/1660869497569.jpg",
    "title": "Laser Etched Black Granite Headstone"
  },
  {
    "id": "1660036678401",
    "img": "https://www.forevershining.com.au/design/saved-designs/screenshots/2022/08/1660036678401.jpg",
    "title": "Laser Etched Black Granite Headstone"
  },
  {
    "id": "1660024269393",
    "img": "https://www.forevershining.com.au/design/saved-designs/screenshots/2022/08/1660024269393.jpg",
    "title": "Laser Etched Black Granite Headstone"
  },
  {
    "id": "1658742183090",
    "img": "https://www.forevershining.com.au/design/saved-designs/screenshots/2022/07/1658742183090.jpg",
    "title": "Laser Etched Black Granite Headstone"
  },
  {
    "id": "1652756246574",
    "img": "https://www.forevershining.com.au/design/saved-designs/screenshots/2022/05/1652756246574.jpg",
    "title": "Laser Etched Black Granite Headstone"
  },
  {
    "id": "1637858461476",
    "img": "https://www.forevershining.com.au/design/saved-designs/screenshots/2021/11/1637858461476.jpg",
    "title": "Laser Etched Black Granite Headstone"
  },
  {
    "id": "1619500572689",
    "img": "https://www.forevershining.com.au/design/saved-designs/screenshots/2021/04/1619500572689.jpg",
    "title": "Laser Etched Black Granite Headstone"
  },
  {
    "id": "1617248613048",
    "img": "https://www.forevershining.com.au/design/saved-designs/screenshots/2021/04/1617248613048.jpg",
    "title": "Laser Etched Black Granite Headstone"
  },
  {
    "id": "1594605655743",
    "img": "https://www.forevershining.com.au/design/saved-designs/screenshots/2020/07/1594605655743.jpg",
    "title": "Laser Etched Black Granite Headstone"
  },
  {
    "id": "1589815229085",
    "img": "https://www.forevershining.com.au/design/saved-designs/screenshots/1589815229085.jpg",
    "title": "Laser Etched Black Granite Headstone"
  },
  {
    "id": "1589796954003",
    "img": "https://www.forevershining.com.au/design/saved-designs/screenshots/1589796954003.jpg",
    "title": "Laser Etched Black Granite Headstone"
  },
  {
    "id": "1589796867757",
    "img": "https://www.forevershining.com.au/design/saved-designs/screenshots/1589796867757.jpg",
    "title": "Laser Etched Black Granite Headstone"
  },
  {
    "id": "1589796039307",
    "img": "https://www.forevershining.com.au/design/saved-designs/screenshots/1589796039307.jpg",
    "title": "Laser Etched Black Granite Headstone"
  },
  {
    "id": "1589792184813",
    "img": "https://www.forevershining.com.au/design/saved-designs/screenshots/1589792184813.jpg",
    "title": "Laser Etched Black Granite Headstone"
  },
  {
    "id": "1589787351570",
    "img": "https://www.forevershining.com.au/design/saved-designs/screenshots/1589787351570.jpg",
    "title": "Laser Etched Black Granite Headstone"
  },
  {
    "id": "1589787284402",
    "img": "https://www.forevershining.com.au/design/saved-designs/screenshots/1589787284402.jpg",
    "title": "Laser Etched Black Granite Headstone"
  },
  {
    "id": "1589787128621",
    "img": "https://www.forevershining.com.au/design/saved-designs/screenshots/1589787128621.jpg",
    "title": "Laser Etched Black Granite Headstone"
  },
  {
    "id": "1660785584066",
    "img": "https://www.forevershining.com.au/design/saved-designs/screenshots/2022/08/1660785584066.jpg",
    "title": "Laser Etched Black Granite Headstone"
  }
]