[
  {
    "id": "1643081484306",
    "img": "https://www.forevershining.com.au/design/saved-designs/screenshots/2022/01/1643081484306.jpg",
    "title": "Traditional Engraved Granite Headstone"
  },
  {
    "id": "1632633722861",
    "img": "https://www.forevershining.com.au/design/saved-designs/screenshots/2021/09/1632633722861.jpg",
    "title": "Traditional Engraved Granite Headstone"
  },
  {
    "id": "1632632792935",
    "img": "https://www.forevershining.com.au/design/saved-designs/screenshots/2021/09/1632632792935.jpg",
    "title": "Traditional Engraved Granite Headstone"
  }
]