[
  {
    "id": "1718676671077",
    "img": "https://www.forevershining.com.au/design/saved-designs/screenshots/2024/06/1718676671077.jpg",
    "title": "Laser Etched Black Granite Headstone"
  },
  {
    "id": "1718626633620",
    "img": "https://www.forevershining.com.au/design/saved-designs/screenshots/2024/06/1718626633620.jpg",
    "title": "Laser Etched Black Granite Headstone"
  },
  {
    "id": "1718607618234",
    "img": "https://www.forevershining.com.au/design/saved-designs/screenshots/2024/06/1718607618234.jpg",
    "title": "Laser Etched Black Granite Headstone"
  },
  {
    "id": "1718254387259",
    "img": "https://www.forevershining.com.au/design/saved-designs/screenshots/2024/06/1718254387259.jpg",
    "title": "Laser Etched Black Granite Headstone"
  },
  {
    "id": "1719484756191",
    "img": "https://www.forevershining.com.au/design/saved-designs/screenshots/2024/06/1719484756191.jpg",
    "title": "Laser Etched Black Granite Headstone"
  },
  {
    "id": "1719484339923",
    "img": "https://www.forevershining.com.au/design/saved-designs/screenshots/2024/06/1719484339923.jpg",
    "title": "Laser Etched Black Granite Headstone"
  },
  {
    "id": "1719482940686",
    "img": "https://www.forevershining.com.au/design/saved-designs/screenshots/2024/06/1719482940686.jpg",
    "title": "Laser Etched Black Granite Headstone"
  },
  {
    "id": "1718695554947",
    "img": "https://www.forevershining.com.au/design/saved-designs/screenshots/2024/06/1718695554947.jpg",
    "title": "Laser Etched Black Granite Headstone"
  },
  {
    "id": "1718616756714",
    "img": "https://www.forevershining.com.au/design/saved-designs/screenshots/2024/06/1718616756714.jpg",
    "title": "Laser Etched Black Granite Headstone"
  },
  {
    "id": "1718606560490",
    "img": "https://www.forevershining.com.au/design/saved-designs/screenshots/2024/06/1718606560490.jpg",
    "title": "Laser Etched Black Granite Headstone"
  },
  {
    "id": "1718345277705",
    "img": "https://www.forevershining.com.au/design/saved-designs/screenshots/2024/06/1718345277705.jpg",
    "title": "Laser Etched Black Granite Headstone"
  },
  {
    "id": "1718339044353",
    "img": "https://www.forevershining.com.au/design/saved-designs/screenshots/2024/06/1718339044353.jpg",
    "title": "Laser Etched Black Granite Headstone"
  },
  {
    "id": "1718333761558",
    "img": "https://www.forevershining.com.au/design/saved-designs/screenshots/2024/06/1718333761558.jpg",
    "title": "Laser Etched Black Granite Headstone"
  },
  {
    "id": "1718204799111",
    "img": "https://www.forevershining.com.au/design/saved-designs/screenshots/2024/06/1718204799111.jpg",
    "title": "Laser Etched Black Granite Headstone"
  },
  {
    "id": "1718190204879",
    "img": "https://www.forevershining.com.au/design/saved-designs/screenshots/2024/06/1718190204879.jpg",
    "title": "Laser Etched Black Granite Headstone"
  },
  {
    "id": "1718171550462",
    "img": "https://www.forevershining.com.au/design/saved-designs/screenshots/2024/06/1718171550462.jpg",
    "title": "Laser Etched Black Granite Headstone"
  },
  {
    "id": "1718159638996",
    "img": "https://www.forevershining.com.au/design/saved-designs/screenshots/2024/06/1718159638996.jpg",
    "title": "Laser Etched Black Granite Headstone"
  },
  {
    "id": "1718156892312",
    "img": "https://www.forevershining.com.au/design/saved-designs/screenshots/2024/06/1718156892312.jpg",
    "title": "Laser Etched Black Granite Headstone"
  },
  {
    "id": "1717682929649",
    "img": "https://www.forevershining.com.au/design/saved-designs/screenshots/2024/06/1717682929649.jpg",
    "title": "Laser Etched Black Granite Headstone"
  },
  {
    "id": "1717680006048",
    "img": "https://www.forevershining.com.au/design/saved-designs/screenshots/2024/06/1717680006048.jpg",
    "title": "Laser Etched Black Granite Headstone"
  },
  {
    "id": "1716853218485",
    "img": "https://www.forevershining.com.au/design/saved-designs/screenshots/2024/05/1716853218485.jpg",
    "title": "Laser Etched Black Granite Headstone"
  },
  {
    "id": "1716820722678",
    "img": "https://www.forevershining.com.au/design/saved-designs/screenshots/2024/05/1716820722678.jpg",
    "title": "Laser Etched Black Granite Headstone"
  },
  {
    "id": "1711323936247",
    "img": "https://www.forevershining.com.au/design/saved-designs/screenshots/2024/03/1711323936247.jpg",
    "title": "Laser Etched Black Granite Headstone"
  },
  {
    "id": "1710403267595",
    "img": "https://www.forevershining.com.au/design/saved-designs/screenshots/2024/03/1710403267595.jpg",
    "title": "Laser Etched Black Granite Headstone"
  },
  {
    "id": "1710379045642",
    "img": "https://www.forevershining.com.au/design/saved-designs/screenshots/2024/03/1710379045642.jpg",
    "title": "Laser Etched Black Granite Headstone"
  },
  {
    "id": "1710378872796",
    "img": "https://www.forevershining.com.au/design/saved-designs/screenshots/2024/03/1710378872796.jpg",
    "title": "Laser Etched Black Granite Headstone"
  },
  {
    "id": "1710378645624",
    "img": "https://www.forevershining.com.au/design/saved-designs/screenshots/2024/03/1710378645624.jpg",
    "title": "Laser Etched Black Granite Headstone"
  },
  {
    "id": "1710375590942",
    "img": "https://www.forevershining.com.au/design/saved-designs/screenshots/2024/03/1710375590942.jpg",
    "title": "Laser Etched Black Granite Headstone"
  },
  {
    "id": "1710344574565",
    "img": "https://www.forevershining.com.au/design/saved-designs/screenshots/2024/03/1710344574565.jpg",
    "title": "Laser Etched Black Granite Headstone"
  },
  {
    "id": "1710344411583",
    "img": "https://www.forevershining.com.au/design/saved-designs/screenshots/2024/03/1710344411583.jpg",
    "title": "Laser Etched Black Granite Headstone"
  },
  {
    "id": "1710344334372",
    "img": "https://www.forevershining.com.au/design/saved-designs/screenshots/2024/03/1710344334372.jpg",
    "title": "Laser Etched Black Granite Headstone"
  },
  {
    "id": "1710344295323",
    "img": "https://www.forevershining.com.au/design/saved-designs/screenshots/2024/03/1710344295323.jpg",
    "title": "Laser Etched Black Granite Headstone"
  },
  {
    "id": "1710342980055",
    "img": "https://www.forevershining.com.au/design/saved-designs/screenshots/2024/03/1710342980055.jpg",
    "title": "Laser Etched Black Granite Headstone"
  },
  {
    "id": "1710340700219",
    "img": "https://www.forevershining.com.au/design/saved-designs/screenshots/2024/03/1710340700219.jpg",
    "title": "Laser Etched Black Granite Headstone"
  },
  {
    "id": "1709012915388",
    "img": "https://www.forevershining.com.au/design/saved-designs/screenshots/2024/02/1709012915388.jpg",
    "title": "Laser Etched Black Granite Headstone"
  },
  {
    "id": "1708395028715",
    "img": "https://www.forevershining.com.au/design/saved-designs/screenshots/2024/02/1708395028715.jpg",
    "title": "Laser Etched Black Granite Headstone"
  },
  {
    "id": "1708394578760",
    "img": "https://www.forevershining.com.au/design/saved-designs/screenshots/2024/02/1708394578760.jpg",
    "title": "Laser Etched Black Granite Headstone"
  },
  {
    "id": "1708394138110",
    "img": "https://www.forevershining.com.au/design/saved-designs/screenshots/2024/02/1708394138110.jpg",
    "title": "Laser Etched Black Granite Headstone"
  },
  {
    "id": "1706526645252",
    "img": "https://www.forevershining.com.au/design/saved-designs/screenshots/2024/01/1706526645252.jpg",
    "title": "Laser Etched Black Granite Headstone"
  },
  {
    "id": "1706525551740",
    "img": "https://www.forevershining.com.au/design/saved-designs/screenshots/2024/01/1706525551740.jpg",
    "title": "Laser Etched Black Granite Headstone"
  },
  {
    "id": "1706525116086",
    "img": "https://www.forevershining.com.au/design/saved-designs/screenshots/2024/01/1706525116086.jpg",
    "title": "Laser Etched Black Granite Headstone"
  },
  {
    "id": "1706140797648",
    "img": "https://www.forevershining.com.au/design/saved-designs/screenshots/2024/01/1706140797648.jpg",
    "title": "Laser Etched Black Granite Headstone"
  },
  {
    "id": "1706138694004",
    "img": "https://www.forevershining.com.au/design/saved-designs/screenshots/2024/01/1706138694004.jpg",
    "title": "Laser Etched Black Granite Headstone"
  },
  {
    "id": "1699273901889",
    "img": "https://www.forevershining.com.au/design/saved-designs/screenshots/2023/11/1699273901889.jpg",
    "title": "Laser Etched Black Granite Headstone"
  },
  {
    "id": "1699271609561",
    "img": "https://www.forevershining.com.au/design/saved-designs/screenshots/2023/11/1699271609561.jpg",
    "title": "Laser Etched Black Granite Headstone"
  },
  {
    "id": "1699158201791",
    "img": "https://www.forevershining.com.au/design/saved-designs/screenshots/2023/11/1699158201791.jpg",
    "title": "Laser Etched Black Granite Headstone"
  },
  {
    "id": "1696006381740",
    "img": "https://www.forevershining.com.au/design/saved-designs/screenshots/2023/09/1696006381740.jpg",
    "title": "Laser Etched Black Granite Headstone"
  },
  {
    "id": "1694942775164",
    "img": "https://www.forevershining.com.au/design/saved-designs/screenshots/2023/09/1694942775164.jpg",
    "title": "Laser Etched Black Granite Headstone"
  },
  {
    "id": "1694936398679",
    "img": "https://www.forevershining.com.au/design/saved-designs/screenshots/2023/09/1694936398679.jpg",
    "title": "Laser Etched Black Granite Headstone"
  },
  {
    "id": "1693288833609",
    "img": "https://www.forevershining.com.au/design/saved-designs/screenshots/2023/08/1693288833609.jpg",
    "title": "Laser Etched Black Granite Headstone"
  },
  {
    "id": "1690363642986",
    "img": "https://www.forevershining.com.au/design/saved-designs/screenshots/2023/07/1690363642986.jpg",
    "title": "Laser Etched Black Granite Headstone"
  },
  {
    "id": "1690351510747",
    "img": "https://www.forevershining.com.au/design/saved-designs/screenshots/2023/07/1690351510747.jpg",
    "title": "Laser Etched Black Granite Headstone"
  },
  {
    "id": "1690350890244",
    "img": "https://www.forevershining.com.au/design/saved-designs/screenshots/2023/07/1690350890244.jpg",
    "title": "Laser Etched Black Granite Headstone"
  },
  {
    "id": "1690344549112",
    "img": "https://www.forevershining.com.au/design/saved-designs/screenshots/2023/07/1690344549112.jpg",
    "title": "Laser Etched Black Granite Headstone"
  },
  {
    "id": "1690327429274",
    "img": "https://www.forevershining.com.au/design/saved-designs/screenshots/2023/07/1690327429274.jpg",
    "title": "Laser Etched Black Granite Headstone"
  },
  {
    "id": "1689184210576",
    "img": "https://www.forevershining.com.au/design/saved-designs/screenshots/2023/07/1689184210576.jpg",
    "title": "Laser Etched Black Granite Headstone"
  },
  {
    "id": "1686932942113",
    "img": "https://www.forevershining.com.au/design/saved-designs/screenshots/2023/06/1686932942113.jpg",
    "title": "Laser Etched Black Granite Headstone"
  },
  {
    "id": "1686702107933",
    "img": "https://www.forevershining.com.au/design/saved-designs/screenshots/2023/06/1686702107933.jpg",
    "title": "Laser Etched Black Granite Headstone"
  },
  {
    "id": "1686559611388",
    "img": "https://www.forevershining.com.au/design/saved-designs/screenshots/2023/06/1686559611388.jpg",
    "title": "Laser Etched Black Granite Headstone"
  },
  {
    "id": "1684987673794",
    "img": "https://www.forevershining.com.au/design/saved-designs/screenshots/2023/05/1684987673794.jpg",
    "title": "Laser Etched Black Granite Headstone"
  },
  {
    "id": "1684987214402",
    "img": "https://www.forevershining.com.au/design/saved-designs/screenshots/2023/05/1684987214402.jpg",
    "title": "Laser Etched Black Granite Headstone"
  },
  {
    "id": "1684471420564",
    "img": "https://www.forevershining.com.au/design/saved-designs/screenshots/2023/05/1684471420564.jpg",
    "title": "Laser Etched Black Granite Headstone"
  },
  {
    "id": "1683713391570",
    "img": "https://www.forevershining.com.au/design/saved-designs/screenshots/2023/05/1683713391570.jpg",
    "title": "Laser Etched Black Granite Headstone"
  },
  {
    "id": "1683711466299",
    "img": "https://www.forevershining.com.au/design/saved-designs/screenshots/2023/05/1683711466299.jpg",
    "title": "Laser Etched Black Granite Headstone"
  },
  {
    "id": "1683711290732",
    "img": "https://www.forevershining.com.au/design/saved-designs/screenshots/2023/05/1683711290732.jpg",
    "title": "Laser Etched Black Granite Headstone"
  },
  {
    "id": "1683700859024",
    "img": "https://www.forevershining.com.au/design/saved-designs/screenshots/2023/05/1683700859024.jpg",
    "title": "Laser Etched Black Granite Headstone"
  },
  {
    "id": "1683635098189",
    "img": "https://www.forevershining.com.au/design/saved-designs/screenshots/2023/05/1683635098189.jpg",
    "title": "Laser Etched Black Granite Headstone"
  },
  {
    "id": "1683633849769",
    "img": "https://www.forevershining.com.au/design/saved-designs/screenshots/2023/05/1683633849769.jpg",
    "title": "Laser Etched Black Granite Headstone"
  },
  {
    "id": "1683439663017",
    "img": "https://www.forevershining.com.au/design/saved-designs/screenshots/2023/05/1683439663017.jpg",
    "title": "Laser Etched Black Granite Headstone"
  },
  {
    "id": "1683437086383",
    "img": "https://www.forevershining.com.au/design/saved-designs/screenshots/2023/05/1683437086383.jpg",
    "title": "Laser Etched Black Granite Headstone"
  },
  {
    "id": "1683117236621",
    "img": "https://www.forevershining.com.au/design/saved-designs/screenshots/2023/05/1683117236621.jpg",
    "title": "Laser Etched Black Granite Headstone"
  },
  {
    "id": "1682747010316",
    "img": "https://www.forevershining.com.au/design/saved-designs/screenshots/2023/04/1682747010316.jpg",
    "title": "Laser Etched Black Granite Headstone"
  },
  {
    "id": "1680584151446",
    "img": "https://www.forevershining.com.au/design/saved-designs/screenshots/2023/04/1680584151446.jpg",
    "title": "Laser Etched Black Granite Headstone"
  },
  {
    "id": "1680583922210",
    "img": "https://www.forevershining.com.au/design/saved-designs/screenshots/2023/04/1680583922210.jpg",
    "title": "Laser Etched Black Granite Headstone"
  },
  {
    "id": "1680583526059",
    "img": "https://www.forevershining.com.au/design/saved-designs/screenshots/2023/04/1680583526059.jpg",
    "title": "Laser Etched Black Granite Headstone"
  },
  {
    "id": "1680582555061",
    "img": "https://www.forevershining.com.au/design/saved-designs/screenshots/2023/04/1680582555061.jpg",
    "title": "Laser Etched Black Granite Headstone"
  },
  {
    "id": "1680554598718",
    "img": "https://www.forevershining.com.au/design/saved-designs/screenshots/2023/04/1680554598718.jpg",
    "title": "Laser Etched Black Granite Headstone"
  },
  {
    "id": "1680529825408",
    "img": "https://www.forevershining.com.au/design/saved-designs/screenshots/2023/04/1680529825408.jpg",
    "title": "Laser Etched Black Granite Headstone"
  },
  {
    "id": "1679645022512",
    "img": "https://www.forevershining.com.au/design/saved-designs/screenshots/2023/04/1679645022512.jpg",
    "title": "Laser Etched Black Granite Headstone"
  },
  {
    "id": "1679661223605",
    "img": "https://www.forevershining.com.au/design/saved-designs/screenshots/2023/03/1679661223605.jpg",
    "title": "Laser Etched Black Granite Headstone"
  },
  {
    "id": "1679286663317",
    "img": "https://www.forevershining.com.au/design/saved-designs/screenshots/2023/03/1679286663317.jpg",
    "title": "Laser Etched Black Granite Headstone"
  },
  {
    "id": "1678791988662",
    "img": "https://www.forevershining.com.au/design/saved-designs/screenshots/2023/03/1678791988662.jpg",
    "title": "Laser Etched Black Granite Headstone"
  },
  {
    "id": "1678704111819",
    "img": "https://www.forevershining.com.au/design/saved-designs/screenshots/2023/03/1678704111819.jpg",
    "title": "Laser Etched Black Granite Headstone"
  },
  {
    "id": "1676478229719",
    "img": "https://www.forevershining.com.au/design/saved-designs/screenshots/2023/02/1676478229719.jpg",
    "title": "Laser Etched Black Granite Headstone"
  },
  {
    "id": "1673762197619",
    "img": "https://www.forevershining.com.au/design/saved-designs/screenshots/2023/02/1673762197619.jpg",
    "title": "Laser Etched Black Granite Headstone"
  },
  {
    "id": "1675392392027",
    "img": "https://www.forevershining.com.au/design/saved-designs/screenshots/2023/02/1675392392027.jpg",
    "title": "Laser Etched Black Granite Headstone"
  },
  {
    "id": "1675344688057",
    "img": "https://www.forevershining.com.au/design/saved-designs/screenshots/2023/02/1675344688057.jpg",
    "title": "Laser Etched Black Granite Headstone"
  },
  {
    "id": "1675341952030",
    "img": "https://www.forevershining.com.au/design/saved-designs/screenshots/2023/02/1675341952030.jpg",
    "title": "Laser Etched Black Granite Headstone"
  },
  {
    "id": "1673746542595",
    "img": "https://www.forevershining.com.au/design/saved-designs/screenshots/2023/01/1673746542595.jpg",
    "title": "Laser Etched Black Granite Headstone"
  },
  {
    "id": "1673342612432",
    "img": "https://www.forevershining.com.au/design/saved-designs/screenshots/2023/01/1673342612432.jpg",
    "title": "Laser Etched Black Granite Headstone"
  },
  {
    "id": "1673341521698",
    "img": "https://www.forevershining.com.au/design/saved-designs/screenshots/2023/01/1673341521698.jpg",
    "title": "Laser Etched Black Granite Headstone"
  },
  {
    "id": "1672220204401",
    "img": "https://www.forevershining.com.au/design/saved-designs/screenshots/2022/12/1672220204401.jpg",
    "title": "Laser Etched Black Granite Headstone"
  },
  {
    "id": "1671186429090",
    "img": "https://www.forevershining.com.au/design/saved-designs/screenshots/2022/12/1671186429090.jpg",
    "title": "Laser Etched Black Granite Headstone"
  },
  {
    "id": "1670559203439",
    "img": "https://www.forevershining.com.au/design/saved-designs/screenshots/2022/12/1670559203439.jpg",
    "title": "Laser Etched Black Granite Headstone"
  },
  {
    "id": "1670489407056",
    "img": "https://www.forevershining.com.au/design/saved-designs/screenshots/2022/12/1670489407056.jpg",
    "title": "Laser Etched Black Granite Headstone"
  },
  {
    "id": "1669882495099",
    "img": "https://www.forevershining.com.au/design/saved-designs/screenshots/2022/12/1669882495099.jpg",
    "title": "Laser Etched Black Granite Headstone"
  },
  {
    "id": "1669760693602",
    "img": "https://www.forevershining.com.au/design/saved-designs/screenshots/2022/11/1669760693602.jpg",
    "title": "Laser Etched Black Granite Headstone"
  },
  {
    "id": "1668642306443",
    "img": "https://www.forevershining.com.au/design/saved-designs/screenshots/2022/11/1668642306443.jpg",
    "title": "Laser Etched Black Granite Headstone"
  },
  {
    "id": "1668641364550",
    "img": "https://www.forevershining.com.au/design/saved-designs/screenshots/2022/11/1668641364550.jpg",
    "title": "Laser Etched Black Granite Headstone"
  },
  {
    "id": "1668640382200",
    "img": "https://www.forevershining.com.au/design/saved-designs/screenshots/2022/11/1668640382200.jpg",
    "title": "Laser Etched Black Granite Headstone"
  },
  {
    "id": "1668635379870",
    "img": "https://www.forevershining.com.au/design/saved-designs/screenshots/2022/11/1668635379870.jpg",
    "title": "Laser Etched Black Granite Headstone"
  },
  {
    "id": "1666254445496",
    "img": "https://www.forevershining.com.au/design/saved-designs/screenshots/2022/10/1666254445496.jpg",
    "title": "Laser Etched Black Granite Headstone"
  },
  {
    "id": "1665709112618",
    "img": "https://www.forevershining.com.au/design/saved-designs/screenshots/2022/10/1665709112618.jpg",
    "title": "Laser Etched Black Granite Headstone"
  },
  {
    "id": "1665647039904",
    "img": "https://www.forevershining.com.au/design/saved-designs/screenshots/2022/10/1665647039904.jpg",
    "title": "Laser Etched Black Granite Headstone"
  },
  {
    "id": "1664249923140",
    "img": "https://www.forevershining.com.au/design/saved-designs/screenshots/2022/09/1664249923140.jpg",
    "title": "Laser Etched Black Granite Headstone"
  },
  {
    "id": "1664249784994",
    "img": "https://www.forevershining.com.au/design/saved-designs/screenshots/2022/09/1664249784994.jpg",
    "title": "Laser Etched Black Granite Headstone"
  },
  {
    "id": "1663199881259",
    "img": "https://www.forevershining.com.au/design/saved-designs/screenshots/2022/09/1663199881259.jpg",
    "title": "Laser Etched Black Granite Headstone"
  },
  {
    "id": "1662851117541",
    "img": "https://www.forevershining.com.au/design/saved-designs/screenshots/2022/09/1662851117541.jpg",
    "title": "Laser Etched Black Granite Headstone"
  },
  {
    "id": "1662359161275",
    "img": "https://www.forevershining.com.au/design/saved-designs/screenshots/2022/09/1662359161275.jpg",
    "title": "Laser Etched Black Granite Headstone"
  },
  {
    "id": "1662161450510",
    "img": "https://www.forevershining.com.au/design/saved-designs/screenshots/2022/09/1662161450510.jpg",
    "title": "Laser Etched Black Granite Headstone"
  },
  {
    "id": "1662086426746",
    "img": "https://www.forevershining.com.au/design/saved-designs/screenshots/2022/09/1662086426746.jpg",
    "title": "Laser Etched Black Granite Headstone"
  },
  {
    "id": "1662085769367",
    "img": "https://www.forevershining.com.au/design/saved-designs/screenshots/2022/09/1662085769367.jpg",
    "title": "Laser Etched Black Granite Headstone"
  },
  {
    "id": "1662080077125",
    "img": "https://www.forevershining.com.au/design/saved-designs/screenshots/2022/09/1662080077125.jpg",
    "title": "Laser Etched Black Granite Headstone"
  },
  {
    "id": "1662038154545",
    "img": "https://www.forevershining.com.au/design/saved-designs/screenshots/2022/09/1662038154545.jpg",
    "title": "Laser Etched Black Granite Headstone"
  },
  {
    "id": "1662034661534",
    "img": "https://www.forevershining.com.au/design/saved-designs/screenshots/2022/09/1662034661534.jpg",
    "title": "Laser Etched Black Granite Headstone"
  },
  {
    "id": "1662025252646",
    "img": "https://www.forevershining.com.au/design/saved-designs/screenshots/2022/09/1662025252646.jpg",
    "title": "Laser Etched Black Granite Headstone"
  },
  {
    "id": "1661465880870",
    "img": "https://www.forevershining.com.au/design/saved-designs/screenshots/2022/08/1661465880870.jpg",
    "title": "Laser Etched Black Granite Headstone"
  },
  {
    "id": "1661427572248",
    "img": "https://www.forevershining.com.au/design/saved-designs/screenshots/2022/08/1661427572248.jpg",
    "title": "Laser Etched Black Granite Headstone"
  },
  {
    "id": "1661232072171",
    "img": "https://www.forevershining.com.au/design/saved-designs/screenshots/2022/08/1661232072171.jpg",
    "title": "Laser Etched Black Granite Headstone"
  },
  {
    "id": "1661173310532",
    "img": "https://www.forevershining.com.au/design/saved-designs/screenshots/2022/08/1661173310532.jpg",
    "title": "Laser Etched Black Granite Headstone"
  },
  {
    "id": "1661172756186",
    "img": "https://www.forevershining.com.au/design/saved-designs/screenshots/2022/08/1661172756186.jpg",
    "title": "Laser Etched Black Granite Headstone"
  },
  {
    "id": "1661172571318",
    "img": "https://www.forevershining.com.au/design/saved-designs/screenshots/2022/08/1661172571318.jpg",
    "title": "Laser Etched Black Granite Headstone"
  },
  {
    "id": "1661170251500",
    "img": "https://www.forevershining.com.au/design/saved-designs/screenshots/2022/08/1661170251500.jpg",
    "title": "Laser Etched Black Granite Headstone"
  },
  {
    "id": "1660360808057",
    "img": "https://www.forevershining.com.au/design/saved-designs/screenshots/2022/08/1660360808057.jpg",
    "title": "Laser Etched Black Granite Headstone"
  },
  {
    "id": "1660358595658",
    "img": "https://www.forevershining.com.au/design/saved-designs/screenshots/2022/08/1660358595658.jpg",
    "title": "Laser Etched Black Granite Headstone"
  },
  {
    "id": "1660358244895",
    "img": "https://www.forevershining.com.au/design/saved-designs/screenshots/2022/08/1660358244895.jpg",
    "title": "Laser Etched Black Granite Headstone"
  },
  {
    "id": "1660356081333",
    "img": "https://www.forevershining.com.au/design/saved-designs/screenshots/2022/08/1660356081333.jpg",
    "title": "Laser Etched Black Granite Headstone"
  },
  {
    "id": "1657520416638",
    "img": "https://www.forevershining.com.au/design/saved-designs/screenshots/2022/07/1657520416638.jpg",
    "title": "Laser Etched Black Granite Headstone"
  },
  {
    "id": "1657497326930",
    "img": "https://www.forevershining.com.au/design/saved-designs/screenshots/2022/07/1657497326930.jpg",
    "title": "Laser Etched Black Granite Headstone"
  },
  {
    "id": "1657340113783",
    "img": "https://www.forevershining.com.au/design/saved-designs/screenshots/2022/07/1657340113783.jpg",
    "title": "Laser Etched Black Granite Headstone"
  },
  {
    "id": "1656125953608",
    "img": "https://www.forevershining.com.au/design/saved-designs/screenshots/2022/06/1656125953608.jpg",
    "title": "Laser Etched Black Granite Headstone"
  },
  {
    "id": "1656043886449",
    "img": "https://www.forevershining.com.au/design/saved-designs/screenshots/2022/06/1656043886449.jpg",
    "title": "Laser Etched Black Granite Headstone"
  },
  {
    "id": "1653554761704",
    "img": "https://www.forevershining.com.au/design/saved-designs/screenshots/2022/05/1653554761704.jpg",
    "title": "Laser Etched Black Granite Headstone"
  },
  {
    "id": "1653554259198",
    "img": "https://www.forevershining.com.au/design/saved-designs/screenshots/2022/05/1653554259198.jpg",
    "title": "Laser Etched Black Granite Headstone"
  },
  {
    "id": "1653296274488",
    "img": "https://www.forevershining.com.au/design/saved-designs/screenshots/2022/05/1653296274488.jpg",
    "title": "Laser Etched Black Granite Headstone"
  },
  {
    "id": "1651321002973",
    "img": "https://www.forevershining.com.au/design/saved-designs/screenshots/2022/04/1651321002973.jpg",
    "title": "Laser Etched Black Granite Headstone"
  },
  {
    "id": "1651320033029",
    "img": "https://www.forevershining.com.au/design/saved-designs/screenshots/2022/04/1651320033029.jpg",
    "title": "Laser Etched Black Granite Headstone"
  },
  {
    "id": "1647578812677",
    "img": "https://www.forevershining.com.au/design/saved-designs/screenshots/2022/03/1647578812677.jpg",
    "title": "Laser Etched Black Granite Headstone"
  },
  {
    "id": "1647577848591",
    "img": "https://www.forevershining.com.au/design/saved-designs/screenshots/2022/03/1647577848591.jpg",
    "title": "Laser Etched Black Granite Headstone"
  },
  {
    "id": "1647411274236",
    "img": "https://www.forevershining.com.au/design/saved-designs/screenshots/2022/03/1647411274236.jpg",
    "title": "Laser Etched Black Granite Headstone"
  },
  {
    "id": "1645410897555",
    "img": "https://www.forevershining.com.au/design/saved-designs/screenshots/2022/02/1645410897555.jpg",
    "title": "Laser Etched Black Granite Headstone"
  },
  {
    "id": "1644478601319",
    "img": "https://www.forevershining.com.au/design/saved-designs/screenshots/2022/02/1644478601319.jpg",
    "title": "Laser Etched Black Granite Headstone"
  },
  {
    "id": "1644051639166",
    "img": "https://www.forevershining.com.au/design/saved-designs/screenshots/2022/02/1644051639166.jpg",
    "title": "Laser Etched Black Granite Headstone"
  },
  {
    "id": "1643935066704",
    "img": "https://www.forevershining.com.au/design/saved-designs/screenshots/2022/02/1643935066704.jpg",
    "title": "Laser Etched Black Granite Headstone"
  },
  {
    "id": "1643934203715",
    "img": "https://www.forevershining.com.au/design/saved-designs/screenshots/2022/02/1643934203715.jpg",
    "title": "Laser Etched Black Granite Headstone"
  },
  {
    "id": "1643933223913",
    "img": "https://www.forevershining.com.au/design/saved-designs/screenshots/2022/02/1643933223913.jpg",
    "title": "Laser Etched Black Granite Headstone"
  },
  {
    "id": "1637624041881",
    "img": "https://www.forevershining.com.au/design/saved-designs/screenshots/2021/11/1637624041881.jpg",
    "title": "Laser Etched Black Granite Headstone"
  },
  {
    "id": "1637110757047",
    "img": "https://www.forevershining.com.au/design/saved-designs/screenshots/2021/11/1637110757047.jpg",
    "title": "Laser Etched Black Granite Headstone"
  },
  {
    "id": "1635152024948",
    "img": "https://www.forevershining.com.au/design/saved-designs/screenshots/2021/10/1635152024948.jpg",
    "title": "Laser Etched Black Granite Headstone"
  },
  {
    "id": "1635150431566",
    "img": "https://www.forevershining.com.au/design/saved-designs/screenshots/2021/10/1635150431566.jpg",
    "title": "Laser Etched Black Granite Headstone"
  },
  {
    "id": "1635148327886",
    "img": "https://www.forevershining.com.au/design/saved-designs/screenshots/2021/10/1635148327886.jpg",
    "title": "Laser Etched Black Granite Headstone"
  },
  {
    "id": "1635022802183",
    "img": "https://www.forevershining.com.au/design/saved-designs/screenshots/2021/10/1635022802183.jpg",
    "title": "Laser Etched Black Granite Headstone"
  },
  {
    "id": "1635022692672",
    "img": "https://www.forevershining.com.au/design/saved-designs/screenshots/2021/10/1635022692672.jpg",
    "title": "Laser Etched Black Granite Headstone"
  },
  {
    "id": "1633059435638",
    "img": "https://www.forevershining.com.au/design/saved-designs/screenshots/2021/10/1633059435638.jpg",
    "title": "Laser Etched Black Granite Headstone"
  },
  {
    "id": "1632178983921",
    "img": "https://www.forevershining.com.au/design/saved-designs/screenshots/2021/09/1632178983921.jpg",
    "title": "Laser Etched Black Granite Headstone"
  },
  {
    "id": "1632140219991",
    "img": "https://www.forevershining.com.au/design/saved-designs/screenshots/2021/09/1632140219991.jpg",
    "title": "Laser Etched Black Granite Headstone"
  },
  {
    "id": "1631590335173",
    "img": "https://www.forevershining.com.au/design/saved-designs/screenshots/2021/09/1631590335173.jpg",
    "title": "Laser Etched Black Granite Headstone"
  },
  {
    "id": "1631403259105",
    "img": "https://www.forevershining.com.au/design/saved-designs/screenshots/2021/09/1631403259105.jpg",
    "title": "Laser Etched Black Granite Headstone"
  },
  {
    "id": "1625992449314",
    "img": "https://www.forevershining.com.au/design/saved-designs/screenshots/2021/07/1625992449314.jpg",
    "title": "Laser Etched Black Granite Headstone"
  },
  {
    "id": "1625988828872",
    "img": "https://www.forevershining.com.au/design/saved-designs/screenshots/2021/07/1625988828872.jpg",
    "title": "Laser Etched Black Granite Headstone"
  },
  {
    "id": "1625983622436",
    "img": "https://www.forevershining.com.au/design/saved-designs/screenshots/2021/07/1625983622436.jpg",
    "title": "Laser Etched Black Granite Headstone"
  },
  {
    "id": "1625551222859",
    "img": "https://www.forevershining.com.au/design/saved-designs/screenshots/2021/07/1625551222859.jpg",
    "title": "Laser Etched Black Granite Headstone"
  },
  {
    "id": "1625497470227",
    "img": "https://www.forevershining.com.au/design/saved-designs/screenshots/2021/07/1625497470227.jpg",
    "title": "Laser Etched Black Granite Headstone"
  },
  {
    "id": "1617247853243",
    "img": "https://www.forevershining.com.au/design/saved-designs/screenshots/2021/04/1617247853243.jpg",
    "title": "Laser Etched Black Granite Headstone"
  },
  {
    "id": "1617247808212",
    "img": "https://www.forevershining.com.au/design/saved-designs/screenshots/2021/04/1617247808212.jpg",
    "title": "Laser Etched Black Granite Headstone"
  },
  {
    "id": "1617242873110",
    "img": "https://www.forevershining.com.au/design/saved-designs/screenshots/2021/04/1617242873110.jpg",
    "title": "Laser Etched Black Granite Headstone"
  },
  {
    "id": "1617239637066",
    "img": "https://www.forevershining.com.au/design/saved-designs/screenshots/2021/04/1617239637066.jpg",
    "title": "Laser Etched Black Granite Headstone"
  },
  {
    "id": "1616389125172",
    "img": "https://www.forevershining.com.au/design/saved-designs/screenshots/2021/03/1616389125172.jpg",
    "title": "Laser Etched Black Granite Headstone"
  },
  {
    "id": "1615530888031",
    "img": "https://www.forevershining.com.au/design/saved-designs/screenshots/2021/03/1615530888031.jpg",
    "title": "Laser Etched Black Granite Headstone"
  },
  {
    "id": "1611121088787",
    "img": "https://www.forevershining.com.au/design/saved-designs/screenshots/2021/01/1611121088787.jpg",
    "title": "Laser Etched Black Granite Headstone"
  },
  {
    "id": "1600279964986",
    "img": "https://www.forevershining.com.au/design/saved-designs/screenshots/2020/09/1600279964986.jpg",
    "title": "Laser Etched Black Granite Headstone"
  },
  {
    "id": "1600221345234",
    "img": "https://www.forevershining.com.au/design/saved-designs/screenshots/2020/09/1600221345234.jpg",
    "title": "Laser Etched Black Granite Headstone"
  },
  {
    "id": "1600142266788",
    "img": "https://www.forevershining.com.au/design/saved-designs/screenshots/2020/09/1600142266788.jpg",
    "title": "Laser Etched Black Granite Headstone"
  },
  {
    "id": "1598769164937",
    "img": "https://www.forevershining.com.au/design/saved-designs/screenshots/2020/08/1598769164937.jpg",
    "title": "Laser Etched Black Granite Headstone"
  },
  {
    "id": "1596273983214",
    "img": "https://www.forevershining.com.au/design/saved-designs/screenshots/2020/08/1596273983214.jpg",
    "title": "Laser Etched Black Granite Headstone"
  },
  {
    "id": "1596189500945",
    "img": "https://www.forevershining.com.au/design/saved-designs/screenshots/2020/07/1596189500945.jpg",
    "title": "Laser Etched Black Granite Headstone"
  },
  {
    "id": "1596191189446",
    "img": "https://www.forevershining.com.au/design/saved-designs/screenshots/2020/07/1596191189446.jpg",
    "title": "Laser Etched Black Granite Headstone"
  },
  {
    "id": "1594982308467",
    "img": "https://www.forevershining.com.au/design/saved-designs/screenshots/2020/07/1594982308467.jpg",
    "title": "Laser Etched Black Granite Headstone"
  },
  {
    "id": "1593938637783",
    "img": "https://www.forevershining.com.au/design/saved-designs/screenshots/2020/07/1593938637783.jpg",
    "title": "Laser Etched Black Granite Headstone"
  },
  {
    "id": "1593938121713",
    "img": "https://www.forevershining.com.au/design/saved-designs/screenshots/2020/07/1593938121713.jpg",
    "title": "Laser Etched Black Granite Headstone"
  },
  {
    "id": "1593785391389",
    "img": "https://www.forevershining.com.au/design/saved-designs/screenshots/2020/07/1593785391389.jpg",
    "title": "Laser Etched Black Granite Headstone"
  },
  {
    "id": "1593784863247",
    "img": "https://www.forevershining.com.au/design/saved-designs/screenshots/2020/07/1593784863247.jpg",
    "title": "Laser Etched Black Granite Headstone"
  },
  {
    "id": "1593784308526",
    "img": "https://www.forevershining.com.au/design/saved-designs/screenshots/2020/07/1593784308526.jpg",
    "title": "Laser Etched Black Granite Headstone"
  },
  {
    "id": "1593783922462",
    "img": "https://www.forevershining.com.au/design/saved-designs/screenshots/2020/07/1593783922462.jpg",
    "title": "Laser Etched Black Granite Headstone"
  },
  {
    "id": "1593782789741",
    "img": "https://www.forevershining.com.au/design/saved-designs/screenshots/2020/07/1593782789741.jpg",
    "title": "Laser Etched Black Granite Headstone"
  },
  {
    "id": "1593782521242",
    "img": "https://www.forevershining.com.au/design/saved-designs/screenshots/2020/07/1593782521242.jpg",
    "title": "Laser Etched Black Granite Headstone"
  },
  {
    "id": "1592912762647",
    "img": "https://www.forevershining.com.au/design/saved-designs/screenshots/2020/06/1592912762647.jpg",
    "title": "Laser Etched Black Granite Headstone"
  },
  {
    "id": "1592867092799",
    "img": "https://www.forevershining.com.au/design/saved-designs/screenshots/2020/06/1592867092799.jpg",
    "title": "Laser Etched Black Granite Headstone"
  },
  {
    "id": "1592273064793",
    "img": "https://www.forevershining.com.au/design/saved-designs/screenshots/1592273064793.jpg",
    "title": "Laser Etched Black Granite Headstone"
  },
  {
    "id": "1592182375973",
    "img": "https://www.forevershining.com.au/design/saved-designs/screenshots/1592182375973.jpg",
    "title": "Laser Etched Black Granite Headstone"
  },
  {
    "id": "1591591642427",
    "img": "https://www.forevershining.com.au/design/saved-designs/screenshots/1591591642427.jpg",
    "title": "Laser Etched Black Granite Headstone"
  },
  {
    "id": "1590988237179",
    "img": "https://www.forevershining.com.au/design/saved-designs/screenshots/1590988237179.jpg",
    "title": "Laser Etched Black Granite Headstone"
  },
  {
    "id": "1590917066494",
    "img": "https://www.forevershining.com.au/design/saved-designs/screenshots/1590917066494.jpg",
    "title": "Laser Etched Black Granite Headstone"
  },
  {
    "id": "1588745066812",
    "img": "https://www.forevershining.com.au/design/saved-designs/screenshots/1588745066812.jpg",
    "title": "Laser Etched Black Granite Headstone"
  },
  {
    "id": "1586137584321",
    "img": "https://www.forevershining.com.au/design/saved-designs/screenshots/1586137584321.jpg",
    "title": "Laser Etched Black Granite Headstone"
  },
  {
    "id": "1583061974868",
    "img": "https://www.forevershining.com.au/design/saved-designs/screenshots/1583061974868.jpg",
    "title": "Laser Etched Black Granite Headstone"
  },
  {
    "id": "1582959702944",
    "img": "https://www.forevershining.com.au/design/saved-designs/screenshots/1582959702944.jpg",
    "title": "Laser Etched Black Granite Headstone"
  },
  {
    "id": "1582958866120",
    "img": "https://www.forevershining.com.au/design/saved-designs/screenshots/1582958866120.jpg",
    "title": "Laser Etched Black Granite Headstone"
  },
  {
    "id": "1681693554085",
    "img": "https://www.forevershining.com.au/design/saved-designs/screenshots/2023/04/1681693554085.jpg",
    "title": "Laser Etched Black Granite Headstone"
  },
  {
    "id": "1681455351566",
    "img": "https://www.forevershining.com.au/design/saved-designs/screenshots/2023/04/1681455351566.jpg",
    "title": "Laser Etched Black Granite Headstone"
  },
  {
    "id": "1681455238469",
    "img": "https://www.forevershining.com.au/design/saved-designs/screenshots/2023/04/1681455238469.jpg",
    "title": "Laser Etched Black Granite Headstone"
  },
  {
    "id": "1681452746066",
    "img": "https://www.forevershining.com.au/design/saved-designs/screenshots/2023/04/1681452746066.jpg",
    "title": "Laser Etched Black Granite Headstone"
  },
  {
    "id": "1681421194259",
    "img": "https://www.forevershining.com.au/design/saved-designs/screenshots/2023/04/1681421194259.jpg",
    "title": "Laser Etched Black Granite Headstone"
  },
  {
    "id": "1661306232978",
    "img": "https://www.forevershining.com.au/design/saved-designs/screenshots/2022/08/1661306232978.jpg",
    "title": "Laser Etched Black Granite Headstone"
  },
  {
    "id": "1661087941635",
    "img": "https://www.forevershining.com.au/design/saved-designs/screenshots/2022/08/1661087941635.jpg",
    "title": "Laser Etched Black Granite Headstone"
  },
  {
    "id": "1661086563165",
    "img": "https://www.forevershining.com.au/design/saved-designs/screenshots/2022/08/1661086563165.jpg",
    "title": "Laser Etched Black Granite Headstone"
  },
  {
    "id": "1661060409055",
    "img": "https://www.forevershining.com.au/design/saved-designs/screenshots/2022/08/1661060409055.jpg",
    "title": "Laser Etched Black Granite Headstone"
  },
  {
    "id": "1629086965257",
    "img": "https://www.forevershining.com.au/design/saved-designs/screenshots/2021/08/1629086965257.jpg",
    "title": "Laser Etched Black Granite Headstone"
  }
]