[
  {
    "id": "1719298057748",
    "img": "https://www.forevershining.com.au/design/saved-designs/screenshots/2024/06/1719298057748.jpg",
    "title": "Traditional Engraved Granite Headstone"
  },
  {
    "id": "1713421016901",
    "img": "https://www.forevershining.com.au/design/saved-designs/screenshots/2024/04/1713421016901.jpg",
    "title": "Traditional Engraved Granite Headstone"
  },
  {
    "id": "1713418430815",
    "img": "https://www.forevershining.com.au/design/saved-designs/screenshots/2024/04/1713418430815.jpg",
    "title": "Traditional Engraved Granite Headstone"
  },
  {
    "id": "1706139554703",
    "img": "https://www.forevershining.com.au/design/saved-designs/screenshots/2024/01/1706139554703.jpg",
    "title": "Traditional Engraved Granite Headstone"
  },
  {
    "id": "1680774239204",
    "img": "https://www.forevershining.com.au/design/saved-designs/screenshots/2023/04/1680774239204.jpg",
    "title": "Traditional Engraved Granite Headstone"
  },
  {
    "id": "1679200735587",
    "img": "https://www.forevershining.com.au/design/saved-designs/screenshots/2023/03/1679200735587.jpg",
    "title": "Traditional Engraved Granite Headstone"
  },
  {
    "id": "1679137092776",
    "img": "https://www.forevershining.com.au/design/saved-designs/screenshots/2023/03/1679137092776.jpg",
    "title": "Traditional Engraved Granite Headstone"
  },
  {
    "id": "1679120093247",
    "img": "https://www.forevershining.com.au/design/saved-designs/screenshots/2023/03/1679120093247.jpg",
    "title": "Traditional Engraved Granite Headstone"
  },
  {
    "id": "1679111749084",
    "img": "https://www.forevershining.com.au/design/saved-designs/screenshots/2023/03/1679111749084.jpg",
    "title": "Traditional Engraved Granite Headstone"
  },
  {
    "id": "1678788819159",
    "img": "https://www.forevershining.com.au/design/saved-designs/screenshots/2023/03/1678788819159.jpg",
    "title": "Traditional Engraved Granite Headstone"
  },
  {
    "id": "1676006421521",
    "img": "https://www.forevershining.com.au/design/saved-designs/screenshots/2023/02/1676006421521.jpg",
    "title": "Traditional Engraved Granite Headstone"
  },
  {
    "id": "1676006077628",
    "img": "https://www.forevershining.com.au/design/saved-designs/screenshots/2023/02/1676006077628.jpg",
    "title": "Traditional Engraved Granite Headstone"
  },
  {
    "id": "1674032667618",
    "img": "https://www.forevershining.com.au/design/saved-designs/screenshots/2023/01/1674032667618.jpg",
    "title": "Traditional Engraved Granite Headstone"
  },
  {
    "id": "1670927372773",
    "img": "https://www.forevershining.com.au/design/saved-designs/screenshots/2022/12/1670927372773.jpg",
    "title": "Traditional Engraved Granite Headstone"
  },
  {
    "id": "1670894375058",
    "img": "https://www.forevershining.com.au/design/saved-designs/screenshots/2022/12/1670894375058.jpg",
    "title": "Traditional Engraved Granite Headstone"
  },
  {
    "id": "1670893719088",
    "img": "https://www.forevershining.com.au/design/saved-designs/screenshots/2022/12/1670893719088.jpg",
    "title": "Traditional Engraved Granite Headstone"
  },
  {
    "id": "1670846024193",
    "img": "https://www.forevershining.com.au/design/saved-designs/screenshots/2022/12/1670846024193.jpg",
    "title": "Traditional Engraved Granite Headstone"
  },
  {
    "id": "1670845509396",
    "img": "https://www.forevershining.com.au/design/saved-designs/screenshots/2022/12/1670845509396.jpg",
    "title": "Traditional Engraved Granite Headstone"
  },
  {
    "id": "1670836783751",
    "img": "https://www.forevershining.com.au/design/saved-designs/screenshots/2022/12/1670836783751.jpg",
    "title": "Traditional Engraved Granite Headstone"
  },
  {
    "id": "1670494776705",
    "img": "https://www.forevershining.com.au/design/saved-designs/screenshots/2022/12/1670494776705.jpg",
    "title": "Traditional Engraved Granite Headstone"
  },
  {
    "id": "1669859440291",
    "img": "https://www.forevershining.com.au/design/saved-designs/screenshots/2022/12/1669859440291.jpg",
    "title": "Traditional Engraved Granite Headstone"
  },
  {
    "id": "1669858423499",
    "img": "https://www.forevershining.com.au/design/saved-designs/screenshots/2022/12/1669858423499.jpg",
    "title": "Traditional Engraved Granite Headstone"
  },
  {
    "id": "1669796803120",
    "img": "https://www.forevershining.com.au/design/saved-designs/screenshots/2022/11/1669796803120.jpg",
    "title": "Traditional Engraved Granite Headstone"
  },
  {
    "id": "1669796721134",
    "img": "https://www.forevershining.com.au/design/saved-designs/screenshots/2022/11/1669796721134.jpg",
    "title": "Traditional Engraved Granite Headstone"
  },
  {
    "id": "1669373663567",
    "img": "https://www.forevershining.com.au/design/saved-designs/screenshots/2022/11/1669373663567.jpg",
    "title": "Traditional Engraved Granite Headstone"
  },
  {
    "id": "1667483001647",
    "img": "https://www.forevershining.com.au/design/saved-designs/screenshots/2022/11/1667483001647.jpg",
    "title": "Traditional Engraved Granite Headstone"
  },
  {
    "id": "1665618584802",
    "img": "https://www.forevershining.com.au/design/saved-designs/screenshots/2022/10/1665618584802.jpg",
    "title": "Traditional Engraved Granite Headstone"
  },
  {
    "id": "1665617736383",
    "img": "https://www.forevershining.com.au/design/saved-designs/screenshots/2022/10/1665617736383.jpg",
    "title": "Traditional Engraved Granite Headstone"
  },
  {
    "id": "1665609903857",
    "img": "https://www.forevershining.com.au/design/saved-designs/screenshots/2022/10/1665609903857.jpg",
    "title": "Traditional Engraved Granite Headstone"
  },
  {
    "id": "1665361555937",
    "img": "https://www.forevershining.com.au/design/saved-designs/screenshots/2022/10/1665361555937.jpg",
    "title": "Traditional Engraved Granite Headstone"
  },
  {
    "id": "1664518147641",
    "img": "https://www.forevershining.com.au/design/saved-designs/screenshots/2022/09/1664518147641.jpg",
    "title": "Traditional Engraved Granite Headstone"
  },
  {
    "id": "1664517267553",
    "img": "https://www.forevershining.com.au/design/saved-designs/screenshots/2022/09/1664517267553.jpg",
    "title": "Traditional Engraved Granite Headstone"
  },
  {
    "id": "1654222051474",
    "img": "https://www.forevershining.com.au/design/saved-designs/screenshots/2022/06/1654222051474.jpg",
    "title": "Traditional Engraved Granite Headstone"
  },
  {
    "id": "1654219034050",
    "img": "https://www.forevershining.com.au/design/saved-designs/screenshots/2022/06/1654219034050.jpg",
    "title": "Traditional Engraved Granite Headstone"
  },
  {
    "id": "1653481663391",
    "img": "https://www.forevershining.com.au/design/saved-designs/screenshots/2022/05/1653481663391.jpg",
    "title": "Traditional Engraved Granite Headstone"
  },
  {
    "id": "1653481268118",
    "img": "https://www.forevershining.com.au/design/saved-designs/screenshots/2022/05/1653481268118.jpg",
    "title": "Traditional Engraved Granite Headstone"
  },
  {
    "id": "1653370275139",
    "img": "https://www.forevershining.com.au/design/saved-designs/screenshots/2022/05/1653370275139.jpg",
    "title": "Traditional Engraved Granite Headstone"
  },
  {
    "id": "1653369198111",
    "img": "https://www.forevershining.com.au/design/saved-designs/screenshots/2022/05/1653369198111.jpg",
    "title": "Traditional Engraved Granite Headstone"
  },
  {
    "id": "1653368331611",
    "img": "https://www.forevershining.com.au/design/saved-designs/screenshots/2022/05/1653368331611.jpg",
    "title": "Traditional Engraved Granite Headstone"
  },
  {
    "id": "1653367188832",
    "img": "https://www.forevershining.com.au/design/saved-designs/screenshots/2022/05/1653367188832.jpg",
    "title": "Traditional Engraved Granite Headstone"
  },
  {
    "id": "1653367204626",
    "img": "https://www.forevershining.com.au/design/saved-designs/screenshots/2022/05/1653367204626.jpg",
    "title": "Traditional Engraved Granite Headstone"
  },
  {
    "id": "1653123879690",
    "img": "https://www.forevershining.com.au/design/saved-designs/screenshots/2022/05/1653123879690.jpg",
    "title": "Traditional Engraved Granite Headstone"
  },
  {
    "id": "1653034686291",
    "img": "https://www.forevershining.com.au/design/saved-designs/screenshots/2022/05/1653034686291.jpg",
    "title": "Traditional Engraved Granite Headstone"
  },
  {
    "id": "1652963699249",
    "img": "https://www.forevershining.com.au/design/saved-designs/screenshots/2022/05/1652963699249.jpg",
    "title": "Traditional Engraved Granite Headstone"
  },
  {
    "id": "1652962758938",
    "img": "https://www.forevershining.com.au/design/saved-designs/screenshots/2022/05/1652962758938.jpg",
    "title": "Traditional Engraved Granite Headstone"
  },
  {
    "id": "1650863843255",
    "img": "https://www.forevershining.com.au/design/saved-designs/screenshots/2022/04/1650863843255.jpg",
    "title": "Traditional Engraved Granite Headstone"
  },
  {
    "id": "1644850928324",
    "img": "https://www.forevershining.com.au/design/saved-designs/screenshots/2022/02/1644850928324.jpg",
    "title": "Traditional Engraved Granite Headstone"
  },
  {
    "id": "1644849241278",
    "img": "https://www.forevershining.com.au/design/saved-designs/screenshots/2022/02/1644849241278.jpg",
    "title": "Traditional Engraved Granite Headstone"
  },
  {
    "id": "1642724383874",
    "img": "https://www.forevershining.com.au/design/saved-designs/screenshots/2022/01/1642724383874.jpg",
    "title": "Traditional Engraved Granite Headstone"
  },
  {
    "id": "1619065567082",
    "img": "https://www.forevershining.com.au/design/saved-designs/screenshots/2021/04/1619065567082.jpg",
    "title": "Traditional Engraved Granite Headstone"
  },
  {
    "id": "1607482967109",
    "img": "https://www.forevershining.com.au/design/saved-designs/screenshots/2020/12/1607482967109.jpg",
    "title": "Traditional Engraved Granite Headstone"
  },
  {
    "id": "1607480102081",
    "img": "https://www.forevershining.com.au/design/saved-designs/screenshots/2020/12/1607480102081.jpg",
    "title": "Traditional Engraved Granite Headstone"
  },
  {
    "id": "1607311348669",
    "img": "https://www.forevershining.com.au/design/saved-designs/screenshots/2020/12/1607311348669.jpg",
    "title": "Traditional Engraved Granite Headstone"
  },
  {
    "id": "1598185731648",
    "img": "https://www.forevershining.com.au/design/saved-designs/screenshots/2020/08/1598185731648.jpg",
    "title": "Traditional Engraved Granite Headstone"
  },
  {
    "id": "1598183240367",
    "img": "https://www.forevershining.com.au/design/saved-designs/screenshots/2020/08/1598183240367.jpg",
    "title": "Traditional Engraved Granite Headstone"
  },
  {
    "id": "1598155399648",
    "img": "https://www.forevershining.com.au/design/saved-designs/screenshots/2020/08/1598155399648.jpg",
    "title": "Traditional Engraved Granite Headstone"
  },
  {
    "id": "1581313049949",
    "img": "https://www.forevershining.com.au/design/saved-designs/screenshots/1581313049949.jpg",
    "title": "Traditional Engraved Granite Headstone"
  },
  {
    "id": "1580701091312",
    "img": "https://www.forevershining.com.au/design/saved-designs/screenshots/1580701091312.jpg",
    "title": "Traditional Engraved Granite Headstone"
  },
  {
    "id": "1580634381539",
    "img": "https://www.forevershining.com.au/design/saved-designs/screenshots/1580634381539.jpg",
    "title": "Traditional Engraved Granite Headstone"
  },
  {
    "id": "1578435025715",
    "img": "https://www.forevershining.com.au/design/saved-designs/screenshots/1578435025715.jpg",
    "title": "Traditional Engraved Granite Headstone"
  },
  {
    "id": "1578286822621",
    "img": "https://www.forevershining.com.au/design/saved-designs/screenshots/1578286822621.jpg",
    "title": "Traditional Engraved Granite Headstone"
  },
  {
    "id": "1714665866787",
    "img": "https://www.forevershining.com.au/design/saved-designs/screenshots/2024/05/1714665866787.jpg",
    "title": "Traditional Engraved Granite Headstone"
  },
  {
    "id": "1570700031019",
    "img": "https://www.forevershining.com.au/design/saved-designs/screenshots/1570700031019.jpg",
    "title": "Traditional Engraved Granite Headstone"
  },
  {
    "id": "1568293152249",
    "img": "https://www.forevershining.com.au/design/saved-designs/screenshots/1568293152249.jpg",
    "title": "Traditional Engraved Granite Headstone"
  },
  {
    "id": "1568245780007",
    "img": "https://www.forevershining.com.au/design/saved-designs/screenshots/1568245780007.jpg",
    "title": "Traditional Engraved Granite Headstone"
  },
  {
    "id": "1568243577635",
    "img": "https://www.forevershining.com.au/design/saved-designs/screenshots/1568243577635.jpg",
    "title": "Traditional Engraved Granite Headstone"
  },
  {
    "id": "1568240613339",
    "img": "https://www.forevershining.com.au/design/saved-designs/screenshots/1568240613339.jpg",
    "title": "Traditional Engraved Granite Headstone"
  },
  {
    "id": "1568212110985",
    "img": "https://www.forevershining.com.au/design/saved-designs/screenshots/1568212110985.jpg",
    "title": "Traditional Engraved Granite Headstone"
  },
  {
    "id": "1568161165707",
    "img": "https://www.forevershining.com.au/design/saved-designs/screenshots/1568161165707.jpg",
    "title": "Traditional Engraved Granite Headstone"
  },
  {
    "id": "1568017941096",
    "img": "https://www.forevershining.com.au/design/saved-designs/screenshots/1568017941096.jpg",
    "title": "Traditional Engraved Granite Headstone"
  },
  {
    "id": "1568017764381",
    "img": "https://www.forevershining.com.au/design/saved-designs/screenshots/1568017764381.jpg",
    "title": "Traditional Engraved Granite Headstone"
  },
  {
    "id": "1568013313742",
    "img": "https://www.forevershining.com.au/design/saved-designs/screenshots/1568013313742.jpg",
    "title": "Traditional Engraved Granite Headstone"
  },
  {
    "id": "1567991136079",
    "img": "https://www.forevershining.com.au/design/saved-designs/screenshots/1567991136079.jpg",
    "title": "Traditional Engraved Granite Headstone"
  },
  {
    "id": "1567981195577",
    "img": "https://www.forevershining.com.au/design/saved-designs/screenshots/1567981195577.jpg",
    "title": "Traditional Engraved Granite Headstone"
  },
  {
    "id": "1567901682657",
    "img": "https://www.forevershining.com.au/design/saved-designs/screenshots/1567901682657.jpg",
    "title": "Traditional Engraved Granite Headstone"
  },
  {
    "id": "1567856029639",
    "img": "https://www.forevershining.com.au/design/saved-designs/screenshots/1567856029639.jpg",
    "title": "Traditional Engraved Granite Headstone"
  },
  {
    "id": "1567854483793",
    "img": "https://www.forevershining.com.au/design/saved-designs/screenshots/1567854483793.jpg",
    "title": "Traditional Engraved Granite Headstone"
  },
  {
    "id": "1567854164599",
    "img": "https://www.forevershining.com.au/design/saved-designs/screenshots/1567854164599.jpg",
    "title": "Traditional Engraved Granite Headstone"
  },
  {
    "id": "1567838414617",
    "img": "https://www.forevershining.com.au/design/saved-designs/screenshots/1567838414617.jpg",
    "title": "Traditional Engraved Granite Headstone"
  },
  {
    "id": "1567834487694",
    "img": "https://www.forevershining.com.au/design/saved-designs/screenshots/1567834487694.jpg",
    "title": "Traditional Engraved Granite Headstone"
  },
  {
    "id": "1567824229903",
    "img": "https://www.forevershining.com.au/design/saved-designs/screenshots/1567824229903.jpg",
    "title": "Traditional Engraved Granite Headstone"
  },
  {
    "id": "1567823587739",
    "img": "https://www.forevershining.com.au/design/saved-designs/screenshots/1567823587739.jpg",
    "title": "Traditional Engraved Granite Headstone"
  },
  {
    "id": "1567751370818",
    "img": "https://www.forevershining.com.au/design/saved-designs/screenshots/1567751370818.jpg",
    "title": "Traditional Engraved Granite Headstone"
  },
  {
    "id": "1567751187864",
    "img": "https://www.forevershining.com.au/design/saved-designs/screenshots/1567751187864.jpg",
    "title": "Traditional Engraved Granite Headstone"
  },
  {
    "id": "1567751128998",
    "img": "https://www.forevershining.com.au/design/saved-designs/screenshots/1567751128998.jpg",
    "title": "Traditional Engraved Granite Headstone"
  },
  {
    "id": "1567750591924",
    "img": "https://www.forevershining.com.au/design/saved-designs/screenshots/1567750591924.jpg",
    "title": "Traditional Engraved Granite Headstone"
  },
  {
    "id": "1567750439522",
    "img": "https://www.forevershining.com.au/design/saved-designs/screenshots/1567750439522.jpg",
    "title": "Traditional Engraved Granite Headstone"
  },
  {
    "id": "1567749947973",
    "img": "https://www.forevershining.com.au/design/saved-designs/screenshots/1567749947973.jpg",
    "title": "Traditional Engraved Granite Headstone"
  },
  {
    "id": "1567749754926",
    "img": "https://www.forevershining.com.au/design/saved-designs/screenshots/1567749754926.jpg",
    "title": "Traditional Engraved Granite Headstone"
  },
  {
    "id": "1567749443582",
    "img": "https://www.forevershining.com.au/design/saved-designs/screenshots/1567749443582.jpg",
    "title": "Traditional Engraved Granite Headstone"
  },
  {
    "id": "1567749078718",
    "img": "https://www.forevershining.com.au/design/saved-designs/screenshots/1567749078718.jpg",
    "title": "Traditional Engraved Granite Headstone"
  },
  {
    "id": "1567745113247",
    "img": "https://www.forevershining.com.au/design/saved-designs/screenshots/1567745113247.jpg",
    "title": "Traditional Engraved Granite Headstone"
  },
  {
    "id": "1567745041424",
    "img": "https://www.forevershining.com.au/design/saved-designs/screenshots/1567745041424.jpg",
    "title": "Traditional Engraved Granite Headstone"
  },
  {
    "id": "1567651671124",
    "img": "https://www.forevershining.com.au/design/saved-designs/screenshots/1567651671124.jpg",
    "title": "Traditional Engraved Granite Headstone"
  },
  {
    "id": "1567555486285",
    "img": "https://www.forevershining.com.au/design/saved-designs/screenshots/1567555486285.jpg",
    "title": "Traditional Engraved Granite Headstone"
  },
  {
    "id": "1567554424486",
    "img": "https://www.forevershining.com.au/design/saved-designs/screenshots/1567554424486.jpg",
    "title": "Traditional Engraved Granite Headstone"
  },
  {
    "id": "1567552406212",
    "img": "https://www.forevershining.com.au/design/saved-designs/screenshots/1567552406212.jpg",
    "title": "Traditional Engraved Granite Headstone"
  },
  {
    "id": "1567550251764",
    "img": "https://www.forevershining.com.au/design/saved-designs/screenshots/1567550251764.jpg",
    "title": "Traditional Engraved Granite Headstone"
  },
  {
    "id": "1567493044515",
    "img": "https://www.forevershining.com.au/design/saved-designs/screenshots/1567493044515.jpg",
    "title": "Traditional Engraved Granite Headstone"
  },
  {
    "id": "1567492904284",
    "img": "https://www.forevershining.com.au/design/saved-designs/screenshots/1567492904284.jpg",
    "title": "Traditional Engraved Granite Headstone"
  },
  {
    "id": "1567473883175",
    "img": "https://www.forevershining.com.au/design/saved-designs/screenshots/1567473883175.jpg",
    "title": "Traditional Engraved Granite Headstone"
  },
  {
    "id": "1567473064453",
    "img": "https://www.forevershining.com.au/design/saved-designs/screenshots/1567473064453.jpg",
    "title": "Traditional Engraved Granite Headstone"
  },
  {
    "id": "1567419028224",
    "img": "https://www.forevershining.com.au/design/saved-designs/screenshots/1567419028224.jpg",
    "title": "Traditional Engraved Granite Headstone"
  },
  {
    "id": "1567393568081",
    "img": "https://www.forevershining.com.au/design/saved-designs/screenshots/1567393568081.jpg",
    "title": "Traditional Engraved Granite Headstone"
  },
  {
    "id": "1567388767972",
    "img": "https://www.forevershining.com.au/design/saved-designs/screenshots/1567388767972.jpg",
    "title": "Traditional Engraved Granite Headstone"
  },
  {
    "id": "1567386427191",
    "img": "https://www.forevershining.com.au/design/saved-designs/screenshots/1567386427191.jpg",
    "title": "Traditional Engraved Granite Headstone"
  },
  {
    "id": "1567381852363",
    "img": "https://www.forevershining.com.au/design/saved-designs/screenshots/1567381852363.jpg",
    "title": "Traditional Engraved Granite Headstone"
  },
  {
    "id": "1567337431643",
    "img": "https://www.forevershining.com.au/design/saved-designs/screenshots/1567337431643.jpg",
    "title": "Traditional Engraved Granite Headstone"
  },
  {
    "id": "1567316798001",
    "img": "https://www.forevershining.com.au/design/saved-designs/screenshots/1567316798001.jpg",
    "title": "Traditional Engraved Granite Headstone"
  },
  {
    "id": "1567211676688",
    "img": "https://www.forevershining.com.au/design/saved-designs/screenshots/1567211676688.jpg",
    "title": "Traditional Engraved Granite Headstone"
  },
  {
    "id": "1567209556514",
    "img": "https://www.forevershining.com.au/design/saved-designs/screenshots/1567209556514.jpg",
    "title": "Traditional Engraved Granite Headstone"
  },
  {
    "id": "1567183523748",
    "img": "https://www.forevershining.com.au/design/saved-designs/screenshots/1567183523748.jpg",
    "title": "Traditional Engraved Granite Headstone"
  },
  {
    "id": "1567149982449",
    "img": "https://www.forevershining.com.au/design/saved-designs/screenshots/1567149982449.jpg",
    "title": "Traditional Engraved Granite Headstone"
  },
  {
    "id": "1567140554978",
    "img": "https://www.forevershining.com.au/design/saved-designs/screenshots/1567140554978.jpg",
    "title": "Traditional Engraved Granite Headstone"
  },
  {
    "id": "1567134257651",
    "img": "https://www.forevershining.com.au/design/saved-designs/screenshots/1567134257651.jpg",
    "title": "Traditional Engraved Granite Headstone"
  },
  {
    "id": "1567133514933",
    "img": "https://www.forevershining.com.au/design/saved-designs/screenshots/1567133514933.jpg",
    "title": "Traditional Engraved Granite Headstone"
  },
  {
    "id": "1567124458587",
    "img": "https://www.forevershining.com.au/design/saved-designs/screenshots/1567124458587.jpg",
    "title": "Traditional Engraved Granite Headstone"
  },
  {
    "id": "1567069925419",
    "img": "https://www.forevershining.com.au/design/saved-designs/screenshots/1567069925419.jpg",
    "title": "Traditional Engraved Granite Headstone"
  },
  {
    "id": "1567069929249",
    "img": "https://www.forevershining.com.au/design/saved-designs/screenshots/1567069929249.jpg",
    "title": "Traditional Engraved Granite Headstone"
  },
  {
    "id": "1567069435339",
    "img": "https://www.forevershining.com.au/design/saved-designs/screenshots/1567069435339.jpg",
    "title": "Traditional Engraved Granite Headstone"
  },
  {
    "id": "1567069128428",
    "img": "https://www.forevershining.com.au/design/saved-designs/screenshots/1567069128428.jpg",
    "title": "Traditional Engraved Granite Headstone"
  },
  {
    "id": "1567040350947",
    "img": "https://www.forevershining.com.au/design/saved-designs/screenshots/1567040350947.jpg",
    "title": "Traditional Engraved Granite Headstone"
  },
  {
    "id": "1567011303818",
    "img": "https://www.forevershining.com.au/design/saved-designs/screenshots/1567011303818.jpg",
    "title": "Traditional Engraved Granite Headstone"
  },
  {
    "id": "1566980810297",
    "img": "https://www.forevershining.com.au/design/saved-designs/screenshots/1566980810297.jpg",
    "title": "Traditional Engraved Granite Headstone"
  },
  {
    "id": "1566974761767",
    "img": "https://www.forevershining.com.au/design/saved-designs/screenshots/1566974761767.jpg",
    "title": "Traditional Engraved Granite Headstone"
  },
  {
    "id": "1566971168355",
    "img": "https://www.forevershining.com.au/design/saved-designs/screenshots/1566971168355.jpg",
    "title": "Traditional Engraved Granite Headstone"
  },
  {
    "id": "1566968874045",
    "img": "https://www.forevershining.com.au/design/saved-designs/screenshots/1566968874045.jpg",
    "title": "Traditional Engraved Granite Headstone"
  },
  {
    "id": "1566968231177",
    "img": "https://www.forevershining.com.au/design/saved-designs/screenshots/1566968231177.jpg",
    "title": "Traditional Engraved Granite Headstone"
  },
  {
    "id": "1566967057915",
    "img": "https://www.forevershining.com.au/design/saved-designs/screenshots/1566967057915.jpg",
    "title": "Traditional Engraved Granite Headstone"
  },
  {
    "id": "1566966264409",
    "img": "https://www.forevershining.com.au/design/saved-designs/screenshots/1566966264409.jpg",
    "title": "Traditional Engraved Granite Headstone"
  },
  {
    "id": "1566963621854",
    "img": "https://www.forevershining.com.au/design/saved-designs/screenshots/1566963621854.jpg",
    "title": "Traditional Engraved Granite Headstone"
  },
  {
    "id": "1566956259887",
    "img": "https://www.forevershining.com.au/design/saved-designs/screenshots/1566956259887.jpg",
    "title": "Traditional Engraved Granite Headstone"
  },
  {
    "id": "1566954948994",
    "img": "https://www.forevershining.com.au/design/saved-designs/screenshots/1566954948994.jpg",
    "title": "Traditional Engraved Granite Headstone"
  },
  {
    "id": "1566912877898",
    "img": "https://www.forevershining.com.au/design/saved-designs/screenshots/1566912877898.jpg",
    "title": "Traditional Engraved Granite Headstone"
  },
  {
    "id": "1566911514791",
    "img": "https://www.forevershining.com.au/design/saved-designs/screenshots/1566911514791.jpg",
    "title": "Traditional Engraved Granite Headstone"
  },
  {
    "id": "1566910037170",
    "img": "https://www.forevershining.com.au/design/saved-designs/screenshots/1566910037170.jpg",
    "title": "Traditional Engraved Granite Headstone"
  },
  {
    "id": "1566896212679",
    "img": "https://www.forevershining.com.au/design/saved-designs/screenshots/1566896212679.jpg",
    "title": "Traditional Engraved Granite Headstone"
  },
  {
    "id": "1566896012645",
    "img": "https://www.forevershining.com.au/design/saved-designs/screenshots/1566896012645.jpg",
    "title": "Traditional Engraved Granite Headstone"
  }
]