[
  {
    "id": "1673434901885",
    "img": "https://www.forevershining.com.au/design/saved-designs/screenshots/2023/01/1673434901885.jpg",
    "title": "Traditional Engraved Granite Headstone"
  },
  {
    "id": "1668138573298",
    "img": "https://www.forevershining.com.au/design/saved-designs/screenshots/2022/11/1668138573298.jpg",
    "title": "Traditional Engraved Granite Headstone"
  },
  {
    "id": "1666052570691",
    "img": "https://www.forevershining.com.au/design/saved-designs/screenshots/2022/10/1666052570691.jpg",
    "title": "Traditional Engraved Granite Headstone"
  },
  {
    "id": "1588646297852",
    "img": "https://www.forevershining.com.au/design/saved-designs/screenshots/1588646297852.jpg",
    "title": "Traditional Engraved Granite Headstone"
  }
]