[
  {
    "id": "1708686307165",
    "img": "https://www.forevershining.com.au/design/saved-designs/screenshots/2024/02/1708686307165.jpg",
    "title": "Traditional Engraved Granite Headstone"
  },
  {
    "id": "1708685661652",
    "img": "https://www.forevershining.com.au/design/saved-designs/screenshots/2024/02/1708685661652.jpg",
    "title": "Traditional Engraved Granite Headstone"
  },
  {
    "id": "1708683729016",
    "img": "https://www.forevershining.com.au/design/saved-designs/screenshots/2024/02/1708683729016.jpg",
    "title": "Traditional Engraved Granite Headstone"
  },
  {
    "id": "1645146291262",
    "img": "https://www.forevershining.com.au/design/saved-designs/screenshots/2022/02/1645146291262.jpg",
    "title": "Traditional Engraved Granite Headstone"
  },
  {
    "id": "1606114180765",
    "img": "https://www.forevershining.com.au/design/saved-designs/screenshots/2020/11/1606114180765.jpg",
    "title": "Traditional Engraved Granite Headstone"
  },
  {
    "id": "1606018547856",
    "img": "https://www.forevershining.com.au/design/saved-designs/screenshots/2020/11/1606018547856.jpg",
    "title": "Traditional Engraved Granite Headstone"
  },
  {
    "id": "1606017493511",
    "img": "https://www.forevershining.com.au/design/saved-designs/screenshots/2020/11/1606017493511.jpg",
    "title": "Traditional Engraved Granite Headstone"
  },
  {
    "id": "1590315439257",
    "img": "https://www.forevershining.com.au/design/saved-designs/screenshots/1590315439257.jpg",
    "title": "Traditional Engraved Granite Headstone"
  },
  {
    "id": "1590312352864",
    "img": "https://www.forevershining.com.au/design/saved-designs/screenshots/1590312352864.jpg",
    "title": "Traditional Engraved Granite Headstone"
  },
  {
    "id": "1588663136147",
    "img": "https://www.forevershining.com.au/design/saved-designs/screenshots/1588663136147.jpg",
    "title": "Traditional Engraved Granite Headstone"
  },
  {
    "id": "1588209513254",
    "img": "https://www.forevershining.com.au/design/saved-designs/screenshots/1588209513254.jpg",
    "title": "Traditional Engraved Granite Headstone"
  },
  {
    "id": "1588228463377",
    "img": "https://www.forevershining.com.au/design/saved-designs/screenshots/1588228463377.jpg",
    "title": "Traditional Engraved Granite Headstone"
  },
  {
    "id": "1588146880610",
    "img": "https://www.forevershining.com.au/design/saved-designs/screenshots/1588146880610.jpg",
    "title": "Traditional Engraved Granite Headstone"
  },
  {
    "id": "1586490745829",
    "img": "https://www.forevershining.com.au/design/saved-designs/screenshots/1586490745829.jpg",
    "title": "Traditional Engraved Granite Headstone"
  },
  {
    "id": "1581422647516",
    "img": "https://www.forevershining.com.au/design/saved-designs/screenshots/1581422647516.jpg",
    "title": "Traditional Engraved Granite Headstone"
  },
  {
    "id": "1581411189158",
    "img": "https://www.forevershining.com.au/design/saved-designs/screenshots/1581411189158.jpg",
    "title": "Traditional Engraved Granite Headstone"
  },
  {
    "id": "1581410165467",
    "img": "https://www.forevershining.com.au/design/saved-designs/screenshots/1581410165467.jpg",
    "title": "Traditional Engraved Granite Headstone"
  },
  {
    "id": "1581407174432",
    "img": "https://www.forevershining.com.au/design/saved-designs/screenshots/1581407174432.jpg",
    "title": "Traditional Engraved Granite Headstone"
  },
  {
    "id": "1581230904151",
    "img": "https://www.forevershining.com.au/design/saved-designs/screenshots/1581230904151.jpg",
    "title": "Traditional Engraved Granite Headstone"
  },
  {
    "id": "1663557632669",
    "img": "https://www.forevershining.com.au/design/saved-designs/screenshots/2022/09/1663557632669.jpg",
    "title": "Traditional Engraved Granite Headstone"
  },
  {
    "id": "1663557518816",
    "img": "https://www.forevershining.com.au/design/saved-designs/screenshots/2022/09/1663557518816.jpg",
    "title": "Traditional Engraved Granite Headstone"
  },
  {
    "id": "1588663295386",
    "img": "https://www.forevershining.com.au/design/saved-designs/screenshots/1588663295386.jpg",
    "title": "Traditional Engraved Granite Headstone"
  }
]