[
  {
    "id": "1705645356586",
    "img": "https://www.forevershining.com.au/design/saved-designs/screenshots/2024/01/1705645356586.jpg",
    "title": "Traditional Engraved Granite Headstone"
  },
  {
    "id": "1693273375822",
    "img": "https://www.forevershining.com.au/design/saved-designs/screenshots/2023/08/1693273375822.jpg",
    "title": "Traditional Engraved Granite Headstone"
  },
  {
    "id": "1693272673818",
    "img": "https://www.forevershining.com.au/design/saved-designs/screenshots/2023/08/1693272673818.jpg",
    "title": "Traditional Engraved Granite Headstone"
  },
  {
    "id": "1693097735554",
    "img": "https://www.forevershining.com.au/design/saved-designs/screenshots/2023/08/1693097735554.jpg",
    "title": "Traditional Engraved Granite Headstone"
  },
  {
    "id": "1679796581275",
    "img": "https://www.forevershining.com.au/design/saved-designs/screenshots/2023/03/1679796581275.jpg",
    "title": "Traditional Engraved Granite Headstone"
  },
  {
    "id": "1679618827425",
    "img": "https://www.forevershining.com.au/design/saved-designs/screenshots/2023/03/1679618827425.jpg",
    "title": "Traditional Engraved Granite Headstone"
  },
  {
    "id": "1677498873773",
    "img": "https://www.forevershining.com.au/design/saved-designs/screenshots/2023/02/1677498873773.jpg",
    "title": "Traditional Engraved Granite Headstone"
  },
  {
    "id": "1671182493008",
    "img": "https://www.forevershining.com.au/design/saved-designs/screenshots/2022/12/1671182493008.jpg",
    "title": "Traditional Engraved Granite Headstone"
  },
  {
    "id": "1669471832402",
    "img": "https://www.forevershining.com.au/design/saved-designs/screenshots/2022/11/1669471832402.jpg",
    "title": "Traditional Engraved Granite Headstone"
  },
  {
    "id": "1668580918130",
    "img": "https://www.forevershining.com.au/design/saved-designs/screenshots/2022/11/1668580918130.jpg",
    "title": "Traditional Engraved Granite Headstone"
  },
  {
    "id": "1667874972571",
    "img": "https://www.forevershining.com.au/design/saved-designs/screenshots/2022/11/1667874972571.jpg",
    "title": "Traditional Engraved Granite Headstone"
  },
  {
    "id": "1665485524552",
    "img": "https://www.forevershining.com.au/design/saved-designs/screenshots/2022/10/1665485524552.jpg",
    "title": "Traditional Engraved Granite Headstone"
  },
  {
    "id": "1665483639689",
    "img": "https://www.forevershining.com.au/design/saved-designs/screenshots/2022/10/1665483639689.jpg",
    "title": "Traditional Engraved Granite Headstone"
  },
  {
    "id": "1665474580947",
    "img": "https://www.forevershining.com.au/design/saved-designs/screenshots/2022/10/1665474580947.jpg",
    "title": "Traditional Engraved Granite Headstone"
  },
  {
    "id": "1663038718190",
    "img": "https://www.forevershining.com.au/design/saved-designs/screenshots/2022/09/1663038718190.jpg",
    "title": "Traditional Engraved Granite Headstone"
  },
  {
    "id": "1658468908980",
    "img": "https://www.forevershining.com.au/design/saved-designs/screenshots/2022/07/1658468908980.jpg",
    "title": "Traditional Engraved Granite Headstone"
  },
  {
    "id": "1657263948457",
    "img": "https://www.forevershining.com.au/design/saved-designs/screenshots/2022/07/1657263948457.jpg",
    "title": "Traditional Engraved Granite Headstone"
  },
  {
    "id": "1657254857977",
    "img": "https://www.forevershining.com.au/design/saved-designs/screenshots/2022/07/1657254857977.jpg",
    "title": "Traditional Engraved Granite Headstone"
  },
  {
    "id": "1652672953561",
    "img": "https://www.forevershining.com.au/design/saved-designs/screenshots/2022/05/1652672953561.jpg",
    "title": "Traditional Engraved Granite Headstone"
  },
  {
    "id": "1632791258768",
    "img": "https://www.forevershining.com.au/design/saved-designs/screenshots/2021/09/1632791258768.jpg",
    "title": "Traditional Engraved Granite Headstone"
  },
  {
    "id": "1631785650820",
    "img": "https://www.forevershining.com.au/design/saved-designs/screenshots/2021/09/1631785650820.jpg",
    "title": "Traditional Engraved Granite Headstone"
  },
  {
    "id": "1631357500172",
    "img": "https://www.forevershining.com.au/design/saved-designs/screenshots/2021/09/1631357500172.jpg",
    "title": "Traditional Engraved Granite Headstone"
  },
  {
    "id": "1631357307050",
    "img": "https://www.forevershining.com.au/design/saved-designs/screenshots/2021/09/1631357307050.jpg",
    "title": "Traditional Engraved Granite Headstone"
  },
  {
    "id": "1631355447874",
    "img": "https://www.forevershining.com.au/design/saved-designs/screenshots/2021/09/1631355447874.jpg",
    "title": "Traditional Engraved Granite Headstone"
  },
  {
    "id": "1617868086409",
    "img": "https://www.forevershining.com.au/design/saved-designs/screenshots/2021/04/1617868086409.jpg",
    "title": "Traditional Engraved Granite Headstone"
  },
  {
    "id": "1617867981433",
    "img": "https://www.forevershining.com.au/design/saved-designs/screenshots/2021/04/1617867981433.jpg",
    "title": "Traditional Engraved Granite Headstone"
  },
  {
    "id": "1615903477262",
    "img": "https://www.forevershining.com.au/design/saved-designs/screenshots/2021/03/1615903477262.jpg",
    "title": "Traditional Engraved Granite Headstone"
  },
  {
    "id": "1615903059849",
    "img": "https://www.forevershining.com.au/design/saved-designs/screenshots/2021/03/1615903059849.jpg",
    "title": "Traditional Engraved Granite Headstone"
  },
  {
    "id": "1610773543894",
    "img": "https://www.forevershining.com.au/design/saved-designs/screenshots/2021/01/1610773543894.jpg",
    "title": "Traditional Engraved Granite Headstone"
  },
  {
    "id": "1610771539383",
    "img": "https://www.forevershining.com.au/design/saved-designs/screenshots/2021/01/1610771539383.jpg",
    "title": "Traditional Engraved Granite Headstone"
  },
  {
    "id": "1596971042755",
    "img": "https://www.forevershining.com.au/design/saved-designs/screenshots/2020/08/1596971042755.jpg",
    "title": "Traditional Engraved Granite Headstone"
  },
  {
    "id": "1592885861933",
    "img": "https://www.forevershining.com.au/design/saved-designs/screenshots/2020/06/1592885861933.jpg",
    "title": "Traditional Engraved Granite Headstone"
  },
  {
    "id": "1592547843102",
    "img": "https://www.forevershining.com.au/design/saved-designs/screenshots/1592547843102.jpg",
    "title": "Traditional Engraved Granite Headstone"
  },
  {
    "id": "1592543634891",
    "img": "https://www.forevershining.com.au/design/saved-designs/screenshots/1592543634891.jpg",
    "title": "Traditional Engraved Granite Headstone"
  },
  {
    "id": "1592378111442",
    "img": "https://www.forevershining.com.au/design/saved-designs/screenshots/1592378111442.jpg",
    "title": "Traditional Engraved Granite Headstone"
  },
  {
    "id": "1592213642939",
    "img": "https://www.forevershining.com.au/design/saved-designs/screenshots/1592213642939.jpg",
    "title": "Traditional Engraved Granite Headstone"
  },
  {
    "id": "1590496365401",
    "img": "https://www.forevershining.com.au/design/saved-designs/screenshots/1590496365401.jpg",
    "title": "Traditional Engraved Granite Headstone"
  },
  {
    "id": "1590391224368",
    "img": "https://www.forevershining.com.au/design/saved-designs/screenshots/1590391224368.jpg",
    "title": "Traditional Engraved Granite Headstone"
  },
  {
    "id": "1590381478642",
    "img": "https://www.forevershining.com.au/design/saved-designs/screenshots/1590381478642.jpg",
    "title": "Traditional Engraved Granite Headstone"
  },
  {
    "id": "1590381442846",
    "img": "https://www.forevershining.com.au/design/saved-designs/screenshots/1590381442846.jpg",
    "title": "Traditional Engraved Granite Headstone"
  },
  {
    "id": "1590380867916",
    "img": "https://www.forevershining.com.au/design/saved-designs/screenshots/1590380867916.jpg",
    "title": "Traditional Engraved Granite Headstone"
  },
  {
    "id": "1590369006896",
    "img": "https://www.forevershining.com.au/design/saved-designs/screenshots/1590369006896.jpg",
    "title": "Traditional Engraved Granite Headstone"
  },
  {
    "id": "1590368719802",
    "img": "https://www.forevershining.com.au/design/saved-designs/screenshots/1590368719802.jpg",
    "title": "Traditional Engraved Granite Headstone"
  },
  {
    "id": "1590301656830",
    "img": "https://www.forevershining.com.au/design/saved-designs/screenshots/1590301656830.jpg",
    "title": "Traditional Engraved Granite Headstone"
  },
  {
    "id": "1590300884625",
    "img": "https://www.forevershining.com.au/design/saved-designs/screenshots/1590300884625.jpg",
    "title": "Traditional Engraved Granite Headstone"
  },
  {
    "id": "1590300467070",
    "img": "https://www.forevershining.com.au/design/saved-designs/screenshots/1590300467070.jpg",
    "title": "Traditional Engraved Granite Headstone"
  },
  {
    "id": "1590296349238",
    "img": "https://www.forevershining.com.au/design/saved-designs/screenshots/1590296349238.jpg",
    "title": "Traditional Engraved Granite Headstone"
  },
  {
    "id": "1590295772564",
    "img": "https://www.forevershining.com.au/design/saved-designs/screenshots/1590295772564.jpg",
    "title": "Traditional Engraved Granite Headstone"
  },
  {
    "id": "1590295426785",
    "img": "https://www.forevershining.com.au/design/saved-designs/screenshots/1590295426785.jpg",
    "title": "Traditional Engraved Granite Headstone"
  },
  {
    "id": "1590295348249",
    "img": "https://www.forevershining.com.au/design/saved-designs/screenshots/1590295348249.jpg",
    "title": "Traditional Engraved Granite Headstone"
  },
  {
    "id": "1589791979878",
    "img": "https://www.forevershining.com.au/design/saved-designs/screenshots/1589791979878.jpg",
    "title": "Traditional Engraved Granite Headstone"
  },
  {
    "id": "1581341930145",
    "img": "https://www.forevershining.com.au/design/saved-designs/screenshots/1581341930145.jpg",
    "title": "Traditional Engraved Granite Headstone"
  },
  {
    "id": "1580449242054",
    "img": "https://www.forevershining.com.au/design/saved-designs/screenshots/1580449242054.jpg",
    "title": "Traditional Engraved Granite Headstone"
  },
  {
    "id": "1661320646934",
    "img": "https://www.forevershining.com.au/design/saved-designs/screenshots/2022/08/1661320646934.jpg",
    "title": "Traditional Engraved Granite Headstone"
  }
]