[
  {
    "id": "1699250092560",
    "img": "https://www.forevershining.com.au/design/saved-designs/screenshots/2023/11/1699250092560.jpg",
    "title": "Traditional Engraved Granite Headstone"
  },
  {
    "id": "1699231101684",
    "img": "https://www.forevershining.com.au/design/saved-designs/screenshots/2023/11/1699231101684.jpg",
    "title": "Traditional Engraved Granite Headstone"
  },
  {
    "id": "1673605061173",
    "img": "https://www.forevershining.com.au/design/saved-designs/screenshots/2023/01/1673605061173.jpg",
    "title": "Traditional Engraved Granite Headstone"
  },
  {
    "id": "1668589160118",
    "img": "https://www.forevershining.com.au/design/saved-designs/screenshots/2022/11/1668589160118.jpg",
    "title": "Traditional Engraved Granite Headstone"
  },
  {
    "id": "1668506922399",
    "img": "https://www.forevershining.com.au/design/saved-designs/screenshots/2022/11/1668506922399.jpg",
    "title": "Traditional Engraved Granite Headstone"
  },
  {
    "id": "1649703250672",
    "img": "https://www.forevershining.com.au/design/saved-designs/screenshots/2022/04/1649703250672.jpg",
    "title": "Traditional Engraved Granite Headstone"
  },
  {
    "id": "1644110566706",
    "img": "https://www.forevershining.com.au/design/saved-designs/screenshots/2022/02/1644110566706.jpg",
    "title": "Traditional Engraved Granite Headstone"
  },
  {
    "id": "1644049005592",
    "img": "https://www.forevershining.com.au/design/saved-designs/screenshots/2022/02/1644049005592.jpg",
    "title": "Traditional Engraved Granite Headstone"
  },
  {
    "id": "1632115923150",
    "img": "https://www.forevershining.com.au/design/saved-designs/screenshots/2021/09/1632115923150.jpg",
    "title": "Traditional Engraved Granite Headstone"
  },
  {
    "id": "1627012147260",
    "img": "https://www.forevershining.com.au/design/saved-designs/screenshots/2021/07/1627012147260.jpg",
    "title": "Traditional Engraved Granite Headstone"
  },
  {
    "id": "1616056784398",
    "img": "https://www.forevershining.com.au/design/saved-designs/screenshots/2021/03/1616056784398.jpg",
    "title": "Traditional Engraved Granite Headstone"
  },
  {
    "id": "1615971990420",
    "img": "https://www.forevershining.com.au/design/saved-designs/screenshots/2021/03/1615971990420.jpg",
    "title": "Traditional Engraved Granite Headstone"
  },
  {
    "id": "1615971112462",
    "img": "https://www.forevershining.com.au/design/saved-designs/screenshots/2021/03/1615971112462.jpg",
    "title": "Traditional Engraved Granite Headstone"
  },
  {
    "id": "1615925060063",
    "img": "https://www.forevershining.com.au/design/saved-designs/screenshots/2021/03/1615925060063.jpg",
    "title": "Traditional Engraved Granite Headstone"
  },
  {
    "id": "1598593900258",
    "img": "https://www.forevershining.com.au/design/saved-designs/screenshots/2020/08/1598593900258.jpg",
    "title": "Traditional Engraved Granite Headstone"
  },
  {
    "id": "1596360409208",
    "img": "https://www.forevershining.com.au/design/saved-designs/screenshots/2020/08/1596360409208.jpg",
    "title": "Traditional Engraved Granite Headstone"
  },
  {
    "id": "1595557827079",
    "img": "https://www.forevershining.com.au/design/saved-designs/screenshots/2020/07/1595557827079.jpg",
    "title": "Traditional Engraved Granite Headstone"
  }
]