[
  {
    "id": "1658457024413",
    "img": "https://www.forevershining.com.au/design/saved-designs/screenshots/2022/07/1658457024413.jpg",
    "title": "Laser Etched Black Granite Headstone"
  },
  {
    "id": "1641365174478",
    "img": "https://www.forevershining.com.au/design/saved-designs/screenshots/2022/01/1641365174478.jpg",
    "title": "Laser Etched Black Granite Headstone"
  },
  {
    "id": "1641362012617",
    "img": "https://www.forevershining.com.au/design/saved-designs/screenshots/2022/01/1641362012617.jpg",
    "title": "Laser Etched Black Granite Headstone"
  },
  {
    "id": "1628650702291",
    "img": "https://www.forevershining.com.au/design/saved-designs/screenshots/2021/08/1628650702291.jpg",
    "title": "Laser Etched Black Granite Headstone"
  },
  {
    "id": "1597676214741",
    "img": "https://www.forevershining.com.au/design/saved-designs/screenshots/2020/08/1597676214741.jpg",
    "title": "Laser Etched Black Granite Headstone"
  }
]