[
  {
    "id": "1691103675871",
    "img": "https://www.forevershining.com.au/design/saved-designs/screenshots/2023/08/1691103675871.jpg",
    "title": "Traditional Engraved Granite Headstone"
  },
  {
    "id": "1691103275548",
    "img": "https://www.forevershining.com.au/design/saved-designs/screenshots/2023/08/1691103275548.jpg",
    "title": "Traditional Engraved Granite Headstone"
  },
  {
    "id": "1679404816147",
    "img": "https://www.forevershining.com.au/design/saved-designs/screenshots/2023/03/1679404816147.jpg",
    "title": "Traditional Engraved Granite Headstone"
  },
  {
    "id": "1679327723006",
    "img": "https://www.forevershining.com.au/design/saved-designs/screenshots/2023/03/1679327723006.jpg",
    "title": "Traditional Engraved Granite Headstone"
  },
  {
    "id": "1679326902466",
    "img": "https://www.forevershining.com.au/design/saved-designs/screenshots/2023/03/1679326902466.jpg",
    "title": "Traditional Engraved Granite Headstone"
  },
  {
    "id": "1678703526599",
    "img": "https://www.forevershining.com.au/design/saved-designs/screenshots/2023/03/1678703526599.jpg",
    "title": "Traditional Engraved Granite Headstone"
  },
  {
    "id": "1623341573061",
    "img": "https://www.forevershining.com.au/design/saved-designs/screenshots/2021/06/1623341573061.jpg",
    "title": "Traditional Engraved Granite Headstone"
  },
  {
    "id": "1606806992142",
    "img": "https://www.forevershining.com.au/design/saved-designs/screenshots/2020/12/1606806992142.jpg",
    "title": "Traditional Engraved Granite Headstone"
  },
  {
    "id": "1598246212772",
    "img": "https://www.forevershining.com.au/design/saved-designs/screenshots/2020/08/1598246212772.jpg",
    "title": "Traditional Engraved Granite Headstone"
  }
]