[
  {
    "id": "1718947681756",
    "img": "https://www.forevershining.com.au/design/saved-designs/screenshots/2024/06/1718947681756.jpg",
    "title": "Laser Etched Black Granite Headstone"
  },
  {
    "id": "1719208283484",
    "img": "https://www.forevershining.com.au/design/saved-designs/screenshots/2024/06/1719208283484.jpg",
    "title": "Laser Etched Black Granite Headstone"
  },
  {
    "id": "1712583657578",
    "img": "https://www.forevershining.com.au/design/saved-designs/screenshots/2024/04/1712583657578.jpg",
    "title": "Laser Etched Black Granite Headstone"
  },
  {
    "id": "1712581037813",
    "img": "https://www.forevershining.com.au/design/saved-designs/screenshots/2024/04/1712581037813.jpg",
    "title": "Laser Etched Black Granite Headstone"
  },
  {
    "id": "1712559990476",
    "img": "https://www.forevershining.com.au/design/saved-designs/screenshots/2024/04/1712559990476.jpg",
    "title": "Laser Etched Black Granite Headstone"
  },
  {
    "id": "1712558399848",
    "img": "https://www.forevershining.com.au/design/saved-designs/screenshots/2024/04/1712558399848.jpg",
    "title": "Laser Etched Black Granite Headstone"
  },
  {
    "id": "1712489417370",
    "img": "https://www.forevershining.com.au/design/saved-designs/screenshots/2024/04/1712489417370.jpg",
    "title": "Laser Etched Black Granite Headstone"
  },
  {
    "id": "1706010591618",
    "img": "https://www.forevershining.com.au/design/saved-designs/screenshots/2024/01/1706010591618.jpg",
    "title": "Laser Etched Black Granite Headstone"
  },
  {
    "id": "1705670014694",
    "img": "https://www.forevershining.com.au/design/saved-designs/screenshots/2024/01/1705670014694.jpg",
    "title": "Laser Etched Black Granite Headstone"
  },
  {
    "id": "1705669556423",
    "img": "https://www.forevershining.com.au/design/saved-designs/screenshots/2024/01/1705669556423.jpg",
    "title": "Laser Etched Black Granite Headstone"
  },
  {
    "id": "1705666858543",
    "img": "https://www.forevershining.com.au/design/saved-designs/screenshots/2024/01/1705666858543.jpg",
    "title": "Laser Etched Black Granite Headstone"
  },
  {
    "id": "1696576242573",
    "img": "https://www.forevershining.com.au/design/saved-designs/screenshots/2023/10/1696576242573.jpg",
    "title": "Laser Etched Black Granite Headstone"
  },
  {
    "id": "1696556563247",
    "img": "https://www.forevershining.com.au/design/saved-designs/screenshots/2023/10/1696556563247.jpg",
    "title": "Laser Etched Black Granite Headstone"
  },
  {
    "id": "1696556021018",
    "img": "https://www.forevershining.com.au/design/saved-designs/screenshots/2023/10/1696556021018.jpg",
    "title": "Laser Etched Black Granite Headstone"
  },
  {
    "id": "1691449985006",
    "img": "https://www.forevershining.com.au/design/saved-designs/screenshots/2023/08/1691449985006.jpg",
    "title": "Laser Etched Black Granite Headstone"
  },
  {
    "id": "1691448068478",
    "img": "https://www.forevershining.com.au/design/saved-designs/screenshots/2023/08/1691448068478.jpg",
    "title": "Laser Etched Black Granite Headstone"
  },
  {
    "id": "1686641115862",
    "img": "https://www.forevershining.com.au/design/saved-designs/screenshots/2023/06/1686641115862.jpg",
    "title": "Laser Etched Black Granite Headstone"
  },
  {
    "id": "1686640754749",
    "img": "https://www.forevershining.com.au/design/saved-designs/screenshots/2023/06/1686640754749.jpg",
    "title": "Laser Etched Black Granite Headstone"
  },
  {
    "id": "1685405205310",
    "img": "https://www.forevershining.com.au/design/saved-designs/screenshots/2023/05/1685405205310.jpg",
    "title": "Laser Etched Black Granite Headstone"
  },
  {
    "id": "1684058521454",
    "img": "https://www.forevershining.com.au/design/saved-designs/screenshots/2023/05/1684058521454.jpg",
    "title": "Laser Etched Black Granite Headstone"
  },
  {
    "id": "1684055750305",
    "img": "https://www.forevershining.com.au/design/saved-designs/screenshots/2023/05/1684055750305.jpg",
    "title": "Laser Etched Black Granite Headstone"
  },
  {
    "id": "1683118885147",
    "img": "https://www.forevershining.com.au/design/saved-designs/screenshots/2023/05/1683118885147.jpg",
    "title": "Laser Etched Black Granite Headstone"
  },
  {
    "id": "1682512934895",
    "img": "https://www.forevershining.com.au/design/saved-designs/screenshots/2023/04/1682512934895.jpg",
    "title": "Laser Etched Black Granite Headstone"
  },
  {
    "id": "1682511620120",
    "img": "https://www.forevershining.com.au/design/saved-designs/screenshots/2023/04/1682511620120.jpg",
    "title": "Laser Etched Black Granite Headstone"
  },
  {
    "id": "1680265651713",
    "img": "https://www.forevershining.com.au/design/saved-designs/screenshots/2023/03/1680265651713.jpg",
    "title": "Laser Etched Black Granite Headstone"
  },
  {
    "id": "1679806686032",
    "img": "https://www.forevershining.com.au/design/saved-designs/screenshots/2023/03/1679806686032.jpg",
    "title": "Laser Etched Black Granite Headstone"
  },
  {
    "id": "1679044964291",
    "img": "https://www.forevershining.com.au/design/saved-designs/screenshots/2023/03/1679044964291.jpg",
    "title": "Laser Etched Black Granite Headstone"
  },
  {
    "id": "1678440011552",
    "img": "https://www.forevershining.com.au/design/saved-designs/screenshots/2023/03/1678440011552.jpg",
    "title": "Laser Etched Black Granite Headstone"
  },
  {
    "id": "1678090485950",
    "img": "https://www.forevershining.com.au/design/saved-designs/screenshots/2023/03/1678090485950.jpg",
    "title": "Laser Etched Black Granite Headstone"
  },
  {
    "id": "1676394845722",
    "img": "https://www.forevershining.com.au/design/saved-designs/screenshots/2023/02/1676394845722.jpg",
    "title": "Laser Etched Black Granite Headstone"
  },
  {
    "id": "1676390983618",
    "img": "https://www.forevershining.com.au/design/saved-designs/screenshots/2023/02/1676390983618.jpg",
    "title": "Laser Etched Black Granite Headstone"
  },
  {
    "id": "1676191441649",
    "img": "https://www.forevershining.com.au/design/saved-designs/screenshots/2023/02/1676191441649.jpg",
    "title": "Laser Etched Black Granite Headstone"
  },
  {
    "id": "1676101398264",
    "img": "https://www.forevershining.com.au/design/saved-designs/screenshots/2023/02/1676101398264.jpg",
    "title": "Laser Etched Black Granite Headstone"
  },
  {
    "id": "1675011637768",
    "img": "https://www.forevershining.com.au/design/saved-designs/screenshots/2023/01/1675011637768.jpg",
    "title": "Laser Etched Black Granite Headstone"
  },
  {
    "id": "1675011405179",
    "img": "https://www.forevershining.com.au/design/saved-designs/screenshots/2023/01/1675011405179.jpg",
    "title": "Laser Etched Black Granite Headstone"
  },
  {
    "id": "1671093315533",
    "img": "https://www.forevershining.com.au/design/saved-designs/screenshots/2022/12/1671093315533.jpg",
    "title": "Laser Etched Black Granite Headstone"
  },
  {
    "id": "1669623718246",
    "img": "https://www.forevershining.com.au/design/saved-designs/screenshots/2022/11/1669623718246.jpg",
    "title": "Laser Etched Black Granite Headstone"
  },
  {
    "id": "1669620682970",
    "img": "https://www.forevershining.com.au/design/saved-designs/screenshots/2022/11/1669620682970.jpg",
    "title": "Laser Etched Black Granite Headstone"
  },
  {
    "id": "1669620613340",
    "img": "https://www.forevershining.com.au/design/saved-designs/screenshots/2022/11/1669620613340.jpg",
    "title": "Laser Etched Black Granite Headstone"
  },
  {
    "id": "1669620313324",
    "img": "https://www.forevershining.com.au/design/saved-designs/screenshots/2022/11/1669620313324.jpg",
    "title": "Laser Etched Black Granite Headstone"
  },
  {
    "id": "1667985717803",
    "img": "https://www.forevershining.com.au/design/saved-designs/screenshots/2022/11/1667985717803.jpg",
    "title": "Laser Etched Black Granite Headstone"
  },
  {
    "id": "1667839864111",
    "img": "https://www.forevershining.com.au/design/saved-designs/screenshots/2022/11/1667839864111.jpg",
    "title": "Laser Etched Black Granite Headstone"
  },
  {
    "id": "1667416819185",
    "img": "https://www.forevershining.com.au/design/saved-designs/screenshots/2022/11/1667416819185.jpg",
    "title": "Laser Etched Black Granite Headstone"
  },
  {
    "id": "1665407621514",
    "img": "https://www.forevershining.com.au/design/saved-designs/screenshots/2022/10/1665407621514.jpg",
    "title": "Laser Etched Black Granite Headstone"
  },
  {
    "id": "1665405624352",
    "img": "https://www.forevershining.com.au/design/saved-designs/screenshots/2022/10/1665405624352.jpg",
    "title": "Laser Etched Black Granite Headstone"
  },
  {
    "id": "1657160536159",
    "img": "https://www.forevershining.com.au/design/saved-designs/screenshots/2022/07/1657160536159.jpg",
    "title": "Laser Etched Black Granite Headstone"
  },
  {
    "id": "1656207300157",
    "img": "https://www.forevershining.com.au/design/saved-designs/screenshots/2022/06/1656207300157.jpg",
    "title": "Laser Etched Black Granite Headstone"
  },
  {
    "id": "1653170917393",
    "img": "https://www.forevershining.com.au/design/saved-designs/screenshots/2022/05/1653170917393.jpg",
    "title": "Laser Etched Black Granite Headstone"
  },
  {
    "id": "1648206594756",
    "img": "https://www.forevershining.com.au/design/saved-designs/screenshots/2022/03/1648206594756.jpg",
    "title": "Laser Etched Black Granite Headstone"
  },
  {
    "id": "1641925725903",
    "img": "https://www.forevershining.com.au/design/saved-designs/screenshots/2022/01/1641925725903.jpg",
    "title": "Laser Etched Black Granite Headstone"
  },
  {
    "id": "1635945065889",
    "img": "https://www.forevershining.com.au/design/saved-designs/screenshots/2021/11/1635945065889.jpg",
    "title": "Laser Etched Black Granite Headstone"
  },
  {
    "id": "1635944583989",
    "img": "https://www.forevershining.com.au/design/saved-designs/screenshots/2021/11/1635944583989.jpg",
    "title": "Laser Etched Black Granite Headstone"
  },
  {
    "id": "1632692927829",
    "img": "https://www.forevershining.com.au/design/saved-designs/screenshots/2021/09/1632692927829.jpg",
    "title": "Laser Etched Black Granite Headstone"
  },
  {
    "id": "1632692806838",
    "img": "https://www.forevershining.com.au/design/saved-designs/screenshots/2021/09/1632692806838.jpg",
    "title": "Laser Etched Black Granite Headstone"
  },
  {
    "id": "1632690200143",
    "img": "https://www.forevershining.com.au/design/saved-designs/screenshots/2021/09/1632690200143.jpg",
    "title": "Laser Etched Black Granite Headstone"
  },
  {
    "id": "1632675899293",
    "img": "https://www.forevershining.com.au/design/saved-designs/screenshots/2021/09/1632675899293.jpg",
    "title": "Laser Etched Black Granite Headstone"
  },
  {
    "id": "1632660563564",
    "img": "https://www.forevershining.com.au/design/saved-designs/screenshots/2021/09/1632660563564.jpg",
    "title": "Laser Etched Black Granite Headstone"
  },
  {
    "id": "1628353536797",
    "img": "https://www.forevershining.com.au/design/undefined",
    "title": "Laser Etched Black Granite Headstone"
  },
  {
    "id": "1628350911941",
    "img": "https://www.forevershining.com.au/design/saved-designs/screenshots/2021/08/1628350911941.jpg",
    "title": "Laser Etched Black Granite Headstone"
  },
  {
    "id": "1628317057827",
    "img": "https://www.forevershining.com.au/design/saved-designs/screenshots/2021/08/1628317057827.jpg",
    "title": "Laser Etched Black Granite Headstone"
  },
  {
    "id": "1627913615974",
    "img": "https://www.forevershining.com.au/design/saved-designs/screenshots/2021/08/1627913615974.jpg",
    "title": "Laser Etched Black Granite Headstone"
  },
  {
    "id": "1627903809699",
    "img": "https://www.forevershining.com.au/design/saved-designs/screenshots/2021/08/1627903809699.jpg",
    "title": "Laser Etched Black Granite Headstone"
  },
  {
    "id": "1627888995810",
    "img": "https://www.forevershining.com.au/design/saved-designs/screenshots/2021/08/1627888995810.jpg",
    "title": "Laser Etched Black Granite Headstone"
  },
  {
    "id": "1627812490567",
    "img": "https://www.forevershining.com.au/design/saved-designs/screenshots/2021/08/1627812490567.jpg",
    "title": "Laser Etched Black Granite Headstone"
  },
  {
    "id": "1621403192119",
    "img": "https://www.forevershining.com.au/design/saved-designs/screenshots/2021/05/1621403192119.jpg",
    "title": "Laser Etched Black Granite Headstone"
  },
  {
    "id": "1617839885928",
    "img": "https://www.forevershining.com.au/design/saved-designs/screenshots/2021/04/1617839885928.jpg",
    "title": "Laser Etched Black Granite Headstone"
  },
  {
    "id": "1614475180886",
    "img": "https://www.forevershining.com.au/design/saved-designs/screenshots/2021/02/1614475180886.jpg",
    "title": "Laser Etched Black Granite Headstone"
  },
  {
    "id": "1614472800787",
    "img": "https://www.forevershining.com.au/design/saved-designs/screenshots/2021/02/1614472800787.jpg",
    "title": "Laser Etched Black Granite Headstone"
  },
  {
    "id": "1614263815137",
    "img": "https://www.forevershining.com.au/design/saved-designs/screenshots/2021/02/1614263815137.jpg",
    "title": "Laser Etched Black Granite Headstone"
  },
  {
    "id": "1613179678488",
    "img": "https://www.forevershining.com.au/design/saved-designs/screenshots/2021/02/1613179678488.jpg",
    "title": "Laser Etched Black Granite Headstone"
  },
  {
    "id": "1613179341951",
    "img": "https://www.forevershining.com.au/design/saved-designs/screenshots/2021/02/1613179341951.jpg",
    "title": "Laser Etched Black Granite Headstone"
  },
  {
    "id": "1613178870074",
    "img": "https://www.forevershining.com.au/design/saved-designs/screenshots/2021/02/1613178870074.jpg",
    "title": "Laser Etched Black Granite Headstone"
  },
  {
    "id": "1612947470823",
    "img": "https://www.forevershining.com.au/design/saved-designs/screenshots/2021/02/1612947470823.jpg",
    "title": "Laser Etched Black Granite Headstone"
  },
  {
    "id": "1611450419303",
    "img": "https://www.forevershining.com.au/design/saved-designs/screenshots/2021/01/1611450419303.jpg",
    "title": "Laser Etched Black Granite Headstone"
  },
  {
    "id": "1611231613098",
    "img": "https://www.forevershining.com.au/design/saved-designs/screenshots/2021/01/1611231613098.jpg",
    "title": "Laser Etched Black Granite Headstone"
  },
  {
    "id": "1604923436488",
    "img": "https://www.forevershining.com.au/design/saved-designs/screenshots/2020/11/1604923436488.jpg",
    "title": "Laser Etched Black Granite Headstone"
  },
  {
    "id": "1594784561690",
    "img": "https://www.forevershining.com.au/design/saved-designs/screenshots/2020/07/1594784561690.jpg",
    "title": "Laser Etched Black Granite Headstone"
  },
  {
    "id": "1594679034663",
    "img": "https://www.forevershining.com.au/design/saved-designs/screenshots/2020/07/1594679034663.jpg",
    "title": "Laser Etched Black Granite Headstone"
  },
  {
    "id": "1594620520444",
    "img": "https://www.forevershining.com.au/design/saved-designs/screenshots/2020/07/1594620520444.jpg",
    "title": "Laser Etched Black Granite Headstone"
  },
  {
    "id": "1594640104074",
    "img": "https://www.forevershining.com.au/design/saved-designs/screenshots/2020/07/1594640104074.jpg",
    "title": "Laser Etched Black Granite Headstone"
  },
  {
    "id": "1594625478870",
    "img": "https://www.forevershining.com.au/design/saved-designs/screenshots/2020/07/1594625478870.jpg",
    "title": "Laser Etched Black Granite Headstone"
  },
  {
    "id": "1592231565952",
    "img": "https://www.forevershining.com.au/design/saved-designs/screenshots/1592231565952.jpg",
    "title": "Laser Etched Black Granite Headstone"
  },
  {
    "id": "1590390293819",
    "img": "https://www.forevershining.com.au/design/saved-designs/screenshots/1590390293819.jpg",
    "title": "Laser Etched Black Granite Headstone"
  },
  {
    "id": "1590390272072",
    "img": "https://www.forevershining.com.au/design/saved-designs/screenshots/1590390272072.jpg",
    "title": "Laser Etched Black Granite Headstone"
  },
  {
    "id": "1590389182209",
    "img": "https://www.forevershining.com.au/design/saved-designs/screenshots/1590389182209.jpg",
    "title": "Laser Etched Black Granite Headstone"
  },
  {
    "id": "1590046934320",
    "img": "https://www.forevershining.com.au/design/saved-designs/screenshots/1590046934320.jpg",
    "title": "Laser Etched Black Granite Headstone"
  },
  {
    "id": "1590333386073",
    "img": "https://www.forevershining.com.au/design/saved-designs/screenshots/1590333386073.jpg",
    "title": "Laser Etched Black Granite Headstone"
  },
  {
    "id": "1590333194867",
    "img": "https://www.forevershining.com.au/design/saved-designs/screenshots/1590333194867.jpg",
    "title": "Laser Etched Black Granite Headstone"
  },
  {
    "id": "1590239071363",
    "img": "https://www.forevershining.com.au/design/saved-designs/screenshots/1590239071363.jpg",
    "title": "Laser Etched Black Granite Headstone"
  },
  {
    "id": "1590238826252",
    "img": "https://www.forevershining.com.au/design/saved-designs/screenshots/1590238826252.jpg",
    "title": "Laser Etched Black Granite Headstone"
  },
  {
    "id": "1590238499937",
    "img": "https://www.forevershining.com.au/design/saved-designs/screenshots/1590238499937.jpg",
    "title": "Laser Etched Black Granite Headstone"
  },
  {
    "id": "1590238362842",
    "img": "https://www.forevershining.com.au/design/saved-designs/screenshots/1590238362842.jpg",
    "title": "Laser Etched Black Granite Headstone"
  },
  {
    "id": "1590238254529",
    "img": "https://www.forevershining.com.au/design/saved-designs/screenshots/1590238254529.jpg",
    "title": "Laser Etched Black Granite Headstone"
  },
  {
    "id": "1590222292454",
    "img": "https://www.forevershining.com.au/design/saved-designs/screenshots/1590222292454.jpg",
    "title": "Laser Etched Black Granite Headstone"
  },
  {
    "id": "1590112987062",
    "img": "https://www.forevershining.com.au/design/saved-designs/screenshots/1590112987062.jpg",
    "title": "Laser Etched Black Granite Headstone"
  },
  {
    "id": "1590112965925",
    "img": "https://www.forevershining.com.au/design/saved-designs/screenshots/1590112965925.jpg",
    "title": "Laser Etched Black Granite Headstone"
  },
  {
    "id": "1590112295075",
    "img": "https://www.forevershining.com.au/design/saved-designs/screenshots/1590112295075.jpg",
    "title": "Laser Etched Black Granite Headstone"
  },
  {
    "id": "1590111562759",
    "img": "https://www.forevershining.com.au/design/saved-designs/screenshots/1590111562759.jpg",
    "title": "Laser Etched Black Granite Headstone"
  },
  {
    "id": "1590107934878",
    "img": "https://www.forevershining.com.au/design/undefined",
    "title": "Laser Etched Black Granite Headstone"
  },
  {
    "id": "1590107048778",
    "img": "https://www.forevershining.com.au/design/saved-designs/screenshots/1590107048778.jpg",
    "title": "Laser Etched Black Granite Headstone"
  },
  {
    "id": "1590106598667",
    "img": "https://www.forevershining.com.au/design/saved-designs/screenshots/1590106598667.jpg",
    "title": "Laser Etched Black Granite Headstone"
  },
  {
    "id": "1582698098631",
    "img": "https://www.forevershining.com.au/design/saved-designs/screenshots/1582698098631.jpg",
    "title": "Laser Etched Black Granite Headstone"
  },
  {
    "id": "1582694974268",
    "img": "https://www.forevershining.com.au/design/saved-designs/screenshots/1582694974268.jpg",
    "title": "Laser Etched Black Granite Headstone"
  },
  {
    "id": "1580519013849",
    "img": "https://www.forevershining.com.au/design/saved-designs/screenshots/1580519013849.jpg",
    "title": "Laser Etched Black Granite Headstone"
  },
  {
    "id": "1580512263174",
    "img": "https://www.forevershining.com.au/design/saved-designs/screenshots/1580512263174.jpg",
    "title": "Laser Etched Black Granite Headstone"
  },
  {
    "id": "1663756822055",
    "img": "https://www.forevershining.com.au/design/saved-designs/screenshots/2022/09/1663756822055.jpg",
    "title": "Laser Etched Black Granite Headstone"
  },
  {
    "id": "1594784999450",
    "img": "https://www.forevershining.com.au/design/saved-designs/screenshots/1594784999450.jpg",
    "title": "Laser Etched Black Granite Headstone"
  },
  {
    "id": "1590107563617",
    "img": "https://www.forevershining.com.au/design/saved-designs/screenshots/1590107563617.jpg",
    "title": "Laser Etched Black Granite Headstone"
  }
]