[{"productid":4,"type":"Headstone","shape":"Serpentine","color":"#000000","fixed":0,"texture":"src/granites/forever2/l/18.jpg","name":"Laser Etched Black Granite Headstone","price":2565.95,"quantity":1,"width":609.5999999999999,"height":609.5999999999999,"_length":80,"init_width":1264,"init_height":796,"device":"desktop","dpr":1.5,"orientation":"landscape","version":"1.44","version_date":20230223,"mode":"2d","navigator":"Chrome (desktop), 1504x1003"},{"productid":4,"type":"Base","name":"Rectangle","flower_pot_holes":true,"base_flower_pots":2,"shape":"Rectangle","color":"#000000","fixed":0,"texture":"src/granites/forever2/l/18.jpg","price":640,"quantity":1,"width":709.5999999999999,"height":100,"_length":"250","init_width":1264,"init_height":796,"mode":"2d"},{"productid":"16","name":"Black Granite Inscription (free)","type":"Inscription","part":"Headstone","side":"Front","price":0,"quantity":12,"label":"Anthropology","font":"82.02860766629087px Lucida Calligraphy","font_size":50,"font_family":"Lucida Calligraphy","color":"#ffffff","colorName":"White","x":0,"y":97,"rotation":0,"flipx":1,"flipy":1,"height":59,"itemID":1},{"productid":"16","name":"Black Granite Inscription (free)","type":"Inscription","part":"Headstone","side":"Front","price":0,"quantity":7,"label":"???-???","font":"82.02860766629087px Lucida Calligraphy","font_size":50,"font_family":"Lucida Calligraphy","color":"#ffffff","colorName":"White","x":0,"y":194,"rotation":0,"flipx":1,"flipy":1,"height":37,"itemID":3}]