[{"productid":4,"type":"Headstone","shape":"Square","color":"#000000","fixed":0,"texture":"src/granites/forever2/l/18.jpg","name":"Laser Etched Black Granite Headstone","price":1634.16,"quantity":1,"width":609.5999999999999,"height":304.7999999999988,"_length":80,"init_width":414,"init_height":658,"device":"mobile","dpr":2,"orientation":"portrait","version":"1.44","version_date":20230412,"mode":"2d","navigator":"Safari (mobile(ios)), 414x896"},{"productid":"16","name":"Black Granite Inscription (free)","type":"Inscription","part":"Headstone","side":"Front","price":0,"quantity":7,"label":"GLINSEY","font":"52.97244094488189px Lucida Calligraphy","font_size":40,"font_family":"Lucida Calligraphy","color":"#ffffff","colorName":"White","x":-6,"y":-116.76923076923077,"rotation":0,"flipx":1,"flipy":1,"height":39,"itemID":1},{"productid":"16","name":"Black Granite Inscription (free)","type":"Inscription","part":"Headstone","side":"Front","price":0,"quantity":11,"label":"Maurice Evan","font":"26.486220472440944px Lucida Calligraphy","font_size":20,"font_family":"Lucida Calligraphy","color":"#ffffff","colorName":"White","x":-236,"y":23.692307692307693,"rotation":0,"flipx":1,"flipy":1,"height":17,"itemID":2},{"productid":"16","name":"Black Granite Inscription (free)","type":"Inscription","part":"Headstone","side":"Front","price":0,"quantity":9,"label":"Nicole Ann","font":"26.486220472440944px Lucida Calligraphy","font_size":20,"font_family":"Lucida Calligraphy","color":"#ffffff","colorName":"White","x":214,"y":27.076923076923077,"rotation":0,"flipx":1,"flipy":1,"height":18,"itemID":3},{"productid":"16","name":"Black Granite Inscription (free)","type":"Inscription","part":"Headstone","side":"Front","price":0,"quantity":10,"label":"Jan 24, 1966","font":"26.486220472440944px Lucida Calligraphy","font_size":20,"font_family":"Lucida Calligraphy","color":"#ffffff","colorName":"White","x":-238,"y":50.76923076923077,"rotation":0,"flipx":1,"flipy":1,"height":18,"itemID":4},{"productid":"16","name":"Black Granite Inscription (free)","type":"Inscription","part":"Headstone","side":"Front","price":0,"quantity":10,"label":"Mar 28, 2023","font":"26.486220472440944px Lucida Calligraphy","font_size":20,"font_family":"Lucida Calligraphy","color":"#ffffff","colorName":"White","x":-236,"y":79.53846153846153,"rotation":0,"flipx":1,"flipy":1,"height":19,"itemID":5},{"productid":"16","name":"Black Granite Inscription (free)","type":"Inscription","part":"Headstone","side":"Front","price":0,"quantity":9,"label":"Mar 9, 1970","font":"26.486220472440944px Lucida Calligraphy","font_size":20,"font_family":"Lucida Calligraphy","color":"#ffffff","colorName":"White","x":218,"y":55.84615384615385,"rotation":0,"flipx":1,"flipy":1,"height":19,"itemID":6}]