[{"productid":4,"type":"Headstone","shape":"Serpentine","color":"#000000","fixed":0,"texture":"src/granites/forever2/l/18.jpg","name":"Laser Etched Black Granite Headstone","price":4169,"quantity":1,"width":965.1999999999999,"height":609.5999999999999,"_length":80,"init_width":1071,"init_height":593,"device":"desktop","dpr":1,"orientation":"landscape","version":"1.44","version_date":20230412,"mode":"2d","navigator":"Edge (chromium based) (desktop), 1366x768"},{"productid":4,"type":"Base","name":"Rectangle","flower_pot_holes":true,"base_flower_pots":3,"shape":"Rectangle","color":"#000000","fixed":0,"texture":"src/granites/forever2/l/18.jpg","price":832,"quantity":1,"width":1065.1999999999998,"height":101.6,"_length":250,"init_width":1071,"init_height":593,"mode":"2d"},{"productid":"16","name":"Black Granite Inscription (free)","type":"Inscription","part":"Headstone","side":"Front","price":0,"quantity":6,"label":"Hamzik","font":"68.86295692126829px Lucida Calligraphy","font_size":131,"font_family":"Lucida Calligraphy","color":"#ffffff","colorName":"White","x":-2,"y":-60,"rotation":0,"flipx":1,"flipy":1,"height":114,"itemID":1},{"productid":"16","name":"Black Granite Inscription (free)","type":"Inscription","part":"Headstone","side":"Front","price":0,"quantity":6,"label":"Father","font":"26.283571343995533px Lucida Calligraphy","font_size":50,"font_family":"Lucida Calligraphy","color":"#ffffff","colorName":"White","x":-135,"y":43,"rotation":0,"flipx":1,"flipy":1,"height":51,"itemID":2},{"productid":"16","name":"Black Granite Inscription (free)","type":"Inscription","part":"Headstone","side":"Front","price":0,"quantity":6,"label":"Mother","font":"26.283571343995533px Lucida Calligraphy","font_size":50,"font_family":"Lucida Calligraphy","color":"#ffffff","colorName":"White","x":141,"y":46,"rotation":0,"flipx":1,"flipy":1,"height":42,"itemID":3},{"productid":"71","name":"Black Granite Motif (free)","type":"Motif","part":"Headstone","side":"Front","src":"2_116_05","item":"2_116_05","price":0,"quantity":1,"color":"#ffffff","colorName":"White","x":-203,"y":-48,"flipx":1,"flipy":1,"rotation":0,"height":181,"ratio":0.24862637362637363,"itemID":4},{"productid":"71","name":"Black Granite Motif (free)","type":"Motif","part":"Headstone","side":"Front","src":"2_116_05","item":"2_116_05","price":0,"quantity":1,"color":"#ffffff","colorName":"White","x":204,"y":-42,"flipx":1,"flipy":1,"rotation":0,"height":213,"ratio":0.2925824175824176,"itemID":5},{"productid":"16","name":"Black Granite Inscription (free)","type":"Inscription","part":"Headstone","side":"Front","price":0,"quantity":8,"label":"Thomas E.","font":"26.283571343995533px Lucida Calligraphy","font_size":50,"font_family":"Lucida Calligraphy","color":"#ffffff","colorName":"White","x":-132,"y":78,"rotation":0,"flipx":1,"flipy":1,"height":42,"itemID":6},{"productid":"16","name":"Black Granite Inscription (free)","type":"Inscription","part":"Headstone","side":"Front","price":0,"quantity":10,"label":"Jan. 3, 1937","font":"18.924171367676784px Lucida Calligraphy","font_size":36,"font_family":"Lucida Calligraphy","color":"#ffffff","colorName":"White","x":-135,"y":107,"rotation":0,"flipx":1,"flipy":1,"height":32,"itemID":7},{"productid":"16","name":"Black Granite Inscription (free)","type":"Inscription","part":"Headstone","side":"Front","price":0,"quantity":10,"label":"Feb. 4, 2023","font":"17.87282851391696px Lucida Calligraphy","font_size":34,"font_family":"Lucida Calligraphy","color":"#ffffff","colorName":"White","x":-137,"y":135,"rotation":0,"flipx":1,"flipy":1,"height":36,"itemID":8},{"productid":"16","name":"Black Granite Inscription (free)","type":"Inscription","part":"Headstone","side":"Front","price":0,"quantity":9,"label":"Frances L.","font":"26.283571343995533px Lucida Calligraphy","font_size":50,"font_family":"Lucida Calligraphy","color":"#ffffff","colorName":"White","x":140,"y":76,"rotation":0,"flipx":1,"flipy":1,"height":46,"itemID":9},{"productid":"16","name":"Black Granite Inscription (free)","type":"Inscription","part":"Headstone","side":"Front","price":0,"quantity":11,"label":"July 16, 1938","font":"17.87282851391696px Lucida Calligraphy","font_size":34,"font_family":"Lucida Calligraphy","color":"#ffffff","colorName":"White","x":138,"y":105,"rotation":0,"flipx":1,"flipy":1,"height":40,"itemID":10},{"productid":"71","name":"Black Granite Motif (free)","type":"Motif","part":"Headstone","side":"Front","src":"dovefinal8-11-16[converted]","item":"dovefinal8-11-16[converted]","price":0,"quantity":1,"color":"#ffffff","colorName":"White","x":8,"y":109,"flipx":1,"flipy":1,"rotation":0,"height":130,"ratio":0.4024767801857585,"itemID":11}]