[{"productid":4,"type":"Headstone","shape":"Serpentine","color":"#000000","fixed":0,"texture":"src/granites/forever2/l/18.jpg","name":"Laser Etched Black Granite Headstone","price":2565.95,"quantity":1,"width":609.5999999999999,"height":609.5999999999999,"_length":80,"init_width":918,"init_height":693,"device":"desktop","dpr":1,"orientation":"landscape","version":"1.44","version_date":20230412,"mode":"2d","navigator":"Edge (chromium based) (desktop), 1600x900"},{"productid":21,"id":21,"uid":1685927783749,"path":"../upload/2023/06/","name":"Laser-etched Image","type":"Photo","item":"168592778374912970893_987383974683975.jpg","color":1,"mask":2,"x":-6,"y":145,"flipx":1,"flipy":1,"rotation":0,"ratio":0.3833051578206903,"shape_url":"shapes/photos/oval_vertical.svg","part":"Headstone","side":"Front","src":"12970893_987383974683975_6142118102428422286_o.jpg","price":0,"quantity":1,"size":120,"width":"166","height":"133","itemID":7},{"productid":"16","name":"Black Granite Inscription (free)","type":"Inscription","part":"Headstone","side":"Front","price":0,"quantity":17,"label":"Donnie Wayne Mayhew","font":"55.4195374015748px Garamond","font_size":50,"font_family":"Garamond","color":"#ffffff","colorName":"White","x":-3,"y":-126,"rotation":0,"flipx":1,"flipy":1,"height":50,"itemID":1},{"productid":"16","name":"Black Granite Inscription (free)","type":"Inscription","part":"Headstone","side":"Front","price":0,"quantity":6,"label":"May 31,","font":"55.4195374015748px Garamond","font_size":50,"font_family":"Garamond","color":"#ffffff","colorName":"White","x":-157,"y":-14,"rotation":0,"flipx":1,"flipy":1,"height":47,"itemID":2},{"productid":"16","name":"Black Granite Inscription (free)","type":"Inscription","part":"Headstone","side":"Front","price":0,"quantity":8,"label":"April 24,","font":"55.4195374015748px Garamond","font_size":50,"font_family":"Garamond","color":"#ffffff","colorName":"White","x":145,"y":-11,"rotation":0,"flipx":1,"flipy":1,"height":50,"itemID":4},{"productid":"16","name":"Black Granite Inscription (free)","type":"Inscription","part":"Headstone","side":"Front","price":0,"quantity":4,"label":"2023","font":"55.4195374015748px Garamond","font_size":50,"font_family":"Garamond","color":"#ffffff","colorName":"White","x":156,"y":47,"rotation":0,"flipx":1,"flipy":1,"height":33,"itemID":5},{"productid":"16","name":"Black Granite Inscription (free)","type":"Inscription","part":"Headstone","side":"Front","price":0,"quantity":18,"label":"Forever with Lorelei","font":"55.4195374015748px Garamond","font_size":50,"font_family":"Garamond","color":"#ffffff","colorName":"White","x":-7,"y":245,"rotation":0,"flipx":1,"flipy":1,"height":36,"itemID":6},{"productid":"16","name":"Black Granite Inscription (free)","type":"Inscription","part":"Headstone","side":"Front","price":0,"quantity":4,"label":"1959","font":"55.4195374015748px Garamond","font_size":50,"font_family":"Garamond","color":"#ffffff","colorName":"White","x":-154,"y":41,"rotation":0,"flipx":1,"flipy":1,"height":34,"itemID":8}]