[{"productid":4,"type":"Headstone","shape":"Square","color":"#000000","fixed":0,"texture":"src/granites/forever2/l/18.jpg","name":"Laser Etched Black Granite Headstone","price":2565.95,"quantity":1,"width":609.5999999999999,"height":609.5999999999999,"_length":80,"init_width":1126,"init_height":593,"device":"desktop","dpr":1,"orientation":"landscape","version":"1.44","version_date":20230412,"mode":"2d","navigator":"Chrome (desktop), 1366x768"},{"productid":71,"name":"Black Granite Motif (free)","type":"Motif","part":"Headstone","side":"Front","src":"cross_004","item":"cross_004","price":0,"quantity":1,"color":"#ffffff","colorName":"White","x":264.41604477611935,"y":258.8843283582089,"flipx":"1","flipy":"1","rotation":0,"height":40,"ratio":0.20202020202020202,"itemID":5},{"productid":71,"name":"Black Granite Motif (free)","type":"Motif","part":"Headstone","side":"Front","src":"cross_004","item":"cross_004","price":0,"quantity":1,"color":"#ffffff","colorName":"White","x":-259.99067164179104,"y":-264.41604477611935,"flipx":"1","flipy":"1","rotation":0,"height":40,"ratio":0.20202020202020202,"itemID":6},{"productid":71,"name":"Black Granite Motif (free)","type":"Motif","part":"Headstone","side":"Front","src":"cross_004","item":"cross_004","price":0,"quantity":1,"color":"#ffffff","colorName":"White","x":-265.5223880597015,"y":261.0970149253731,"flipx":"1","flipy":"1","rotation":0,"height":40,"ratio":0.20202020202020202,"itemID":7},{"productid":71,"name":"Black Granite Motif (free)","type":"Motif","part":"Headstone","side":"Front","src":"cross_004","item":"cross_004","price":0,"quantity":1,"color":"#ffffff","colorName":"White","x":264.41604477611935,"y":-266.62873134328356,"flipx":"1","flipy":"1","rotation":0,"height":40,"ratio":0.20202020202020202,"itemID":8},{"productid":71,"name":"Black Granite Motif (free)","type":"Motif","part":"Headstone","side":"Front","src":"2_116_05","item":"2_116_05","price":0,"quantity":1,"color":"#ffffff","colorName":"White","x":-7.744402985074626,"y":-34.29664179104477,"flipx":"1","flipy":"1","rotation":0,"height":95,"ratio":0.1304945054945055,"itemID":21},{"productid":71,"name":"Black Granite Motif (free)","type":"Motif","part":"Headstone","side":"Front","src":"flower_006","item":"flower_006","price":0,"quantity":1,"color":"#ffffff","colorName":"White","x":146.03731343283582,"y":-110.63432835820895,"flipx":"-1","flipy":"1","rotation":0,"height":40,"ratio":0.11235955056179775,"itemID":22},{"productid":71,"name":"Black Granite Motif (free)","type":"Motif","part":"Headstone","side":"Front","src":"flower_006","item":"flower_006","price":0,"quantity":1,"color":"#ffffff","colorName":"White","x":-168.1641791044776,"y":-108.42164179104476,"flipx":"1","flipy":"1","rotation":0,"height":40,"ratio":0.11235955056179775,"itemID":23},{"productid":"16","name":"Black Granite Inscription (free)","type":"Inscription","part":"Headstone","side":"Front","price":0,"quantity":18,"label":"FOREVER IN OUR HEARTS","font":"30.350393700787404px Adorable","font_size":32,"font_family":"Adorable","color":"#ffffff","colorName":"White","x":5.531716417910447,"y":-257.7779850746268,"rotation":0,"flipx":1,"flipy":1,"height":28,"itemID":1},{"productid":"16","name":"Black Granite Inscription (free)","type":"Inscription","part":"Headstone","side":"Front","price":0,"quantity":10,"label":"ROMANS 14:8","font":"24.659694881889767px Arial","font_size":26,"font_family":"Arial","color":"#ffffff","colorName":"White","x":-153.78171641791045,"y":-65.27425373134328,"rotation":0,"flipx":1,"flipy":1,"height":19,"itemID":2},{"productid":"16","name":"Black Granite Inscription (free)","type":"Inscription","part":"Headstone","side":"Front","price":0,"quantity":9,"label":"HYMN 482:4","font":"24.659694881889767px Arial","font_size":26,"font_family":"Arial","color":"#ffffff","colorName":"White","x":148.24999999999997,"y":-65.27425373134328,"rotation":0,"flipx":1,"flipy":1,"height":19,"itemID":3},{"productid":"16","name":"Black Granite Inscription (free)","type":"Inscription","part":"Headstone","side":"Front","price":0,"quantity":23,"label":"HOPO &apos;A E MAAMA E HILI PO&apos;ULI","font":"17.072096456692915px Arial","font_size":18,"font_family":"Arial","color":"#ffffff","colorName":"White","x":153.78171641791045,"y":-23.23320895522388,"rotation":0,"flipx":1,"flipy":1,"height":13,"itemID":4},{"productid":"16","name":"Black Granite Inscription (free)","type":"Inscription","part":"Headstone","side":"Front","price":0,"quantity":24,"label":"MUI &apos;A E UTUTA&apos;U KI HE TUTUU&apos;I","font":"17.072096456692915px Arial","font_size":18,"font_family":"Arial","color":"#ffffff","colorName":"White","x":150.46268656716416,"y":-4.425373134328358,"rotation":0,"flipx":1,"flipy":1,"height":13,"itemID":9},{"productid":"16","name":"Black Granite Inscription (free)","type":"Inscription","part":"Headstone","side":"Front","price":0,"quantity":19,"label":"HE KAPAU &apos;OKU TAU MO&apos;UI","font":"17.072096456692915px Arial","font_size":18,"font_family":"Arial","color":"#ffffff","colorName":"White","x":-150.46268656716416,"y":-35.40298507462686,"rotation":0,"flipx":1,"flipy":1,"height":13,"itemID":10},{"productid":"16","name":"Black Granite Inscription (free)","type":"Inscription","part":"Headstone","side":"Front","price":0,"quantity":22,"label":"&apos;OKU TAU MO&apos;UI MA&apos;AE &apos;EIKI","font":"17.072096456692915px Arial","font_size":18,"font_family":"Arial","color":"#ffffff","colorName":"White","x":-150.46268656716416,"y":-15.488805970149253,"rotation":0,"flipx":1,"flipy":1,"height":13,"itemID":11},{"productid":"16","name":"Black Granite Inscription (free)","type":"Inscription","part":"Headstone","side":"Front","price":0,"quantity":20,"label":"PEA KAPAU &apos;OKU TAU PEKIA","font":"17.072096456692915px Arial","font_size":18,"font_family":"Arial","color":"#ffffff","colorName":"White","x":-146.03731343283582,"y":5.531716417910447,"rotation":0,"flipx":1,"flipy":1,"height":13,"itemID":12},{"productid":"16","name":"Black Granite Inscription (free)","type":"Inscription","part":"Headstone","side":"Front","price":0,"quantity":22,"label":"&apos;OKU TAU PEKIA MA&apos;AE &apos;EIKI","font":"17.072096456692915px Arial","font_size":18,"font_family":"Arial","color":"#ffffff","colorName":"White","x":-148.24999999999997,"y":26.55223880597015,"rotation":0,"flipx":1,"flipy":1,"height":13,"itemID":13},{"productid":"16","name":"Black Granite Inscription (free)","type":"Inscription","part":"Headstone","side":"Front","price":0,"quantity":19,"label":"KOIA, PE &apos;OKU TAU MO&apos;UI","font":"15.175196850393702px Arial","font_size":16,"font_family":"Arial","color":"#ffffff","colorName":"White","x":-154.88805970149252,"y":46.46641791044776,"rotation":0,"flipx":1,"flipy":1,"height":15,"itemID":14},{"productid":"16","name":"Black Granite Inscription (free)","type":"Inscription","part":"Headstone","side":"Front","price":0,"quantity":20,"label":"PE &apos;OKU TAU PEKIA. KA KOE","font":"16.123646653543307px Arial","font_size":17,"font_family":"Arial","color":"#ffffff","colorName":"White","x":-148.24999999999997,"y":67.48694029850746,"rotation":0,"flipx":1,"flipy":1,"height":13,"itemID":15},{"productid":"16","name":"Black Granite Inscription (free)","type":"Inscription","part":"Headstone","side":"Front","price":0,"quantity":26,"label":"ME&apos;A &apos;A E &apos;EIKI PE &apos;A KITAUTOLU.","font":"16.123646653543307px Arial","font_size":17,"font_family":"Arial","color":"#ffffff","colorName":"White","x":-143.82462686567163,"y":88.50746268656715,"rotation":0,"flipx":1,"flipy":1,"height":13,"itemID":16},{"productid":"16","name":"Black Granite Inscription (free)","type":"Inscription","part":"Headstone","side":"Front","price":0,"quantity":27,"label":"HILI KOLOSI E, MA&apos;U &apos;A E KALAUNI.","font":"15.175196850393702px Arial","font_size":16,"font_family":"Arial","color":"#ffffff","colorName":"White","x":151.56902985074626,"y":36.509328358208954,"rotation":0,"flipx":1,"flipy":1,"height":15,"itemID":17},{"productid":"16","name":"Black Granite Inscription (free)","type":"Inscription","part":"Headstone","side":"Front","price":0,"quantity":23,"label":"&apos;OSI FA&apos;ITOKA NA,TOE MO&apos;UI","font":"16.123646653543307px Arial","font_size":17,"font_family":"Arial","color":"#ffffff","colorName":"White","x":149.35634328358208,"y":16.595149253731343,"rotation":0,"flipx":1,"flipy":1,"height":16,"itemID":18},{"productid":"16","name":"Black Granite Inscription (free)","type":"Inscription","part":"Headstone","side":"Front","price":0,"quantity":34,"label":"Close to our hearts, You will always stay","font":"28.453494094488192px Arial","font_size":30,"font_family":"Arial","color":"#ffffff","colorName":"White","x":1.1063432835820894,"y":171.48320895522386,"rotation":0,"flipx":1,"flipy":1,"height":27,"itemID":19},{"productid":"16","name":"Black Granite Inscription (free)","type":"Inscription","part":"Headstone","side":"Front","price":0,"quantity":27,"label":"Loved and Remembered Everyday.","font":"28.453494094488192px Arial","font_size":30,"font_family":"Arial","color":"#ffffff","colorName":"White","x":4.425373134328358,"y":205.77985074626864,"rotation":0,"flipx":1,"flipy":1,"height":27,"itemID":20}]