[{"productid":4,"type":"Headstone","shape":"Cropped Peak","color":"#000000","fixed":0,"texture":"src/granites/forever2/l/18.jpg","name":"Laser Etched Black Granite Headstone","price":1850.08,"quantity":1,"width":609.5999999999999,"height":406.39999999999986,"_length":80,"init_width":1618,"init_height":779.0061264038086,"device":"desktop","dpr":0.9866666793823242,"orientation":"landscape","version":"1.44","version_date":20230412,"mode":"2d","navigator":"Edge (chromium based) (desktop), 1298x730"},{"productid":"16","name":"Black Granite Inscription (free)","type":"Inscription","part":"Headstone","side":"Front","price":0,"quantity":11,"label":"APRIL 8, 2023","font":"24.586742232887133px Garamond","font_size":20,"font_family":"Garamond","color":"#ffffff","colorName":"White","x":77,"y":103,"rotation":0,"flipx":1,"flipy":1,"height":16,"itemID":1},{"productid":"16","name":"Black Granite Inscription (free)","type":"Inscription","part":"Headstone","side":"Front","price":0,"quantity":14,"label":"FEBRUARY 7, 1972","font":"24.586742232887133px Garamond","font_size":20,"font_family":"Garamond","color":"#ffffff","colorName":"White","x":78,"y":23,"rotation":0,"flipx":1,"flipy":1,"height":16,"itemID":2},{"productid":"16","name":"Black Granite Inscription (free)","type":"Inscription","part":"Headstone","side":"Front","price":0,"quantity":1,"label":"-","font":"49.173484465774266px Garamond","font_size":40,"font_family":"Garamond","color":"#ffffff","colorName":"White","x":80,"y":59,"rotation":0,"flipx":1,"flipy":1,"height":4,"itemID":3},{"productid":71,"name":"Black Granite Motif (free)","type":"Motif","part":"Headstone","side":"Front","src":"butterfly_027","item":"butterfly_027","price":0,"quantity":1,"color":"#ffffff","colorName":"White","x":99,"y":164,"flipx":"-1","flipy":"1","rotation":0,"height":40,"ratio":0.07366482504604052,"itemID":5},{"productid":71,"name":"Black Granite Motif (free)","type":"Motif","part":"Headstone","side":"Front","src":"butterfly_027","item":"butterfly_027","price":0,"quantity":1,"color":"#ffffff","colorName":"White","x":332,"y":286,"flipx":"1","flipy":"1","rotation":0,"height":40,"ratio":0.07366482504604052,"itemID":6},{"productid":71,"name":"Black Granite Motif (free)","type":"Motif","part":"Headstone","side":"Front","src":"butterfly_027","item":"butterfly_027","price":0,"quantity":1,"color":"#ffffff","colorName":"White","x":-130.88529346193764,"y":-49.16498602334593,"flipx":"-1","flipy":"1","rotation":8,"height":40,"ratio":0.07366482504604052,"itemID":7},{"productid":"16","name":"Black Granite Inscription (free)","type":"Inscription","part":"Headstone","side":"Front","price":0,"quantity":18,"label":"ANTHONY JAMES MEDINA","font":"33.192102014397626px Lucida Calligraphy","font_size":27,"font_family":"Lucida Calligraphy","color":"#ffffff","colorName":"White","x":29,"y":-138,"rotation":0,"flipx":1,"flipy":1,"height":28,"itemID":8},{"productid":"16","name":"Black Granite Inscription (free)","type":"Inscription","part":"Headstone","side":"Front","price":0,"quantity":18,"label":"FOREVER IN OUR HEARTS","font":"27.045416456175843px Garamond","font_size":22,"font_family":"Garamond","color":"#ffffff","colorName":"White","x":98,"y":-64,"rotation":0,"flipx":1,"flipy":1,"height":15,"itemID":9},{"productid":71,"name":"Black Granite Motif (free)","type":"Motif","part":"Headstone","side":"Front","src":"butterfly_027","item":"butterfly_027","price":0,"quantity":1,"color":"#ffffff","colorName":"White","x":294,"y":19,"flipx":"1","flipy":"1","rotation":-10,"height":40,"ratio":0.07366482504604052,"itemID":10},{"productid":"16","name":"Black Granite Inscription (free)","type":"Inscription","part":"Headstone","side":"Front","price":0,"quantity":30,"label":"BELOVED FATHER, SON, BROTHER,PAPA","font":"24.586742232887133px Garamond","font_size":20,"font_family":"Garamond","color":"#ffffff","colorName":"White","x":55.23873699839646,"y":223.79578328691946,"rotation":0,"flipx":1,"flipy":1,"height":16,"itemID":13},{"productid":21,"id":21,"uid":1688278078006,"path":"../upload/2023/07/","name":"Laser-etched Image","type":"Photo","item":"1688278078006duke_facing_right_croppe.jpg","color":1,"mask":3,"x":-174.59386515564597,"y":116.33437192888357,"flipx":1,"flipy":1,"rotation":1,"ratio":0.32782322977182843,"shape_url":"shapes/photos/rectangle_vertical.svg","part":"Headstone","side":"Front","src":"duke facing right.jpeg","price":0,"quantity":1,"size":104,"width":"147","height":"128","itemID":14},{"productid":21,"id":21,"uid":1688278160341,"path":"../upload/2023/07/","name":"Laser-etched Image","type":"Photo","item":"1688278160341tony_811_pm_3_cropped.jpg","color":1,"mask":1,"x":-292.96258729506667,"y":9.8588450787189,"flipx":1,"flipy":1,"rotation":0,"ratio":0.5610820663402448,"shape_url":"shapes/photos/rectangle_vertical.svg","part":"Headstone","side":"Front","src":"TONY 811 PM (3).jpeg","price":0,"quantity":1,"size":178,"width":"153","height":"219","itemID":15}]