[{"productid":4,"type":"Headstone","shape":"Serpentine","color":"#000000","fixed":0,"texture":"src/granites/forever2/l/18.jpg","name":"Laser Etched Black Granite Headstone","price":2022.06,"quantity":1,"width":590.5499999999998,"height":507.99999999999955,"_length":80,"init_width":940,"init_height":682,"device":"desktop","dpr":2,"orientation":"landscape","version":"1.44","version_date":20230714,"mode":"2d","navigator":"Safari (desktop), 820x1180"},{"productid":"16","name":"Black Granite Inscription (free)","type":"Inscription","part":"Headstone","side":"Front","price":0,"quantity":14,"label":"In loving memory","font":"72.06299212598427px Adorable","font_size":32,"font_family":"Adorable","color":"#ffffff","colorName":"White","x":-18,"y":-436,"rotation":0,"flipx":1,"flipy":1,"height":32,"itemID":1},{"productid":"16","name":"Black Granite Inscription (free)","type":"Inscription","part":"Headstone","side":"Front","price":0,"quantity":10,"label":"Irene Booth","font":"76.56692913385828px Adorable","font_size":34,"font_family":"Adorable","color":"#ffffff","colorName":"White","x":-18,"y":-358,"rotation":0,"flipx":1,"flipy":1,"height":26,"itemID":2},{"productid":"16","name":"Black Granite Inscription (free)","type":"Inscription","part":"Headstone","side":"Front","price":0,"quantity":19,"label":"(nee shillingsworth)","font":"45.03937007874016px Adorable","font_size":20,"font_family":"Adorable","color":"#ffffff","colorName":"White","x":-12,"y":-300,"rotation":0,"flipx":1,"flipy":1,"height":20,"itemID":3},{"productid":2300,"id":2300,"uid":1689677330576,"path":"../upload/2023/07/","name":"Vitreous Enamel","type":"Photo","item":"1689677330576img_0401_cropped.jpg","color":0,"mask":0,"x":-12,"y":-148,"flipx":1,"flipy":1,"rotation":0,"ratio":0.7924815849631701,"shape_url":"shapes/photos/oval_vertical.svg","part":"Headstone","side":"Front","src":"IMG_0401.png","price":400,"quantity":1,"size":"90 x 120 mm","itemID":4},{"productid":"16","name":"Black Granite Inscription (free)","type":"Inscription","part":"Headstone","side":"Front","price":0,"quantity":8,"label":"9-1-2011","font":"69.81102362204726px Adorable","font_size":31,"font_family":"Adorable","color":"#ffffff","colorName":"White","x":256,"y":-138,"rotation":0,"flipx":1,"flipy":1,"height":20,"itemID":5},{"productid":"16","name":"Black Granite Inscription (free)","type":"Inscription","part":"Headstone","side":"Front","price":0,"quantity":21,"label":"I will hold you in my heart","font":"54.0472440944882px Adorable","font_size":24,"font_family":"Adorable","color":"#ffffff","colorName":"White","x":4,"y":390,"rotation":0,"flipx":1,"flipy":1,"height":24,"itemID":6},{"productid":"16","name":"Black Granite Inscription (free)","type":"Inscription","part":"Headstone","side":"Front","price":0,"quantity":29,"label":"Until I can hold you again in heaven","font":"49.543307086614185px Adorable","font_size":22,"font_family":"Adorable","color":"#ffffff","colorName":"White","x":12,"y":456,"rotation":0,"flipx":1,"flipy":1,"height":22,"itemID":7}]