[{"productid":4,"type":"Headstone","shape":"Headstone 27","color":"#000000","fixed":4,"texture":"src/granites/forever2/l/18.jpg","name":"Laser Etched Black Granite Headstone","price":1564.24,"quantity":1,"width":437,"height":444.5,"_length":80,"init_width":390,"init_height":608,"device":"mobile","dpr":3,"orientation":"portrait","version":"1.44","version_date":20230714,"mode":"2d","navigator":"Safari (mobile(ios)), 390x844"},{"productid":71,"name":"Black Granite Motif (free)","type":"Motif","part":"Headstone","side":"Front","src":"teddy-bear_003","item":"teddy-bear_003","price":0,"quantity":1,"color":"#ffffff","colorName":"White","x":-12,"y":93,"flipx":"1","flipy":"1","rotation":4,"height":104,"ratio":0.19439252336448598,"itemID":1},{"productid":"16","name":"Black Granite Inscription (free)","type":"Inscription","part":"Headstone","side":"Front","price":0,"quantity":20,"label":"Cameron David Mcintyre","font":"125.75196850393701px French Script","font_size":49,"font_family":"French Script","color":"#ffffff","colorName":"White","x":9,"y":-348,"rotation":0,"flipx":1,"flipy":1,"height":47,"itemID":3},{"productid":"16","name":"Black Granite Inscription (free)","type":"Inscription","part":"Headstone","side":"Front","price":0,"quantity":16,"label":"7th September 2009","font":"125.75196850393701px French Script","font_size":49,"font_family":"French Script","color":"#ffffff","colorName":"White","x":12,"y":-213,"rotation":0,"flipx":1,"flipy":1,"height":47,"itemID":4}]