[{"productid":4,"type":"Headstone","shape":"Serpentine","color":"#000000","fixed":0,"texture":"src/granites/forever2/l/18.jpg","name":"Laser Etched Black Granite Headstone","price":1850.08,"quantity":1,"width":609.5999999999999,"height":406.4,"_length":80,"init_width":1635,"init_height":794.0061264038086,"device":"desktop","dpr":0.9866666793823242,"orientation":"landscape","version":"1.44","version_date":20230714,"mode":"2d","navigator":"Edge (chromium based) (desktop), 1298x730"},{"productid":71,"name":"Black Granite Motif (free)","type":"Motif","part":"Headstone","side":"Front","src":"butterfly_027","item":"butterfly_027","price":0,"quantity":1,"color":"#ffffff","colorName":"White","x":534.3238632159694,"y":217.0383719362418,"flipx":"1","flipy":"1","rotation":0,"height":40,"ratio":0.07366482504604052,"itemID":7},{"productid":71,"name":"Black Granite Motif (free)","type":"Motif","part":"Headstone","side":"Front","src":"butterfly_027","item":"butterfly_027","price":0,"quantity":1,"color":"#ffffff","colorName":"White","x":101,"y":167,"flipx":"-1","flipy":"1","rotation":0,"height":40,"ratio":0.07366482504604052,"itemID":8},{"productid":71,"name":"Black Granite Motif (free)","type":"Motif","part":"Headstone","side":"Front","src":"butterfly_027","item":"butterfly_027","price":0,"quantity":1,"color":"#ffffff","colorName":"White","x":-52,"y":80,"flipx":"-1","flipy":"1","rotation":8,"height":40,"ratio":0.07366482504604052,"itemID":9},{"productid":71,"name":"Black Granite Motif (free)","type":"Motif","part":"Headstone","side":"Front","src":"butterfly_027","item":"butterfly_027","price":0,"quantity":1,"color":"#ffffff","colorName":"White","x":299,"y":20,"flipx":"1","flipy":"1","rotation":-10,"height":40,"ratio":0.07366482504604052,"itemID":10},{"productid":"16","name":"Black Granite Inscription (free)","type":"Inscription","part":"Headstone","side":"Front","price":0,"quantity":11,"label":"APRIL 8, 2023","font":"25.060167435838785px Garamond","font_size":20,"font_family":"Garamond","color":"#ffffff","colorName":"White","x":103.65035398801604,"y":104.01384495914994,"rotation":0,"flipx":1,"flipy":1,"height":18,"itemID":1},{"productid":"16","name":"Black Granite Inscription (free)","type":"Inscription","part":"Headstone","side":"Front","price":0,"quantity":14,"label":"FEBRUARY 7, 1972","font":"25.060167435838785px Garamond","font_size":20,"font_family":"Garamond","color":"#ffffff","colorName":"White","x":103.66380191155395,"y":16.096914714049262,"rotation":0,"flipx":1,"flipy":1,"height":18,"itemID":2},{"productid":"16","name":"Black Granite Inscription (free)","type":"Inscription","part":"Headstone","side":"Front","price":0,"quantity":32,"label":"BELOVED FATHER, SON, BROTHER, GRAMPA","font":"25.060167435838785px Garamond","font_size":20,"font_family":"Garamond","color":"#ffffff","colorName":"White","x":89,"y":223,"rotation":0,"flipx":1,"flipy":1,"height":18,"itemID":3},{"productid":"16","name":"Black Granite Inscription (free)","type":"Inscription","part":"Headstone","side":"Front","price":0,"quantity":18,"label":"ANTHONY JAMES MEDINA","font":"32.578217666590426px Lucida Calligraphy","font_size":26,"font_family":"Lucida Calligraphy","color":"#ffffff","colorName":"White","x":57,"y":-145,"rotation":0,"flipx":1,"flipy":1,"height":28,"itemID":4},{"productid":"16","name":"Black Granite Inscription (free)","type":"Inscription","part":"Headstone","side":"Front","price":0,"quantity":18,"label":"FOREVER IN OUR HEARTS","font":"28.819192551214606px Garamond","font_size":23,"font_family":"Garamond","color":"#ffffff","colorName":"White","x":101,"y":-64,"rotation":0,"flipx":1,"flipy":1,"height":16,"itemID":5},{"productid":"16","name":"Black Granite Inscription (free)","type":"Inscription","part":"Headstone","side":"Front","price":0,"quantity":1,"label":"-","font":"50.12033487167757px Garamond","font_size":40,"font_family":"Garamond","color":"#ffffff","colorName":"White","x":101.71759360570536,"y":54.08306975489933,"rotation":0,"flipx":1,"flipy":1,"height":4,"itemID":6},{"productid":21,"id":21,"uid":1690139789690,"path":"../upload/2023/07/","name":"Laser-etched Image","type":"Photo","item":"1690139789690duke_behind_tony_two_cro.jpg","color":1,"mask":3,"x":-217.04145682167484,"y":51.280062124205585,"flipx":1,"flipy":1,"rotation":0,"ratio":0.7902138224114995,"shape_url":"shapes/photos/rectangle_horizontal.svg","part":"Headstone","side":"Front","src":"duke_behind_tony_two.png","price":0,"quantity":1,"size":251,"width":"317","height":"315","itemID":11}]