[{"productid":4,"type":"Headstone","shape":"Serpentine","color":"#000000","fixed":0,"texture":"src/granites/forever2/l/18.jpg","name":"Laser Etched Black Granite Headstone","price":3481.98,"quantity":1,"width":812.8,"height":609.5999999999999,"_length":80,"init_width":1296,"init_height":624,"device":"desktop","dpr":1.25,"orientation":"landscape","version":"1.44","version_date":20230714,"mode":"2d","navigator":"Chrome (desktop), 1536x864"},{"productid":"16","name":"Black Granite Inscription (free)","type":"Inscription","part":"Headstone","side":"Front","price":0,"quantity":5,"label":"ZHANG","font":"84.20890748031496px Garamond","font_size":90,"font_family":"Garamond","color":"#ffffff","colorName":"White","x":7,"y":-109,"rotation":0,"flipx":1,"flipy":1,"height":64,"itemID":1},{"productid":"16","name":"Black Granite Inscription (free)","type":"Inscription","part":"Headstone","side":"Front","price":0,"quantity":10,"label":"May 10, 1946","font":"31.812253937007874px Arial","font_size":34,"font_family":"Arial","color":"#ffffff","colorName":"White","x":-226,"y":128,"rotation":0,"flipx":1,"flipy":1,"height":31,"itemID":2},{"productid":"16","name":"Black Granite Inscription (free)","type":"Inscription","part":"Headstone","side":"Front","price":0,"quantity":18,"label":"Xian-Da Zhang, Ph.D.","font":"31.812253937007874px Arial","font_size":34,"font_family":"Arial","color":"#ffffff","colorName":"White","x":-166,"y":85,"rotation":0,"flipx":1,"flipy":1,"height":31,"itemID":3},{"productid":"16","name":"Black Granite Inscription (free)","type":"Inscription","part":"Headstone","side":"Front","price":0,"quantity":12,"label":"March 02, 2020","font":"33.683562992125985px Arial","font_size":36,"font_family":"Arial","color":"#ffffff","colorName":"White","x":-207,"y":171,"rotation":0,"flipx":1,"flipy":1,"height":32,"itemID":4},{"productid":"16","name":"Black Granite Inscription (free)","type":"Inscription","part":"Headstone","side":"Front","price":0,"quantity":13,"label":"Xiao-Ying Tang","font":"31.812253937007874px Arial","font_size":34,"font_family":"Arial","color":"#ffffff","colorName":"White","x":159,"y":84,"rotation":0,"flipx":1,"flipy":1,"height":31,"itemID":5},{"productid":"16","name":"Black Granite Inscription (free)","type":"Inscription","part":"Headstone","side":"Front","price":0,"quantity":10,"label":"May 10, 1946","font":"31.812253937007874px Arial","font_size":34,"font_family":"Arial","color":"#ffffff","colorName":"White","x":150,"y":126,"rotation":0,"flipx":1,"flipy":1,"height":31,"itemID":6},{"productid":21,"id":21,"uid":1690284883427,"path":"../upload/2023/07/","name":"Laser-etched Image","type":"Photo","item":"1690284883427adobestock_552598337_pre.jpg","color":1,"mask":3,"x":-257.5,"y":-105,"flipx":1,"flipy":-1,"rotation":0,"ratio":0.49481729822834647,"shape_url":"shapes/photos/rectangle_vertical.svg","part":"Headstone","side":"Front","src":"AdobeStock_552598337_Preview.png","price":0,"quantity":1,"size":165,"width":"164","height":"154","itemID":10},{"productid":21,"id":21,"uid":1690284883427,"name":"Laser-etched Image","type":"Photo","item":"1690284883427adobestock_552598337_pre.jpg","color":1,"mask":3,"x":270.03452571358275,"y":-108.75,"flipx":-1,"flipy":-1,"rotation":0,"ratio":0.49481729822834647,"shape_url":"shapes/photos/rectangle_vertical.svg","part":"Headstone","side":"Front","src":"AdobeStock_552598337_Preview.png","price":0,"quantity":1,"size":165,"width":"164","height":"154","itemID":11}]