[{"productid":4,"type":"Headstone","shape":"Serpentine","color":"#000000","fixed":0,"texture":"src/granites/forever2/l/18.jpg","name":"Laser Etched Black Granite Headstone","price":4398,"quantity":1,"width":914.4,"height":711.1999999999999,"_length":90,"init_width":954,"init_height":651,"device":"tablet","dpr":2,"orientation":"landscape","version":"1.44","version_date":20230714,"mode":"2d","navigator":"Safari (tablet(ios)), 834x1194"},{"productid":71,"name":"Black Granite Motif (free)","type":"Motif","part":"Headstone","side":"Front","src":"cross_001","item":"cross_001","price":0,"quantity":1,"color":"#ffffff","colorName":"White","x":-448,"y":-152,"flipx":"1","flipy":"1","rotation":0,"height":290,"ratio":0.48576214405360135,"itemID":1},{"productid":"16","name":"Black Granite Inscription (free)","type":"Inscription","part":"Headstone","side":"Front","price":0,"quantity":6,"label":"MANTAS","font":"198.52509842519686px Garamond","font_size":143,"font_family":"Garamond","color":"#ffffff","colorName":"White","x":152,"y":-167,"rotation":0,"flipx":1,"flipy":1,"height":103,"itemID":2},{"productid":"16","name":"Black Granite Inscription (free)","type":"Inscription","part":"Headstone","side":"Front","price":0,"quantity":14,"label":"Sotiris “Sam” R.","font":"83.29724409448819px Garamond","font_size":60,"font_family":"Garamond","color":"#ffffff","colorName":"White","x":-336,"y":188,"rotation":0,"flipx":1,"flipy":1,"height":43,"itemID":3},{"productid":"16","name":"Black Granite Inscription (free)","type":"Inscription","part":"Headstone","side":"Front","price":0,"quantity":11,"label":"Judy L. Coler","font":"86.0738188976378px Garamond","font_size":62,"font_family":"Garamond","color":"#ffffff","colorName":"White","x":322,"y":174,"rotation":0,"flipx":1,"flipy":1,"height":62,"itemID":4},{"productid":"16","name":"Black Granite Inscription (free)","type":"Inscription","part":"Headstone","side":"Front","price":0,"quantity":16,"label":"December 30, 1962 -","font":"49.97834645669292px Garamond","font_size":36,"font_family":"Garamond","color":"#ffffff","colorName":"White","x":-350,"y":276,"rotation":0,"flipx":1,"flipy":1,"height":32,"itemID":5},{"productid":"16","name":"Black Granite Inscription (free)","type":"Inscription","part":"Headstone","side":"Front","price":0,"quantity":13,"label":"October 3, 2022","font":"49.97834645669292px Garamond","font_size":36,"font_family":"Garamond","color":"#ffffff","colorName":"White","x":-366,"y":343,"rotation":0,"flipx":1,"flipy":1,"height":32,"itemID":6},{"productid":"16","name":"Black Granite Inscription (free)","type":"Inscription","part":"Headstone","side":"Front","price":0,"quantity":16,"label":"November 21, 2022 -","font":"49.97834645669292px Garamond","font_size":36,"font_family":"Garamond","color":"#ffffff","colorName":"White","x":310,"y":272,"rotation":0,"flipx":1,"flipy":1,"height":32,"itemID":7}]