[{"productid":4,"type":"Headstone","shape":"Curved Gable","color":"#000000","fixed":0,"texture":"src/granites/forever2/l/18.jpg","name":"Laser Etched Black Granite Headstone","price":2565.95,"quantity":1,"width":609.5999999999999,"height":609.5999999999999,"_length":80,"init_width":1536,"init_height":1234,"device":"desktop","dpr":2,"orientation":"landscape","version":"1.44","version_date":20230714,"mode":"2d","navigator":"Chrome (desktop), 2560x1440"},{"productid":"16","name":"Black Granite Inscription (free)","type":"Inscription","part":"Headstone","side":"Front","price":0,"quantity":11,"label":"Jordan Maher","font":"197.36712598425197px Garamond","font_size":50,"font_family":"Garamond","color":"#ffffff","colorName":"White","x":8,"y":-484,"rotation":0,"flipx":1,"flipy":1,"height":45,"itemID":1},{"productid":"16","name":"Black Granite Inscription (free)","type":"Inscription","part":"Headstone","side":"Front","price":0,"quantity":9,"label":"1993 - 2063","font":"197.36712598425197px Garamond","font_size":50,"font_family":"Garamond","color":"#ffffff","colorName":"White","x":-14,"y":-238,"rotation":0,"flipx":1,"flipy":1,"height":34,"itemID":2},{"productid":"16","name":"Black Granite Inscription (free)","type":"Inscription","part":"Headstone","side":"Front","price":0,"quantity":14,"label":"He always put the","font":"197.36712598425197px Garamond","font_size":50,"font_family":"Garamond","color":"#ffffff","colorName":"White","x":2,"y":208,"rotation":0,"flipx":1,"flipy":1,"height":49,"itemID":3},{"productid":"16","name":"Black Granite Inscription (free)","type":"Inscription","part":"Headstone","side":"Front","price":0,"quantity":12,"label":"company first","font":"197.36712598425197px Garamond","font_size":50,"font_family":"Garamond","color":"#ffffff","colorName":"White","x":10,"y":425.3863983154297,"rotation":0,"flipx":1,"flipy":1,"height":50,"itemID":4},{"productid":21,"id":21,"uid":1691230964978,"path":"../upload/2023/08/","name":"Laser-etched Image","type":"Photo","item":"16912309649781280pxnetwork_rail_logos.jpg","color":1,"mask":3,"x":24,"y":-868,"flipx":1,"flipy":1,"rotation":0,"ratio":0.3454724409448819,"shape_url":"shapes/photos/rectangle_horizontal.svg","part":"Headstone","side":"Front","src":"1280px-Network_Rail_logo.svg.png","price":0,"quantity":1,"size":54,"width":"567","height":"213","itemID":5},{"productid":21,"id":21,"uid":1691230964978,"name":"Laser-etched Image","type":"Photo","item":"16912309649781280pxnetwork_rail_logos.jpg","color":1,"mask":3,"x":877.2657480314961,"y":1020,"flipx":1,"flipy":1,"rotation":0,"ratio":0.2750984251968504,"shape_url":"shapes/photos/rectangle_horizontal.svg","part":"Headstone","side":"Front","src":"1280px-Network_Rail_logo.svg.png","price":0,"quantity":1,"size":43,"width":"452","height":"170","itemID":6},{"productid":21,"id":21,"uid":1691230964978,"name":"Laser-etched Image","type":"Photo","item":"16912309649781280pxnetwork_rail_logos.jpg","color":1,"mask":3,"x":-844.6666666666666,"y":1028,"flipx":1,"flipy":1,"rotation":0,"ratio":0.2750984251968504,"shape_url":"shapes/photos/rectangle_horizontal.svg","part":"Headstone","side":"Front","src":"1280px-Network_Rail_logo.svg.png","price":80,"quantity":1,"size":43,"width":"452","height":"170","itemID":7}]