[{"productid":4,"type":"Headstone","shape":"Headstone 32","color":"#000000","fixed":4,"texture":"src/granites/forever2/l/18.jpg","name":"Laser Etched Black Granite Headstone","price":2567.76,"quantity":1,"width":610,"height":609.5999999999999,"_length":80,"init_width":954,"init_height":651,"device":"tablet","dpr":2,"orientation":"landscape","version":"1.44","version_date":20230714,"mode":"2d","navigator":"Safari (tablet(ios)), 834x1194"},{"productid":4,"type":"Base","name":"Rectangle","flower_pot_holes":true,"base_flower_pots":"3","shape":"Square","color":"#000000","fixed":0,"texture":"src/granites/forever2/l/18.jpg","price":609,"quantity":1,"width":628,"height":101.6,"_length":250,"init_width":954,"init_height":651,"mode":"2d"},{"productid":71,"name":"Black Granite Motif (free)","type":"Motif","part":"Headstone","side":"Front","src":"cross_001","item":"cross_001","price":0,"quantity":1,"color":"#ffffff","colorName":"White","x":2,"y":-334.1932619078354,"flipx":"1","flipy":"1","rotation":0,"height":201,"ratio":0.33668341708542715,"itemID":1},{"productid":"16","name":"Black Granite Inscription (free)","type":"Inscription","part":"Headstone","side":"Front","price":0,"quantity":6,"label":"MANTAS","font":"153.40426229508196px Garamond","font_size":86,"font_family":"Garamond","color":"#ffffff","colorName":"White","x":3,"y":-34.622950819672134,"rotation":0,"flipx":1,"flipy":1,"height":62,"itemID":2},{"productid":"16","name":"Black Granite Inscription (free)","type":"Inscription","part":"Headstone","side":"Front","price":0,"quantity":14,"label":"Sotiris “Sam” R.","font":"60.64819672131147px Garamond","font_size":34,"font_family":"Garamond","color":"#ffffff","colorName":"White","x":-298,"y":205.89750871305034,"rotation":0,"flipx":1,"flipy":1,"height":25,"itemID":3},{"productid":"16","name":"Black Granite Inscription (free)","type":"Inscription","part":"Headstone","side":"Front","price":0,"quantity":11,"label":"Judy L. Coler","font":"53.51311475409836px Garamond","font_size":30,"font_family":"Garamond","color":"#ffffff","colorName":"White","x":282,"y":197.7052278301278,"rotation":0,"flipx":1,"flipy":1,"height":31,"itemID":4},{"productid":"16","name":"Black Granite Inscription (free)","type":"Inscription","part":"Headstone","side":"Front","price":0,"quantity":16,"label":"November 21, 1964 -","font":"39.24295081967213px Garamond","font_size":22,"font_family":"Garamond","color":"#ffffff","colorName":"White","x":286,"y":269.45924874144833,"rotation":0,"flipx":1,"flipy":1,"height":19,"itemID":5},{"productid":"16","name":"Black Granite Inscription (free)","type":"Inscription","part":"Headstone","side":"Front","price":0,"quantity":16,"label":"December 30, 1962 -","font":"44.59426229508197px Garamond","font_size":25,"font_family":"Garamond","color":"#ffffff","colorName":"White","x":-300,"y":284.1126629663096,"rotation":0,"flipx":1,"flipy":1,"height":22,"itemID":6},{"productid":"16","name":"Black Granite Inscription (free)","type":"Inscription","part":"Headstone","side":"Front","price":0,"quantity":13,"label":"October 3, 2022","font":"46.37803278688524px Garamond","font_size":26,"font_family":"Garamond","color":"#ffffff","colorName":"White","x":-318,"y":346.4067122757197,"rotation":0,"flipx":1,"flipy":1,"height":22,"itemID":7}]