[{"productid":4,"type":"Headstone","shape":"Serpentine","color":"#000000","fixed":0,"texture":"src/granites/forever2/l/18.jpg","name":"Laser Etched Black Granite Headstone","price":2565.95,"quantity":1,"width":609.5999999999999,"height":609.5999999999999,"_length":80,"init_width":1296,"init_height":683,"device":"desktop","dpr":1.25,"orientation":"landscape","version":"1.44","version_date":20230714,"mode":"2d","navigator":"Chrome (desktop), 1536x864"},{"productid":4,"type":"Base","name":"Rectangle","flower_pot_holes":true,"base_flower_pots":"2","shape":"Square","color":"#000000","fixed":0,"texture":"src/granites/forever2/l/18.jpg","price":848,"quantity":1,"width":709.5999999999999,"height":101.6,"_length":250,"init_width":1296,"init_height":683,"mode":"2d"},{"productid":"16","name":"Black Granite Inscription (free)","type":"Inscription","part":"Headstone","side":"Front","price":0,"quantity":26,"label":"In Loving Memory of our Beloved","font":"40.96487450787402px Garamond","font_size":35,"font_family":"Garamond","color":"#ffffff","colorName":"White","x":8,"y":-201,"rotation":0,"flipx":1,"flipy":1,"height":35,"itemID":1},{"productid":"16","name":"Black Granite Inscription (free)","type":"Inscription","part":"Headstone","side":"Front","price":0,"quantity":20,"label":"Nokubonga Iris Nxasana","font":"40.96487450787402px Garamond","font_size":35,"font_family":"Garamond","color":"#ffffff","colorName":"White","x":6,"y":-104.25768667642751,"rotation":0,"flipx":1,"flipy":1,"height":35,"itemID":2},{"productid":"16","name":"Black Granite Inscription (free)","type":"Inscription","part":"Headstone","side":"Front","price":0,"quantity":16,"label":"Born: 20 March 1966","font":"35.112749578177734px Garamond","font_size":30,"font_family":"Garamond","color":"#ffffff","colorName":"White","x":4,"y":130,"rotation":0,"flipx":1,"flipy":1,"height":23,"itemID":6},{"productid":"16","name":"Black Granite Inscription (free)","type":"Inscription","part":"Headstone","side":"Front","price":0,"quantity":15,"label":"+ 20 November 2022","font":"37.453599550056246px Garamond","font_size":32,"font_family":"Garamond","color":"#ffffff","colorName":"White","x":1.5,"y":176.00000000000006,"rotation":0,"flipx":1,"flipy":1,"height":23,"itemID":7},{"productid":71,"name":"Black Granite Motif (free)","type":"Motif","part":"Headstone","side":"Front","src":"dove_002","item":"dove_002","price":0,"quantity":1,"color":"#ffffff","colorName":"White","x":-181.25,"y":166.59443631039545,"flipx":"1","flipy":"1","rotation":0,"height":45,"ratio":0.0807899461400359,"itemID":8},{"productid":"16","name":"Black Granite Inscription (free)","type":"Inscription","part":"Headstone","side":"Front","price":0,"quantity":28,"label":"Sister and Forever Our Mamkhulu.","font":"31.60147462035996px Garamond","font_size":27,"font_family":"Garamond","color":"#ffffff","colorName":"White","x":10.75,"y":45.48462664714492,"rotation":0,"flipx":1,"flipy":1,"height":21,"itemID":9},{"productid":"16","name":"Black Granite Inscription (free)","type":"Inscription","part":"Base","side":"Front","price":0,"quantity":56,"label":"Lala kahle maZondo, you will forever be in our hearts and memories.","font":"30.4310496344207px Garamond","font_size":26,"font_family":"Garamond","color":"#ffffff","colorName":"White","x":1,"y":443,"rotation":0,"flipx":1,"flipy":1,"height":27,"itemID":10},{"productid":"16","name":"Black Granite Inscription (free)","type":"Inscription","part":"Headstone","side":"Front","price":0,"quantity":24,"label":"Wife, Mother, Grandmother,","font":"33.94232459223847px Garamond","font_size":29,"font_family":"Garamond","color":"#ffffff","colorName":"White","x":8.75,"y":12.729136163982446,"rotation":0,"flipx":1,"flipy":1,"height":25,"itemID":11},{"productid":21,"id":21,"uid":1691519158551,"path":"../upload/2023/08/","name":"Laser-etched Image","type":"Photo","item":"1691519158551mcosa_logo_cropped.jpg","color":1,"mask":0,"x":3.75,"y":-289.7452415812591,"flipx":1,"flipy":1,"rotation":0,"ratio":0.28405050828350403,"shape_url":"shapes/photos/oval_vertical.svg","part":"Headstone","side":"Front","src":"mcosa logo.png","price":0,"quantity":1,"size":83,"width":"68","height":"97","itemID":12},{"productid":"71","name":"Black Granite Motif (free)","type":"Motif","part":"Headstone","side":"Front","src":"dove_002","item":"dove_002","price":0,"quantity":1,"color":"#ffffff","colorName":"White","x":191.25,"y":159.8594436310396,"flipx":-1,"flipy":1,"rotation":0,"height":46,"ratio":0.08258527827648116,"itemID":13},{"productid":"16","name":"Black Granite Inscription (free)","type":"Inscription","part":"Headstone","side":"Front","price":0,"quantity":14,"label":"Intonga: Hymn 36","font":"28.090199662542183px Garamond","font_size":24,"font_family":"Garamond","color":"#ffffff","colorName":"White","x":229,"y":293.74231332357255,"rotation":0,"flipx":1,"flipy":1,"height":23,"itemID":4},{"productid":21,"id":21,"uid":1691519755326,"path":"../upload/2023/08/","name":"Laser-etched Image","type":"Photo","item":"1691519755326wmpsu_cropped.jpg","color":1,"mask":3,"x":12.5,"y":302.23426061493416,"flipx":1,"flipy":1,"rotation":0,"ratio":0.22244919323406942,"shape_url":"shapes/photos/rectangle_horizontal.svg","part":"Headstone","side":"Front","src":"wmpsu.jpg","price":0,"quantity":1,"size":65,"width":"147","height":"76","itemID":14},{"productid":"16","name":"Black Granite Inscription (free)","type":"Inscription","part":"Headstone","side":"Front","price":0,"quantity":16,"label":"uMama womthandazo","font":"26.919774676602927px Garamond","font_size":23,"font_family":"Garamond","color":"#ffffff","colorName":"White","x":-223.5,"y":296.4890190336751,"rotation":0,"flipx":1,"flipy":1,"height":18,"itemID":5},{"productid":"16","name":"Black Granite Inscription (free)","type":"Inscription","part":"Base","side":"Front","price":0,"quantity":53,"label":"If we live, we live for the Lord; and if we die, we die for the Lord.","font":"17.556374789088867px Garamond","font_size":15,"font_family":"Garamond","color":"#ffffff","colorName":"White","x":12.5,"y":373.42166910688144,"rotation":0,"flipx":1,"flipy":1,"height":13,"itemID":15},{"productid":"16","name":"Black Granite Inscription (free)","type":"Inscription","part":"Base","side":"Front","price":0,"quantity":51,"label":"So, whether we live or die, we belong to the Lord. - Romans 14:8","font":"17.556374789088867px Garamond","font_size":15,"font_family":"Garamond","color":"#ffffff","colorName":"White","x":11.25,"y":398.39970717423154,"rotation":0,"flipx":1,"flipy":1,"height":15,"itemID":16},{"productid":"71","name":"Black Granite Motif (free)","type":"Motif","part":"Headstone","side":"Front","src":"1_155_08","item":"1_155_08","price":0,"quantity":1,"color":"#ffffff","colorName":"White","x":-293.75,"y":-22.480234260614907,"flipx":1,"flipy":1,"rotation":0,"height":166,"ratio":0.21957671957671956,"itemID":17},{"productid":"71","name":"Black Granite Motif (free)","type":"Motif","part":"Headstone","side":"Front","src":"1_155_08","item":"1_155_08","price":0,"quantity":1,"color":"#ffffff","colorName":"White","x":296.25,"y":-23.72913616398239,"flipx":1,"flipy":1,"rotation":0,"height":169,"ratio":0.22354497354497355,"itemID":18}]