[{"productid":4,"type":"Headstone","shape":"Headstone 42","color":"#000000","fixed":4,"texture":"src/granites/forever2/l/18.jpg","name":"Laser Etched Black Granite Headstone","price":1634.59,"quantity":1,"width":305,"height":609.5999999999999,"_length":80,"init_width":1266,"init_height":771,"device":"desktop","dpr":1.25,"orientation":"landscape","version":"1.44","version_date":20230714,"mode":"2d","navigator":"Chrome (desktop), 1536x960"},{"productid":"16","name":"Black Granite Inscription (free)","type":"Inscription","part":"Headstone","side":"Front","price":0,"quantity":8,"label":"Greta Gay","font":"67.82295767716536px Garamond","font_size":44,"font_family":"Garamond","color":"#ffffff","colorName":"White","x":11.246445497630361,"y":-1.2490272373540847,"rotation":0,"flipx":1,"flipy":1,"height":42,"itemID":1},{"productid":"16","name":"Black Granite Inscription (free)","type":"Inscription","part":"Headstone","side":"Front","price":0,"quantity":7,"label":"(McKee)","font":"77.07154281496064px Garamond","font_size":50,"font_family":"Garamond","color":"#ffffff","colorName":"White","x":0,"y":54.750972762645915,"rotation":0,"flipx":1,"flipy":1,"height":46,"itemID":2},{"productid":"16","name":"Black Granite Inscription (free)","type":"Inscription","part":"Headstone","side":"Front","price":0,"quantity":6,"label":"Frusha","font":"77.07154281496064px Garamond","font_size":50,"font_family":"Garamond","color":"#ffffff","colorName":"White","x":0,"y":114.75097276264592,"rotation":0,"flipx":1,"flipy":1,"height":36,"itemID":3},{"productid":"16","name":"Black Granite Inscription (free)","type":"Inscription","part":"Headstone","side":"Front","price":0,"quantity":15,"label":"Devoted & Beloved","font":"57.032941683070874px Garamond","font_size":37,"font_family":"Garamond","color":"#ffffff","colorName":"White","x":0,"y":162.75097276264592,"rotation":0,"flipx":1,"flipy":1,"height":27,"itemID":4},{"productid":"16","name":"Black Granite Inscription (free)","type":"Inscription","part":"Headstone","side":"Front","price":0,"quantity":14,"label":"Wife, Mother and","font":"46.242925688976385px Garamond","font_size":30,"font_family":"Garamond","color":"#ffffff","colorName":"White","x":0,"y":196.75097276264592,"rotation":0,"flipx":1,"flipy":1,"height":26,"itemID":5},{"productid":"16","name":"Black Granite Inscription (free)","type":"Inscription","part":"Headstone","side":"Front","price":0,"quantity":11,"label":"Grandmother","font":"52.40864911417323px Garamond","font_size":34,"font_family":"Garamond","color":"#ffffff","colorName":"White","x":0,"y":231.75097276264592,"rotation":0,"flipx":1,"flipy":1,"height":25,"itemID":6},{"productid":"16","name":"Black Granite Inscription (free)","type":"Inscription","part":"Headstone","side":"Front","price":0,"quantity":19,"label":"27May1963-30Oct2022","font":"41.61863312007874px Garamond","font_size":27,"font_family":"Garamond","color":"#ffffff","colorName":"White","x":0,"y":265.7509727626459,"rotation":0,"flipx":1,"flipy":1,"height":25,"itemID":7}]