[{"productid":4,"type":"Headstone","shape":"Right Wave","color":"#000000","fixed":0,"texture":"src/granites/forever2/l/18.jpg","name":"Laser Etched Black Granite Headstone","price":7889,"quantity":1,"width":1200,"height":1200,"_length":100,"init_width":412,"init_height":723.9999961853027,"device":"mobile","dpr":1.75,"orientation":"portrait","version":"1.44","version_date":20230714,"mode":"2d","navigator":"Chrome (mobile(android)), 412x915"},{"productid":4,"type":"Base","name":"Rectangle","shape":"Square","color":"#000000","fixed":0,"texture":"src/granites/forever2/l/18.jpg","price":900,"quantity":1,"width":1200,"height":101.6,"_length":250,"init_width":412,"init_height":723.9999961853027,"mode":"2d"},{"productid":21,"id":21,"uid":1691259645701,"path":"../upload/2023/08/","name":"Laser-etched Image","type":"Photo","item":"1691259645701screenshot_2022122321491.jpg","color":1,"mask":0,"x":0,"y":0,"flipx":1,"flipy":1,"rotation":0,"ratio":1.2174298016550817,"shape_url":"shapes/photos/oval_vertical.svg","part":"Headstone","side":"Front","src":"Screenshot_20221223-214918.png","price":0,"quantity":1,"size":"816","width":"364","height":"441","itemID":1},{"productid":"16","name":"Black Granite Inscription (free)","type":"Inscription","part":"Headstone","side":"Front","price":0,"quantity":16,"label":"Brandon   Lounsbury","font":"62.10980716041796px Garamond","font_size":115,"font_family":"Garamond","color":"#ffffff","colorName":"White","x":-2.995822684588177,"y":254.63938721382715,"rotation":0,"flipx":1,"flipy":1,"height":115,"itemID":3}]