[{"productid":4,"type":"Headstone","shape":"Square","color":"#000000","fixed":0,"texture":"src/granites/forever2/l/18.jpg","name":"Laser Etched Black Granite Headstone","price":1138.14,"quantity":1,"width":381,"height":300,"_length":80,"init_width":1680,"init_height":867,"device":"desktop","dpr":1,"orientation":"landscape","version":"1.44","version_date":20230714,"mode":"2d","navigator":"Chrome (desktop), 1920x1080"},{"productid":71,"name":"Black Granite Motif (free)","type":"Motif","part":"Headstone","side":"Front","src":"musiclal-notes_001","item":"musiclal-notes_001","price":0,"quantity":1,"color":"#ffffff","colorName":"White","x":-340,"y":253,"flipx":"1","flipy":"1","rotation":0,"height":68,"ratio":0.12078152753108348,"itemID":7},{"productid":71,"name":"Black Granite Motif (free)","type":"Motif","part":"Headstone","side":"Front","src":"1_171_08","item":"1_171_08","price":0,"quantity":1,"color":"#ffffff","colorName":"White","x":-333,"y":-187,"flipx":"-1","flipy":"1","rotation":0,"height":130,"ratio":0.14396456256921372,"itemID":8},{"productid":"16","name":"Black Granite Inscription (free)","type":"Inscription","part":"Headstone","side":"Front","price":0,"quantity":10,"label":"In memory of","font":"44.374015748031496px Lucida Calligraphy","font_size":20,"font_family":"Lucida Calligraphy","color":"#ffffff","colorName":"White","x":-92,"y":-9,"rotation":0,"flipx":1,"flipy":1,"height":23,"itemID":1},{"productid":"16","name":"Black Granite Inscription (free)","type":"Inscription","part":"Headstone","side":"Front","price":0,"quantity":14,"label":"Juan Jose Areyan","font":"44.374015748031496px Lucida Calligraphy","font_size":20,"font_family":"Lucida Calligraphy","color":"#ffffff","colorName":"White","x":-87,"y":50,"rotation":0,"flipx":1,"flipy":1,"height":21,"itemID":2},{"productid":"16","name":"Black Granite Inscription (free)","type":"Inscription","part":"Headstone","side":"Front","price":0,"quantity":7,"label":"\"Koque\"","font":"44.374015748031496px Lucida Calligraphy","font_size":20,"font_family":"Lucida Calligraphy","color":"#ffffff","colorName":"White","x":-101,"y":111,"rotation":0,"flipx":1,"flipy":1,"height":21,"itemID":3},{"productid":"16","name":"Black Granite Inscription (free)","type":"Inscription","part":"Headstone","side":"Front","price":0,"quantity":10,"label":"May 30, 1987","font":"44.374015748031496px Lucida Calligraphy","font_size":20,"font_family":"Lucida Calligraphy","color":"#ffffff","colorName":"White","x":-104,"y":169,"rotation":0,"flipx":1,"flipy":1,"height":21,"itemID":4},{"productid":"16","name":"Black Granite Inscription (free)","type":"Inscription","part":"Headstone","side":"Front","price":0,"quantity":10,"label":"July 3, 2023","font":"44.374015748031496px Lucida Calligraphy","font_size":20,"font_family":"Lucida Calligraphy","color":"#ffffff","colorName":"White","x":-118,"y":276,"rotation":0,"flipx":1,"flipy":1,"height":23,"itemID":5},{"productid":"16","name":"Black Granite Inscription (free)","type":"Inscription","part":"Headstone","side":"Front","price":0,"quantity":1,"label":"-","font":"122.02854330708661px Lucida Calligraphy","font_size":55,"font_family":"Lucida Calligraphy","color":"#ffffff","colorName":"White","x":-130,"y":229,"rotation":0,"flipx":1,"flipy":1,"height":4,"itemID":6},{"productid":21,"id":21,"uid":1692049629570,"path":"../upload/2023/08/","name":"Laser-etched Image","type":"Photo","item":"1692049629570img_20230711_171316_602_.jpg","color":1,"mask":0,"x":-95,"y":-174,"flipx":1,"flipy":1,"rotation":0,"ratio":0.659475579665445,"shape_url":"shapes/photos/oval_vertical.svg","part":"Headstone","side":"Front","src":"IMG_20230711_171316_602 (1).jpg","price":0,"quantity":1,"size":129,"width":"216","height":"286","itemID":9}]