[{"productid":4,"type":"Headstone","shape":"Serpentine","color":"#000000","fixed":0,"texture":"src/granites/forever2/l/18.jpg","name":"Laser Etched Black Granite Headstone","price":2594.58,"quantity":1,"width":590.55,"height":635,"_length":80,"init_width":1470,"init_height":925,"device":"desktop","dpr":2,"orientation":"landscape","version":"1.44","version_date":20230714,"mode":"2d","navigator":"Safari (desktop), 1710x1107"},{"productid":4,"type":"Base","name":"Rectangle","flower_pot_holes":true,"base_flower_pots":4,"shape":"Rectangle","color":"#000000","fixed":0,"texture":"src/granites/forever2/l/18.jpg","price":838,"quantity":1,"width":690.55,"height":101.6,"_length":250,"init_width":1470,"init_height":925,"mode":"2d"},{"productid":21,"id":21,"uid":1693979321417,"path":"../upload/2023/09/","name":"Laser-etched Image","type":"Photo","item":"1693979321417image_6487327_cropped.jpg","color":1,"mask":0,"x":-312,"y":78,"flipx":1,"flipy":1,"rotation":0,"ratio":3.1574608161132605,"shape_url":"shapes/photos/oval_vertical.svg","part":"Headstone","side":"Front","src":"image_6487327.JPG","price":0,"quantity":1,"size":597,"width":"935","height":"1462","itemID":1},{"productid":"16","name":"Black Granite Inscription (free)","type":"Inscription","part":"Headstone","side":"Front","price":0,"quantity":20,"label":"Sunrise 15th March 1987","font":"36.73126527287537px Great Vibes","font_size":15,"font_family":"Great Vibes","color":"#ffffff","colorName":"White","x":206,"y":-400.03999999999996,"rotation":0,"flipx":1,"flipy":1,"height":15,"itemID":4},{"productid":"16","name":"Black Granite Inscription (free)","type":"Inscription","part":"Headstone","side":"Front","price":0,"quantity":20,"label":"Sunset 2nd October 2021","font":"39.18001629106706px Great Vibes","font_size":16,"font_family":"Great Vibes","color":"#ffffff","colorName":"White","x":254,"y":-348.97999999999996,"rotation":0,"flipx":1,"flipy":1,"height":15,"itemID":5},{"productid":"16","name":"Black Granite Inscription (free)","type":"Inscription","part":"Headstone","side":"Front","price":0,"quantity":17,"label":"He was a great man who","font":"39.18001629106706px Garamond","font_size":16,"font_family":"Garamond","color":"#ffffff","colorName":"White","x":328,"y":-48.36,"rotation":0,"flipx":1,"flipy":1,"height":16,"itemID":10},{"productid":"16","name":"Black Granite Inscription (free)","type":"Inscription","part":"Headstone","side":"Front","price":0,"quantity":20,"label":"loved his family dearly","font":"39.18001629106706px Garamond","font_size":16,"font_family":"Garamond","color":"#ffffff","colorName":"White","x":326,"y":-7.4399999999999995,"rotation":0,"flipx":1,"flipy":1,"height":16,"itemID":11},{"productid":"16","name":"Black Granite Inscription (free)","type":"Inscription","part":"Headstone","side":"Front","price":0,"quantity":21,"label":"Who lived life with Mana,","font":"39.18001629106706px Garamond","font_size":16,"font_family":"Garamond","color":"#ffffff","colorName":"White","x":336,"y":66.96,"rotation":0,"flipx":1,"flipy":1,"height":14,"itemID":12},{"productid":"16","name":"Black Granite Inscription (free)","type":"Inscription","part":"Headstone","side":"Front","price":0,"quantity":13,"label":"Pride  & Passion","font":"39.18001629106706px Garamond","font_size":16,"font_family":"Garamond","color":"#ffffff","colorName":"White","x":336,"y":107.88,"rotation":0,"flipx":1,"flipy":1,"height":12,"itemID":13},{"productid":"16","name":"Black Granite Inscription (free)","type":"Inscription","part":"Headstone","side":"Front","price":0,"quantity":25,"label":"& enriched the lives of all who","font":"39.18001629106706px Garamond","font_size":16,"font_family":"Garamond","color":"#ffffff","colorName":"White","x":356,"y":148.79999999999998,"rotation":0,"flipx":1,"flipy":1,"height":12,"itemID":14},{"productid":"16","name":"Black Granite Inscription (free)","type":"Inscription","part":"Headstone","side":"Front","price":0,"quantity":7,"label":"knew him","font":"39.18001629106706px Garamond","font_size":16,"font_family":"Garamond","color":"#ffffff","colorName":"White","x":328,"y":186,"rotation":0,"flipx":1,"flipy":1,"height":12,"itemID":15},{"productid":"16","name":"Black Granite Inscription (free)","type":"Inscription","part":"Headstone","side":"Front","price":0,"quantity":27,"label":"Our hearts have been left broken","font":"53.87252240021721px Great Vibes","font_size":22,"font_family":"Great Vibes","color":"#ffffff","colorName":"White","x":294,"y":388.5999999999999,"rotation":0,"flipx":1,"flipy":1,"height":25,"itemID":18},{"productid":"16","name":"Black Granite Inscription (free)","type":"Inscription","part":"Headstone","side":"Front","price":0,"quantity":20,"label":"Since that horrible day","font":"53.87252240021721px Great Vibes","font_size":22,"font_family":"Great Vibes","color":"#ffffff","colorName":"White","x":278,"y":445.98,"rotation":0,"flipx":1,"flipy":1,"height":25,"itemID":19},{"productid":"16","name":"Black Granite Inscription (free)","type":"Inscription","part":"Headstone","side":"Front","price":0,"quantity":21,"label":"We will never be complete","font":"58.77002443660059px Great Vibes","font_size":24,"font_family":"Great Vibes","color":"#ffffff","colorName":"White","x":274,"y":499.5,"rotation":0,"flipx":1,"flipy":1,"height":26,"itemID":20},{"productid":"16","name":"Black Granite Inscription (free)","type":"Inscription","part":"Headstone","side":"Front","price":0,"quantity":22,"label":"Until we are with you again","font":"53.87252240021721px Great Vibes","font_size":22,"font_family":"Great Vibes","color":"#ffffff","colorName":"White","x":262,"y":555.1600000000001,"rotation":0,"flipx":1,"flipy":1,"height":26,"itemID":21},{"productid":"16","name":"Black Granite Inscription (free)","type":"Inscription","part":"Headstone","side":"Front","price":0,"quantity":7,"label":"ANTHONY","font":"68.56502850936735px Garamond","font_size":28,"font_family":"Garamond","color":"#ffffff","colorName":"White","x":234,"y":-570.0799999999999,"rotation":0,"flipx":1,"flipy":1,"height":20,"itemID":3},{"productid":"16","name":"Black Granite Inscription (free)","type":"Inscription","part":"Headstone","side":"Front","price":0,"quantity":12,"label":"TAKROUNA BELL","font":"73.46253054575074px Garamond","font_size":30,"font_family":"Garamond","color":"#ffffff","colorName":"White","x":238,"y":-501.81999999999994,"rotation":0,"flipx":1,"flipy":1,"height":22,"itemID":17},{"productid":"16","name":"Black Granite Inscription (free)","type":"Inscription","part":"Headstone","side":"Front","price":0,"quantity":13,"label":"& respected him","font":"36.73126527287537px Garamond","font_size":15,"font_family":"Garamond","color":"#ffffff","colorName":"White","x":318,"y":-119.03999999999999,"rotation":0,"flipx":1,"flipy":1,"height":16,"itemID":9},{"productid":"16","name":"Black Granite Inscription (free)","type":"Inscription","part":"Headstone","side":"Front","price":0,"quantity":25,"label":"Cherished by so many who loved","font":"34.282514254683676px Garamond","font_size":14,"font_family":"Garamond","color":"#ffffff","colorName":"White","x":324,"y":-158.1,"rotation":0,"flipx":1,"flipy":1,"height":14,"itemID":8},{"productid":"16","name":"Black Granite Inscription (free)","type":"Inscription","part":"Headstone","side":"Front","price":0,"quantity":16,"label":"In Loving Memory of","font":"63.66752647298398px Great Vibes","font_size":26,"font_family":"Great Vibes","color":"#ffffff","colorName":"White","x":-16,"y":-692.42,"rotation":0,"flipx":1,"flipy":1,"height":32,"itemID":2},{"productid":"16","name":"Black Granite Inscription (free)","type":"Inscription","part":"Base","side":"Front","price":0,"quantity":4,"label":"BELL","font":"222.83634265544393px Garamond","font_size":91,"font_family":"Garamond","color":"#ffffff","colorName":"White","x":14,"y":890,"rotation":0,"flipx":1,"flipy":1,"height":61,"itemID":23},{"productid":"16","name":"Black Granite Inscription (free)","type":"Inscription","part":"Headstone","side":"Front","price":0,"quantity":13,"label":"before his time","font":"39.18001629106706px Garamond","font_size":16,"font_family":"Garamond","color":"#ffffff","colorName":"White","x":316,"y":-232.64,"rotation":0,"flipx":1,"flipy":1,"height":12,"itemID":7},{"productid":"16","name":"Black Granite Inscription (free)","type":"Inscription","part":"Headstone","side":"Front","price":0,"quantity":21,"label":"You will always be missed","font":"39.18001629106706px Garamond","font_size":16,"font_family":"Garamond","color":"#ffffff","colorName":"White","x":348,"y":260.4,"rotation":0,"flipx":1,"flipy":1,"height":16,"itemID":16},{"productid":"16","name":"Black Granite Inscription (free)","type":"Inscription","part":"Headstone","side":"Front","price":0,"quantity":25,"label":"Tragically taken from us long","font":"39.18001629106706px Garamond","font_size":16,"font_family":"Garamond","color":"#ffffff","colorName":"White","x":310,"y":-277.55999999999995,"rotation":0,"flipx":1,"flipy":1,"height":16,"itemID":6}]