[{"productid":4,"type":"Headstone","shape":"Serpentine","color":"#000000","fixed":0,"texture":"src/granites/forever2/l/18.jpg","name":"Laser Etched Black Granite Headstone","price":2565.95,"quantity":1,"width":609.5999999999999,"height":609.5999999999999,"_length":80,"init_width":1680,"init_height":867,"device":"desktop","dpr":1,"orientation":"landscape","version":"1.44","version_date":20230714,"mode":"2d","navigator":"Chrome (desktop), 1920x1080"},{"productid":4,"type":"Base","name":"Rectangle","flower_pot_holes":true,"base_flower_pots":"3","shape":"Square","color":"#000000","fixed":0,"texture":"src/granites/forever2/l/18.jpg","price":848,"quantity":1,"width":709.5999999999999,"height":101.6,"_length":250,"init_width":1680,"init_height":867,"mode":"2d"},{"productid":21,"id":21,"uid":1695925444729,"path":"../upload/2023/09/","name":"Laser-etched Image","type":"Photo","item":"1695925444729mom_plaque_2_cropped.jpg","color":1,"mask":1,"x":-1,"y":-199,"flipx":1,"flipy":1,"rotation":0,"ratio":0.6435912010854633,"shape_url":"shapes/photos/rectangle_vertical.svg","part":"Headstone","side":"Front","src":"mom plaque (2).jpg","price":0,"quantity":1,"size":"235","width":"192","height":"279","itemID":6},{"productid":71,"name":"Black Granite Motif (free)","type":"Motif","part":"Headstone","side":"Front","src":"flowerrose_01","item":"flowerrose_01","price":0,"quantity":1,"color":"#ffffff","colorName":"White","x":340,"y":420,"flipx":"-1","flipy":"1","rotation":0,"height":89,"ratio":0.09955257270693513,"itemID":7},{"productid":71,"name":"Black Granite Motif (free)","type":"Motif","part":"Headstone","side":"Front","src":"flowerrose_01","item":"flowerrose_01","price":0,"quantity":1,"color":"#ffffff","colorName":"White","x":-335,"y":421,"flipx":"1","flipy":"1","rotation":0,"height":89,"ratio":0.09955257270693513,"itemID":8},{"productid":"16","name":"Black Granite Inscription (free)","type":"Inscription","part":"Headstone","side":"Front","price":0,"quantity":34,"label":"Te perkujtjm me shum mall Bashkshortja,","font":"30.9033323959505px Arial","font_size":26,"font_family":"Arial","color":"#ffffff","colorName":"White","x":0,"y":256.00000000000006,"rotation":0,"flipx":1,"flipy":1,"height":24,"itemID":3},{"productid":"16","name":"Black Granite Inscription (free)","type":"Inscription","part":"Headstone","side":"Front","price":0,"quantity":22,"label":"Remzije Kelmendi Berisha","font":"47.54358830146231px Arial","font_size":40,"font_family":"Arial","color":"#ffffff","colorName":"White","x":0,"y":-8,"rotation":0,"flipx":1,"flipy":1,"height":38,"itemID":1},{"productid":"16","name":"Black Granite Inscription (free)","type":"Inscription","part":"Headstone","side":"Front","price":0,"quantity":14,"label":"5/4/44 - 4/17/22","font":"35.65769122609673px Arial","font_size":30,"font_family":"Arial","color":"#ffffff","colorName":"White","x":4,"y":52,"rotation":0,"flipx":1,"flipy":1,"height":22,"itemID":5},{"productid":"16","name":"Black Granite Inscription (free)","type":"Inscription","part":"Headstone","side":"Front","price":0,"quantity":25,"label":"Nena dhe Gjyshja jone e dashur","font":"30.9033323959505px Arial","font_size":26,"font_family":"Arial","color":"#ffffff","colorName":"White","x":-15,"y":317.00000000000006,"rotation":0,"flipx":1,"flipy":1,"height":24,"itemID":4},{"productid":"16","name":"Black Granite Inscription (free)","type":"Inscription","part":"Base","side":"Front","price":0,"quantity":18,"label":"In our hearts forever","font":"47.54358830146231px Arial","font_size":40,"font_family":"Arial","color":"#ffffff","colorName":"White","x":3,"y":425.00000000000006,"rotation":0,"flipx":1,"flipy":1,"height":29,"itemID":2}]