[{"productid":4,"type":"Headstone","shape":"Curved Top","color":"#000000","fixed":0,"texture":"src/granites/forever2/l/18.jpg","name":"Laser Etched Black Granite Headstone","price":1863.58,"quantity":1,"width":508,"height":514.35,"_length":80,"init_width":1680,"init_height":905,"device":"desktop","dpr":1,"orientation":"landscape","version":"1.44","version_date":20230714,"mode":"2d","navigator":"Chrome (desktop), 1920x1080"},{"productid":4,"type":"Base","name":"Rectangle","shape":"Square","color":"#000000","fixed":0,"texture":"src/granites/forever2/l/18.jpg","price":598,"quantity":1,"width":608,"height":101.6,"_length":130,"init_width":1680,"init_height":905,"mode":"2d"},{"productid":"16","name":"Black Granite Inscription (free)","type":"Inscription","part":"Headstone","side":"Front","price":0,"quantity":19,"label":"JATTICE MARIE MULLINS","font":"44.40884000324701px Garamond","font_size":31,"font_family":"Garamond","color":"#ffffff","colorName":"White","x":6,"y":-89,"rotation":0,"flipx":1,"flipy":1,"height":29,"itemID":1},{"productid":"16","name":"Black Granite Inscription (free)","type":"Inscription","part":"Headstone","side":"Front","price":0,"quantity":19,"label":"AUG 24, 1949 - OCT 4 2023","font":"32.94849419595746px Garamond","font_size":23,"font_family":"Garamond","color":"#ffffff","colorName":"White","x":5,"y":-37,"rotation":0,"flipx":1,"flipy":1,"height":20,"itemID":2},{"productid":"16","name":"Black Granite Inscription (free)","type":"Inscription","part":"Headstone","side":"Front","price":0,"quantity":5,"label":"BRIAN","font":"25.78577806640149px Garamond","font_size":18,"font_family":"Garamond","color":"#ffffff","colorName":"White","x":12,"y":82,"rotation":0,"flipx":1,"flipy":1,"height":13,"itemID":4},{"productid":71,"name":"Black Granite Motif (free)","type":"Motif","part":"Headstone","side":"Front","src":"1_152_11","item":"1_152_11","price":0,"quantity":1,"color":"#ffffff","colorName":"White","x":298,"y":230.00000000000006,"flipx":"1","flipy":"1","rotation":0,"height":129,"ratio":0.14844649021864212,"itemID":5},{"productid":"16","name":"Black Granite Inscription (free)","type":"Inscription","part":"Headstone","side":"Front","price":0,"quantity":6,"label":"& JAMIE","font":"25.78577806640149px Garamond","font_size":18,"font_family":"Garamond","color":"#ffffff","colorName":"White","x":13,"y":110,"rotation":0,"flipx":1,"flipy":1,"height":17,"itemID":6},{"productid":"16","name":"Black Granite Inscription (free)","type":"Inscription","part":"Headstone","side":"Front","price":0,"quantity":6,"label":"DARREN","font":"24.353234840490295px Garamond","font_size":17,"font_family":"Garamond","color":"#ffffff","colorName":"White","x":12,"y":53,"rotation":0,"flipx":1,"flipy":1,"height":12,"itemID":7},{"productid":21,"id":21,"uid":1697030037832,"path":"../upload/2023/10/","name":"Laser-etched Image","type":"Photo","item":"1697030037832heart_4_cropped.jpg","color":1,"mask":3,"x":3,"y":-19,"flipx":1,"flipy":1,"rotation":0,"ratio":1.249127095441328,"shape_url":"shapes/photos/rectangle_horizontal.svg","part":"Headstone","side":"Front","src":"HEART 4.png","price":0,"quantity":1,"size":"395","width":"666","height":"566","itemID":8},{"productid":21,"id":21,"uid":1697031029495,"path":"../upload/2023/10/","name":"Laser-etched Image","type":"Photo","item":"1697031029495dolph22_cropped.jpg","color":1,"mask":3,"x":109,"y":349,"flipx":1,"flipy":1,"rotation":0,"ratio":0.09487041231199961,"shape_url":"shapes/photos/rectangle_horizontal.svg","part":"Headstone","side":"Front","src":"DOLPH22.png","price":0,"quantity":1,"size":"30","width":"164","height":"43","itemID":10},{"productid":21,"id":21,"uid":1697031029495,"path":"../upload/2023/10/","name":"Laser-etched Image","type":"Photo","item":"1697031029495dolph22_cropped.jpg","color":1,"mask":3,"x":279,"y":348,"flipx":1,"flipy":1,"rotation":0,"ratio":0.09487041231199961,"shape_url":"shapes/photos/rectangle_horizontal.svg","part":"Headstone","side":"Front","src":"DOLPH22.png","price":80,"quantity":1,"size":"30","width":"164","height":"43","itemID":11},{"productid":21,"id":21,"uid":1697031029495,"path":"../upload/2023/10/","name":"Laser-etched Image","type":"Photo","item":"1697031029495dolph22_cropped.jpg","color":1,"mask":3,"x":-50,"y":348,"flipx":1,"flipy":1,"rotation":0,"ratio":0.09487041231199961,"shape_url":"shapes/photos/rectangle_horizontal.svg","part":"Headstone","side":"Front","src":"DOLPH22.png","price":80,"quantity":1,"size":"30","width":"164","height":"43","itemID":12},{"productid":21,"id":21,"uid":1697036315607,"path":"../upload/2023/10/","name":"Laser-etched Image","type":"Photo","item":"1697036315607dolph2_cropped.jpg","color":1,"mask":3,"x":-239,"y":264.00000000000006,"flipx":1,"flipy":1,"rotation":0,"ratio":0.46802736740586465,"shape_url":"shapes/photos/rectangle_horizontal.svg","part":"Headstone","side":"Front","src":"DOLPH2.png","price":80,"quantity":1,"size":148,"width":"259","height":"212","itemID":13},{"productid":"16","name":"Black Granite Inscription (free)","type":"Inscription","part":"Headstone","side":"Front","price":0,"quantity":8,"label":"MOTHER OF","font":"31.515950970046266px Garamond","font_size":22,"font_family":"Garamond","color":"#ffffff","colorName":"White","x":7,"y":15,"rotation":0,"flipx":1,"flipy":1,"height":16,"itemID":3}]