[{"productid":4,"type":"Headstone","shape":"Serpentine","color":"#000000","fixed":0,"texture":"src/granites/forever2/l/18.jpg","name":"Laser Etched Black Granite Headstone","price":3481.98,"quantity":1,"width":812.8000000000006,"height":609.5999999999999,"_length":80,"init_width":1200,"init_height":751,"device":"desktop","dpr":2,"orientation":"landscape","version":"1.44","version_date":20230714,"mode":"2d","navigator":"Chrome (desktop), 1440x900"},{"productid":4,"type":"Base","name":"Rectangle","flower_pot_holes":true,"base_flower_pots":3,"shape":"Rectangle","color":"#000000","fixed":0,"texture":"src/granites/forever2/l/18.jpg","price":754,"quantity":1,"width":912.8000000000006,"height":101.6,"_length":250,"init_width":1200,"init_height":751,"mode":"2d"},{"productid":"16","name":"Black Granite Inscription (free)","type":"Inscription","part":"Headstone","side":"Front","price":0,"quantity":7,"label":"Stearns","font":"251.39715194640823px Garamond","font_size":159,"font_family":"Garamond","color":"#ffffff","colorName":"White","x":-4,"y":-204,"rotation":0,"flipx":1,"flipy":1,"height":108,"itemID":1},{"productid":"16","name":"Black Granite Inscription (free)","type":"Inscription","part":"Headstone","side":"Front","price":0,"quantity":57,"label":"and are justified freely by his grace throught his grace that came by","font":"41.10896824280889px Garamond","font_size":26,"font_family":"Garamond","color":"#ffffff","colorName":"White","x":34,"y":51.24028015136719,"rotation":0,"flipx":1,"flipy":1,"height":26,"itemID":4},{"productid":"16","name":"Black Granite Inscription (free)","type":"Inscription","part":"Headstone","side":"Front","price":0,"quantity":12,"label":"Jesus Christ.","font":"45.85231073236377px Garamond","font_size":29,"font_family":"Garamond","color":"#ffffff","colorName":"White","x":-366,"y":99.24028015136719,"rotation":0,"flipx":1,"flipy":1,"height":26,"itemID":5},{"productid":"16","name":"Black Granite Inscription (free)","type":"Inscription","part":"Headstone","side":"Front","price":0,"quantity":56,"label":"Isaiah 41: 13 For I am the Lord, your God, who takes hold of your right","font":"41.10896824280889px Garamond","font_size":26,"font_family":"Garamond","color":"#ffffff","colorName":"White","x":-6,"y":187.2402801513672,"rotation":0,"flipx":1,"flipy":1,"height":26,"itemID":6},{"productid":"16","name":"Black Granite Inscription (free)","type":"Inscription","part":"Headstone","side":"Front","price":0,"quantity":40,"label":"hand and says to you , Do not fear: I will help you.","font":"41.10896824280889px Garamond","font_size":26,"font_family":"Garamond","color":"#ffffff","colorName":"White","x":-80,"y":238.1758804321289,"rotation":0,"flipx":1,"flipy":1,"height":26,"itemID":7},{"productid":"16","name":"Black Granite Inscription (free)","type":"Inscription","part":"Headstone","side":"Front","price":0,"quantity":56,"label":"John 3:16 For God so loved the world that he gave his one and only son,","font":"41.10896824280889px Garamond","font_size":26,"font_family":"Garamond","color":"#ffffff","colorName":"White","x":0,"y":322.1758804321289,"rotation":0,"flipx":1,"flipy":1,"height":26,"itemID":8},{"productid":"16","name":"Black Granite Inscription (free)","type":"Inscription","part":"Headstone","side":"Front","price":0,"quantity":57,"label":"That whoever believes in him shall  not perish but have eternal life.","font":"41.10896824280889px Garamond","font_size":26,"font_family":"Garamond","color":"#ffffff","colorName":"White","x":38,"y":377.07037734985363,"rotation":0,"flipx":1,"flipy":1,"height":26,"itemID":9},{"productid":"16","name":"Black Granite Inscription (free)","type":"Inscription","part":"Headstone","side":"Front","price":0,"quantity":57,"label":"Romans 3: 23-34    For all have sinned and fall short of the glory of God,","font":"39.527854079623935px Garamond","font_size":25,"font_family":"Garamond","color":"#ffffff","colorName":"White","x":-6,"y":-4,"rotation":0,"flipx":1,"flipy":1,"height":25,"itemID":3}]