[{"productid":4,"type":"Headstone","shape":"Serpentine","color":"#000000","fixed":0,"texture":"src/granites/forever2/l/18.jpg","name":"Laser Etched Black Granite Headstone","price":3939.99,"quantity":1,"width":914.3999999999999,"height":609.5999999999999,"_length":80,"init_width":1200,"init_height":751,"device":"desktop","dpr":2,"orientation":"landscape","version":"1.44","version_date":20230714,"mode":"2d","navigator":"Chrome (desktop), 1440x900"},{"productid":4,"type":"Base","name":"Rectangle","flower_pot_holes":true,"base_flower_pots":3,"shape":"Rectangle","color":"#000000","fixed":0,"texture":"src/granites/forever2/l/18.jpg","price":806,"quantity":1,"width":1014.3999999999999,"height":101.6,"_length":250,"init_width":1200,"init_height":751,"mode":"2d"},{"productid":"16","name":"Black Granite Inscription (free)","type":"Inscription","part":"Headstone","side":"Front","price":0,"quantity":7,"label":"Stearns","font":"245.95109205099362px Garamond","font_size":175,"font_family":"Garamond","color":"#ffffff","colorName":"White","x":-6,"y":-156,"rotation":0,"flipx":1,"flipy":1,"height":119,"itemID":1},{"productid":"71","name":"Black Granite Motif (free)","type":"Motif","part":"Headstone","side":"Front","src":"1_018_13","item":"1_018_13","price":0,"quantity":1,"color":"#ffffff","colorName":"White","x":-328,"y":78,"flipx":1,"flipy":1,"rotation":0,"height":182,"ratio":0.5531914893617021,"itemID":2},{"productid":"71","name":"Black Granite Motif (free)","type":"Motif","part":"Headstone","side":"Front","src":"1_018_13","item":"1_018_13","price":0,"quantity":1,"color":"#ffffff","colorName":"White","x":307.1881878041406,"y":76,"flipx":1,"flipy":1,"rotation":0,"height":182,"ratio":0.5531914893617021,"itemID":3},{"productid":"16","name":"Black Granite Inscription (free)","type":"Inscription","part":"Headstone","side":"Front","price":0,"quantity":12,"label":"Michael David","font":"70.27174058599817px Garamond","font_size":50,"font_family":"Garamond","color":"#ffffff","colorName":"White","x":-338,"y":55.24598693847656,"rotation":0,"flipx":1,"flipy":1,"height":36,"itemID":4},{"productid":"16","name":"Black Granite Inscription (free)","type":"Inscription","part":"Headstone","side":"Front","price":0,"quantity":26,"label":"March 24, 1946- August 24, 2023","font":"36.54130510471905px Garamond","font_size":26,"font_family":"Garamond","color":"#ffffff","colorName":"White","x":-332,"y":116.26200485229492,"rotation":0,"flipx":1,"flipy":1,"height":26,"itemID":5},{"productid":"16","name":"Black Granite Inscription (free)","type":"Inscription","part":"Headstone","side":"Front","price":0,"quantity":10,"label":"Nancy Flynn","font":"66.05543615083829px Garamond","font_size":47,"font_family":"Garamond","color":"#ffffff","colorName":"White","x":312,"y":50.26200485229492,"rotation":0,"flipx":1,"flipy":1,"height":47,"itemID":6},{"productid":"16","name":"Black Granite Inscription (free)","type":"Inscription","part":"Headstone","side":"Front","price":0,"quantity":11,"label":"June 19, 1956","font":"42.163044351598906px Garamond","font_size":30,"font_family":"Garamond","color":"#ffffff","colorName":"White","x":320,"y":111.65150833129883,"rotation":0,"flipx":1,"flipy":1,"height":26,"itemID":7},{"productid":"16","name":"Black Granite Inscription (free)","type":"Inscription","part":"Headstone","side":"Front","price":0,"quantity":18,"label":"Married April 8, 1995","font":"32.32500066955916px Garamond","font_size":23,"font_family":"Garamond","color":"#ffffff","colorName":"White","x":-34,"y":251.65150833129883,"rotation":0,"flipx":1,"flipy":1,"height":23,"itemID":8},{"productid":"16","name":"Black Granite Inscription (free)","type":"Inscription","part":"Headstone","side":"Front","price":0,"quantity":33,"label":"Children: Royal, Laura, and John Myers","font":"32.32500066955916px Garamond","font_size":23,"font_family":"Garamond","color":"#ffffff","colorName":"White","x":326,"y":347.64830589294434,"rotation":0,"flipx":1,"flipy":1,"height":23,"itemID":10},{"productid":"16","name":"Black Granite Inscription (free)","type":"Inscription","part":"Headstone","side":"Front","price":0,"quantity":39,"label":"Children: Michael, Larry, and Daniel Stearns","font":"30.9195658578392px Garamond","font_size":22,"font_family":"Garamond","color":"#ffffff","colorName":"White","x":-302,"y":347.64830589294434,"rotation":0,"flipx":1,"flipy":1,"height":22,"itemID":9}]