[{"productid":4,"type":"Headstone","shape":"Curved Top","color":"#000000","fixed":0,"texture":"src/granites/forever2/l/18.jpg","name":"Laser Etched Black Granite Headstone","price":5285.4,"quantity":1,"width":1079.5,"height":742.9499999999999,"_length":90,"init_width":1680,"init_height":899,"device":"desktop","dpr":1,"orientation":"landscape","version":"1.44","version_date":20230714,"mode":"2d","navigator":"Chrome (desktop), 1920x1080"},{"productid":4,"type":"Base","name":"Rectangle","shape":"Rectangle","color":"#000000","fixed":0,"texture":"src/granites/forever2/l/18.jpg","price":1098,"quantity":1,"width":1200,"height":101.6,"_length":250,"init_width":1680,"init_height":899,"mode":"2d"},{"productid":"16","name":"Black Granite Inscription (free)","type":"Inscription","part":"Headstone","side":"Front","price":0,"quantity":8,"label":"LONNBERG","font":"68.97410895564192px Garamond","font_size":95,"font_family":"Garamond","color":"#ffffff","colorName":"White","x":-2,"y":-70.41176470588232,"rotation":0,"flipx":1,"flipy":1,"height":66,"itemID":1},{"productid":"16","name":"Black Granite Inscription (free)","type":"Inscription","part":"Headstone","side":"Front","price":0,"quantity":15,"label":"FEBRUARY 22, 1986","font":"31.94590309524468px Garamond","font_size":44,"font_family":"Garamond","color":"#ffffff","colorName":"White","x":-3,"y":228.88235294117646,"rotation":0,"flipx":1,"flipy":1,"height":37,"itemID":10},{"productid":"16","name":"Black Granite Inscription (free)","type":"Inscription","part":"Base","side":"Front","price":0,"quantity":22,"label":"IT&apos;S BEEN A HELLU&apos;VA RIDE!","font":"36.30216260823259px Garamond","font_size":50,"font_family":"Garamond","color":"#ffffff","colorName":"White","x":1,"y":316,"rotation":0,"flipx":1,"flipy":1,"height":36,"itemID":11},{"productid":21,"id":21,"uid":1700251904456,"path":"../upload/2023/11/","name":"Laser-etched Image","type":"Photo","item":"1700251904456il_fullxfull3588015951_9.jpg","color":1,"mask":2,"x":0,"y":170,"flipx":1,"flipy":1,"rotation":0,"ratio":0.16618323327324253,"shape_url":"shapes/photos/oval_vertical.svg","part":"Headstone","side":"Front","src":"il_fullxfull.3588015951_9yda.jpg","price":0,"quantity":1,"size":103,"width":"94","height":"75","itemID":13},{"productid":21,"id":21,"uid":1700252363479,"path":"../upload/2023/11/","name":"Laser-etched Image","type":"Photo","item":"1700252363479323172418_16552998182225.jpg","color":1,"mask":0,"x":-271,"y":-83,"flipx":1,"flipy":1,"rotation":0,"ratio":0.3614081966330711,"shape_url":"shapes/photos/oval_vertical.svg","part":"Headstone","side":"Front","src":"323172418_1655299818222552_3031144959073605370_n.jpg","price":0,"quantity":1,"size":224,"width":"126","height":"163","itemID":14},{"productid":21,"id":21,"uid":1700252463141,"path":"../upload/2023/11/","name":"Laser-etched Image","type":"Photo","item":"1700252463141366828728_10229972126305.jpg","color":1,"mask":0,"x":259,"y":-82,"flipx":1,"flipy":1,"rotation":0,"ratio":0.3372067548942494,"shape_url":"shapes/photos/oval_vertical.svg","part":"Headstone","side":"Front","src":"366828728_10229972126305777_7456519339036761297_n.jpg","price":80,"quantity":1,"size":209,"width":"133","height":"152","itemID":15},{"productid":"16","name":"Black Granite Inscription (free)","type":"Inscription","part":"Headstone","side":"Front","price":0,"quantity":14,"label":"JANUARY 16, 2023","font":"23.23338406926886px Garamond","font_size":32,"font_family":"Garamond","color":"#ffffff","colorName":"White","x":-229,"y":169.29411764705878,"rotation":0,"flipx":1,"flipy":1,"height":29,"itemID":4},{"productid":"16","name":"Black Granite Inscription (free)","type":"Inscription","part":"Headstone","side":"Front","price":0,"quantity":11,"label":"MARCH 2, 1952","font":"24.685470573598163px Garamond","font_size":34,"font_family":"Garamond","color":"#ffffff","colorName":"White","x":-231,"y":139.29411764705878,"rotation":0,"flipx":1,"flipy":1,"height":28,"itemID":3},{"productid":"16","name":"Black Granite Inscription (free)","type":"Inscription","part":"Headstone","side":"Front","price":0,"quantity":11,"label":"JULY 10, 1957","font":"23.23338406926886px Garamond","font_size":32,"font_family":"Garamond","color":"#ffffff","colorName":"White","x":237,"y":142.52941176470586,"rotation":0,"flipx":1,"flipy":1,"height":29,"itemID":7},{"productid":"16","name":"Black Granite Inscription (free)","type":"Inscription","part":"Headstone","side":"Front","price":0,"quantity":17,"label":"PAULA JEAN (COHOON)","font":"21.055254312774903px Garamond","font_size":29,"font_family":"Garamond","color":"#ffffff","colorName":"White","x":222,"y":45.117647058823536,"rotation":0,"flipx":1,"flipy":1,"height":28,"itemID":5},{"productid":"16","name":"Black Granite Inscription (free)","type":"Inscription","part":"Headstone","side":"Front","price":0,"quantity":14,"label":"\"PAULA DARLIN&apos;\"","font":"29.04173008658607px Garamond","font_size":40,"font_family":"Garamond","color":"#ffffff","colorName":"White","x":226,"y":82.58823529411762,"rotation":0,"flipx":1,"flipy":1,"height":28,"itemID":6},{"productid":"16","name":"Black Granite Inscription (free)","type":"Inscription","part":"Headstone","side":"Front","price":0,"quantity":9,"label":"JESSE EARL","font":"21.781297564939553px Garamond","font_size":30,"font_family":"Garamond","color":"#ffffff","colorName":"White","x":-229,"y":42.117647058823536,"rotation":0,"flipx":1,"flipy":1,"height":28,"itemID":2},{"productid":"16","name":"Black Granite Inscription (free)","type":"Inscription","part":"Headstone","side":"Front","price":0,"quantity":6,"label":"\"JESS\"","font":"24.685470573598163px Garamond","font_size":34,"font_family":"Garamond","color":"#ffffff","colorName":"White","x":-231,"y":79.05882352941177,"rotation":0,"flipx":1,"flipy":1,"height":29,"itemID":8}]