[{"productid":4,"type":"Headstone","shape":"Serpentine","color":"#000000","fixed":0,"texture":"src/granites/forever2/l/18.jpg","name":"Laser Etched Black Granite Headstone","price":2565.95,"quantity":1,"width":609.5999999999999,"height":609.5999999999999,"_length":80,"init_width":1126,"init_height":553,"device":"desktop","dpr":1,"orientation":"landscape","version":"1.44","version_date":20230714,"mode":"2d","navigator":"Chrome (desktop), 1366x768"},{"productid":4,"type":"Base","name":"Rectangle","flower_pot_holes":true,"base_flower_pots":2,"shape":"Rectangle","color":"#000000","fixed":0,"texture":"src/granites/forever2/l/18.jpg","price":848,"quantity":1,"width":709.5999999999999,"height":101.6,"_length":250,"init_width":1126,"init_height":553,"mode":"2d"},{"productid":"16","name":"Black Granite Inscription (free)","type":"Inscription","part":"Headstone","side":"Front","price":0,"quantity":14,"label":"Kayleigh Carter","font":"60.6496062992126px Great Vibes","font_size":80,"font_family":"Great Vibes","color":"#ffffff","colorName":"White","x":-13,"y":-142,"rotation":0,"flipx":1,"flipy":1,"height":96,"itemID":1},{"productid":"16","name":"Black Granite Inscription (free)","type":"Inscription","part":"Headstone","side":"Front","price":0,"quantity":15,"label":"November 11, 2008","font":"37.906003937007874px Great Vibes","font_size":50,"font_family":"Great Vibes","color":"#ffffff","colorName":"White","x":-7,"y":-63,"rotation":0,"flipx":1,"flipy":1,"height":49,"itemID":2},{"productid":"16","name":"Black Granite Inscription (free)","type":"Inscription","part":"Headstone","side":"Front","price":0,"quantity":15,"label":"November 17, 2023","font":"37.906003937007874px Great Vibes","font_size":50,"font_family":"Great Vibes","color":"#ffffff","colorName":"White","x":-4,"y":-14,"rotation":0,"flipx":1,"flipy":1,"height":49,"itemID":3},{"productid":"16","name":"Black Granite Inscription (free)","type":"Inscription","part":"Headstone","side":"Front","price":0,"quantity":32,"label":"\"For God so loved the world that he gave","font":"34.873523622047244px Great Vibes","font_size":46,"font_family":"Great Vibes","color":"#ffffff","colorName":"White","x":-2,"y":52,"rotation":0,"flipx":1,"flipy":1,"height":54,"itemID":4},{"productid":"16","name":"Black Granite Inscription (free)","type":"Inscription","part":"Headstone","side":"Front","price":0,"quantity":32,"label":"his onlu begotten Son, that whosoever","font":"37.906003937007874px Great Vibes","font_size":50,"font_family":"Great Vibes","color":"#ffffff","colorName":"White","x":7,"y":85,"rotation":0,"flipx":1,"flipy":1,"height":59,"itemID":5},{"productid":"16","name":"Black Granite Inscription (free)","type":"Inscription","part":"Headstone","side":"Front","price":0,"quantity":37,"label":"believeth in him should not perish, but have","font":"37.906003937007874px Great Vibes","font_size":50,"font_family":"Great Vibes","color":"#ffffff","colorName":"White","x":1,"y":115,"rotation":0,"flipx":1,"flipy":1,"height":46,"itemID":6},{"productid":"16","name":"Black Granite Inscription (free)","type":"Inscription","part":"Headstone","side":"Front","price":0,"quantity":25,"label":"everlasting life.\" John 3:16","font":"37.906003937007874px Great Vibes","font_size":50,"font_family":"Great Vibes","color":"#ffffff","colorName":"White","x":-2,"y":151,"rotation":0,"flipx":1,"flipy":1,"height":62,"itemID":7},{"productid":"71","name":"Black Granite Motif (free)","type":"Motif","part":"Headstone","side":"Front","src":"1_154_07","item":"1_154_07","price":0,"quantity":1,"color":"#ffffff","colorName":"White","x":-184,"y":231,"flipx":1,"flipy":1,"rotation":0,"height":152,"ratio":0.15874999999999997,"itemID":8},{"productid":"71","name":"Black Granite Motif (free)","type":"Motif","part":"Headstone","side":"Front","src":"2_171_26","item":"2_171_26","price":0,"quantity":1,"color":"#ffffff","colorName":"White","x":168,"y":236,"flipx":1,"flipy":1,"rotation":0,"height":159,"ratio":0.22265077138849929,"itemID":9},{"productid":"71","name":"Black Granite Motif (free)","type":"Motif","part":"Headstone","side":"Front","src":"1_133_19","item":"1_133_19","price":0,"quantity":1,"color":"#ffffff","colorName":"White","x":-10,"y":233,"flipx":1,"flipy":1,"rotation":0,"height":114,"ratio":0.18288,"itemID":10}]