[{"productid":4,"type":"Headstone","shape":"Serpentine","color":"#000000","fixed":0,"texture":"src/granites/forever2/l/18.jpg","name":"Laser Etched Black Granite Headstone","price":4512.51,"quantity":1,"width":889,"height":762,"_length":90,"init_width":1680,"init_height":873,"device":"desktop","dpr":1,"orientation":"landscape","version":"1.44","version_date":20230714,"mode":"2d","navigator":"Mozilla Firefox (desktop), 1920x1080"},{"productid":4,"type":"Base","name":"Rectangle","shape":"Square","color":"#000000","fixed":0,"texture":"src/granites/forever2/l/18.jpg","price":792,"quantity":1,"width":989,"height":101.6,"_length":250,"init_width":1680,"init_height":873,"mode":"2d"},{"productid":71,"name":"Black Granite Motif (free)","type":"Motif","part":"Headstone","side":"Front","src":"1_129_14","item":"1_129_14","price":0,"quantity":1,"color":"#ffffff","colorName":"White","x":-1,"y":-264,"flipx":"1","flipy":"1","rotation":0,"height":94,"ratio":0.1731123388581952,"itemID":1},{"productid":"16","name":"Black Granite Inscription (free)","type":"Inscription","part":"Headstone","side":"Front","price":0,"quantity":6,"label":"SELDEN","font":"63.496639239299235px Garamond","font_size":74,"font_family":"Garamond","color":"#ffffff","colorName":"White","x":-5,"y":-168,"rotation":0,"flipx":1,"flipy":1,"height":50,"itemID":2},{"productid":"16","name":"Black Granite Inscription (free)","type":"Inscription","part":"Headstone","side":"Front","price":0,"quantity":10,"label":"Maried 1968","font":"21.451567310574067px Garamond","font_size":25,"font_family":"Garamond","color":"#ffffff","colorName":"White","x":180,"y":88,"rotation":0,"flipx":1,"flipy":1,"height":18,"itemID":3},{"productid":"16","name":"Black Granite Inscription (free)","type":"Inscription","part":"Headstone","side":"Front","price":0,"quantity":9,"label":"1947 - 2020","font":"36.03863308176443px Garamond","font_size":42,"font_family":"Garamond","color":"#ffffff","colorName":"White","x":176,"y":51,"rotation":0,"flipx":1,"flipy":1,"height":28,"itemID":4},{"productid":"16","name":"Black Granite Inscription (free)","type":"Inscription","part":"Headstone","side":"Front","price":0,"quantity":14,"label":"Deborah Holston","font":"41.1870092363022px Garamond","font_size":48,"font_family":"Garamond","color":"#ffffff","colorName":"White","x":178,"y":-7,"rotation":0,"flipx":1,"flipy":1,"height":34,"itemID":5},{"productid":"16","name":"Black Granite Inscription (free)","type":"Inscription","part":"Headstone","side":"Front","price":0,"quantity":11,"label":"Donna Decker","font":"40.32894654387924px Garamond","font_size":47,"font_family":"Garamond","color":"#ffffff","colorName":"White","x":188,"y":144.00000000000006,"rotation":0,"flipx":1,"flipy":1,"height":34,"itemID":6},{"productid":"16","name":"Black Granite Inscription (free)","type":"Inscription","part":"Headstone","side":"Front","price":0,"quantity":5,"label":"1950 -","font":"36.03863308176443px Garamond","font_size":42,"font_family":"Garamond","color":"#ffffff","colorName":"White","x":141,"y":190.00000000000006,"rotation":0,"flipx":1,"flipy":1,"height":28,"itemID":7},{"productid":"16","name":"Black Granite Inscription (free)","type":"Inscription","part":"Headstone","side":"Front","price":0,"quantity":11,"label":"Married 2023","font":"21.451567310574067px Garamond","font_size":25,"font_family":"Garamond","color":"#ffffff","colorName":"White","x":183,"y":228.00000000000006,"rotation":0,"flipx":1,"flipy":1,"height":19,"itemID":8},{"productid":"16","name":"Black Granite Inscription (free)","type":"Inscription","part":"Headstone","side":"Front","price":0,"quantity":14,"label":"Edwin van Deusen","font":"48.051510775685905px Garamond","font_size":56,"font_family":"Garamond","color":"#ffffff","colorName":"White","x":2,"y":-109,"rotation":0,"flipx":1,"flipy":1,"height":41,"itemID":9},{"productid":"16","name":"Black Granite Inscription (free)","type":"Inscription","part":"Headstone","side":"Front","price":0,"quantity":5,"label":"1941 -","font":"35.18057038934147px Garamond","font_size":41,"font_family":"Garamond","color":"#ffffff","colorName":"White","x":-68,"y":-61,"rotation":0,"flipx":1,"flipy":1,"height":27,"itemID":11},{"productid":"16","name":"Black Granite Inscription (free)","type":"Inscription","part":"Headstone","side":"Front","price":0,"quantity":5,"label":"1972 -","font":"36.89669577418739px Garamond","font_size":43,"font_family":"Garamond","color":"#ffffff","colorName":"White","x":-260,"y":45,"rotation":0,"flipx":1,"flipy":1,"height":29,"itemID":12},{"productid":"16","name":"Black Granite Inscription (free)","type":"Inscription","part":"Headstone","side":"Front","price":0,"quantity":4,"label":"1973","font":"36.03863308176443px Garamond","font_size":42,"font_family":"Garamond","color":"#ffffff","colorName":"White","x":-208,"y":133.00000000000006,"rotation":0,"flipx":1,"flipy":1,"height":28,"itemID":13},{"productid":"16","name":"Black Granite Inscription (free)","type":"Inscription","part":"Headstone","side":"Front","price":0,"quantity":5,"label":"1974 -","font":"35.18057038934147px Garamond","font_size":41,"font_family":"Garamond","color":"#ffffff","colorName":"White","x":-258,"y":223.00000000000006,"rotation":0,"flipx":1,"flipy":1,"height":27,"itemID":14},{"productid":"16","name":"Black Granite Inscription (free)","type":"Inscription","part":"Headstone","side":"Front","price":0,"quantity":16,"label":"James Kirkpatrick","font":"39.47088385145628px Garamond","font_size":46,"font_family":"Garamond","color":"#ffffff","colorName":"White","x":-192,"y":-8,"rotation":0,"flipx":1,"flipy":1,"height":46,"itemID":15},{"productid":"16","name":"Black Granite Inscription (free)","type":"Inscription","part":"Headstone","side":"Front","price":0,"quantity":16,"label":"Carolyn Elizabeth","font":"40.32894654387924px Garamond","font_size":47,"font_family":"Garamond","color":"#ffffff","colorName":"White","x":-195,"y":90,"rotation":0,"flipx":1,"flipy":1,"height":47,"itemID":10},{"productid":"16","name":"Black Granite Inscription (free)","type":"Inscription","part":"Headstone","side":"Front","price":0,"quantity":15,"label":"Christopher Barr","font":"40.32894654387924px Garamond","font_size":47,"font_family":"Garamond","color":"#ffffff","colorName":"White","x":-197,"y":170.00000000000006,"rotation":0,"flipx":1,"flipy":1,"height":47,"itemID":16}]