[{"productid":4,"type":"Headstone","shape":"Serpentine","color":"#000000","fixed":0,"texture":"src/granites/forever2/l/18.jpg","name":"Laser Etched Black Granite Headstone","price":2107.94,"quantity":1,"width":507.99999999999955,"height":609.5999999999999,"_length":80,"init_width":1200,"init_height":751,"device":"desktop","dpr":1,"orientation":"landscape","version":"1.44","version_date":20230714,"mode":"2d","navigator":"Chrome (desktop), 1440x900"},{"productid":4,"type":"Base","name":"Rectangle","shape":"Square","color":"#000000","fixed":0,"texture":"src/granites/forever2/l/18.jpg","price":598,"quantity":1,"width":607.9999999999995,"height":101.6,"_length":250,"init_width":1200,"init_height":751,"mode":"2d"}]