[{"productid":4,"type":"Headstone","shape":"Left Wave","color":"#000000","fixed":0,"texture":"src/granites/forever2/l/18.jpg","name":"Laser Etched Black Granite Headstone","price":2565.95,"quantity":1,"width":609.5999999999999,"height":609.5999999999999,"_length":80,"init_width":2320,"init_height":1207,"device":"desktop","dpr":1,"orientation":"landscape","version":"1.44","version_date":20230714,"mode":"2d","navigator":"Chrome (desktop), 2560x1440"},{"productid":4,"type":"Base","name":"Rectangle","shape":"Square","color":"#000000","fixed":0,"texture":"src/granites/forever2/l/18.jpg","price":635,"quantity":1,"width":700,"height":100,"_length":250,"init_width":2320,"init_height":1207,"mode":"2d"},{"productid":7,"id":7,"uid":1693322828430,"path":"../upload/2023/08/","name":"Ceramic Image","type":"Photo","item":"1693322828430img_0467_cropped.jpg","color":1,"mask":2,"x":-200,"y":-16,"flipx":1,"flipy":1,"rotation":0,"ratio":0.6232112301793714,"shape_url":"shapes/photos/oval_horizontal.svg","part":"Headstone","side":"Front","src":"IMG_0467.jpeg","price":570,"quantity":1,"size":"180 x 240 mm","itemID":5},{"productid":2300,"id":2300,"uid":1702843664779,"path":"../upload/2023/12/","name":"Vitreous Enamel","type":"Photo","item":"1702843664779caducus_family_medicine_.jpg","color":0,"mask":0,"x":261.170146137787,"y":-9.440501043841323,"flipx":1,"flipy":1,"rotation":0,"ratio":0.49423539611907097,"shape_url":"shapes/photos/oval_vertical.svg","part":"Headstone","side":"Front","src":"caducus family medicine 20231217.jpg","price":490,"quantity":1,"size":"130 x 180 mm","itemID":6},{"productid":"16","name":"Black Granite Inscription (free)","type":"Inscription","part":"Headstone","side":"Front","price":0,"quantity":10,"label":"My Best Work","font":"82.92171645997747px Garamond","font_size":50,"font_family":"Garamond","color":"#ffffff","colorName":"White","x":-6.220250521920661,"y":189.11064718162834,"rotation":0,"flipx":1,"flipy":1,"height":49,"itemID":1},{"productid":"16","name":"Black Granite Inscription (free)","type":"Inscription","part":"Headstone","side":"Front","price":0,"quantity":12,"label":"Vander Heyden","font":"147.6006552987599px Garamond","font_size":89,"font_family":"Garamond","color":"#ffffff","colorName":"White","x":-2.6482254697285725,"y":-237.72755741127344,"rotation":0,"flipx":1,"flipy":1,"height":88,"itemID":2},{"productid":"16","name":"Black Granite Inscription (free)","type":"Inscription","part":"Headstone","side":"Front","price":0,"quantity":4,"label":"John","font":"82.92171645997747px Garamond","font_size":50,"font_family":"Garamond","color":"#ffffff","colorName":"White","x":-308.419624217119,"y":279.4634655532359,"rotation":0,"flipx":1,"flipy":1,"height":45,"itemID":3},{"productid":"16","name":"Black Granite Inscription (free)","type":"Inscription","part":"Headstone","side":"Front","price":0,"quantity":16,"label":"September 30, 1949","font":"82.92171645997747px Garamond","font_size":50,"font_family":"Garamond","color":"#ffffff","colorName":"White","x":-130.96555323590815,"y":403.7943632567849,"rotation":0,"flipx":1,"flipy":1,"height":49,"itemID":4}]