[{"productid":4,"type":"Headstone","shape":"Headstone 40","color":"#000000","fixed":4,"texture":"src/granites/forever2/l/18.jpg","name":"Laser Etched Black Granite Headstone","price":2358.59,"quantity":1,"width":432.2000000000003,"height":741,"_length":90,"init_width":1680,"init_height":855,"device":"desktop","dpr":1,"orientation":"landscape","version":"1.44","version_date":20230919,"mode":"2d","navigator":"Chrome (desktop), 1920x1080"},{"productid":4,"type":"Base","name":"Rectangle","flower_pot_holes":true,"base_flower_pots":2,"shape":"Rectangle","color":"#000000","fixed":0,"texture":"src/granites/forever2/l/18.jpg","price":560,"quantity":1,"width":532.2000000000003,"height":101.6,"_length":250,"init_width":1680,"init_height":855,"mode":"2d"},{"productid":21,"id":21,"uid":1704289945951,"path":"../upload/2024/01/","name":"Laser-etched Image","type":"Photo","item":"1704289945951capture_cropped.jpg","color":1,"mask":2,"x":56,"y":-187,"flipx":1,"flipy":1,"rotation":0,"ratio":0.6056291884709322,"shape_url":"shapes/photos/oval_vertical.svg","part":"Headstone","side":"Front","src":"Capture.PNG","price":0,"quantity":1,"size":262,"width":"282","height":"259","itemID":4},{"productid":"16","name":"Black Granite Inscription (free)","type":"Inscription","part":"Headstone","side":"Front","price":0,"quantity":16,"label":"September 19, 2022","font":"35.616544030382144px Garamond","font_size":36,"font_family":"Garamond","color":"#ffffff","colorName":"White","x":-1,"y":156,"rotation":0,"flipx":1,"flipy":1,"height":36,"itemID":5},{"productid":"16","name":"Black Granite Inscription (free)","type":"Inscription","part":"Headstone","side":"Front","price":0,"quantity":15,"label":"December 25, 1949","font":"37.59524092095893px Garamond","font_size":38,"font_family":"Garamond","color":"#ffffff","colorName":"White","x":-3,"y":114,"rotation":0,"flipx":1,"flipy":1,"height":33,"itemID":3},{"productid":"16","name":"Black Granite Inscription (free)","type":"Inscription","part":"Headstone","side":"Front","price":0,"quantity":9,"label":"Donald Lee","font":"77.16917873249464px Garamond","font_size":78,"font_family":"Garamond","color":"#ffffff","colorName":"White","x":0,"y":-8,"rotation":0,"flipx":1,"flipy":1,"height":57,"itemID":1},{"productid":"16","name":"Black Granite Inscription (free)","type":"Inscription","part":"Headstone","side":"Front","price":0,"quantity":6,"label":"Loving","font":"49.467422264419646px Adorable","font_size":50,"font_family":"Adorable","color":"#ffffff","colorName":"White","x":0,"y":273,"rotation":0,"flipx":1,"flipy":1,"height":46,"itemID":6},{"productid":"16","name":"Black Granite Inscription (free)","type":"Inscription","part":"Headstone","side":"Front","price":0,"quantity":7,"label":"Dad & Pap","font":"49.467422264419646px Adorable","font_size":50,"font_family":"Adorable","color":"#ffffff","colorName":"White","x":1,"y":322,"rotation":0,"flipx":1,"flipy":1,"height":49,"itemID":7},{"productid":"16","name":"Black Granite Inscription (free)","type":"Inscription","part":"Headstone","side":"Front","price":0,"quantity":8,"label":"Blake, Sr","font":"65.29699738903393px Garamond","font_size":66,"font_family":"Garamond","color":"#ffffff","colorName":"White","x":2,"y":60,"rotation":0,"flipx":1,"flipy":1,"height":57,"itemID":2}]