[{"productid":124,"type":"Headstone","shape":"Serpentine","color":"#000000","fixed":0,"texture":"src/granites/forever2/l/G654.jpg","name":"Traditional Engraved Headstone","price":2273.91,"quantity":1,"width":914.3999999999996,"height":609.5999999999999,"_length":80,"init_width":1171,"init_height":983,"device":"desktop","dpr":2,"orientation":"landscape","version":"1.44","version_date":20230919,"mode":"2d","navigator":"Safari (desktop), 2048x1152"},{"productid":124,"type":"Base","name":"Rectangle","shape":"Square","color":"#000000","fixed":0,"texture":"src/granites/forever2/l/G654.jpg","price":745,"quantity":1,"width":1060.45,"height":100,"_length":250,"init_width":1171,"init_height":983,"mode":"2d"},{"productid":126,"name":"Motif (Traditional Engraved)","type":"Motif","part":"Headstone","side":"Front","src":"1_192_16","item":"1_192_16","price":220.17525,"quantity":1,"color":"#ffffff","colorName":"White","x":663.1117705242334,"y":426.841740850643,"flipx":"1","flipy":"1","rotation":0,"height":65,"ratio":0.2006172839506173,"itemID":3},{"productid":126,"name":"Motif (Traditional Engraved)","type":"Motif","part":"Headstone","side":"Front","src":"swan_001","item":"swan_001","price":250.07918,"quantity":1,"color":"#eeeeee","colorName":"Silver Gilding","x":144.87339268051434,"y":-316.97131552917904,"flipx":"1","flipy":"1","rotation":0,"height":144,"ratio":0.3444976076555024,"itemID":4},{"productid":126,"name":"Motif (Traditional Engraved)","type":"Motif","part":"Headstone","side":"Front","src":"swan_001","item":"swan_001","price":251.55469999999997,"quantity":1,"color":"#eeeeee","colorName":"Silver Gilding","x":-154.59643916913947,"y":-315.026706231454,"flipx":"1","flipy":"1","rotation":0,"height":150,"ratio":0.3588516746411483,"itemID":5},{"productid":"125","name":"Inscription (Traditional Engraved)","type":"Inscription","part":"Headstone","side":"Front","price":3.85,"quantity":11,"label":"-Mary Oliver","font":"53.432659055513774px Garamond","font_size":29,"font_family":"Garamond","color":"#ffffff","colorName":"White","x":596.9950544015826,"y":86.53511374876359,"rotation":0,"flipx":1,"flipy":1,"height":29,"itemID":1},{"productid":"125","name":"Inscription (Traditional Engraved)","type":"Inscription","part":"Headstone","side":"Front","price":3.85,"quantity":48,"label":"&apos;Look!&apos; and laugh in astonishment, and bow their heads.\"","font":"49.747648086168px Lucida Calligraphy","font_size":27,"font_family":"Lucida Calligraphy","color":"#ffffff","colorName":"White","x":2.916913946587556,"y":10.055390702274963,"rotation":0,"flipx":1,"flipy":1,"height":33,"itemID":6},{"productid":"125","name":"Inscription (Traditional Engraved)","type":"Inscription","part":"Headstone","side":"Front","price":3.85,"quantity":12,"label":"Oct. 11, 1954-","font":"40.53512066280355px Garamond","font_size":22,"font_family":"Garamond","color":"#ffffff","colorName":"White","x":-583.3827893175074,"y":287.80217606330376,"rotation":0,"flipx":1,"flipy":1,"height":19,"itemID":7},{"productid":"125","name":"Inscription (Traditional Engraved)","type":"Inscription","part":"Headstone","side":"Front","price":7.15,"quantity":15,"label":"Joyfully Married","font":"93.96777971831733px Lucida Calligraphy","font_size":51,"font_family":"Lucida Calligraphy","color":"#ffffff","colorName":"White","x":-10.110781404549925,"y":455.6785361028685,"rotation":0,"flipx":1,"flipy":1,"height":61,"itemID":10},{"productid":"125","name":"Inscription (Traditional Engraved)","type":"Inscription","part":"Headstone","side":"Front","price":3.85,"quantity":11,"label":"Dena Hofkosh","font":"53.432659055513774px Lucida Calligraphy","font_size":29,"font_family":"Lucida Calligraphy","color":"#ffffff","colorName":"White","x":-414.2017804154303,"y":206.12858555885273,"rotation":0,"flipx":1,"flipy":1,"height":35,"itemID":11},{"productid":"125","name":"Inscription (Traditional Engraved)","type":"Inscription","part":"Headstone","side":"Front","price":3.85,"quantity":12,"label":"Kim Patterson","font":"57.11767002485955px Lucida Calligraphy","font_size":31,"font_family":"Lucida Calligraphy","color":"#ffffff","colorName":"White","x":379.19881305637983,"y":200.29475766567765,"rotation":0,"flipx":1,"flipy":1,"height":26,"itemID":12},{"productid":"125","name":"Inscription (Traditional Engraved)","type":"Inscription","part":"Headstone","side":"Front","price":3.85,"quantity":12,"label":"Sept. 26, 2023","font":"60.80268099420533px Garamond","font_size":33,"font_family":"Garamond","color":"#ffffff","colorName":"White","x":-293.6360039564787,"y":281.9683481701287,"rotation":0,"flipx":1,"flipy":1,"height":32,"itemID":8},{"productid":"125","name":"Inscription (Traditional Engraved)","type":"Inscription","part":"Headstone","side":"Front","price":3.85,"quantity":12,"label":"Aug. 14, 1960-","font":"58.96017550953244px Garamond","font_size":32,"font_family":"Garamond","color":"#ffffff","colorName":"White","x":262.52225519287833,"y":266.41147378832846,"rotation":0,"flipx":1,"flipy":1,"height":32,"itemID":2},{"productid":"125","name":"Inscription (Traditional Engraved)","type":"Inscription","part":"Headstone","side":"Front","price":3.85,"quantity":39,"label":"\"Let me keep company always with those who say,","font":"53.432659055513774px Lucida Calligraphy","font_size":29,"font_family":"Lucida Calligraphy","color":"#ffffff","colorName":"White","x":-10.750741839762668,"y":-76.31355093966374,"rotation":0,"flipx":1,"flipy":1,"height":35,"itemID":9}]