[{"productid":4,"type":"Headstone","shape":"Serpentine","color":"#000000","fixed":0,"texture":"src/granites/forever2/l/18.jpg","name":"Laser Etched Black Granite Headstone","price":4856.02,"quantity":1,"width":762.0000000000005,"height":965.1999999999999,"_length":100,"init_width":428,"init_height":686,"device":"mobile","dpr":3,"orientation":"portrait","version":"1.44","version_date":20230919,"mode":"2d","navigator":"Safari (mobile(ios)), 428x926"},{"productid":"16","name":"Black Granite Inscription (free)","type":"Inscription","part":"Headstone","side":"Front","price":0,"quantity":20,"label":"Conception Montemayor","font":"64.85184417737257px Garamond","font_size":50,"font_family":"Garamond","color":"#ffffff","colorName":"White","x":9,"y":-405,"rotation":0,"flipx":1,"flipy":1,"height":48,"itemID":1},{"productid":"16","name":"Black Granite Inscription (free)","type":"Inscription","part":"Headstone","side":"Front","price":0,"quantity":10,"label":"“Boom Boom”","font":"64.85184417737257px Garamond","font_size":50,"font_family":"Garamond","color":"#ffffff","colorName":"White","x":18,"y":-319,"rotation":0,"flipx":1,"flipy":1,"height":35,"itemID":2},{"productid":"16","name":"Black Granite Inscription (free)","type":"Inscription","part":"Headstone","side":"Front","price":0,"quantity":9,"label":"1946 - ASAP","font":"64.85184417737257px Garamond","font_size":50,"font_family":"Garamond","color":"#ffffff","colorName":"White","x":6,"y":-243,"rotation":0,"flipx":1,"flipy":1,"height":37,"itemID":3},{"productid":"16","name":"Black Granite Inscription (free)","type":"Inscription","part":"Headstone","side":"Front","price":0,"quantity":28,"label":"Boss Fucker, Homewrecker, Whore","font":"64.85184417737257px Garamond","font_size":50,"font_family":"Garamond","color":"#ffffff","colorName":"White","x":9,"y":270,"rotation":0,"flipx":1,"flipy":1,"height":43,"itemID":4},{"productid":"71","name":"Black Granite Motif (free)","type":"Motif","part":"Headstone","side":"Front","src":"1_173_05","item":"1_173_05","price":0,"quantity":1,"color":"#ffffff","colorName":"White","x":-363,"y":438,"flipx":1,"flipy":1,"rotation":0,"height":167,"ratio":0.20242424242424242,"itemID":5},{"productid":21,"id":21,"uid":1704948169735,"path":"../upload/2024/01/","name":"Laser-etched Image","type":"Photo","item":"1704948169735img_3632_cropped.jpg","color":1,"mask":0,"x":3,"y":-9,"flipx":1,"flipy":1,"rotation":0,"ratio":1.032335478741849,"shape_url":"shapes/photos/oval_vertical.svg","part":"Headstone","side":"Front","src":"IMG_3632.jpeg","price":0,"quantity":1,"size":273,"width":"249","height":"354","itemID":6},{"productid":"16","name":"Black Granite Inscription (free)","type":"Inscription","part":"Headstone","side":"Front","price":0,"quantity":15,"label":"Survived by No One","font":"64.85184417737257px Garamond","font_size":50,"font_family":"Garamond","color":"#ffffff","colorName":"White","x":21,"y":389,"rotation":0,"flipx":1,"flipy":1,"height":50,"itemID":7}]