[{"productid":4,"type":"Headstone","shape":"Serpentine","color":"#000000","fixed":0,"texture":"src/granites/forever2/l/18.jpg","name":"Laser Etched Black Granite Headstone","price":5314.03,"quantity":1,"width":812.8000000000006,"height":1016,"_length":100,"init_width":992,"init_height":534,"device":"desktop","dpr":1.5,"orientation":"landscape","version":"1.44","version_date":20230919,"mode":"2d","navigator":"Edge (chromium based) (desktop), 1280x720"},{"productid":4,"type":"Base","name":"Rectangle","shape":"Square","color":"#000000","fixed":0,"texture":"src/granites/forever2/l/18.jpg","price":754,"quantity":1,"width":912.8000000000006,"height":101.6,"_length":250,"init_width":992,"init_height":534,"mode":"2d"},{"productid":"16","name":"Black Granite Inscription (free)","type":"Inscription","part":"Headstone","side":"Front","price":0,"quantity":18,"label":"MARCUS  PAPANIKOLAOU","font":"46.12057086614175px Garamond","font_size":66,"font_family":"Garamond","color":"#ffffff","colorName":"White","x":2,"y":210,"rotation":0,"flipx":1,"flipy":1,"height":47,"itemID":1},{"productid":"16","name":"Black Granite Inscription (free)","type":"Inscription","part":"Headstone","side":"Front","price":0,"quantity":23,"label":"SEP. 28, 2006 - OCT. 13, 2013","font":"26.554268074445247px Garamond","font_size":38,"font_family":"Garamond","color":"#ffffff","colorName":"White","x":9,"y":253,"rotation":0,"flipx":1,"flipy":1,"height":33,"itemID":2},{"productid":21,"id":21,"uid":1705419483740,"path":"../upload/2024/01/","name":"Laser-etched Image","type":"Photo","item":"1705419483740screenshot_20231115_1747.jpg","color":1,"mask":1,"x":1,"y":-65,"flipx":1,"flipy":1,"rotation":0,"ratio":1.779706513958483,"shape_url":"shapes/photos/rectangle_vertical.svg","part":"Headstone","side":"Front","src":"Screenshot_20231115_174730_Photos~3.jpg","price":0,"quantity":1,"size":"680","width":"349","height":"475","itemID":3},{"productid":"16","name":"Black Granite Inscription (free)","type":"Inscription","part":"Headstone","side":"Front","price":0,"quantity":22,"label":"You are loved beyond words","font":"16.771116678596997px Lucida Calligraphy","font_size":24,"font_family":"Lucida Calligraphy","color":"#ffffff","colorName":"White","x":-135,"y":292,"rotation":0,"flipx":1,"flipy":1,"height":30,"itemID":4},{"productid":"16","name":"Black Granite Inscription (free)","type":"Inscription","part":"Headstone","side":"Front","price":0,"quantity":22,"label":"You are loved beyond words","font":"16.771116678596997px Lucida Calligraphy","font_size":24,"font_family":"Lucida Calligraphy","color":"#ffffff","colorName":"White","x":-133,"y":322,"rotation":0,"flipx":1,"flipy":1,"height":30,"itemID":5},{"productid":21,"id":21,"uid":1705423079703,"path":"../upload/2024/01/","name":"Laser-etched Image","type":"Photo","item":"1705423079703screenshot_20240116_1137.jpg","color":1,"mask":1,"x":226,"y":-199,"flipx":1,"flipy":1,"rotation":0,"ratio":0.3716445955619185,"shape_url":"shapes/photos/rectangle_vertical.svg","part":"Headstone","side":"Front","src":"Screenshot 2024-01-16 113737.png","price":0,"quantity":1,"size":"142","width":"81","height":"99","itemID":6},{"productid":21,"id":21,"uid":1705423079703,"path":"../upload/2024/01/","name":"Laser-etched Image","type":"Photo","item":"1705423079703screenshot_20240116_1137.jpg","color":1,"mask":1,"x":-231,"y":-193.5,"flipx":1,"flipy":1,"rotation":0,"ratio":0.3716445955619185,"shape_url":"shapes/photos/rectangle_vertical.svg","part":"Headstone","side":"Front","src":"Screenshot 2024-01-16 113737.png","price":80,"quantity":1,"size":"142","width":"81","height":"99","itemID":7},{"productid":"16","name":"Black Granite Inscription (free)","type":"Inscription","part":"Headstone","side":"Front","price":0,"quantity":23,"label":" and missed beyond measure.","font":"17.469913206871873px Lucida Calligraphy","font_size":25,"font_family":"Lucida Calligraphy","color":"#ffffff","colorName":"White","x":131,"y":294,"rotation":0,"flipx":1,"flipy":1,"height":30,"itemID":8},{"productid":"16","name":"Black Granite Inscription (free)","type":"Inscription","part":"Headstone","side":"Front","price":0,"quantity":23,"label":" and missed beyond measure.","font":"17.469913206871873px Lucida Calligraphy","font_size":25,"font_family":"Lucida Calligraphy","color":"#ffffff","colorName":"White","x":131,"y":324,"rotation":0,"flipx":1,"flipy":1,"height":30,"itemID":9}]