[{"productid":4,"type":"Headstone","shape":"Curved Gable","color":"#000000","fixed":0,"texture":"src/granites/forever2/l/18.jpg","name":"Laser Etched Black Granite Headstone","price":2565.95,"quantity":1,"width":609.5999999999999,"height":609.5999999999999,"_length":80,"init_width":1632,"init_height":911,"device":"desktop","dpr":1,"orientation":"landscape","version":"1.44","version_date":20230919,"mode":"2d","navigator":"Edge (chromium based) (desktop), 1920x1080"},{"productid":"16","name":"Black Granite Inscription (free)","type":"Inscription","part":"Headstone","side":"Front","price":0,"quantity":2,"label":"In","font":"43.71186023622048px Garamond","font_size":30,"font_family":"Garamond","color":"#ffffff","colorName":"White","x":-8,"y":-344,"rotation":0,"flipx":1,"flipy":1,"height":19,"itemID":1},{"productid":"16","name":"Black Granite Inscription (free)","type":"Inscription","part":"Headstone","side":"Front","price":0,"quantity":2,"label":"Of","font":"24.77005413385827px Garamond","font_size":17,"font_family":"Garamond","color":"#ffffff","colorName":"White","x":-4,"y":-235,"rotation":0,"flipx":1,"flipy":1,"height":12,"itemID":2},{"productid":"16","name":"Black Granite Inscription (free)","type":"Inscription","part":"Headstone","side":"Front","price":0,"quantity":22,"label":"16th May 1928 -7th Dec 1928","font":"43.71186023622048px Garamond","font_size":30,"font_family":"Garamond","color":"#ffffff","colorName":"White","x":5,"y":-105,"rotation":0,"flipx":1,"flipy":1,"height":30,"itemID":3},{"productid":"16","name":"Black Granite Inscription (free)","type":"Inscription","part":"Headstone","side":"Front","price":0,"quantity":25,"label":"Dearly Loved and Sadly Missed","font":"43.71186023622048px Garamond","font_size":30,"font_family":"Garamond","color":"#ffffff","colorName":"White","x":3,"y":-48,"rotation":0,"flipx":1,"flipy":1,"height":30,"itemID":4},{"productid":"16","name":"Black Granite Inscription (free)","type":"Inscription","part":"Headstone","side":"Front","price":0,"quantity":2,"label":"by","font":"34.969488188976385px Garamond","font_size":24,"font_family":"Garamond","color":"#ffffff","colorName":"White","x":0,"y":5,"rotation":0,"flipx":1,"flipy":1,"height":25,"itemID":5},{"productid":"16","name":"Black Granite Inscription (free)","type":"Inscription","part":"Headstone","side":"Front","price":0,"quantity":27,"label":"Allan, Peter and D&apos;Inlaw Angela","font":"40.797736220472444px Garamond","font_size":28,"font_family":"Garamond","color":"#ffffff","colorName":"White","x":25,"y":62,"rotation":0,"flipx":1,"flipy":1,"height":28,"itemID":6},{"productid":"16","name":"Black Granite Inscription (free)","type":"Inscription","part":"Headstone","side":"Front","price":0,"quantity":24,"label":"Mavis Joy Fuller (nee) Davis","font":"64.1107283464567px Garamond","font_size":44,"font_family":"Garamond","color":"#ffffff","colorName":"White","x":9,"y":-174,"rotation":0,"flipx":1,"flipy":1,"height":45,"itemID":7},{"productid":"16","name":"Black Granite Inscription (free)","type":"Inscription","part":"Headstone","side":"Front","price":0,"quantity":12,"label":"loving memory","font":"40.797736220472444px Garamond","font_size":28,"font_family":"Garamond","color":"#ffffff","colorName":"White","x":-8,"y":-291,"rotation":0,"flipx":1,"flipy":1,"height":28,"itemID":8},{"productid":"16","name":"Black Granite Inscription (free)","type":"Inscription","part":"Headstone","side":"Front","price":0,"quantity":15,"label":"Allan John Fuller","font":"43.71186023622048px Garamond","font_size":30,"font_family":"Garamond","color":"#ffffff","colorName":"White","x":1,"y":242,"rotation":0,"flipx":1,"flipy":1,"height":27,"itemID":9},{"productid":"16","name":"Black Granite Inscription (free)","type":"Inscription","part":"Headstone","side":"Front","price":0,"quantity":24,"label":"15th April 1953 - 3rd Sep 2015","font":"40.797736220472444px Garamond","font_size":28,"font_family":"Garamond","color":"#ffffff","colorName":"White","x":4,"y":300,"rotation":0,"flipx":1,"flipy":1,"height":28,"itemID":10},{"productid":"16","name":"Black Granite Inscription (free)","type":"Inscription","part":"Headstone","side":"Front","price":0,"quantity":13,"label":"Grand Children","font":"32.05536417322835px Garamond","font_size":22,"font_family":"Garamond","color":"#ffffff","colorName":"White","x":2,"y":113,"rotation":0,"flipx":1,"flipy":1,"height":16,"itemID":11},{"productid":"16","name":"Black Granite Inscription (free)","type":"Inscription","part":"Headstone","side":"Front","price":0,"quantity":16,"label":"Lucinda and Eligha","font":"34.969488188976385px Garamond","font_size":24,"font_family":"Garamond","color":"#ffffff","colorName":"White","x":108,"y":169,"rotation":0,"flipx":1,"flipy":1,"height":25,"itemID":14},{"productid":"16","name":"Black Granite Inscription (free)","type":"Inscription","part":"Headstone","side":"Front","price":0,"quantity":11,"label":"Sean, Jason,","font":"37.883612204724415px Garamond","font_size":26,"font_family":"Garamond","color":"#ffffff","colorName":"White","x":-118,"y":168,"rotation":0,"flipx":1,"flipy":1,"height":23,"itemID":13}]