[{"productid":4,"type":"Headstone","shape":"Serpentine","color":"#000000","fixed":0,"texture":"src/granites/forever2/l/18.jpg","name":"Laser Etched Black Granite Headstone","price":6601.52,"quantity":1,"width":1200,"height":914.3999999999999,"_length":100,"init_width":2640,"init_height":1545.015625,"device":"desktop","dpr":0.5,"orientation":"landscape","version":"1.44","version_date":20230919,"mode":"2d","navigator":"Chrome (desktop), 1920x1200"},{"productid":4,"type":"Base","name":"Rectangle","shape":"Rectangle","color":"#000000","fixed":0,"texture":"src/granites/forever2/l/18.jpg","price":1098,"quantity":1,"width":1200,"height":101.6,"_length":250,"init_width":2640,"init_height":1545.015625,"mode":"2d"},{"productid":21,"id":21,"uid":1705802909120,"path":"../upload/2024/01/","name":"Laser-etched Image","type":"Photo","item":"1705802909120img_9383_maelito_cropped.jpg","color":1,"mask":0,"x":-179.53427443563885,"y":-0.649449584627348,"flipx":1,"flipy":1,"rotation":0,"ratio":0.09492115537850472,"shape_url":"shapes/photos/oval_vertical.svg","part":"Headstone","side":"Front","src":"IMG_9383 Maelito.jpg","price":0,"quantity":1,"size":173,"width":"69","height":"99","itemID":1},{"productid":"71","name":"Black Granite Motif (free)","type":"Motif","part":"Headstone","side":"Front","src":"2_152_23","item":"2_152_23","price":0,"quantity":1,"color":"#ffffff","colorName":"White","x":477.95043452809796,"y":-239.11660672539162,"flipx":1,"flipy":1,"rotation":0,"height":351,"ratio":0.4762550881953867,"itemID":5},{"productid":"71","name":"Black Granite Motif (free)","type":"Motif","part":"Headstone","side":"Front","src":"2_155_14","item":"2_155_14","price":0,"quantity":1,"color":"#ffffff","colorName":"White","x":-215.14183582857083,"y":13.648050996292682,"flipx":1,"flipy":1,"rotation":0,"height":419,"ratio":0.7162393162393162,"itemID":6},{"productid":"71","name":"Black Granite Motif (free)","type":"Motif","part":"Headstone","side":"Front","src":"dove_002","item":"dove_002","price":0,"quantity":1,"color":"#ffffff","colorName":"White","x":508.5,"y":-71.0742703745575,"flipx":1,"flipy":1,"rotation":0,"height":195,"ratio":0.3500897666068223,"itemID":7},{"productid":"71","name":"Black Granite Motif (free)","type":"Motif","part":"Headstone","side":"Front","src":"hummingbird_001","item":"hummingbird_001","price":0,"quantity":1,"color":"#ffffff","colorName":"White","x":289.8959871817964,"y":-279.01798202546775,"flipx":1,"flipy":1,"rotation":0,"height":132,"ratio":0.8461538461538461,"itemID":8},{"productid":"71","name":"Black Granite Motif (free)","type":"Motif","part":"Headstone","side":"Front","src":"bronze8","item":"bronze8","price":0,"quantity":1,"color":"#ffffff","colorName":"White","x":653.5,"y":-151.50787198101804,"flipx":1,"flipy":1,"rotation":0,"height":196,"ratio":0.25257731958762886,"itemID":9},{"productid":"71","name":"Black Granite Motif (free)","type":"Motif","part":"Headstone","side":"Front","src":"1_155_07","item":"1_155_07","price":0,"quantity":1,"color":"#ffffff","colorName":"White","x":430.3189803974544,"y":277.20300295101487,"flipx":1,"flipy":1,"rotation":0,"height":285,"ratio":0.376984126984127,"itemID":10},{"productid":"71","name":"Black Granite Motif (free)","type":"Motif","part":"Headstone","side":"Front","src":"1_154_10","item":"1_154_10","price":0,"quantity":1,"color":"#ffffff","colorName":"White","x":404.5181128422191,"y":28.689553139251814,"flipx":1,"flipy":1,"rotation":0,"height":186,"ratio":0.23754789272030652,"itemID":11},{"productid":"71","name":"Black Granite Motif (free)","type":"Motif","part":"Headstone","side":"Front","src":"1_006_13","item":"1_006_13","price":0,"quantity":1,"color":"#ffffff","colorName":"White","x":138.18579265730068,"y":368.46070972801243,"flipx":1,"flipy":1,"rotation":0,"height":182,"ratio":0.27245508982035926,"itemID":12},{"productid":"71","name":"Black Granite Motif (free)","type":"Motif","part":"Headstone","side":"Front","src":"1_154_18","item":"1_154_18","price":0,"quantity":1,"color":"#ffffff","colorName":"White","x":658.1087858729586,"y":23.776357529012728,"flipx":1,"flipy":1,"rotation":0,"height":250,"ratio":0.36496350364963503,"itemID":13},{"productid":"71","name":"Black Granite Motif (free)","type":"Motif","part":"Headstone","side":"Front","src":"2_152_19d","item":"2_152_19d","price":0,"quantity":1,"color":"#ffffff","colorName":"White","x":609.5,"y":217.35922330097083,"flipx":1,"flipy":1,"rotation":0,"height":336,"ratio":0.4673157162726008,"itemID":17},{"productid":"71","name":"Black Granite Motif (free)","type":"Motif","part":"Headstone","side":"Front","src":"2_152_19d","item":"2_152_19d","price":0,"quantity":1,"color":"#ffffff","colorName":"White","x":222,"y":-99.9352750809062,"flipx":1,"flipy":1,"rotation":0,"height":259,"ratio":0.36022253129346316,"itemID":18},{"productid":"16","name":"Black Granite Inscription (free)","type":"Inscription","part":"Headstone","side":"Front","price":0,"quantity":10,"label":"Ismael Diaz","font":"28.55864819335937px Garamond","font_size":50,"font_family":"Garamond","color":"#ffffff","colorName":"White","x":-227.77635686839585,"y":164.31694500013992,"rotation":0,"flipx":1,"flipy":1,"height":37,"itemID":2},{"productid":"16","name":"Black Granite Inscription (free)","type":"Inscription","part":"Headstone","side":"Front","price":0,"quantity":9,"label":"3/16/1971","font":"28.55864819335937px Garamond","font_size":50,"font_family":"Garamond","color":"#ffffff","colorName":"White","x":-234.26052173390974,"y":201.53998072358553,"rotation":0,"flipx":1,"flipy":1,"height":37,"itemID":3},{"productid":"16","name":"Black Granite Inscription (free)","type":"Inscription","part":"Headstone","side":"Front","price":0,"quantity":10,"label":"11/13/2020","font":"28.55864819335937px Garamond","font_size":50,"font_family":"Garamond","color":"#ffffff","colorName":"White","x":-235.74468659942363,"y":234.78046970449435,"rotation":0,"flipx":1,"flipy":1,"height":37,"itemID":4},{"productid":"71","name":"Black Granite Motif (free)","type":"Motif","part":"Headstone","side":"Front","src":"2_155_14","item":"2_155_14","price":0,"quantity":1,"color":"#ffffff","colorName":"White","x":415,"y":133.41359223300958,"flipx":1,"flipy":1,"rotation":0,"height":179,"ratio":0.305982905982906,"itemID":20},{"productid":"71","name":"Black Granite Motif (free)","type":"Motif","part":"Headstone","side":"Front","src":"2_155_14","item":"2_155_14","price":0,"quantity":1,"color":"#ffffff","colorName":"White","x":411.5,"y":-80.94757281553393,"flipx":1,"flipy":1,"rotation":0,"height":145,"ratio":0.24786324786324787,"itemID":21}]