[{"productid":124,"type":"Headstone","shape":"Left Wave","color":"#000000","fixed":0,"texture":"src/granites/forever2/l/Darwin-Brown.jpg","name":"Traditional Engraved Headstone","price":2668.53,"quantity":1,"width":914.400000000001,"height":762.0000000000005,"_length":90,"init_width":430,"init_height":683,"device":"mobile","dpr":3,"orientation":"portrait","version":"1.44","version_date":20230919,"mode":"2d","navigator":"Safari (mobile(ios)), 430x932"},{"productid":124,"type":"Base","name":"Rectangle","flower_pot_holes":true,"base_flower_pots":3,"shape":"Rectangle","color":"#000000","fixed":0,"texture":"src/granites/forever2/l/African-Black.jpg","price":736,"quantity":1,"width":1014.400000000001,"height":101.6,"_length":250,"init_width":430,"init_height":683,"mode":"2d"},{"productid":"125","name":"Inscription (Traditional Engraved)","type":"Inscription","part":"Headstone","side":"Front","price":7.4,"quantity":10,"label":"Oct•3•1989","font":"53.40145900880032px Lucida Calligraphy","font_size":44,"font_family":"Lucida Calligraphy","color":"#eeeeee","colorName":"Silver Gilding","x":-318,"y":94.99999999999989,"rotation":0,"flipx":1,"flipy":1,"height":40,"itemID":4},{"productid":"126","name":"Motif (Traditional Engraved)","type":"Motif","part":"Headstone","side":"Front","src":"1_065_12","item":"1_065_12","price":252.7843,"quantity":1,"color":"#eeeeee","colorName":"Silver Gilding","x":-432,"y":-336,"flipx":1,"flipy":1,"rotation":0,"height":155,"ratio":0.21954674220963172,"itemID":6},{"productid":"126","name":"Motif (Traditional Engraved)","type":"Motif","part":"Headstone","side":"Front","src":"1_065_12","item":"1_065_12","price":252.7843,"quantity":1,"color":"#eeeeee","colorName":"Silver Gilding","x":-435.8812239462716,"y":326.9999999999999,"flipx":1,"flipy":-1,"rotation":0,"height":155,"ratio":0.21954674220963172,"itemID":7},{"productid":"126","name":"Motif (Traditional Engraved)","type":"Motif","part":"Headstone","side":"Front","src":"1_065_12","item":"1_065_12","price":252.7843,"quantity":1,"color":"#eeeeee","colorName":"Silver Gilding","x":427.23755210745685,"y":341.9999999999999,"flipx":-1,"flipy":-1,"rotation":0,"height":155,"ratio":0.21954674220963172,"itemID":8},{"productid":"126","name":"Motif (Traditional Engraved)","type":"Motif","part":"Headstone","side":"Front","src":"1_065_12","item":"1_065_12","price":252.7843,"quantity":1,"color":"#eeeeee","colorName":"Silver Gilding","x":441.3563281611853,"y":-168.0000000000001,"flipx":-1,"flipy":1,"rotation":0,"height":155,"ratio":0.21954674220963172,"itemID":9},{"productid":"125","name":"Inscription (Traditional Engraved)","type":"Inscription","part":"Headstone","side":"Front","price":28,"quantity":12,"label":"Blathan Olson","font":"126.22163038443712px Lucida Calligraphy","font_size":104,"font_family":"Lucida Calligraphy","color":"#eeeeee","colorName":"Silver Gilding","x":-59.5,"y":-105,"rotation":0,"flipx":1,"flipy":1,"height":91,"itemID":2},{"productid":"125","name":"Inscription (Traditional Engraved)","type":"Inscription","part":"Headstone","side":"Front","price":7.4,"quantity":10,"label":"Oct•5•2022","font":"53.40145900880032px Lucida Calligraphy","font_size":44,"font_family":"Lucida Calligraphy","color":"#eeeeee","colorName":"Silver Gilding","x":207,"y":107.99999999999989,"rotation":0,"flipx":1,"flipy":1,"height":40,"itemID":5}]