[{"productid":124,"type":"Headstone","shape":"Left Wave","color":"#000000","fixed":0,"texture":"src/granites/forever2/l/African-Black.jpg","name":"Traditional Engraved Headstone","price":2668.53,"quantity":1,"width":914.400000000001,"height":762.0000000000005,"_length":90,"init_width":430,"init_height":683,"device":"mobile","dpr":3,"orientation":"portrait","version":"1.44","version_date":20230919,"mode":"2d","navigator":"Safari (mobile(ios)), 430x932"},{"productid":124,"type":"Base","name":"Rectangle","flower_pot_holes":true,"base_flower_pots":4,"shape":"Square","color":"#000000","fixed":0,"texture":"src/granites/forever2/l/African-Black.jpg","price":736,"quantity":1,"width":1014.400000000001,"height":101.6,"_length":250,"init_width":430,"init_height":683,"mode":"2d"},{"productid":"125","name":"Inscription (Traditional Engraved)","type":"Inscription","part":"Headstone","side":"Front","price":7.4,"quantity":10,"label":"Oct•3•1989","font":"53.40145900880032px Lucida Calligraphy","font_size":44,"font_family":"Lucida Calligraphy","color":"#eeeeee","colorName":"Silver Gilding","x":-273,"y":46.999999999999886,"rotation":0,"flipx":1,"flipy":1,"height":40,"itemID":1},{"productid":"125","name":"Inscription (Traditional Engraved)","type":"Inscription","part":"Headstone","side":"Front","price":28,"quantity":12,"label":"Blathan Olson","font":"126.22163038443712px Lucida Calligraphy","font_size":104,"font_family":"Lucida Calligraphy","color":"#eeeeee","colorName":"Silver Gilding","x":-59,"y":-105,"rotation":0,"flipx":1,"flipy":1,"height":91,"itemID":6},{"productid":"125","name":"Inscription (Traditional Engraved)","type":"Inscription","part":"Headstone","side":"Front","price":7.4,"quantity":10,"label":"Oct•5•2022","font":"53.40145900880032px Lucida Calligraphy","font_size":44,"font_family":"Lucida Calligraphy","color":"#eeeeee","colorName":"Silver Gilding","x":231,"y":53.999999999999886,"rotation":0,"flipx":1,"flipy":1,"height":40,"itemID":7},{"productid":7,"id":7,"uid":1705785540285,"path":"../upload/2024/01/","name":"Ceramic Image","type":"Photo","item":"1705785540285img_1393_cropped.jpg","color":0,"mask":0,"x":-21,"y":113.99999999999989,"flipx":1,"flipy":1,"rotation":0,"ratio":0.31938671655981055,"shape_url":"shapes/photos/oval_vertical.svg","part":"Headstone","side":"Front","src":"IMG_1393.jpeg","price":282,"quantity":1,"size":"70 x 90 mm","itemID":8},{"productid":"126","name":"Motif (Traditional Engraved)","type":"Motif","part":"Headstone","side":"Front","src":"1_003_16","item":"1_003_16","price":249.58733999999998,"quantity":1,"color":"#eeeeee","colorName":"Silver Gilding","x":-21,"y":107.99999999999989,"flipx":1,"flipy":1,"rotation":0,"height":142,"ratio":0.16985645933014354,"itemID":9},{"productid":"126","name":"Motif (Traditional Engraved)","type":"Motif","part":"Headstone","side":"Front","src":"1_209_22","item":"1_209_22","price":236.55357999999998,"quantity":1,"color":"#eeeeee","colorName":"Silver Gilding","x":453,"y":-183,"flipx":1,"flipy":1,"rotation":0,"height":89,"ratio":0.12861271676300579,"itemID":10},{"productid":"126","name":"Motif (Traditional Engraved)","type":"Motif","part":"Headstone","side":"Front","src":"1_209_22","item":"1_209_22","price":236.55357999999998,"quantity":1,"color":"#eeeeee","colorName":"Silver Gilding","x":-476.9834124594722,"y":-363,"flipx":-1,"flipy":1,"rotation":0,"height":89,"ratio":0.12861271676300579,"itemID":11},{"productid":"126","name":"Motif (Traditional Engraved)","type":"Motif","part":"Headstone","side":"Front","src":"1_209_22","item":"1_209_22","price":236.55357999999998,"quantity":1,"color":"#eeeeee","colorName":"Silver Gilding","x":480.0331750810558,"y":359.9999999999999,"flipx":1,"flipy":-1,"rotation":0,"height":89,"ratio":0.12861271676300579,"itemID":12},{"productid":"126","name":"Motif (Traditional Engraved)","type":"Motif","part":"Headstone","side":"Front","src":"1_209_22","item":"1_209_22","price":236.55357999999998,"quantity":1,"color":"#eeeeee","colorName":"Silver Gilding","x":777.0497626215837,"y":-183,"flipx":1,"flipy":1,"rotation":0,"height":89,"ratio":0.12861271676300579,"itemID":13},{"productid":"126","name":"Motif (Traditional Engraved)","type":"Motif","part":"Headstone","side":"Front","src":"1_209_22","item":"1_209_22","price":236.55357999999998,"quantity":1,"color":"#eeeeee","colorName":"Silver Gilding","x":-473.9502373784162,"y":380.9999999999999,"flipx":-1,"flipy":-1,"rotation":0,"height":89,"ratio":0.12861271676300579,"itemID":14}]