[{"productid":124,"type":"Headstone","shape":"Gable","color":"#000000","fixed":0,"texture":"src/granites/forever2/l/Noble-Black.jpg","name":"Traditional Engraved Headstone","price":1484.66,"quantity":1,"width":609.5999999999999,"height":609.5999999999999,"_length":80,"init_width":1440,"init_height":865,"device":"desktop","dpr":2,"orientation":"landscape","version":"1.44","version_date":20230919,"mode":"2d","navigator":"Chrome (desktop), 1680x1050"},{"productid":124,"type":"Base","name":"Rectangle","shape":"Square","color":"#000000","fixed":0,"texture":"src/granites/forever2/l/Noble-Black.jpg","price":580,"quantity":1,"width":700,"height":100,"_length":250,"init_width":1440,"init_height":865,"mode":"2d"},{"productid":2300,"id":2300,"uid":1706793680294,"path":"../upload/2024/02/","name":"Vitreous Enamel","type":"Photo","item":"1706793680294eva_cropped.jpg","color":0,"mask":0,"x":-2.0595238095238093,"y":-381.0119047619047,"flipx":1,"flipy":1,"rotation":0,"ratio":1.018732887743598,"shape_url":"shapes/photos/oval_vertical.svg","part":"Headstone","side":"Front","src":"Eva.jpg","price":490,"quantity":1,"size":"130 x 180 mm","itemID":10},{"productid":"125","name":"Inscription (Traditional Engraved)","type":"Inscription","part":"Headstone","side":"Front","price":3.85,"quantity":16,"label":"In Loving Memory Of","font":"87.95060597519729px Arial","font_size":37,"font_family":"Arial","color":"#ffffff","colorName":"White","x":0,"y":-63.84523809523809,"rotation":0,"flipx":1,"flipy":1,"height":35,"itemID":1},{"productid":"125","name":"Inscription (Traditional Engraved)","type":"Inscription","part":"Headstone","side":"Front","price":3.85,"quantity":26,"label":"Brave in spirit, strong in love","font":"42.786781285231115px Arial","font_size":18,"font_family":"Arial","color":"#ffffff","colorName":"White","x":12.35714285714289,"y":446.8571428571428,"rotation":0,"flipx":1,"flipy":1,"height":17,"itemID":2},{"productid":"125","name":"Inscription (Traditional Engraved)","type":"Inscription","part":"Headstone","side":"Front","price":3.85,"quantity":23,"label":"Heroes live beyond the tomb","font":"42.786781285231115px Arial","font_size":18,"font_family":"Arial","color":"#ffffff","colorName":"White","x":17.505952380952294,"y":507.61309523809507,"rotation":0,"flipx":1,"flipy":1,"height":17,"itemID":3},{"productid":"125","name":"Inscription (Traditional Engraved)","type":"Inscription","part":"Headstone","side":"Front","price":3.85,"quantity":3,"label":"Eva","font":"87.95060597519729px Arial","font_size":37,"font_family":"Arial","color":"#ffffff","colorName":"White","x":6.178571428571428,"y":38.101190476190474,"rotation":0,"flipx":1,"flipy":1,"height":27,"itemID":7},{"productid":"125","name":"Inscription (Traditional Engraved)","type":"Inscription","part":"Headstone","side":"Front","price":3.85,"quantity":24,"label":"Born 23nd January 2024 20:41","font":"47.54086809470124px Arial","font_size":20,"font_family":"Arial","color":"#ffffff","colorName":"White","x":6.178571428571428,"y":210.07142857142856,"rotation":0,"flipx":1,"flipy":1,"height":19,"itemID":8},{"productid":"125","name":"Inscription (Traditional Engraved)","type":"Inscription","part":"Headstone","side":"Front","price":3.85,"quantity":24,"label":"Died 1st February 2024 11:43","font":"47.54086809470124px Arial","font_size":20,"font_family":"Arial","color":"#ffffff","colorName":"White","x":8.238095238095237,"y":271.85714285714283,"rotation":0,"flipx":1,"flipy":1,"height":19,"itemID":9},{"productid":"125","name":"Inscription (Traditional Engraved)","type":"Inscription","part":"Headstone","side":"Front","price":3.85,"quantity":43,"label":"but a beautiful soul will always be a beautiful soul","font":"42.786781285231115px Arial","font_size":18,"font_family":"Arial","color":"#ffffff","colorName":"White","x":23.684523809523807,"y":634.241785934993,"rotation":0,"flipx":1,"flipy":1,"height":17,"itemID":11},{"productid":"125","name":"Inscription (Traditional Engraved)","type":"Inscription","part":"Headstone","side":"Front","price":3.85,"quantity":46,"label":"A beautiful face will age and a perfect body will change","font":"42.786781285231115px Arial","font_size":18,"font_family":"Arial","color":"#ffffff","colorName":"White","x":17.50595238095238,"y":569.7490144911264,"rotation":0,"flipx":1,"flipy":1,"height":17,"itemID":12}]