[{"productid":4,"type":"Headstone","shape":"Headstone 33","color":"#000000","fixed":4,"texture":"src/granites/forever2/l/18.jpg","name":"Laser Etched Black Granite Headstone","price":7967.44,"quantity":1,"width":914.4,"height":1503,"_length":100,"init_width":1343,"init_height":700,"device":"desktop","dpr":1,"orientation":"landscape","version":"1.44","version_date":20230919,"mode":"2d","navigator":"Chrome (desktop), 1600x900"},{"productid":4,"type":"Base","name":"Rectangle","flower_pot_holes":true,"base_flower_pots":2,"shape":"Rectangle","color":"#000000","fixed":0,"texture":"src/granites/forever2/l/18.jpg","price":806,"quantity":1,"width":1014.4,"height":101.6,"_length":250,"init_width":1343,"init_height":700,"mode":"2d"},{"productid":21,"id":21,"uid":1706072606276,"path":"../upload/2024/01/","name":"Laser-etched Image","type":"Photo","item":"1706072606276img_8938_cropped.jpg","color":1,"mask":0,"x":2,"y":-229.64391695650613,"flipx":1,"flipy":1,"rotation":0,"ratio":0.3973887573226973,"shape_url":"shapes/photos/oval_vertical.svg","part":"Headstone","side":"Front","src":"IMG_8938.jpg","price":0,"quantity":1,"size":327,"width":"124","height":"139","itemID":4},{"productid":"71","name":"Black Granite Motif (free)","type":"Motif","part":"Headstone","side":"Front","src":"dove_002","item":"dove_002","price":0,"quantity":1,"color":"#ffffff","colorName":"White","x":107,"y":-181.05064792570548,"flipx":-1,"flipy":1,"rotation":0,"height":202,"ratio":0.362657091561939,"itemID":6},{"productid":"71","name":"Black Granite Motif (free)","type":"Motif","part":"Headstone","side":"Front","src":"bronze8","item":"bronze8","price":0,"quantity":1,"color":"#ffffff","colorName":"White","x":-104,"y":-186.2583283731937,"flipx":-1,"flipy":1,"rotation":0,"height":203,"ratio":0.2615979381443299,"itemID":7},{"productid":"16","name":"Black Granite Inscription (free)","type":"Inscription","part":"Headstone","side":"Front","price":0,"quantity":13,"label":"Delores O&apos;Guin","font":"45.51134239062696px Garamond","font_size":107,"font_family":"Garamond","color":"#ffffff","colorName":"White","x":1,"y":-91.6491017964072,"rotation":0,"flipx":1,"flipy":1,"height":78,"itemID":1},{"productid":"16","name":"Black Granite Inscription (free)","type":"Inscription","part":"Headstone","side":"Front","price":0,"quantity":8,"label":"Mitchell","font":"45.51134239062696px Garamond","font_size":107,"font_family":"Garamond","color":"#ffffff","colorName":"White","x":4,"y":-41.24936856825269,"rotation":0,"flipx":1,"flipy":1,"height":80,"itemID":2},{"productid":"16","name":"Black Granite Inscription (free)","type":"Inscription","part":"Headstone","side":"Front","price":0,"quantity":6,"label":"DeeDee","font":"35.728530474884714px Great Vibes","font_size":84,"font_family":"Great Vibes","color":"#ffffff","colorName":"White","x":2,"y":29.55055254759941,"rotation":0,"flipx":1,"flipy":1,"height":73,"itemID":3},{"productid":"16","name":"Black Granite Inscription (free)","type":"Inscription","part":"Headstone","side":"Front","price":0,"quantity":10,"label":"May 24,1931","font":"41.25794590552163px Garamond","font_size":97,"font_family":"Garamond","color":"#ffffff","colorName":"White","x":1,"y":97.23712574850299,"rotation":0,"flipx":1,"flipy":1,"height":92,"itemID":8},{"productid":"16","name":"Black Granite Inscription (free)","type":"Inscription","part":"Headstone","side":"Front","price":0,"quantity":12,"label":"August 6,2023","font":"42.1086252025427px Garamond","font_size":99,"font_family":"Garamond","color":"#ffffff","colorName":"White","x":1,"y":152.8311377245509,"rotation":0,"flipx":1,"flipy":1,"height":96,"itemID":9},{"productid":"16","name":"Black Granite Inscription (free)","type":"Inscription","part":"Headstone","side":"Front","price":0,"quantity":17,"label":"Always in our hearts","font":"28.07241680169513px Garamond","font_size":66,"font_family":"Garamond","color":"#ffffff","colorName":"White","x":0,"y":248.5437125748503,"rotation":0,"flipx":1,"flipy":1,"height":68,"itemID":10}]