[{"productid":4,"type":"Headstone","shape":"Serpentine","color":"#000000","fixed":0,"texture":"src/granites/forever2/l/18.jpg","name":"Laser Etched Black Granite Headstone","price":2565.95,"quantity":1,"width":609.5999999999999,"height":609.5999999999999,"_length":80,"init_width":1680,"init_height":855,"device":"desktop","dpr":1,"orientation":"landscape","version":"1.44","version_date":20230919,"mode":"2d","navigator":"Chrome (desktop), 1920x1080"},{"productid":4,"type":"Base","name":"Rectangle","shape":"Square","color":"#000000","fixed":0,"texture":"src/granites/forever2/l/18.jpg","price":848,"quantity":1,"width":709.5999999999999,"height":101.6,"_length":250,"init_width":1680,"init_height":855,"mode":"2d"},{"productid":"16","name":"Black Granite Inscription (free)","type":"Inscription","part":"Headstone","side":"Front","price":0,"quantity":8,"label":"GAROFALO","font":"111.35317069741282px Garamond","font_size":95,"font_family":"Garamond","color":"#ffffff","colorName":"White","x":2,"y":-169,"rotation":0,"flipx":1,"flipy":1,"height":67,"itemID":1},{"productid":"16","name":"Black Granite Inscription (free)","type":"Inscription","part":"Headstone","side":"Front","price":0,"quantity":14,"label":"Forever & Always","font":"46.8855455568054px Lucida Calligraphy","font_size":40,"font_family":"Lucida Calligraphy","color":"#ffffff","colorName":"White","x":-2,"y":314,"rotation":0,"flipx":1,"flipy":1,"height":47,"itemID":2},{"productid":"16","name":"Black Granite Inscription (free)","type":"Inscription","part":"Headstone","side":"Front","price":0,"quantity":6,"label":"SOPHIE","font":"39.85271372328459px Garamond","font_size":34,"font_family":"Garamond","color":"#ffffff","colorName":"White","x":227,"y":142,"rotation":0,"flipx":1,"flipy":1,"height":23,"itemID":3},{"productid":"16","name":"Black Granite Inscription (free)","type":"Inscription","part":"Headstone","side":"Front","price":0,"quantity":10,"label":"OCT. 3, 1942","font":"30.475604611923508px Garamond","font_size":26,"font_family":"Garamond","color":"#ffffff","colorName":"White","x":-220,"y":184,"rotation":0,"flipx":1,"flipy":1,"height":23,"itemID":4},{"productid":"16","name":"Black Granite Inscription (free)","type":"Inscription","part":"Headstone","side":"Front","price":0,"quantity":10,"label":"OCT. 3, 2023","font":"30.475604611923508px Garamond","font_size":26,"font_family":"Garamond","color":"#ffffff","colorName":"White","x":-220,"y":217,"rotation":0,"flipx":1,"flipy":1,"height":23,"itemID":5},{"productid":71,"name":"Black Granite Motif (free)","type":"Motif","part":"Headstone","side":"Front","src":"1_180_04","item":"1_180_04","price":0,"quantity":1,"color":"#ffffff","colorName":"White","x":1,"y":215,"flipx":"1","flipy":"1","rotation":0,"height":40,"ratio":0.1702127659574468,"itemID":6},{"productid":"16","name":"Black Granite Inscription (free)","type":"Inscription","part":"Headstone","side":"Front","price":0,"quantity":5,"label":"JAMES","font":"35.16415916760405px Garamond","font_size":30,"font_family":"Garamond","color":"#ffffff","colorName":"White","x":-219,"y":140,"rotation":0,"flipx":1,"flipy":1,"height":27,"itemID":7},{"productid":"16","name":"Black Granite Inscription (free)","type":"Inscription","part":"Headstone","side":"Front","price":0,"quantity":10,"label":"OCT. 3, 2023","font":"30.475604611923508px Garamond","font_size":26,"font_family":"Garamond","color":"#ffffff","colorName":"White","x":223,"y":217,"rotation":0,"flipx":1,"flipy":1,"height":23,"itemID":8},{"productid":"16","name":"Black Granite Inscription (free)","type":"Inscription","part":"Headstone","side":"Front","price":0,"quantity":10,"label":"JAN. 5, 1945","font":"30.475604611923508px Garamond","font_size":26,"font_family":"Garamond","color":"#ffffff","colorName":"White","x":225,"y":181,"rotation":0,"flipx":1,"flipy":1,"height":23,"itemID":9},{"productid":21,"id":21,"uid":1706027724444,"path":"../upload/2024/01/","name":"Laser-etched Image","type":"Photo","item":"1706027724444pic_34_cropped.jpg","color":1,"mask":0,"x":0,"y":42,"flipx":1,"flipy":1,"rotation":0,"ratio":0.6627512864922258,"shape_url":"shapes/photos/oval_vertical.svg","part":"Headstone","side":"Front","src":"pic 34.jpg","price":0,"quantity":1,"size":"242","width":"181","height":"284","itemID":10},{"productid":71,"name":"Black Granite Motif (free)","type":"Motif","part":"Headstone","side":"Front","src":"2_155_08","item":"2_155_08","price":0,"quantity":1,"color":"#ffffff","colorName":"White","x":-219,"y":50,"flipx":"-1","flipy":"1","rotation":0,"height":93,"ratio":0.1437403400309119,"itemID":11},{"productid":71,"name":"Black Granite Motif (free)","type":"Motif","part":"Headstone","side":"Front","src":"2_155_08","item":"2_155_08","price":0,"quantity":1,"color":"#ffffff","colorName":"White","x":229,"y":51,"flipx":"1","flipy":"1","rotation":0,"height":85,"ratio":0.13137557959814528,"itemID":12},{"productid":7,"id":7,"uid":1706029507926,"path":"../upload/2024/01/","name":"Ceramic Image","type":"Photo","item":"1706029507926pic_34_cropped.jpg","color":0,"mask":0,"x":612,"y":-21,"flipx":1,"flipy":1,"rotation":0,"ratio":0.6572740031327859,"shape_url":"shapes/photos/oval_vertical.svg","part":"Headstone","side":"Front","src":"pic 34.jpg","price":570,"quantity":1,"size":"180 x 240 mm","itemID":13}]