[{"productid":124,"type":"Headstone","shape":"Headstone 27","color":"#000000","fixed":4,"texture":"src/granites/forever2/l/White-Carrara-600-x-600.jpg","name":"Traditional Engraved Headstone","price":1457.21,"quantity":1,"width":599,"height":609.5999999999999,"_length":80,"init_width":1118,"init_height":582,"device":"desktop","dpr":1,"orientation":"landscape","version":"1.44","version_date":20230919,"mode":"2d","navigator":"Edge (chromium based) (desktop), 1366x768"},{"productid":124,"type":"Base","name":"Rectangle","flower_pot_holes":true,"base_flower_pots":"3","shape":"Square","color":"#000000","fixed":0,"texture":"src/granites/forever2/l/White-Carrara-600-x-600.jpg","price":588,"quantity":1,"width":699,"height":101.6,"_length":250,"init_width":1118,"init_height":582,"mode":"2d"},{"productid":2300,"id":2300,"uid":1707513233271,"path":"../upload/2024/02/","name":"Vitreous Enamel","type":"Photo","item":"1707513233271mom_headstone_5_cropped.jpg","color":0,"mask":0,"x":-4,"y":-36,"flipx":1,"flipy":1,"rotation":0,"ratio":0.49353205849268844,"shape_url":"shapes/photos/oval_vertical.svg","part":"Headstone","side":"Front","src":"mom headstone 5.jpg","price":490,"quantity":1,"size":"130 x 180 mm","itemID":1},{"productid":126,"name":"Motif (Traditional Engraved)","type":"Motif","part":"Headstone","side":"Front","src":"butterfly_008","item":"butterfly_008","price":216.65392499999996,"quantity":1,"color":"#510b76","colorName":"Indigo","x":181,"y":-97,"flipx":"1","flipy":"1","rotation":0,"height":50,"ratio":0.09900990099009901,"itemID":2},{"productid":126,"name":"Motif (Traditional Engraved)","type":"Motif","part":"Headstone","side":"Front","src":"butterfly_008","item":"butterfly_008","price":216.184415,"quantity":1,"color":"#510b76","colorName":"Indigo","x":-190,"y":-108,"flipx":"-1","flipy":"1","rotation":0,"height":48,"ratio":0.09504950495049505,"itemID":4},{"productid":"125","name":"Inscription (Traditional Engraved)","type":"Inscription","part":"Headstone","side":"Front","price":25,"quantity":5,"label":"Becky","font":"81.38343644544432px French Script","font_size":102,"font_family":"French Script","color":"#510b76","colorName":"Indigo","x":-113,"y":-161,"rotation":0,"flipx":1,"flipy":1,"height":97,"itemID":5},{"productid":"125","name":"Inscription (Traditional Engraved)","type":"Inscription","part":"Headstone","side":"Front","price":25,"quantity":7,"label":"Marrufo","font":"82.97919010123735px French Script","font_size":104,"font_family":"French Script","color":"#510b76","colorName":"Indigo","x":101,"y":-155,"rotation":0,"flipx":1,"flipy":1,"height":100,"itemID":7},{"productid":"125","name":"Inscription (Traditional Engraved)","type":"Inscription","part":"Headstone","side":"Front","price":3.85,"quantity":7,"label":"7-31-67","font":"52.65987064116985px French Script","font_size":66,"font_family":"French Script","color":"#510b76","colorName":"Indigo","x":-82,"y":76,"rotation":0,"flipx":1,"flipy":1,"height":34,"itemID":8},{"productid":"125","name":"Inscription (Traditional Engraved)","type":"Inscription","part":"Headstone","side":"Front","price":7.15,"quantity":6,"label":"4-9-22","font":"63.03226940382452px French Script","font_size":79,"font_family":"French Script","color":"#510b76","colorName":"Indigo","x":81,"y":77,"rotation":0,"flipx":1,"flipy":1,"height":41,"itemID":9},{"productid":"125","name":"Inscription (Traditional Engraved)","type":"Inscription","part":"Headstone","side":"Front","price":7.15,"quantity":7,"label":"Beloved","font":"63.03226940382452px French Script","font_size":79,"font_family":"French Script","color":"#510b76","colorName":"Indigo","x":-155,"y":153,"rotation":0,"flipx":1,"flipy":1,"height":53,"itemID":10},{"productid":"125","name":"Inscription (Traditional Engraved)","type":"Inscription","part":"Headstone","side":"Front","price":7.15,"quantity":3,"label":"Mom","font":"68.61740719910011px French Script","font_size":86,"font_family":"French Script","color":"#510b76","colorName":"Indigo","x":160,"y":156,"rotation":0,"flipx":1,"flipy":1,"height":59,"itemID":11},{"productid":"125","name":"Inscription (Traditional Engraved)","type":"Inscription","part":"Headstone","side":"Front","price":7.15,"quantity":6,"label":"Sister","font":"56.64925478065242px French Script","font_size":71,"font_family":"French Script","color":"#510b76","colorName":"Indigo","x":-176,"y":208,"rotation":0,"flipx":1,"flipy":1,"height":49,"itemID":12},{"productid":"125","name":"Inscription (Traditional Engraved)","type":"Inscription","part":"Headstone","side":"Front","price":7.15,"quantity":7,"label":"Grandma","font":"63.03226940382452px French Script","font_size":79,"font_family":"French Script","color":"#510b76","colorName":"Indigo","x":-30,"y":206,"rotation":0,"flipx":1,"flipy":1,"height":54,"itemID":13},{"productid":"125","name":"Inscription (Traditional Engraved)","type":"Inscription","part":"Headstone","side":"Front","price":7.15,"quantity":3,"label":"Tia","font":"56.64925478065242px French Script","font_size":71,"font_family":"French Script","color":"#510b76","colorName":"Indigo","x":85,"y":214,"rotation":0,"flipx":1,"flipy":1,"height":49,"itemID":14},{"productid":"125","name":"Inscription (Traditional Engraved)","type":"Inscription","part":"Headstone","side":"Front","price":7.15,"quantity":5,"label":"Niece","font":"54.25562429696288px French Script","font_size":68,"font_family":"French Script","color":"#510b76","colorName":"Indigo","x":174,"y":213,"rotation":0,"flipx":1,"flipy":1,"height":45,"itemID":15}]