[{"productid":4,"type":"Headstone","shape":"Serpentine","color":"#000000","fixed":0,"texture":"src/granites/forever2/l/18.jpg","name":"Laser Etched Black Granite Headstone","price":2565.95,"quantity":1,"width":609.5999999999999,"height":609.5999999999999,"_length":80,"init_width":390,"init_height":607,"device":"mobile","dpr":3,"orientation":"portrait","version":"1.44","version_date":20230919,"mode":"2d","navigator":"Safari (mobile(ios)), 390x844"},{"productid":4,"type":"Base","name":"Rectangle","shape":"Rectangle","color":"#000000","fixed":0,"texture":"src/granites/forever2/l/18.jpg","price":650,"quantity":1,"width":709.5999999999999,"height":101.6,"_length":250,"init_width":390,"init_height":607,"mode":"2d"},{"productid":71,"name":"Black Granite Motif (free)","type":"Motif","part":"Headstone","side":"Front","src":"1_156_15","item":"1_156_15","price":0,"quantity":1,"color":"#ffffff","colorName":"White","x":270,"y":-369,"flipx":"1","flipy":"-1","rotation":-59,"height":81,"ratio":0.09665871121718377,"itemID":1},{"productid":71,"name":"Black Granite Motif (free)","type":"Motif","part":"Headstone","side":"Front","src":"1_156_15","item":"1_156_15","price":0,"quantity":1,"color":"#ffffff","colorName":"White","x":-268,"y":-366,"flipx":"-1","flipy":"-1","rotation":59,"height":97,"ratio":0.11575178997613365,"itemID":2},{"productid":71,"name":"Black Granite Motif (free)","type":"Motif","part":"Headstone","side":"Front","src":"1_156_15","item":"1_156_15","price":0,"quantity":1,"color":"#ffffff","colorName":"White","x":47,"y":-369,"flipx":"1","flipy":"-1","rotation":-70,"height":158,"ratio":0.18854415274463007,"itemID":3}]