[{"productid":4,"type":"Headstone","shape":"Serpentine","color":"#000000","fixed":0,"texture":"src/granites/forever2/l/18.jpg","name":"Laser Etched Black Granite Headstone","price":2565.95,"quantity":1,"width":609.5999999999999,"height":609.5999999999999,"_length":80,"init_width":1200,"init_height":731,"device":"desktop","dpr":2,"orientation":"landscape","version":"1.44","version_date":20230919,"mode":"2d","navigator":"Safari (desktop), 1440x900"},{"productid":4,"type":"Base","name":"Rectangle","shape":"Rectangle","color":"#000000","fixed":0,"texture":"src/granites/forever2/l/18.jpg","price":848,"quantity":1,"width":709.5999999999999,"height":101.6,"_length":250,"init_width":1200,"init_height":731,"mode":"2d"},{"productid":"16","name":"Black Granite Inscription (free)","type":"Inscription","part":"Headstone","side":"Front","price":0,"quantity":10,"label":"Sweet Jesus","font":"66.14152137232847px Adorable","font_size":33,"font_family":"Adorable","color":"#ffffff","colorName":"White","x":-14,"y":-518,"rotation":0,"flipx":1,"flipy":1,"height":23,"itemID":1},{"productid":"16","name":"Black Granite Inscription (free)","type":"Inscription","part":"Headstone","side":"Front","price":0,"quantity":21,"label":"Have mercy on the Souls of","font":"58.12436726659168px Adorable","font_size":29,"font_family":"Adorable","color":"#ffffff","colorName":"White","x":-16,"y":-456,"rotation":0,"flipx":1,"flipy":1,"height":29,"itemID":2},{"productid":"16","name":"Black Granite Inscription (free)","type":"Inscription","part":"Headstone","side":"Front","price":0,"quantity":14,"label":"His Beloved  Wife","font":"50.107213160854904px Garamond","font_size":25,"font_family":"Garamond","color":"#ffffff","colorName":"White","x":-24,"y":-290,"rotation":0,"flipx":1,"flipy":1,"height":19,"itemID":4},{"productid":"16","name":"Black Granite Inscription (free)","type":"Inscription","part":"Headstone","side":"Front","price":0,"quantity":13,"label":"also their sons","font":"58.12436726659168px Garamond","font_size":29,"font_family":"Garamond","color":"#ffffff","colorName":"White","x":-28,"y":-154,"rotation":0,"flipx":1,"flipy":1,"height":21,"itemID":6},{"productid":"16","name":"Black Granite Inscription (free)","type":"Inscription","part":"Headstone","side":"Front","price":0,"quantity":37,"label":"Joseph Cuthbert Died 18 January 1946 aged 16","font":"54.115790213723294px Garamond","font_size":27,"font_family":"Garamond","color":"#ffffff","colorName":"White","x":-8,"y":-88,"rotation":0,"flipx":1,"flipy":1,"height":27,"itemID":7},{"productid":"16","name":"Black Granite Inscription (free)","type":"Inscription","part":"Headstone","side":"Front","price":0,"quantity":44,"label":"Mary Ellen  Mooney, Nee Kelly Died 24 July 1967 aged 82","font":"52.1115016872891px Garamond","font_size":26,"font_family":"Garamond","color":"#ffffff","colorName":"White","x":-6,"y":-225,"rotation":0,"flipx":1,"flipy":1,"height":26,"itemID":5},{"productid":"16","name":"Black Granite Inscription (free)","type":"Inscription","part":"Headstone","side":"Front","price":0,"quantity":36,"label":"Patrick Joseph Died 8 November 1959 aged 48","font":"52.1115016872891px Garamond","font_size":26,"font_family":"Garamond","color":"#ffffff","colorName":"White","x":-14,"y":-9,"rotation":0,"flipx":1,"flipy":1,"height":26,"itemID":8},{"productid":"16","name":"Black Granite Inscription (free)","type":"Inscription","part":"Headstone","side":"Front","price":0,"quantity":32,"label":"James Mooney Died 11 March 1962 aged 86","font":"54.115790213723294px Garamond","font_size":27,"font_family":"Garamond","color":"#ffffff","colorName":"White","x":-10,"y":-366,"rotation":0,"flipx":1,"flipy":1,"height":27,"itemID":3},{"productid":"16","name":"Black Granite Inscription (free)","type":"Inscription","part":"Base","side":"Front","price":0,"quantity":6,"label":"MOONEY","font":"134.28733127109115px Garamond","font_size":67,"font_family":"Garamond","color":"#ffffff","colorName":"White","x":-6,"y":730,"rotation":0,"flipx":1,"flipy":1,"height":46,"itemID":9},{"productid":"16","name":"Black Granite Inscription (free)","type":"Inscription","part":"Headstone","side":"Front","price":0,"quantity":18,"label":"also remembered here","font":"58.12436726659168px Garamond","font_size":29,"font_family":"Garamond","color":"#ffffff","colorName":"White","x":2,"y":100,"rotation":0,"flipx":1,"flipy":1,"height":21,"itemID":10},{"productid":"16","name":"Black Granite Inscription (free)","type":"Inscription","part":"Headstone","side":"Front","price":0,"quantity":14,"label":"His beloved wife","font":"54.115790213723294px Garamond","font_size":27,"font_family":"Garamond","color":"#ffffff","colorName":"White","x":4,"y":272,"rotation":0,"flipx":1,"flipy":1,"height":20,"itemID":12},{"productid":"16","name":"Black Granite Inscription (free)","type":"Inscription","part":"Headstone","side":"Front","price":0,"quantity":31,"label":"Thomas Mooney Died 9 Sept 2004 aged 73","font":"52.1115016872891px Garamond","font_size":26,"font_family":"Garamond","color":"#ffffff","colorName":"White","x":8,"y":203,"rotation":0,"flipx":1,"flipy":1,"height":26,"itemID":11},{"productid":"16","name":"Black Granite Inscription (free)","type":"Inscription","part":"Headstone","side":"Front","price":0,"quantity":38,"label":"Sarah Mooney, Nee Gray Died 9 Sept 1991 aged 67","font":"52.1115016872891px Garamond","font_size":26,"font_family":"Garamond","color":"#ffffff","colorName":"White","x":-32,"y":333,"rotation":0,"flipx":1,"flipy":1,"height":26,"itemID":13},{"productid":"16","name":"Black Granite Inscription (free)","type":"Inscription","part":"Headstone","side":"Front","price":0,"quantity":17,"label":"Their treasured son","font":"54.115790213723294px Garamond","font_size":27,"font_family":"Garamond","color":"#ffffff","colorName":"White","x":-2,"y":398.0000000000001,"rotation":0,"flipx":1,"flipy":1,"height":20,"itemID":14},{"productid":"16","name":"Black Granite Inscription (free)","type":"Inscription","part":"Headstone","side":"Front","price":0,"quantity":32,"label":"Thomas James Died 6 Sept 1952 aged 1 day","font":"52.1115016872891px Garamond","font_size":26,"font_family":"Garamond","color":"#ffffff","colorName":"White","x":2,"y":459.0000000000001,"rotation":0,"flipx":1,"flipy":1,"height":26,"itemID":16},{"productid":"16","name":"Black Granite Inscription (free)","type":"Inscription","part":"Headstone","side":"Front","price":0,"quantity":9,"label":"Edinburgh","font":"66.14152137232847px Garamond","font_size":33,"font_family":"Garamond","color":"#ffffff","colorName":"White","x":0,"y":530.0000000000001,"rotation":0,"flipx":1,"flipy":1,"height":33,"itemID":17}]