[{"productid":4,"type":"Headstone","shape":"Headstone 33","color":"#000000","fixed":4,"texture":"src/granites/forever2/l/18.jpg","name":"Laser Etched Black Granite Headstone","price":1774.85,"quantity":1,"width":371,"height":609.5999999999999,"_length":80,"init_width":1126,"init_height":569,"device":"desktop","dpr":1,"orientation":"landscape","version":"1.44","version_date":20230919,"mode":"2d","navigator":"Chrome (desktop), 1366x768"},{"productid":"16","name":"Black Granite Inscription (free)","type":"Inscription","part":"Headstone","side":"Front","price":0,"quantity":16,"label":"In loving memory of","font":"29.122047244094492px Chopin Script","font_size":32,"font_family":"Chopin Script","color":"#ffffff","colorName":"White","x":1,"y":-226,"rotation":0,"flipx":1,"flipy":1,"height":34,"itemID":1},{"productid":"16","name":"Black Granite Inscription (free)","type":"Inscription","part":"Headstone","side":"Front","price":0,"quantity":23,"label":"August 7, 2007 - June 2, 2090","font":"24.57172736220473px Garamond","font_size":27,"font_family":"Garamond","color":"#ffffff","colorName":"White","x":9,"y":212,"rotation":0,"flipx":1,"flipy":1,"height":26,"itemID":3},{"productid":"16","name":"Black Granite Inscription (free)","type":"Inscription","part":"Headstone","side":"Front","price":0,"quantity":38,"label":"\"I love you and will always be here.\" - Ni&apos;Kyia","font":"19.11134350393701px Great Vibes","font_size":21,"font_family":"Great Vibes","color":"#ffffff","colorName":"White","x":2,"y":156,"rotation":0,"flipx":1,"flipy":1,"height":26,"itemID":4},{"productid":"16","name":"Black Granite Inscription (free)","type":"Inscription","part":"Headstone","side":"Front","price":0,"quantity":18,"label":"Ni\"Kyia Malia Martin","font":"24.57172736220473px Garamond","font_size":27,"font_family":"Garamond","color":"#ffffff","colorName":"White","x":0,"y":-195,"rotation":0,"flipx":1,"flipy":1,"height":27,"itemID":2},{"productid":"16","name":"Black Granite Inscription (free)","type":"Inscription","part":"Headstone","side":"Front","price":0,"quantity":11,"label":"Philips 4:13","font":"45.503198818897644px Garamond","font_size":50,"font_family":"Garamond","color":"#ffffff","colorName":"White","x":3,"y":20,"rotation":0,"flipx":1,"flipy":1,"height":51,"itemID":5},{"productid":"16","name":"Black Granite Inscription (free)","type":"Inscription","part":"Headstone","side":"Front","price":0,"quantity":26,"label":"I can do all this through him who","font":"20.021407480314963px Garamond","font_size":22,"font_family":"Garamond","color":"#ffffff","colorName":"White","x":6,"y":61,"rotation":0,"flipx":1,"flipy":1,"height":22,"itemID":6},{"productid":"16","name":"Black Granite Inscription (free)","type":"Inscription","part":"Headstone","side":"Front","price":0,"quantity":14,"label":"gives me strenth","font":"20.021407480314963px Garamond","font_size":22,"font_family":"Garamond","color":"#ffffff","colorName":"White","x":1,"y":88,"rotation":0,"flipx":1,"flipy":1,"height":22,"itemID":7},{"productid":21,"id":21,"uid":1707494483457,"path":"../upload/2024/02/","name":"Laser-etched Image","type":"Photo","item":"1707494483457image0_4_cropped.jpg","color":1,"mask":0,"x":1,"y":-95,"flipx":1,"flipy":1,"rotation":0,"ratio":0.5588112135654096,"shape_url":"shapes/photos/oval_vertical.svg","part":"Headstone","side":"Front","src":"image0 (4).jpeg","price":0,"quantity":1,"size":175,"width":"112","height":"159","itemID":8}]