[{"productid":4,"type":"Headstone","shape":"Half Round","color":"#000000","fixed":0,"texture":"src/granites/forever2/l/18.jpg","name":"Laser Etched Black Granite Headstone","price":2565.95,"quantity":1,"width":609.5999999999999,"height":609.5999999999999,"_length":80,"init_width":390,"init_height":607,"device":"mobile","dpr":3,"orientation":"portrait","version":"1.44","version_date":20230919,"mode":"2d","navigator":"Safari (mobile(ios)), 390x844"},{"productid":4,"type":"Base","name":"Rectangle","shape":"Square","color":"#000000","fixed":0,"texture":"src/granites/forever2/l/18.jpg","price":650,"quantity":1,"width":709.5999999999999,"height":101.6,"_length":250,"init_width":390,"init_height":607,"mode":"2d"},{"productid":71,"name":"Black Granite Motif (free)","type":"Motif","part":"Headstone","side":"Front","src":"1_154_07","item":"1_154_07","price":0,"quantity":1,"color":"#ffffff","colorName":"White","x":-450,"y":6,"flipx":"1","flipy":"1","rotation":17,"height":184,"ratio":0.19166666666666668,"itemID":1},{"productid":71,"name":"Black Granite Motif (free)","type":"Motif","part":"Headstone","side":"Front","src":"1_154_07","item":"1_154_07","price":0,"quantity":1,"color":"#ffffff","colorName":"White","x":-397,"y":-171,"flipx":"1","flipy":"1","rotation":30,"height":184,"ratio":0.19166666666666668,"itemID":2},{"productid":71,"name":"Black Granite Motif (free)","type":"Motif","part":"Headstone","side":"Front","src":"1_154_07","item":"1_154_07","price":0,"quantity":1,"color":"#ffffff","colorName":"White","x":-454,"y":183,"flipx":"1","flipy":"1","rotation":19,"height":184,"ratio":0.19166666666666668,"itemID":3},{"productid":71,"name":"Black Granite Motif (free)","type":"Motif","part":"Headstone","side":"Front","src":"1_154_07","item":"1_154_07","price":0,"quantity":1,"color":"#ffffff","colorName":"White","x":-267,"y":-306,"flipx":"1","flipy":"1","rotation":34,"height":184,"ratio":0.19166666666666668,"itemID":4}]