[{"productid":124,"type":"Headstone","shape":"Square","color":"#000000","fixed":0,"texture":"src/granites/forever2/l/Noble-Black.jpg","name":"Traditional Engraved Headstone","price":1137.93,"quantity":1,"width":609.5999999999999,"height":457.19999999999936,"_length":80,"init_width":1439,"init_height":964,"device":"desktop","dpr":1,"orientation":"landscape","version":"1.44","version_date":20230919,"mode":"2d","navigator":"Safari (desktop), 1920x1080"},{"productid":124,"type":"Base","name":"Rectangle","shape":"Rectangle","color":"#000000","fixed":0,"texture":"src/granites/forever2/l/Noble-Black.jpg","price":593,"quantity":1,"width":709.5999999999999,"height":101.6,"_length":130,"init_width":1439,"init_height":964,"mode":"2d"},{"productid":"126","name":"Motif (Traditional Engraved)","type":"Motif","part":"Headstone","side":"Front","src":"2_116_05","item":"2_116_05","price":242.20974,"quantity":1,"color":"#c99d44","colorName":"Gold Gilding","x":-320,"y":-176,"flipx":1,"flipy":1,"rotation":1,"height":112,"ratio":0.15384615384615385,"itemID":4},{"productid":"126","name":"Motif (Traditional Engraved)","type":"Motif","part":"Headstone","side":"Front","src":"1_149_07","item":"1_149_07","price":224.5035,"quantity":1,"color":"#c99d44","colorName":"Gold Gilding","x":274,"y":243.99999999999994,"flipx":-1,"flipy":1,"rotation":0,"height":40,"ratio":0.059790732436472344,"itemID":6},{"productid":"126","name":"Motif (Traditional Engraved)","type":"Motif","part":"Headstone","side":"Front","src":"1_017_19","item":"1_017_19","price":291.63966,"quantity":1,"color":"#c99d44","colorName":"Gold Gilding","x":0,"y":0,"flipx":1,"flipy":1,"rotation":0,"height":313,"ratio":0.6042471042471043,"itemID":8},{"productid":"126","name":"Motif (Traditional Engraved)","type":"Motif","part":"Headstone","side":"Front","src":"1_154_13","item":"1_154_13","price":234.34029999999998,"quantity":1,"color":"#c99d44","colorName":"Gold Gilding","x":335,"y":221.99999999999994,"flipx":1,"flipy":1,"rotation":0,"height":80,"ratio":0.08583690987124463,"itemID":9},{"productid":"125","name":"Inscription (Traditional Engraved)","type":"Inscription","part":"Headstone","side":"Front","price":7.4,"quantity":6,"label":"\"Dody\"","font":"48.56129612155918px Garamond","font_size":37,"font_family":"Garamond","color":"#c99d44","colorName":"Gold Gilding","x":-7,"y":12,"rotation":0,"flipx":1,"flipy":1,"height":37,"itemID":7},{"productid":"125","name":"Inscription (Traditional Engraved)","type":"Inscription","part":"Headstone","side":"Front","price":4.1,"quantity":15,"label":"November 25, 1930","font":"44.62389373332465px Garamond","font_size":34,"font_family":"Garamond","color":"#c99d44","colorName":"Gold Gilding","x":-6,"y":94.99999999999994,"rotation":0,"flipx":1,"flipy":1,"height":30,"itemID":2},{"productid":"125","name":"Inscription (Traditional Engraved)","type":"Inscription","part":"Headstone","side":"Front","price":4.1,"quantity":15,"label":"December 12, 2023","font":"44.62389373332465px Garamond","font_size":34,"font_family":"Garamond","color":"#c99d44","colorName":"Gold Gilding","x":-10,"y":149.99999999999994,"rotation":0,"flipx":1,"flipy":1,"height":30,"itemID":3},{"productid":"125","name":"Inscription (Traditional Engraved)","type":"Inscription","part":"Headstone","side":"Front","price":7.4,"quantity":13,"label":"Mary D. Walters","font":"53.811165972538554px Lucida Calligraphy","font_size":41,"font_family":"Lucida Calligraphy","color":"#c99d44","colorName":"Gold Gilding","x":6,"y":-64,"rotation":0,"flipx":1,"flipy":1,"height":50,"itemID":1}]