[{"productid":4,"type":"Headstone","shape":"Serpentine","color":"#000000","fixed":0,"texture":"src/granites/forever2/l/18.jpg","name":"Laser Etched Black Granite Headstone","price":2565.95,"quantity":1,"width":609.5999999999999,"height":609.5999999999999,"_length":80,"init_width":428,"init_height":695,"device":"mobile","dpr":3,"orientation":"portrait","version":"1.44","version_date":20230919,"mode":"2d","navigator":"Safari (mobile(ios)), 428x926"},{"productid":7,"id":7,"uid":1708143959363,"path":"../upload/2024/02/","name":"Ceramic Image","type":"Photo","item":"1708143959363img_3609_cropped.jpg","color":0,"mask":3,"x":0,"y":0,"flipx":1,"flipy":1,"rotation":0,"ratio":1.0622284822155852,"shape_url":"shapes/photos/rectangle_horizontal.svg","part":"Headstone","side":"Front","src":"IMG_3609.jpeg","price":570,"quantity":1,"size":"180 x 240 mm","itemID":1},{"productid":7,"id":7,"uid":1708144037083,"path":"../upload/2024/02/","name":"Ceramic Image","type":"Photo","item":"1708144037083img_3185_cropped.jpg","color":0,"mask":0,"x":3,"y":84.97816593886463,"flipx":1,"flipy":1,"rotation":0,"ratio":0.5901269345642141,"shape_url":"shapes/photos/oval_vertical.svg","part":"Headstone","side":"Front","src":"IMG_3185.jpeg","price":310,"quantity":1,"size":"80 x 100 mm","itemID":2}]