[{"productid":4,"type":"Headstone","shape":"Curved Peak","color":"#000000","fixed":0,"texture":"src/granites/forever2/l/18.jpg","name":"Laser Etched Black Granite Headstone","price":2565.95,"quantity":1,"width":609.5999999999999,"height":609.5999999999999,"_length":80,"init_width":1168,"init_height":560,"device":"desktop","dpr":1.5,"orientation":"landscape","version":"1.44","version_date":20230919,"mode":"2d","navigator":"Mozilla Firefox (desktop), 1408x792"},{"productid":4,"type":"Base","name":"Rectangle","shape":"Rectangle","color":"#000000","fixed":0,"texture":"src/granites/forever2/l/18.jpg","price":635,"quantity":1,"width":700,"height":100,"_length":250,"init_width":1168,"init_height":560,"mode":"2d"},{"productid":"16","name":"Black Granite Inscription (free)","type":"Inscription","part":"Headstone","side":"Front","price":0,"quantity":22,"label":"Larry Jabari Kojo Maudlin","font":"64.63359639233373px Garamond","font_size":56,"font_family":"Garamond","color":"#ffffff","colorName":"White","x":1.5,"y":137.16477272727275,"rotation":0,"flipx":1,"flipy":1,"height":56,"itemID":2},{"productid":"16","name":"Black Granite Inscription (free)","type":"Inscription","part":"Headstone","side":"Front","price":0,"quantity":21,"label":"Legends really never die","font":"48.47519729425029px Garamond","font_size":42,"font_family":"Garamond","color":"#ffffff","colorName":"White","x":76.5,"y":28.5,"rotation":0,"flipx":1,"flipy":1,"height":42,"itemID":1},{"productid":"16","name":"Black Granite Inscription (free)","type":"Inscription","part":"Headstone","side":"Front","price":0,"quantity":26,"label":"January 22, 2003 to June 6, 2023","font":"43.85851183765503px Garamond","font_size":38,"font_family":"Garamond","color":"#ffffff","colorName":"White","x":-1.5,"y":297.6647727272728,"rotation":0,"flipx":1,"flipy":1,"height":35,"itemID":3}]