[{"productid":4,"type":"Headstone","shape":"Gable","color":"#000000","fixed":0,"texture":"src/granites/forever2/l/18.jpg","name":"Laser Etched Black Granite Headstone","price":2565.95,"quantity":1,"width":609.5999999999999,"height":609.5999999999999,"_length":80,"init_width":684,"init_height":869,"device":"desktop","dpr":1,"orientation":"landscape","version":"1.44","version_date":20230919,"mode":"2d","navigator":"Edge (chromium based) (desktop), 1920x1080"},{"productid":4,"type":"Base","name":"Rectangle","flower_pot_holes":true,"base_flower_pots":2,"shape":"Square","color":"#000000","fixed":0,"texture":"src/granites/forever2/l/18.jpg","price":640,"quantity":1,"width":709.5999999999999,"height":100,"_length":250,"init_width":684,"init_height":869,"mode":"2d"},{"productid":"71","name":"Black Granite Motif (free)","type":"Motif","part":"Headstone","side":"Front","src":"2_139_07","item":"2_139_07","price":0,"quantity":1,"color":"#ffffff","colorName":"White","x":-4,"y":-202,"flipx":1,"flipy":1,"rotation":0,"height":95,"ratio":0.1441578148710167,"itemID":1},{"productid":21,"id":21,"uid":1709542771231,"path":"../upload/2024/03/","name":"Laser-etched Image","type":"Photo","item":"1709542771231alexander_graham_bell_cr.jpg","color":1,"mask":0,"x":-5,"y":51,"flipx":1,"flipy":1,"rotation":0,"ratio":0.5530925630758465,"shape_url":"shapes/photos/oval_vertical.svg","part":"Headstone","side":"Front","src":"Alexander_Graham_Bell.jpg","price":0,"quantity":1,"size":256,"width":"165","height":"241","itemID":2},{"productid":"16","name":"Black Granite Inscription (free)","type":"Inscription","part":"Headstone","side":"Front","price":0,"quantity":19,"label":"Alexander Graham Bell","font":"46.9912626832018px Garamond","font_size":50,"font_family":"Garamond","color":"#ffffff","colorName":"White","x":11,"y":-107,"rotation":0,"flipx":1,"flipy":1,"height":37,"itemID":3},{"productid":"16","name":"Black Granite Inscription (free)","type":"Inscription","part":"Headstone","side":"Front","price":0,"quantity":14,"label":"IN HERHINNERING","font":"46.9912626832018px Garamond","font_size":50,"font_family":"Garamond","color":"#ffffff","colorName":"White","x":-3,"y":205,"rotation":0,"flipx":1,"flipy":1,"height":35,"itemID":4},{"productid":"16","name":"Black Granite Inscription (free)","type":"Inscription","part":"Headstone","side":"Front","price":0,"quantity":21,"label":"03.03.1847 - 02.08.1922","font":"46.9912626832018px Garamond","font_size":50,"font_family":"Garamond","color":"#ffffff","colorName":"White","x":8,"y":269.00000000000006,"rotation":0,"flipx":1,"flipy":1,"height":36,"itemID":5}]