[{"productid":4,"type":"Headstone","shape":"Serpentine","color":"#000000","fixed":0,"texture":"src/granites/forever2/l/18.jpg","name":"Laser Etched Black Granite Headstone","price":2565.95,"quantity":1,"width":609.5999999999999,"height":609.5999999999999,"_length":80,"init_width":1126,"init_height":824,"device":"tablet","dpr":2,"orientation":"landscape","version":"1.44","version_date":20230919,"mode":"2d","navigator":"Safari (tablet(ios)), 1024x1366"},{"productid":2300,"id":2300,"uid":1711367722003,"path":"../upload/2024/03/","name":"Vitreous Enamel","type":"Photo","item":"1711367722003img_9042_cropped.jpg","color":0,"mask":0,"x":-36,"y":2,"flipx":1,"flipy":1,"rotation":0,"ratio":1.1515748031496063,"shape_url":"shapes/photos/oval_vertical.svg","part":"Headstone","side":"Front","src":"IMG_9042.jpeg","price":490,"quantity":1,"size":"130 x 180 mm","itemID":1},{"productid":"16","name":"Black Granite Inscription (free)","type":"Inscription","part":"Headstone","side":"Front","price":0,"quantity":18,"label":"Rest in eternal peace","font":"68.53149606299213px Garamond","font_size":26,"font_family":"Garamond","color":"#ffffff","colorName":"White","x":-18,"y":-558,"rotation":0,"flipx":1,"flipy":1,"height":26,"itemID":2},{"productid":"16","name":"Black Granite Inscription (free)","type":"Inscription","part":"Headstone","side":"Front","price":0,"quantity":10,"label":"IAN  CHRIS’S","font":"131.79133858267718px Garamond","font_size":50,"font_family":"Garamond","color":"#ffffff","colorName":"White","x":-18,"y":340,"rotation":0,"flipx":1,"flipy":1,"height":36,"itemID":3},{"productid":"16","name":"Black Granite Inscription (free)","type":"Inscription","part":"Headstone","side":"Front","price":0,"quantity":6,"label":"CAREER","font":"131.79133858267718px Garamond","font_size":50,"font_family":"Garamond","color":"#ffffff","colorName":"White","x":-8,"y":478,"rotation":0,"flipx":1,"flipy":1,"height":36,"itemID":4},{"productid":"16","name":"Black Granite Inscription (free)","type":"Inscription","part":"Headstone","side":"Front","price":0,"quantity":4,"label":"2024","font":"131.79133858267718px Garamond","font_size":50,"font_family":"Garamond","color":"#ffffff","colorName":"White","x":-32,"y":-389,"rotation":0,"flipx":1,"flipy":1,"height":33,"itemID":5},{"productid":"71","name":"Black Granite Motif (free)","type":"Motif","part":"Headstone","side":"Front","src":"teddy-bear_007","item":"teddy-bear_007","price":0,"quantity":1,"color":"#ffffff","colorName":"White","x":308,"y":-2,"flipx":1,"flipy":1,"rotation":0,"height":147,"ratio":0.17520858164481526,"itemID":6},{"productid":"71","name":"Black Granite Motif (free)","type":"Motif","part":"Headstone","side":"Front","src":"teddy-bear_001","item":"teddy-bear_001","price":0,"quantity":1,"color":"#ffffff","colorName":"White","x":-398,"y":-2,"flipx":1,"flipy":1,"rotation":0,"height":137,"ratio":0.2565543071161049,"itemID":7}]