[{"productid":4,"type":"Headstone","shape":"Serpentine","color":"#000000","fixed":0,"texture":"src/granites/forever2/l/18.jpg","name":"Laser Etched Black Granite Headstone","price":2565.95,"quantity":1,"width":609.5999999999999,"height":609.5999999999999,"_length":80,"init_width":384,"init_height":700,"device":"mobile","dpr":2.8125,"orientation":"portrait","version":"1.44","version_date":20230919,"mode":"2d","navigator":"Chrome (mobile(android)), 384x832"},{"productid":4,"type":"Base","name":"Rectangle","shape":"Square","color":"#000000","fixed":0,"texture":"src/granites/forever2/l/18.jpg","price":650,"quantity":1,"width":709.5999999999999,"height":101.6,"_length":250,"init_width":384,"init_height":700,"mode":"2d"},{"productid":"16","name":"Black Granite Inscription (free)","type":"Inscription","part":"Headstone","side":"Front","price":0,"quantity":21,"label":"Harry \"Jamie\" Worley Jr.","font":"62.18503937007875px Garamond","font_size":42,"font_family":"Garamond","color":"#ffffff","colorName":"White","x":1,"y":-321.02649006622516,"rotation":0,"flipx":1,"flipy":1,"height":43,"itemID":1},{"productid":"16","name":"Black Granite Inscription (free)","type":"Inscription","part":"Headstone","side":"Front","price":0,"quantity":23,"label":"Oct. 23, 1965 - Jan. 27, 2024","font":"35.53430821147357px Garamond","font_size":24,"font_family":"Garamond","color":"#ffffff","colorName":"White","x":2,"y":-227.1523178807947,"rotation":0,"flipx":1,"flipy":1,"height":22,"itemID":2},{"productid":"16","name":"Black Granite Inscription (free)","type":"Inscription","part":"Headstone","side":"Front","price":0,"quantity":38,"label":"For I the Lord thy God will hold thy right hand,","font":"41.45669291338583px Garamond","font_size":28,"font_family":"Garamond","color":"#ffffff","colorName":"White","x":16,"y":210.92715231788077,"rotation":0,"flipx":1,"flipy":1,"height":28,"itemID":4},{"productid":"16","name":"Black Granite Inscription (free)","type":"Inscription","part":"Headstone","side":"Front","price":0,"quantity":36,"label":"saying unto thee, Fear not; I will help thee","font":"42.9372890888639px Garamond","font_size":29,"font_family":"Garamond","color":"#ffffff","colorName":"White","x":18,"y":275.82781456953643,"rotation":0,"flipx":1,"flipy":1,"height":29,"itemID":5},{"productid":"16","name":"Black Granite Inscription (free)","type":"Inscription","part":"Headstone","side":"Front","price":0,"quantity":11,"label":"Isaiah 41:13","font":"44.41788526434196px Garamond","font_size":30,"font_family":"Garamond","color":"#ffffff","colorName":"White","x":31,"y":369.70198675496687,"rotation":0,"flipx":1,"flipy":1,"height":24,"itemID":6},{"productid":"16","name":"Black Granite Inscription (free)","type":"Inscription","part":"Headstone","side":"Front","price":0,"quantity":26,"label":"Beloved husband, dad and #1 son","font":"44.41788526434196px Garamond","font_size":30,"font_family":"Garamond","color":"#ffffff","colorName":"White","x":3.999967575073242,"y":-114.68438400751063,"rotation":0,"flipx":1,"flipy":1,"height":27,"itemID":7}]