[{"productid":4,"type":"Headstone","shape":"Serpentine","color":"#000000","fixed":0,"texture":"src/granites/forever2/l/18.jpg","name":"Laser Etched Black Granite Headstone","price":2565.95,"quantity":1,"width":609.5999999999999,"height":609.5999999999999,"_length":80,"init_width":414,"init_height":656,"device":"mobile","dpr":3,"orientation":"portrait","version":"1.44","version_date":20230919,"mode":"2d","navigator":"Safari (mobile(ios)), 414x896"},{"productid":"16","name":"Black Granite Inscription (free)","type":"Inscription","part":"Headstone","side":"Front","price":0,"quantity":5,"label":"Miles","font":"371.46924212598435px Garamond","font_size":187,"font_family":"Garamond","color":"#ffffff","colorName":"White","x":18,"y":-24,"rotation":0,"flipx":1,"flipy":1,"height":135,"itemID":1},{"productid":21,"id":21,"uid":1712969241765,"path":"../upload/2024/04/","name":"Laser-etched Image","type":"Photo","item":"1712969241765received__cropped.jpg","color":1,"mask":0,"x":12,"y":-345,"flipx":1,"flipy":1,"rotation":0,"ratio":0.8054879549164589,"shape_url":"shapes/photos/oval_vertical.svg","part":"Headstone","side":"Front","src":"received_.jpeg","price":0,"quantity":1,"size":133,"width":"185","height":"264","itemID":2}]