[{"productid":4,"type":"Headstone","shape":"Serpentine","color":"#000000","fixed":0,"texture":"src/granites/forever2/l/18.jpg","name":"Laser Etched Black Granite Headstone","price":3882.74,"quantity":1,"width":755.65,"height":755.65,"_length":90,"init_width":1296,"init_height":674,"device":"desktop","dpr":1.25,"orientation":"landscape","version":"1.44","version_date":20230919,"mode":"2d","navigator":"Chrome (desktop), 1536x864"},{"productid":71,"name":"Black Granite Motif (free)","type":"Motif","part":"Headstone","side":"Front","src":"dove_002","item":"dove_002","price":0,"quantity":1,"color":"#ffffff","colorName":"White","x":-330,"y":-238.25222551928783,"flipx":"1","flipy":"1","rotation":0,"height":140,"ratio":0.2513464991023339,"itemID":2},{"productid":"16","name":"Black Granite Inscription (free)","type":"Inscription","part":"Headstone","side":"Front","price":0,"quantity":11,"label":"Juraj George","font":"45.65655396016675px Garamond","font_size":42,"font_family":"Garamond","color":"#ffffff","colorName":"White","x":-253.5,"y":-45.73590504451039,"rotation":0,"flipx":1,"flipy":1,"height":40,"itemID":3},{"productid":71,"name":"Black Granite Motif (free)","type":"Motif","part":"Headstone","side":"Front","src":"bronze8","item":"bronze8","price":0,"quantity":1,"color":"#ffffff","colorName":"White","x":340,"y":-247.5074183976261,"flipx":"1","flipy":"1","rotation":0,"height":136,"ratio":0.17525773195876287,"itemID":4},{"productid":"16","name":"Black Granite Inscription (free)","type":"Inscription","part":"Headstone","side":"Front","price":0,"quantity":7,"label":"Dragica","font":"54.35304042876994px Garamond","font_size":50,"font_family":"Garamond","color":"#ffffff","colorName":"White","x":287.5,"y":-52.486646884273,"rotation":0,"flipx":1,"flipy":1,"height":48,"itemID":5},{"productid":71,"name":"Black Granite Motif (free)","type":"Motif","part":"Headstone","side":"Front","src":"1_145_03","item":"1_145_03","price":0,"quantity":1,"color":"#ffffff","colorName":"White","x":-299.5,"y":288.7448071216618,"flipx":"1","flipy":"1","rotation":0,"height":89,"ratio":0.19305856832971802,"itemID":6},{"productid":"16","name":"Black Granite Inscription (free)","type":"Inscription","part":"Headstone","side":"Front","price":0,"quantity":15,"label":"August 30th, 2023","font":"30.437702640111166px Garamond","font_size":28,"font_family":"Garamond","color":"#ffffff","colorName":"White","x":-251.25,"y":41.50741839762611,"rotation":0,"flipx":1,"flipy":1,"height":29,"itemID":7},{"productid":"16","name":"Black Granite Inscription (free)","type":"Inscription","part":"Headstone","side":"Front","price":0,"quantity":11,"label":"Jan. 2nd 1945","font":"25.002398597234173px Garamond","font_size":23,"font_family":"Garamond","color":"#ffffff","colorName":"White","x":-288.5,"y":3.2611275964391666,"rotation":0,"flipx":1,"flipy":1,"height":20,"itemID":8},{"productid":"16","name":"Black Granite Inscription (free)","type":"Inscription","part":"Headstone","side":"Front","price":0,"quantity":37,"label":"ALWAYS IN OUR HEARTS + POCIVALI U MIRU BOZJEM","font":"31.524763448686564px Garamond","font_size":29,"font_family":"Garamond","color":"#ffffff","colorName":"White","x":13,"y":380,"rotation":0,"flipx":1,"flipy":1,"height":26,"itemID":9},{"productid":71,"name":"Black Granite Motif (free)","type":"Motif","part":"Headstone","side":"Front","src":"2_116_05","item":"2_116_05","price":0,"quantity":1,"color":"#ffffff","colorName":"White","x":14,"y":101,"flipx":"1","flipy":"1","rotation":0,"height":304,"ratio":0.4175824175824176,"itemID":10},{"productid":"71","name":"Black Granite Motif (free)","type":"Motif","part":"Headstone","side":"Front","src":"1_157_13","item":"1_157_13","price":0,"quantity":1,"color":"#ffffff","colorName":"White","x":337.5,"y":279.8338278931751,"flipx":1,"flipy":1,"rotation":0,"height":105,"ratio":0.15532544378698224,"itemID":13},{"productid":"16","name":"Black Granite Inscription (free)","type":"Inscription","part":"Headstone","side":"Front","price":0,"quantity":9,"label":"JOVANOVIC","font":"94.5742903460597px Garamond","font_size":87,"font_family":"Garamond","color":"#ffffff","colorName":"White","x":13.75,"y":-168.48367952522256,"rotation":0,"flipx":1,"flipy":1,"height":77,"itemID":1},{"productid":"16","name":"Black Granite Inscription (free)","type":"Inscription","part":"Headstone","side":"Front","price":0,"quantity":12,"label":"Oct. 1st 1949 -","font":"42.39537153444055px Garamond","font_size":39,"font_family":"Garamond","color":"#ffffff","colorName":"White","x":247.5,"y":2.498516320474778,"rotation":0,"flipx":1,"flipy":1,"height":28,"itemID":14},{"productid":"71","name":"Black Granite Motif (free)","type":"Motif","part":"Headstone","side":"Front","src":"1_154_24","item":"1_154_24","price":0,"quantity":1,"color":"#ffffff","colorName":"White","x":21.25,"y":-298.5727002967359,"flipx":1,"flipy":1,"rotation":0,"height":103,"ratio":0.15169366715758467,"itemID":15}]