[{"productid":124,"type":"Headstone","shape":"Serpentine","color":"#000000","fixed":0,"texture":"src/granites/forever2/l/G633.jpg","name":"Traditional Engraved Headstone","price":1912.17,"quantity":1,"width":774.6999999999999,"height":609.5999999999999,"_length":80,"init_width":1296,"init_height":666,"device":"desktop","dpr":1.25,"orientation":"landscape","version":"1.44","version_date":20230919,"mode":"2d","navigator":"Chrome (desktop), 1536x864"},{"productid":124,"type":"Base","name":"Rectangle","shape":"Square","color":"#000000","fixed":0,"texture":"src/granites/forever2/l/G633.jpg","price":671,"quantity":1,"width":876.3,"height":101.6,"_length":250,"init_width":1296,"init_height":666,"mode":"2d"},{"productid":"125","name":"Inscription (Traditional Engraved)","type":"Inscription","part":"Headstone","side":"Front","price":25,"quantity":7,"label":"Witzell","font":"135.15901316638698px Garamond","font_size":147,"font_family":"Garamond","color":"#4e5859","colorName":"Mako","x":-10,"y":-83,"rotation":0,"flipx":1,"flipy":1,"height":104,"itemID":1},{"productid":"125","name":"Inscription (Traditional Engraved)","type":"Inscription","part":"Headstone","side":"Front","price":7.15,"quantity":8,"label":"Alfred V.","font":"68.03923111777304px Garamond","font_size":74,"font_family":"Garamond","color":"#4e5859","colorName":"Mako","x":-176,"y":62,"rotation":0,"flipx":1,"flipy":1,"height":53,"itemID":2},{"productid":"125","name":"Inscription (Traditional Engraved)","type":"Inscription","part":"Headstone","side":"Front","price":7.15,"quantity":10,"label":"A. Lorraine","font":"69.87812925609123px Garamond","font_size":76,"font_family":"Garamond","color":"#4e5859","colorName":"Mako","x":168,"y":65,"rotation":0,"flipx":1,"flipy":1,"height":54,"itemID":3},{"productid":"125","name":"Inscription (Traditional Engraved)","type":"Inscription","part":"Headstone","side":"Front","price":3.85,"quantity":11,"label":"July 23, 1939","font":"32.18071742056833px Garamond","font_size":35,"font_family":"Garamond","color":"#4e5859","colorName":"Mako","x":-179,"y":116,"rotation":0,"flipx":1,"flipy":1,"height":35,"itemID":4},{"productid":"125","name":"Inscription (Traditional Engraved)","type":"Inscription","part":"Headstone","side":"Front","price":3.85,"quantity":10,"label":"June 1, 2030","font":"33.10016648972743px Garamond","font_size":36,"font_family":"Garamond","color":"#4e5859","colorName":"Mako","x":-179,"y":155,"rotation":0,"flipx":1,"flipy":1,"height":32,"itemID":5},{"productid":"125","name":"Inscription (Traditional Engraved)","type":"Inscription","part":"Headstone","side":"Front","price":3.85,"quantity":11,"label":"Sept. 6, 1938","font":"34.01961555888652px Garamond","font_size":37,"font_family":"Garamond","color":"#4e5859","colorName":"Mako","x":165,"y":119,"rotation":0,"flipx":1,"flipy":1,"height":35,"itemID":6},{"productid":126,"name":"Motif (Traditional Engraved)","type":"Motif","part":"Headstone","side":"Front","src":"flower5_full_flower","item":"flower5_full_flower","price":244.355015,"quantity":1,"color":"#4e5859","colorName":"Mako","x":256.75,"y":-76.4954954954955,"flipx":-1,"flipy":"1","rotation":0,"height":168,"ratio":0.21265822784810126,"itemID":7},{"productid":126,"name":"Motif (Traditional Engraved)","type":"Motif","part":"Headstone","side":"Front","src":"flower5_full_flower","item":"flower5_full_flower","price":248.11109499999998,"quantity":1,"color":"#4e5859","colorName":"Mako","x":-266,"y":-78.993993993994,"flipx":"1","flipy":"1","rotation":0,"height":184,"ratio":0.23291139240506328,"itemID":8},{"productid":"125","name":"Inscription (Traditional Engraved)","type":"Inscription","part":"Headstone","side":"Front","price":3.85,"quantity":10,"label":"June 1, 2030","font":"33.10016648972743px Garamond","font_size":36,"font_family":"Garamond","color":"#4e5859","colorName":"Mako","x":168,"y":159,"rotation":0,"flipx":1,"flipy":1,"height":32,"itemID":9},{"productid":"125","name":"Inscription (Traditional Engraved)","type":"Inscription","part":"Headstone","side":"Front","price":7.15,"quantity":15,"label":"till we meet again","font":"32.18071742056833px Lucida Calligraphy","font_size":35,"font_family":"Lucida Calligraphy","color":"#4e5859","colorName":"Mako","x":-15,"y":229,"rotation":0,"flipx":1,"flipy":1,"height":40,"itemID":10}]