[{"productid":124,"type":"Headstone","shape":"Serpentine","color":"#000000","fixed":0,"texture":"src/granites/forever2/l/G633.jpg","name":"Traditional Engraved Headstone","price":2273.91,"quantity":1,"width":914.4,"height":609.5999999999999,"_length":80,"init_width":1296,"init_height":666,"device":"desktop","dpr":1.25,"orientation":"landscape","version":"1.44","version_date":20230919,"mode":"2d","navigator":"Chrome (desktop), 1536x864"},{"productid":"125","name":"Inscription (Traditional Engraved)","type":"Inscription","part":"Headstone","side":"Front","price":25,"quantity":7,"label":"Witzell","font":"102.96998031496064px Lucida Calligraphy","font_size":116,"font_family":"Lucida Calligraphy","color":"#ffffff","colorName":"White","x":-26.25,"y":-153.65765765765764,"rotation":0,"flipx":1,"flipy":1,"height":100,"itemID":1},{"productid":"125","name":"Inscription (Traditional Engraved)","type":"Inscription","part":"Headstone","side":"Front","price":7.15,"quantity":7,"label":"Alfred V","font":"44.383612204724415px Lucida Calligraphy","font_size":50,"font_family":"Lucida Calligraphy","color":"#ffffff","colorName":"White","x":-206.25,"y":-29.98198198198196,"rotation":0,"flipx":1,"flipy":1,"height":59,"itemID":2},{"productid":"125","name":"Inscription (Traditional Engraved)","type":"Inscription","part":"Headstone","side":"Front","price":3.85,"quantity":8,"label":"1939-202","font":"47.04662893700788px Lucida Calligraphy","font_size":53,"font_family":"Lucida Calligraphy","color":"#ffffff","colorName":"White","x":177.5,"y":-38.726726726726724,"rotation":0,"flipx":1,"flipy":1,"height":36,"itemID":3},{"productid":"125","name":"Inscription (Traditional Engraved)","type":"Inscription","part":"Headstone","side":"Front","price":7.15,"quantity":4,"label":"Ann L","font":"50.59731791338584px Lucida Calligraphy","font_size":57,"font_family":"Lucida Calligraphy","color":"#ffffff","colorName":"White","x":-217.5,"y":71.2072072072072,"rotation":0,"flipx":1,"flipy":1,"height":44,"itemID":4},{"productid":"125","name":"Inscription (Traditional Engraved)","type":"Inscription","part":"Headstone","side":"Front","price":7.15,"quantity":8,"label":"1938-202","font":"46.15895669291339px Lucida Calligraphy","font_size":52,"font_family":"Lucida Calligraphy","color":"#ffffff","colorName":"White","x":172.5,"y":63.7117117117117,"rotation":0,"flipx":1,"flipy":1,"height":44,"itemID":5},{"productid":"125","name":"Inscription (Traditional Engraved)","type":"Inscription","part":"Headstone","side":"Front","price":7.15,"quantity":15,"label":"Till we meet again","font":"35.50688976377953px Lucida Calligraphy","font_size":40,"font_family":"Lucida Calligraphy","color":"#ffffff","colorName":"White","x":-8.75,"y":314.8108108108107,"rotation":0,"flipx":1,"flipy":1,"height":48,"itemID":6},{"productid":"125","name":"Inscription (Traditional Engraved)","type":"Inscription","part":"Headstone","side":"Front","price":7.15,"quantity":15,"label":"Till we meet again","font":"44.383612204724415px Lucida Calligraphy","font_size":50,"font_family":"Lucida Calligraphy","color":"#ffffff","colorName":"White","x":-17.5,"y":194.88288288288277,"rotation":0,"flipx":1,"flipy":1,"height":59,"itemID":7},{"productid":"126","name":"Motif (Traditional Engraved)","type":"Motif","part":"Headstone","side":"Front","src":"dove_002","item":"dove_002","price":235.903835,"quantity":1,"color":"#ffffff","colorName":"White","x":290,"y":164.90090090090087,"flipx":1,"flipy":1,"rotation":0,"height":132,"ratio":0.236983842010772,"itemID":8}]