[{"productid":124,"type":"Headstone","shape":"Square","color":"#000000","fixed":0,"texture":"src/granites/forever2/l/White-Carrara-600-x-600.jpg","name":"Traditional Engraved Headstone","price":1484.66,"quantity":1,"width":609.5999999999999,"height":609.5999999999999,"_length":80,"init_width":1200,"init_height":756,"device":"desktop","dpr":2,"orientation":"landscape","version":"1.44","version_date":20230919,"mode":"2d","navigator":"Safari (desktop), 1440x900"},{"productid":"126","name":"Motif (Traditional Engraved)","type":"Motif","part":"Headstone","side":"Front","src":"2_152_23","item":"2_152_23","price":236.842855,"quantity":1,"color":"#000000","colorName":"Black","x":10,"y":568,"flipx":1,"flipy":1,"rotation":0,"height":136,"ratio":0.18453188602442333,"itemID":6},{"productid":"125","name":"Inscription (Traditional Engraved)","type":"Inscription","part":"Headstone","side":"Front","price":7.15,"quantity":18,"label":"Jessica Grace Conway","font":"120.91535433070868px Adorable","font_size":50,"font_family":"Adorable","color":"#000000","colorName":"Black","x":12,"y":-464,"rotation":0,"flipx":1,"flipy":1,"height":47,"itemID":1},{"productid":"125","name":"Inscription (Traditional Engraved)","type":"Inscription","part":"Headstone","side":"Front","price":3.85,"quantity":10,"label":"May 19, 2005","font":"79.80413385826773px Adorable","font_size":33,"font_family":"Adorable","color":"#000000","colorName":"Black","x":150,"y":-254,"rotation":0,"flipx":1,"flipy":1,"height":29,"itemID":2},{"productid":"125","name":"Inscription (Traditional Engraved)","type":"Inscription","part":"Headstone","side":"Front","price":3.85,"quantity":11,"label":"June 15, 2027","font":"89.47736220472443px Adorable","font_size":37,"font_family":"Adorable","color":"#000000","colorName":"Black","x":164,"y":-77,"rotation":0,"flipx":1,"flipy":1,"height":29,"itemID":3},{"productid":"125","name":"Inscription (Traditional Engraved)","type":"Inscription","part":"Headstone","side":"Front","price":7.15,"quantity":23,"label":"A Beautiful Memory Lingers","font":"120.91535433070868px Adorable","font_size":50,"font_family":"Adorable","color":"#000000","colorName":"Black","x":-6,"y":268,"rotation":0,"flipx":1,"flipy":1,"height":49,"itemID":4},{"productid":"126","name":"Motif (Traditional Engraved)","type":"Motif","part":"Headstone","side":"Front","src":"1_065_12","item":"1_065_12","price":243.65075,"quantity":1,"color":"#000000","colorName":"Black","x":-546,"y":-550,"flipx":1,"flipy":1,"rotation":0,"height":165,"ratio":0.23371104815864022,"itemID":7},{"productid":"126","name":"Motif (Traditional Engraved)","type":"Motif","part":"Headstone","side":"Front","src":"1_065_12","item":"1_065_12","price":243.65075,"quantity":1,"color":"#000000","colorName":"Black","x":545.0206692913387,"y":-546,"flipx":-1,"flipy":1,"rotation":0,"height":165,"ratio":0.23371104815864022,"itemID":8},{"productid":"126","name":"Motif (Traditional Engraved)","type":"Motif","part":"Headstone","side":"Front","src":"1_065_12","item":"1_065_12","price":243.65075,"quantity":1,"color":"#000000","colorName":"Black","x":-542.9793307086613,"y":548,"flipx":1,"flipy":-1,"rotation":0,"height":165,"ratio":0.23371104815864022,"itemID":9},{"productid":"126","name":"Motif (Traditional Engraved)","type":"Motif","part":"Headstone","side":"Front","src":"1_065_12","item":"1_065_12","price":243.65075,"quantity":1,"color":"#000000","colorName":"Black","x":546.0413385826773,"y":544,"flipx":-1,"flipy":-1,"rotation":0,"height":165,"ratio":0.23371104815864022,"itemID":10},{"productid":7,"id":7,"uid":1712260555418,"path":"../upload/2024/04/","name":"Ceramic Image","type":"Photo","item":"1712260555418cb936cc82dc740ef9ccb3e19.jpg","color":1,"mask":1,"x":-362,"y":-102,"flipx":1,"flipy":1,"rotation":0,"ratio":1.1515748031496065,"shape_url":"shapes/photos/rectangle_vertical.svg","part":"Headstone","side":"Front","src":"CB936CC8-2DC7-40EF-9CCB-3E19B3B04F1A.jpeg","price":440,"quantity":1,"size":"130 x 180 mm","itemID":12}]