[{"productid":4,"type":"Headstone","shape":"Square","color":"#000000","fixed":0,"texture":"src/granites/forever2/l/18.jpg","name":"Laser Etched Black Granite Headstone","price":3710.99,"quantity":1,"width":609.5999999999999,"height":863.5999999999999,"_length":100,"init_width":360,"init_height":610,"device":"mobile","dpr":3,"orientation":"portrait","version":"1.44","version_date":20230919,"mode":"2d","navigator":"Chrome (mobile(android)), 360x800"},{"productid":4,"type":"Base","name":"Rectangle","shape":"Square","color":"#000000","fixed":0,"texture":"src/granites/forever2/l/18.jpg","price":848,"quantity":1,"width":709.5999999999999,"height":101.6,"_length":250,"init_width":360,"init_height":610,"mode":"2d"},{"productid":7,"id":7,"uid":1712539008476,"path":"../upload/2024/04/","name":"Ceramic Image","type":"Photo","item":"1712539008476messenger_creation_60bd5.jpg","color":0,"mask":0,"x":-6.138671875,"y":-215.1341588637408,"flipx":1,"flipy":1,"rotation":0,"ratio":0.6438485525806256,"shape_url":"shapes/photos/oval_vertical.svg","part":"Headstone","side":"Front","src":"Messenger_creation_60bd53da-7455-4a45-b82e-4226d70eae30.jpeg","price":440,"quantity":1,"size":"130 x 180 mm","itemID":1},{"productid":7,"id":7,"uid":1712539248381,"path":"../upload/2024/04/","name":"Ceramic Image","type":"Photo","item":"1712539248381messenger_creation_4682e.jpg","color":0,"mask":3,"x":-0.5078125,"y":57.32536764705882,"flipx":1,"flipy":1,"rotation":0,"ratio":0.6438485525806256,"shape_url":"shapes/photos/rectangle_horizontal.svg","part":"Headstone","side":"Front","src":"Messenger_creation_4682e990-33c3-4b9d-8b3e-afe961094621.jpeg","price":570,"quantity":1,"size":"180 x 240 mm","itemID":2},{"productid":7,"id":7,"uid":1712539854728,"path":"../upload/2024/04/","name":"Ceramic Image","type":"Photo","item":"1712539854728messenger_creation_069c7.jpg","color":0,"mask":0,"x":-348.537109375,"y":361.2463881548713,"flipx":1,"flipy":1,"rotation":0,"ratio":0.3219242762903128,"shape_url":"shapes/photos/oval_vertical.svg","part":"Headstone","side":"Front","src":"Messenger_creation_069c70fa-306c-4b75-9267-5d34eabdf0cb.jpeg","price":282,"quantity":1,"size":"70 x 90 mm","itemID":3},{"productid":7,"id":7,"uid":1712539944088,"path":"../upload/2024/04/","name":"Ceramic Image","type":"Photo","item":"1712539944088messenger_creation_9f36b.jpg","color":0,"mask":0,"x":311.169921875,"y":381.31440286075366,"flipx":1,"flipy":1,"rotation":0,"ratio":0.42923236838708373,"shape_url":"shapes/photos/oval_vertical.svg","part":"Headstone","side":"Front","src":"Messenger_creation_9f36b281-4553-45f3-b312-869748e458e1.jpeg","price":335,"quantity":1,"size":"90 x 120 mm","itemID":4},{"productid":7,"id":7,"uid":1712545319760,"path":"../upload/2024/04/","name":"Ceramic Image","type":"Photo","item":"1712545319760messenger_creation_168ce.jpg","color":0,"mask":3,"x":-17.333984375,"y":266.3107263901654,"flipx":1,"flipy":1,"rotation":0,"ratio":0.35769364032256973,"shape_url":"shapes/photos/rectangle_horizontal.svg","part":"Headstone","side":"Front","src":"Messenger_creation_168ce656-31e5-4f3e-b838-b0f6284f2691.jpeg","price":340,"quantity":1,"size":"100 x 130 mm","itemID":7},{"productid":"16","name":"Black Granite Inscription (free)","type":"Inscription","part":"Headstone","side":"Front","price":0,"quantity":16,"label":"In Loving Memory Of","font":"56.73021135515956px Arial","font_size":52,"font_family":"Arial","color":"#ffffff","colorName":"White","x":-19.8203125,"y":-305.96691176470586,"rotation":0,"flipx":1,"flipy":1,"height":49,"itemID":5},{"productid":"16","name":"Black Granite Inscription (free)","type":"Inscription","part":"Base","side":"Front","price":0,"quantity":4,"label":"RAHI","font":"118.91525072523831px Arial","font_size":109,"font_family":"Arial","color":"#ffffff","colorName":"White","x":-55.546875,"y":373.9963881548713,"rotation":0,"flipx":1,"flipy":1,"height":79,"itemID":6}]