[{"productid":4,"type":"Headstone","shape":"Serpentine","color":"#000000","fixed":0,"texture":"src/granites/forever2/l/18.jpg","name":"Laser Etched Black Granite Headstone","price":2565.95,"quantity":1,"width":609.5999999999999,"height":609.5999999999999,"_length":80,"init_width":1424,"init_height":877,"device":"desktop","dpr":1.5,"orientation":"landscape","version":"1.44","version_date":20230919,"mode":"2d","navigator":"Chrome (desktop), 1664x1110"},{"productid":4,"type":"Base","name":"Rectangle","shape":"Rectangle","color":"#000000","fixed":0,"texture":"src/granites/forever2/l/18.jpg","price":650,"quantity":1,"width":709.5999999999999,"height":101.6,"_length":250,"init_width":1424,"init_height":877,"mode":"2d"},{"productid":7,"id":7,"uid":1712323216250,"path":"../upload/2024/04/","name":"Ceramic Image","type":"Photo","item":"1712323216250tree9_cropped.jpg","color":0,"mask":3,"x":-16.5,"y":-31.488027366020503,"flipx":1,"flipy":1,"rotation":0,"ratio":0.7394549236299904,"shape_url":"shapes/photos/rectangle_horizontal.svg","part":"Headstone","side":"Front","src":"tree9.jpg","price":570,"quantity":1,"size":"180 x 240 mm","itemID":1},{"productid":"16","name":"Black Granite Inscription (free)","type":"Inscription","part":"Headstone","side":"Front","price":0,"quantity":10,"label":"Free Spirit","font":"52.3000035151856px Garamond","font_size":29,"font_family":"Garamond","color":"#ffffff","colorName":"White","x":-202.5,"y":66.52337514253145,"rotation":0,"flipx":1,"flipy":1,"height":28,"itemID":5},{"productid":"16","name":"Black Granite Inscription (free)","type":"Inscription","part":"Headstone","side":"Front","price":0,"quantity":8,"label":"Kind Soul","font":"52.3000035151856px Garamond","font_size":29,"font_family":"Garamond","color":"#ffffff","colorName":"White","x":180,"y":71.0410490307869,"rotation":0,"flipx":1,"flipy":1,"height":22,"itemID":6},{"productid":"16","name":"Black Granite Inscription (free)","type":"Inscription","part":"Headstone","side":"Front","price":0,"quantity":12,"label":"SCOTT  WILLIAM","font":"77.54828107424072px Garamond","font_size":43,"font_family":"Garamond","color":"#ffffff","colorName":"White","x":4.5,"y":345.89281641961236,"rotation":0,"flipx":1,"flipy":1,"height":30,"itemID":4},{"productid":"16","name":"Black Granite Inscription (free)","type":"Inscription","part":"Headstone","side":"Front","price":0,"quantity":21,"label":"Jan 17, 1960  -  Nov 11, 2022","font":"54.10345191226097px Garamond","font_size":30,"font_family":"Garamond","color":"#ffffff","colorName":"White","x":3,"y":411.4116305587229,"rotation":0,"flipx":1,"flipy":1,"height":27,"itemID":8},{"productid":"16","name":"Black Granite Inscription (free)","type":"Inscription","part":"Headstone","side":"Front","price":0,"quantity":7,"label":"Beloved","font":"57.7103487064117px Garamond","font_size":32,"font_family":"Garamond","color":"#ffffff","colorName":"White","x":-6,"y":189.49600912200674,"rotation":0,"flipx":1,"flipy":1,"height":23,"itemID":7},{"productid":"16","name":"Black Granite Inscription (free)","type":"Inscription","part":"Headstone","side":"Front","price":0,"quantity":6,"label":"DUNLAP","font":"147.88276856017998px Garamond","font_size":82,"font_family":"Garamond","color":"#ffffff","colorName":"White","x":-10.5,"y":-345.3443557582668,"rotation":0,"flipx":1,"flipy":1,"height":58,"itemID":3}]