[{"productid":4,"type":"Headstone","shape":"Serpentine","color":"#000000","fixed":0,"texture":"src/granites/forever2/l/18.jpg","name":"Laser Etched Black Granite Headstone","price":2422.82,"quantity":1,"width":577.85,"height":609.5999999999999,"_length":80,"init_width":414,"init_height":658,"device":"mobile","dpr":2,"orientation":"portrait","version":"1.44","version_date":20230919,"mode":"2d","navigator":"Safari (mobile(ios)), 414x896"},{"productid":4,"type":"Base","name":"Rectangle","flower_pot_holes":true,"base_flower_pots":2,"shape":"Rectangle","color":"#000000","fixed":0,"texture":"src/granites/forever2/l/18.jpg","price":900,"quantity":1,"width":1200,"height":101.6,"_length":250,"init_width":414,"init_height":658,"mode":"2d"},{"productid":2300,"id":2300,"uid":1712463970634,"path":"../upload/2024/04/","name":"Vitreous Enamel","type":"Photo","item":"1712463970634img_9260_cropped.jpg","color":0,"mask":0,"x":4,"y":-108.06250000000001,"flipx":1,"flipy":1,"rotation":0,"ratio":0.6210403410819848,"shape_url":"shapes/photos/oval_vertical.svg","part":"Headstone","side":"Front","src":"IMG_9260.jpeg","price":490,"quantity":1,"size":"130 x 180 mm","itemID":13},{"productid":"71","name":"Black Granite Motif (free)","type":"Motif","part":"Headstone","side":"Front","src":"1_209_01","item":"1_209_01","price":0,"quantity":1,"color":"#ffffff","colorName":"White","x":-268,"y":279.6250000000001,"flipx":1,"flipy":-1,"rotation":0,"height":119,"ratio":0.14302884615384615,"itemID":14},{"productid":"71","name":"Black Granite Motif (free)","type":"Motif","part":"Headstone","side":"Front","src":"1_209_01","item":"1_209_01","price":0,"quantity":1,"color":"#ffffff","colorName":"White","x":268.07698695866145,"y":279.72916666666674,"flipx":-1,"flipy":-1,"rotation":0,"height":119,"ratio":0.14302884615384615,"itemID":15},{"productid":"71","name":"Black Granite Motif (free)","type":"Motif","part":"Headstone","side":"Front","src":"1_065_12","item":"1_065_12","price":0,"quantity":1,"color":"#ffffff","colorName":"White","x":-274,"y":-226.22916666666674,"flipx":1,"flipy":1,"rotation":0,"height":88,"ratio":0.12464589235127478,"itemID":16},{"productid":"71","name":"Black Granite Motif (free)","type":"Motif","part":"Headstone","side":"Front","src":"1_065_12","item":"1_065_12","price":0,"quantity":1,"color":"#ffffff","colorName":"White","x":277.89088863892016,"y":-228.125,"flipx":-1,"flipy":1,"rotation":0,"height":88,"ratio":0.12464589235127478,"itemID":17},{"productid":"71","name":"Black Granite Motif (free)","type":"Motif","part":"Headstone","side":"Front","src":"1_008_30","item":"1_008_30","price":0,"quantity":1,"color":"#ffffff","colorName":"White","x":8,"y":-302.37500000000006,"flipx":1,"flipy":1,"rotation":0,"height":71,"ratio":0.23986486486486486,"itemID":19},{"productid":"16","name":"Black Granite Inscription (free)","type":"Inscription","part":"Headstone","side":"Front","price":0,"quantity":17,"label":"Forever in our Heart","font":"49.94544431946007px Chopin Script","font_size":44,"font_family":"Chopin Script","color":"#ffffff","colorName":"White","x":-14,"y":290.3418268473651,"rotation":0,"flipx":1,"flipy":1,"height":52,"itemID":1},{"productid":"16","name":"Black Granite Inscription (free)","type":"Inscription","part":"Headstone","side":"Front","price":0,"quantity":16,"label":"In loving memory of","font":"56.75618672665917px Chopin Script","font_size":50,"font_family":"Chopin Script","color":"#ffffff","colorName":"White","x":0,"y":-232.42446188279155,"rotation":0,"flipx":1,"flipy":1,"height":52,"itemID":3},{"productid":"16","name":"Black Granite Inscription (free)","type":"Inscription","part":"Headstone","side":"Front","price":0,"quantity":18,"label":"1/1/1967 - 2/14/2024","font":"15.891732283464568px Lucida Calligraphy","font_size":14,"font_family":"Lucida Calligraphy","color":"#ffffff","colorName":"White","x":4,"y":54.126519097222285,"rotation":0,"flipx":1,"flipy":1,"height":15,"itemID":5},{"productid":"16","name":"Black Granite Inscription (free)","type":"Inscription","part":"Headstone","side":"Front","price":0,"quantity":27,"label":"A loving Wife, Mom, and Grandmom","font":"34.0537120359955px Chopin Script","font_size":30,"font_family":"Chopin Script","color":"#ffffff","colorName":"White","x":-2,"y":84.27126736111109,"rotation":0,"flipx":1,"flipy":1,"height":38,"itemID":7},{"productid":"16","name":"Black Granite Inscription (free)","type":"Inscription","part":"Headstone","side":"Front","price":0,"quantity":28,"label":"“Surely goodness and mercy shall","font":"18.161979752530936px Lucida Calligraphy","font_size":16,"font_family":"Lucida Calligraphy","color":"#ffffff","colorName":"White","x":-158,"y":127.39605034722229,"rotation":0,"flipx":1,"flipy":1,"height":19,"itemID":8},{"productid":"16","name":"Black Granite Inscription (free)","type":"Inscription","part":"Headstone","side":"Front","price":0,"quantity":26,"label":"follow me all the days of my life","font":"18.161979752530936px Lucida Calligraphy","font_size":16,"font_family":"Lucida Calligraphy","color":"#ffffff","colorName":"White","x":-162,"y":147.83904606619,"rotation":0,"flipx":1,"flipy":1,"height":19,"itemID":9},{"productid":"16","name":"Black Granite Inscription (free)","type":"Inscription","part":"Headstone","side":"Front","price":0,"quantity":25,"label":"And I will dwell in the house of","font":"18.161979752530936px Lucida Calligraphy","font_size":16,"font_family":"Lucida Calligraphy","color":"#ffffff","colorName":"White","x":-168,"y":168.84767553541403,"rotation":0,"flipx":1,"flipy":1,"height":19,"itemID":10},{"productid":"16","name":"Black Granite Inscription (free)","type":"Inscription","part":"Headstone","side":"Front","price":0,"quantity":16,"label":"the lord forever.”","font":"18.161979752530936px Lucida Calligraphy","font_size":16,"font_family":"Lucida Calligraphy","color":"#ffffff","colorName":"White","x":-176,"y":193.49350886874737,"rotation":0,"flipx":1,"flipy":1,"height":19,"itemID":11},{"productid":"16","name":"Black Granite Inscription (free)","type":"Inscription","part":"Headstone","side":"Front","price":0,"quantity":10,"label":"Psalms 23:6","font":"18.161979752530936px Lucida Calligraphy","font_size":16,"font_family":"Lucida Calligraphy","color":"#ffffff","colorName":"White","x":-174,"y":223.8268422020807,"rotation":0,"flipx":1,"flipy":1,"height":17,"itemID":12},{"productid":"71","name":"Black Granite Motif (free)","type":"Motif","part":"Headstone","side":"Front","src":"1_154_13","item":"1_154_13","price":0,"quantity":1,"color":"#ffffff","colorName":"White","x":-170,"y":-100,"flipx":1,"flipy":1,"rotation":15,"height":101,"ratio":0.10836909871244635,"itemID":21},{"productid":"16","name":"Black Granite Inscription (free)","type":"Inscription","part":"Headstone","side":"Front","price":0,"quantity":6,"label":"Mue Gay","font":"45.40494938132734px Chopin Script","font_size":40,"font_family":"Chopin Script","color":"#ffffff","colorName":"White","x":2,"y":18.393012152777715,"rotation":0,"flipx":1,"flipy":1,"height":42,"itemID":4},{"productid":"71","name":"Black Granite Motif (free)","type":"Motif","part":"Headstone","side":"Front","src":"1_154_13","item":"1_154_13","price":0,"quantity":1,"color":"#ffffff","colorName":"White","x":181.23860144493744,"y":-82,"flipx":-1,"flipy":1,"rotation":-15,"height":101,"ratio":0.10836909871244635,"itemID":22},{"productid":"71","name":"Black Granite Motif (free)","type":"Motif","part":"Headstone","side":"Front","src":"1_155_14","item":"1_155_14","price":0,"quantity":1,"color":"#ffffff","colorName":"White","x":162,"y":180,"flipx":1,"flipy":1,"rotation":0,"height":102,"ratio":0.16346153846153846,"itemID":23}]