[{"productid":124,"type":"Headstone","shape":"Curved Top","color":"#000000","fixed":0,"texture":"src/granites/forever2/l/Blue-Pearl.jpg","name":"Traditional Engraved Headstone","price":1747.74,"quantity":1,"width":762,"height":558.7999999999997,"_length":80,"init_width":1296,"init_height":678,"device":"desktop","dpr":1.25,"orientation":"landscape","version":"1.44","version_date":20230919,"mode":"2d","navigator":"Chrome (desktop), 1536x864"},{"productid":124,"type":"Base","name":"Rectangle","shape":"Rectangle","color":"#000000","fixed":0,"texture":"src/granites/forever2/l/African-Black.jpg","price":664,"quantity":1,"width":862,"height":101.6,"_length":130,"init_width":1296,"init_height":678,"mode":"2d"},{"productid":"125","name":"Inscription (Traditional Engraved)","type":"Inscription","part":"Headstone","side":"Front","price":18.7,"quantity":6,"label":"NORRIS","font":"113.18821926105387px Garamond","font_size":120,"font_family":"Garamond","color":"#c99d44","colorName":"Gold Gilding","x":11.25,"y":-91.89085545722696,"rotation":0,"flipx":1,"flipy":1,"height":82,"itemID":1},{"productid":"125","name":"Inscription (Traditional Engraved)","type":"Inscription","part":"Headstone","side":"Front","price":7.4,"quantity":14,"label":"DAVID H.      ELLEN E.","font":"63.196755754088414px Garamond","font_size":67,"font_family":"Garamond","color":"#c99d44","colorName":"Gold Gilding","x":13.75,"y":68.01474926253707,"rotation":0,"flipx":1,"flipy":1,"height":48,"itemID":2},{"productid":"125","name":"Inscription (Traditional Engraved)","type":"Inscription","part":"Headstone","side":"Front","price":7.4,"quantity":9,"label":"1942 - 2000","font":"49.99146350696546px Garamond","font_size":53,"font_family":"Garamond","color":"#c99d44","colorName":"Gold Gilding","x":-147.5,"y":137.97345132743374,"rotation":0,"flipx":1,"flipy":1,"height":37,"itemID":3},{"productid":"125","name":"Inscription (Traditional Engraved)","type":"Inscription","part":"Headstone","side":"Front","price":7.4,"quantity":9,"label":"1942 - 2000","font":"49.99146350696546px Garamond","font_size":53,"font_family":"Garamond","color":"#c99d44","colorName":"Gold Gilding","x":182.5,"y":139.24336283185852,"rotation":0,"flipx":1,"flipy":1,"height":37,"itemID":4}]