[{"productid":4,"type":"Headstone","shape":"Cropped Peak","color":"#000000","fixed":0,"texture":"src/granites/forever2/l/18.jpg","name":"Laser Etched Black Granite Headstone","price":2565.95,"quantity":1,"width":609.5999999999999,"height":609.5999999999999,"_length":80,"init_width":1118,"init_height":582,"device":"desktop","dpr":1,"orientation":"landscape","version":"1.44","version_date":20230919,"mode":"2d","navigator":"Edge (chromium based) (desktop), 1366x768"},{"productid":4,"type":"Base","name":"Rectangle","shape":"Rectangle","color":"#000000","fixed":0,"texture":"src/granites/forever2/l/18.jpg","price":650,"quantity":1,"width":709.5999999999999,"height":101.6,"_length":250,"init_width":1118,"init_height":582,"mode":"2d"},{"productid":21,"id":21,"uid":1713833293993,"path":"../upload/2024/04/","name":"Laser-etched Image","type":"Photo","item":"1713833293993438083410_17928154712075.jpg","color":1,"mask":1,"x":-160.54618807765667,"y":129.65734265734267,"flipx":1,"flipy":1,"rotation":0,"ratio":0.7727688158298395,"shape_url":"shapes/photos/rectangle_vertical.svg","part":"Headstone","side":"Front","src":"438083410_1792815471207521_1958134572075976821_n-removebg-preview.png","price":0,"quantity":1,"size":277,"width":"124","height":"221","itemID":1},{"productid":21,"id":21,"uid":1713833416530,"path":"../upload/2024/04/","name":"Laser-etched Image","type":"Photo","item":"1713833416530dramatic_cool_crop_cropp.jpg","color":1,"mask":1,"x":8.818181818181756,"y":141.93706293706293,"flipx":1,"flipy":1,"rotation":0,"ratio":0.6662682789651294,"shape_url":"shapes/photos/rectangle_vertical.svg","part":"Headstone","side":"Front","src":"dramatic cool crop.JPG","price":0,"quantity":1,"size":243,"width":"166","height":"194","itemID":2},{"productid":"16","name":"Black Granite Inscription (free)","type":"Inscription","part":"Headstone","side":"Front","price":0,"quantity":9,"label":"1995-2195","font":"39.89384139482565px French Script","font_size":50,"font_family":"French Script","color":"#ffffff","colorName":"White","x":-7,"y":-81,"rotation":0,"flipx":1,"flipy":1,"height":25,"itemID":4},{"productid":"16","name":"Black Granite Inscription (free)","type":"Inscription","part":"Headstone","side":"Front","price":0,"quantity":18,"label":"\"His Legacy Lives On\"","font":"52.65987064116985px French Script","font_size":66,"font_family":"French Script","color":"#ffffff","colorName":"White","x":4,"y":-22,"rotation":0,"flipx":1,"flipy":1,"height":65,"itemID":5},{"productid":"16","name":"Black Granite Inscription (free)","type":"Inscription","part":"Headstone","side":"Front","price":0,"quantity":16,"label":"Mark Jayson Castro","font":"55.053501124859395px French Script","font_size":69,"font_family":"French Script","color":"#ffffff","colorName":"White","x":-2,"y":-138,"rotation":0,"flipx":1,"flipy":1,"height":68,"itemID":3},{"productid":21,"id":21,"uid":1713834901039,"path":"../upload/2024/04/","name":"Laser-etched Image","type":"Photo","item":"1713834901039colorremovebgpreview_1_c.jpg","color":1,"mask":1,"x":159,"y":140,"flipx":1,"flipy":1,"rotation":0,"ratio":0.7128796400449944,"shape_url":"shapes/photos/rectangle_vertical.svg","part":"Headstone","side":"Front","src":"COLOR-removebg-preview (1).png","price":80,"quantity":1,"size":260,"width":"165","height":"207","itemID":6}]