[{"productid":4,"type":"Headstone","shape":"Serpentine","color":"#000000","fixed":0,"texture":"src/granites/forever2/l/18.jpg","name":"Laser Etched Black Granite Headstone","price":2565.95,"quantity":1,"width":609.5999999999999,"height":609.5999999999999,"_length":80,"init_width":1126,"init_height":543,"device":"desktop","dpr":1,"orientation":"landscape","version":"1.44","version_date":20230919,"mode":"2d","navigator":"Chrome (desktop), 1366x768"},{"productid":"16","name":"Black Granite Inscription (free)","type":"Inscription","part":"Headstone","side":"Front","price":0,"quantity":5,"label":"Swain","font":"134.61429625984252px Garamond","font_size":155,"font_family":"Garamond","color":"#ffffff","colorName":"White","x":-3,"y":-154,"rotation":0,"flipx":1,"flipy":1,"height":105,"itemID":1},{"productid":21,"id":21,"uid":1714416516111,"path":"../upload/2024/04/","name":"Laser-etched Image","type":"Photo","item":"1714416516111capture33_cropped.jpg","color":1,"mask":3,"x":0,"y":5,"flipx":1,"flipy":1,"rotation":0,"ratio":0.8333570048344141,"shape_url":"shapes/photos/rectangle_horizontal.svg","part":"Headstone","side":"Front","src":"capture33.PNG","price":0,"quantity":1,"size":261,"width":"308","height":"227","itemID":2},{"productid":21,"id":21,"uid":1714416547899,"path":"../upload/2024/04/","name":"Laser-etched Image","type":"Photo","item":"1714416547899capture_34_cropped.jpg","color":1,"mask":1,"x":-187,"y":164,"flipx":1,"flipy":1,"rotation":0,"ratio":0.6641312528948587,"shape_url":"shapes/photos/rectangle_vertical.svg","part":"Headstone","side":"Front","src":"capture 34.PNG","price":0,"quantity":1,"size":208,"width":"127","height":"181","itemID":3},{"productid":21,"id":21,"uid":1714416589328,"path":"../upload/2024/04/","name":"Laser-etched Image","type":"Photo","item":"1714416589328capture35_cropped.jpg","color":1,"mask":1,"x":187,"y":163,"flipx":1,"flipy":1,"rotation":0,"ratio":0.7216041497799908,"shape_url":"shapes/photos/rectangle_vertical.svg","part":"Headstone","side":"Front","src":"capture35.PNG","price":80,"quantity":1,"size":226,"width":"137","height":"196","itemID":4}]