[{"productid":4,"type":"Headstone","shape":"Serpentine","color":"#000000","fixed":0,"texture":"src/granites/forever2/l/18.jpg","name":"Laser Etched Black Granite Headstone","price":2938.09,"quantity":1,"width":590.5499999999998,"height":711.1999999999999,"_length":90,"init_width":1126,"init_height":569,"device":"desktop","dpr":1,"orientation":"landscape","version":"1.44","version_date":20230919,"mode":"2d","navigator":"Chrome (desktop), 1366x768"},{"productid":4,"type":"Base","name":"Rectangle","flower_pot_holes":true,"base_flower_pots":4,"shape":"Rectangle","color":"#000000","fixed":0,"texture":"src/granites/forever2/l/18.jpg","price":640,"quantity":1,"width":690.5499999999998,"height":101.6,"_length":250,"init_width":1126,"init_height":569,"mode":"2d"},{"productid":"16","name":"Black Granite Inscription (free)","type":"Inscription","part":"Headstone","side":"Front","price":0,"quantity":18,"label":"Loved son and brother","font":"34.12739911417323px Garamond","font_size":50,"font_family":"Garamond","color":"#ffffff","colorName":"White","x":0,"y":-31,"rotation":0,"flipx":1,"flipy":1,"height":37,"itemID":1},{"productid":"16","name":"Black Granite Inscription (free)","type":"Inscription","part":"Headstone","side":"Front","price":0,"quantity":9,"label":"we miss you","font":"34.12739911417323px Garamond","font_size":50,"font_family":"Garamond","color":"#ffffff","colorName":"White","x":-1,"y":-4.999999999999972,"rotation":0,"flipx":1,"flipy":1,"height":45,"itemID":2},{"productid":21,"id":21,"uid":1714510137175,"path":"../upload/2024/04/","name":"Laser-etched Image","type":"Photo","item":"1714510137175wp9650693nissangtrr34iph.jpg","color":1,"mask":3,"x":-7,"y":-124.99999999999997,"flipx":1,"flipy":1,"rotation":0,"ratio":0.46461160899295484,"shape_url":"shapes/photos/rectangle_horizontal.svg","part":"Headstone","side":"Front","src":"wp9650693-nissan-gtr-r34-iphone-wallpapers.jpg","price":0,"quantity":1,"size":194,"width":"184","height":"132","itemID":3},{"productid":"16","name":"Black Granite Inscription (free)","type":"Inscription","part":"Headstone","side":"Front","price":0,"quantity":9,"label":"2007-2024","font":"34.12739911417323px Garamond","font_size":50,"font_family":"Garamond","color":"#ffffff","colorName":"White","x":-5,"y":32.00000000000003,"rotation":0,"flipx":1,"flipy":1,"height":34,"itemID":4}]