[{"productid":4,"type":"Headstone","shape":"Serpentine","color":"#000000","fixed":0,"texture":"src/granites/forever2/l/18.jpg","name":"Laser Etched Black Granite Headstone","price":3252.97,"quantity":1,"width":609.5999999999999,"height":762,"_length":90,"init_width":428,"init_height":689,"device":"mobile","dpr":3,"orientation":"portrait","version":"1.44","version_date":20230919,"mode":"2d","navigator":"Safari (mobile(ios)), 428x926"},{"productid":4,"type":"Base","name":"Rectangle","shape":"Rectangle","color":"#000000","fixed":0,"texture":"src/granites/forever2/l/18.jpg","price":650,"quantity":1,"width":709.5999999999999,"height":101.6,"_length":250,"init_width":428,"init_height":689,"mode":"2d"},{"productid":"16","name":"Black Granite Inscription (free)","type":"Inscription","part":"Headstone","side":"Front","price":0,"quantity":20,"label":"Amador Ventura Montero","font":"85.52813802686428px Chopin Script","font_size":59,"font_family":"Chopin Script","color":"#ffffff","colorName":"White","x":0,"y":0,"rotation":0,"flipx":1,"flipy":1,"height":63,"itemID":1},{"productid":"16","name":"Black Granite Inscription (free)","type":"Inscription","part":"Headstone","side":"Front","price":0,"quantity":24,"label":"June 18, 1964 - March 21, 2024","font":"47.8377721167207px Lucida Calligraphy","font_size":33,"font_family":"Lucida Calligraphy","color":"#ffffff","colorName":"White","x":-3,"y":79.20000000000009,"rotation":0,"flipx":1,"flipy":1,"height":34,"itemID":2}]