[{"productid":4,"type":"Headstone","shape":"Square","color":"#000000","fixed":0,"texture":"src/granites/forever2/l/18.jpg","name":"Laser Etched Black Granite Headstone","price":1634.16,"quantity":1,"width":609.5999999999999,"height":304.79999999999995,"_length":80,"init_width":1632,"init_height":894,"device":"desktop","dpr":1,"orientation":"landscape","version":"1.44","version_date":20230919,"mode":"2d","navigator":"Edge (chromium based) (desktop), 1920x1080"},{"productid":"16","name":"Black Granite Inscription (free)","type":"Inscription","part":"Headstone","side":"Front","price":0,"quantity":16,"label":"In Loving Memory of","font":"34.316929133858274px Garamond","font_size":24,"font_family":"Garamond","color":"#ffffff","colorName":"White","x":-18,"y":-144,"rotation":0,"flipx":1,"flipy":1,"height":24,"itemID":1},{"productid":"16","name":"Black Granite Inscription (free)","type":"Inscription","part":"Headstone","side":"Front","price":0,"quantity":42,"label":"Romans 14:8 \"A de ngar, e kede ngar el kirel a Rubak;","font":"28.597440944881892px Garamond","font_size":20,"font_family":"Garamond","color":"#ffffff","colorName":"White","x":-7,"y":72,"rotation":0,"flipx":1,"flipy":1,"height":20,"itemID":4},{"productid":"16","name":"Black Granite Inscription (free)","type":"Inscription","part":"Headstone","side":"Front","price":0,"quantity":41,"label":"ma de mad, e kede mad el kirel a Rubak. Ma le ua isei,","font":"28.597440944881892px Garamond","font_size":20,"font_family":"Garamond","color":"#ffffff","colorName":"White","x":-5,"y":104,"rotation":0,"flipx":1,"flipy":1,"height":17,"itemID":5},{"productid":"16","name":"Black Granite Inscription (free)","type":"Inscription","part":"Headstone","side":"Front","price":0,"quantity":39,"label":"e a de ngar ma de mad me kid a di mesiungel a Rubak.","font":"28.597440944881892px Garamond","font_size":20,"font_family":"Garamond","color":"#ffffff","colorName":"White","x":-1,"y":131,"rotation":0,"flipx":1,"flipy":1,"height":20,"itemID":6},{"productid":"71","name":"Black Granite Motif (free)","type":"Motif","part":"Headstone","side":"Front","src":"2_155_14","item":"2_155_14","price":0,"quantity":1,"color":"#ffffff","colorName":"White","x":-216,"y":-145,"flipx":1,"flipy":1,"rotation":0,"height":48,"ratio":0.08205128205128205,"itemID":7},{"productid":"71","name":"Black Granite Motif (free)","type":"Motif","part":"Headstone","side":"Front","src":"2_155_14","item":"2_155_14","price":0,"quantity":1,"color":"#ffffff","colorName":"White","x":176.70629921259842,"y":-146,"flipx":-1,"flipy":1,"rotation":0,"height":48,"ratio":0.08205128205128205,"itemID":8},{"productid":"16","name":"Black Granite Inscription (free)","type":"Inscription","part":"Headstone","side":"Front","price":0,"quantity":21,"label":"Ungilredechel N.  Ewatel","font":"77.21309055118111px Great Vibes","font_size":54,"font_family":"Great Vibes","color":"#ffffff","colorName":"White","x":7,"y":-65,"rotation":0,"flipx":1,"flipy":1,"height":64,"itemID":2},{"productid":"16","name":"Black Granite Inscription (free)","type":"Inscription","part":"Headstone","side":"Front","price":0,"quantity":28,"label":"January 3, 1937 - October 18, 2018","font":"31.45718503937008px Garamond","font_size":22,"font_family":"Garamond","color":"#ffffff","colorName":"White","x":-6,"y":3,"rotation":0,"flipx":1,"flipy":1,"height":22,"itemID":3},{"productid":"71","name":"Black Granite Motif (free)","type":"Motif","part":"Headstone","side":"Front","src":"2_131_18","item":"2_131_18","price":0,"quantity":1,"color":"#ffffff","colorName":"White","x":-363,"y":3,"flipx":-1,"flipy":1,"rotation":0,"height":182,"ratio":0.2559774964838256,"itemID":9}]