[{"productid":124,"type":"Headstone","shape":"Square","color":"#000000","fixed":0,"texture":"src/granites/forever2/l/Noble-Black.jpg","name":"Traditional Engraved Headstone","price":1501.1,"quantity":1,"width":711.2000000000003,"height":514.3499999999996,"_length":80,"init_width":412,"init_height":717,"device":"mobile","dpr":2.625,"orientation":"portrait","version":"1.44","version_date":20230919,"mode":"2d","navigator":"Chrome (mobile(android)), 412x915"},{"productid":2300,"id":2300,"uid":1715109805523,"path":"../upload/2024/05/","name":"Vitreous Enamel","type":"Photo","item":"1715109805523istockphoto674457260612x.jpg","color":0,"mask":0,"x":-324.43005230357346,"y":-42.06823739077373,"flipx":1,"flipy":1,"rotation":0,"ratio":0.4129951417980828,"shape_url":"shapes/photos/oval_vertical.svg","part":"Headstone","side":"Front","src":"istockphoto-674457260-612x612.jpg","price":350,"quantity":1,"size":"80 x 100 mm","itemID":20},{"productid":"125","name":"Inscription (Traditional Engraved)","type":"Inscription","part":"Headstone","side":"Front","price":4.1,"quantity":16,"label":"IN LOVING MEMORY OF","font":"69.6846702755905px Garamond","font_size":47,"font_family":"Garamond","color":"#c99d44","colorName":"Gold Gilding","x":-7.3795193792547025,"y":-300.49342073756605,"rotation":0,"flipx":1,"flipy":1,"height":32,"itemID":1},{"productid":"125","name":"Inscription (Traditional Engraved)","type":"Inscription","part":"Headstone","side":"Front","price":4.1,"quantity":7,"label":"ANDREAS","font":"59.30610236220468px Garamond","font_size":40,"font_family":"Garamond","color":"#c99d44","colorName":"Gold Gilding","x":-308.35345527500783,"y":-208.48270856924864,"rotation":0,"flipx":1,"flipy":1,"height":29,"itemID":2},{"productid":"125","name":"Inscription (Traditional Engraved)","type":"Inscription","part":"Headstone","side":"Front","price":4.1,"quantity":9,"label":"PARASKEVA","font":"60.7887549212598px Garamond","font_size":41,"font_family":"Garamond","color":"#c99d44","colorName":"Gold Gilding","x":-305.7179083500092,"y":-146.84887138549666,"rotation":0,"flipx":1,"flipy":1,"height":29,"itemID":4},{"productid":"125","name":"Inscription (Traditional Engraved)","type":"Inscription","part":"Headstone","side":"Front","price":4.1,"quantity":23,"label":"21st Jan 1944 - 29th Oct 2023","font":"38.548966535433046px Garamond","font_size":26,"font_family":"Garamond","color":"#c99d44","colorName":"Gold Gilding","x":-301.3701297426689,"y":70.57023858214063,"rotation":0,"flipx":1,"flipy":1,"height":24,"itemID":10},{"productid":"125","name":"Inscription (Traditional Engraved)","type":"Inscription","part":"Headstone","side":"Front","price":4.1,"quantity":6,"label":"Aged 79","font":"35.583661417322816px Garamond","font_size":24,"font_family":"Garamond","color":"#c99d44","colorName":"Gold Gilding","x":-317.3142387519762,"y":114.34329794333166,"rotation":0,"flipx":1,"flipy":1,"height":24,"itemID":11},{"productid":"125","name":"Inscription (Traditional Engraved)","type":"Inscription","part":"Headstone","side":"Front","price":4.1,"quantity":16,"label":"A BELOVED HUSBAND,","font":"29.65305118110234px Garamond","font_size":20,"font_family":"Garamond","color":"#c99d44","colorName":"Gold Gilding","x":-306.7723813473599,"y":160.05538414509599,"rotation":0,"flipx":1,"flipy":1,"height":17,"itemID":13},{"productid":"125","name":"Inscription (Traditional Engraved)","type":"Inscription","part":"Headstone","side":"Front","price":4.1,"quantity":9,"label":"FATHER AND","font":"35.583661417322816px Garamond","font_size":24,"font_family":"Garamond","color":"#c99d44","colorName":"Gold Gilding","x":-312.83441251921414,"y":199.95746349633595,"rotation":0,"flipx":1,"flipy":1,"height":18,"itemID":14},{"productid":"125","name":"Inscription (Traditional Engraved)","type":"Inscription","part":"Headstone","side":"Front","price":4.1,"quantity":12,"label":"GRANDFATHER.","font":"42.9969242125984px Garamond","font_size":29,"font_family":"Garamond","color":"#c99d44","colorName":"Gold Gilding","x":-305.9815591284373,"y":240.03930136765888,"rotation":0,"flipx":1,"flipy":1,"height":21,"itemID":16},{"productid":"125","name":"Inscription (Traditional Engraved)","type":"Inscription","part":"Headstone","side":"Front","price":4.1,"quantity":17,"label":"Always In Our Hearts","font":"25.205093503936993px Arial","font_size":17,"font_family":"Arial","color":"#c99d44","colorName":"Gold Gilding","x":-305.45443272822115,"y":287.3354767580035,"rotation":0,"flipx":1,"flipy":1,"height":16,"itemID":18},{"productid":"125","name":"Inscription (Traditional Engraved)","type":"Inscription","part":"Headstone","side":"Front","price":4.1,"quantity":20,"label":"And Forever In Thoughts","font":"26.687746062992108px Arial","font_size":18,"font_family":"Arial","color":"#c99d44","colorName":"Gold Gilding","x":-314.1515303954336,"y":319.30340090093546,"rotation":0,"flipx":1,"flipy":1,"height":16,"itemID":19}]