[{"productid":4,"type":"Headstone","shape":"Serpentine","color":"#000000","fixed":0,"texture":"src/granites/forever2/l/18.jpg","name":"Laser Etched Black Granite Headstone","price":2565.95,"quantity":1,"width":609.5999999999999,"height":609.5999999999999,"_length":80,"init_width":800,"init_height":1030,"device":"tablet","dpr":1.5,"orientation":"portrait","version":"1.44","version_date":20230919,"mode":"2d","navigator":"Chrome (tablet(android)), 800x1280"},{"productid":4,"type":"Base","name":"Rectangle","shape":"Rectangle","color":"#000000","fixed":0,"texture":"src/granites/forever2/l/18.jpg","price":640,"quantity":1,"width":709.5999999999999,"height":100,"_length":250,"init_width":800,"init_height":1030,"mode":"2d"},{"productid":21,"id":21,"uid":1716766493384,"path":"../upload/2024/05/","name":"Laser-etched Image","type":"Photo","item":"1716766493384part0_21_cropped.jpg","color":1,"mask":3,"x":0.844573974609375,"y":-19.695648840588603,"flipx":1,"flipy":1,"rotation":0,"ratio":1.0213055899125447,"shape_url":"shapes/photos/rectangle_horizontal.svg","part":"Headstone","side":"Front","src":"part0_21.jpg","price":0,"quantity":1,"size":319,"width":"934","height":"526","itemID":1},{"productid":7,"id":7,"uid":1716767372294,"path":"../upload/2024/05/","name":"Ceramic Image","type":"Photo","item":"1716767372294smartselect_20230719_103.jpg","color":0,"mask":0,"x":12.689254760742188,"y":-391.93369503814097,"flipx":1,"flipy":1,"rotation":0,"ratio":0.320158492135594,"shape_url":"shapes/photos/oval_vertical.svg","part":"Headstone","side":"Front","src":"SmartSelect_20230719_103556_Photo Editor.jpg","price":310,"quantity":1,"size":"80 x 100 mm","itemID":5},{"productid":"16","name":"Black Granite Inscription (free)","type":"Inscription","part":"Headstone","side":"Front","price":0,"quantity":16,"label":"Austin D. Atkinson","font":"82.44081172491545px Garamond","font_size":50,"font_family":"Garamond","color":"#ffffff","colorName":"White","x":-18.984283447265625,"y":299.29112191235686,"rotation":0,"flipx":1,"flipy":1,"height":36,"itemID":2},{"productid":"16","name":"Black Granite Inscription (free)","type":"Inscription","part":"Headstone","side":"Front","price":0,"quantity":24,"label":"March 17, 1992 - March 8, 2021","font":"65.95264937993237px Garamond","font_size":40,"font_family":"Garamond","color":"#ffffff","colorName":"White","x":-4.994110107421875,"y":372.9512521593383,"rotation":0,"flipx":1,"flipy":1,"height":34,"itemID":3},{"productid":"16","name":"Black Granite Inscription (free)","type":"Inscription","part":"Headstone","side":"Front","price":0,"quantity":29,"label":"\"A Smile Is The Beauty Of  Ones Soul\"","font":"61.00620067643744px Garamond","font_size":37,"font_family":"Garamond","color":"#ffffff","colorName":"White","x":-6.992706298828125,"y":444.91282177735525,"rotation":0,"flipx":1,"flipy":1,"height":36,"itemID":6}]