[{"productid":4,"type":"Headstone","shape":"Serpentine","color":"#000000","fixed":0,"texture":"src/granites/forever2/l/18.jpg","name":"Laser Etched Black Granite Headstone","price":1931.05,"quantity":1,"width":609.5999999999999,"height":444.5,"_length":80,"init_width":414,"init_height":758,"device":"mobile","dpr":2.608695652173913,"orientation":"portrait","version":"1.44","version_date":20230919,"mode":"2d","navigator":"Mozilla Firefox (mobile(android)), 414x920"},{"productid":4,"type":"Base","name":"Rectangle","shape":"Rectangle","color":"#000000","fixed":0,"texture":"src/granites/forever2/l/18.jpg","price":650,"quantity":1,"width":709.5999999999999,"height":101.6,"_length":130,"init_width":414,"init_height":758,"mode":"2d"},{"productid":"16","name":"Black Granite Inscription (free)","type":"Inscription","part":"Headstone","side":"Front","price":0,"quantity":16,"label":"IN LOVING MEMORY OF","font":"36.555804797656116px Garamond","font_size":26,"font_family":"Garamond","color":"#ffffff","colorName":"White","x":20.86956521739114,"y":-145.1141159310224,"rotation":0,"flipx":1,"flipy":1,"height":18,"itemID":1},{"productid":"16","name":"Black Granite Inscription (free)","type":"Inscription","part":"Headstone","side":"Front","price":0,"quantity":8,"label":"\"SHOOTY\"","font":"156.06516663614727px Garamond","font_size":111,"font_family":"Garamond","color":"#ffffff","colorName":"White","x":15.652173913043612,"y":-13.689411100444575,"rotation":0,"flipx":1,"flipy":1,"height":79,"itemID":2},{"productid":"16","name":"Black Granite Inscription (free)","type":"Inscription","part":"Headstone","side":"Front","price":0,"quantity":25,"label":"Father Of Kenzi, Alex, Steven","font":"57.645692180919255px Garamond","font_size":41,"font_family":"Garamond","color":"#ffffff","colorName":"White","x":13.043478260869506,"y":126.52799999999961,"rotation":0,"flipx":1,"flipy":1,"height":35,"itemID":4}]