[{"productid":4,"type":"Headstone","shape":"Left Wave","color":"#000000","fixed":0,"texture":"src/granites/forever2/l/18.jpg","name":"Laser Etched Black Granite Headstone","price":2565.95,"quantity":1,"width":609.5999999999999,"height":609.5999999999999,"_length":80,"init_width":384,"init_height":640,"device":"mobile","dpr":2.8125,"orientation":"portrait","version":"1.44","version_date":20230919,"mode":"2d","navigator":"Chrome (mobile(android)), 384x832"},{"productid":"71","name":"Black Granite Motif (free)","type":"Motif","part":"Headstone","side":"Front","src":"1_148_24","item":"1_148_24","price":0,"quantity":1,"color":"#ffffff","colorName":"White","x":-423.066645860672,"y":218.1715721420095,"flipx":1,"flipy":1,"rotation":0,"height":68,"ratio":0.1559633027522936,"itemID":6},{"productid":"71","name":"Black Granite Motif (free)","type":"Motif","part":"Headstone","side":"Front","src":"1_148_25","item":"1_148_25","price":0,"quantity":1,"color":"#ffffff","colorName":"White","x":91.9998550415039,"y":225.82284468638747,"flipx":1,"flipy":1,"rotation":0,"height":72,"ratio":0.16179775280898875,"itemID":7},{"productid":21,"id":21,"uid":1717722004485,"path":"../upload/2024/06/","name":"Laser-etched Image","type":"Photo","item":"17177220044851000001275_cropped.jpg","color":1,"mask":3,"x":0,"y":0,"flipx":1,"flipy":1,"rotation":0,"ratio":0.269900344488189,"shape_url":"shapes/photos/rectangle_horizontal.svg","part":"Headstone","side":"Front","src":"1000001275.jpg","price":0,"quantity":1,"size":50,"width":"19346","height":"86","itemID":8},{"productid":7,"id":7,"uid":1717722175021,"path":"../upload/2024/06/","name":"Ceramic Image","type":"Photo","item":"17177221750211000001275_cropped.jpg","color":0,"mask":0,"x":-390.9999418258667,"y":-332.15190066566953,"flipx":1,"flipy":1,"rotation":0,"ratio":0.9716412401574805,"shape_url":"shapes/photos/oval_vertical.svg","part":"Headstone","side":"Front","src":"1000001275.jpg","price":440,"quantity":1,"size":"130 x 180 mm","itemID":9},{"productid":"16","name":"Black Granite Inscription (free)","type":"Inscription","part":"Headstone","side":"Front","price":0,"quantity":19,"label":"Missed Beyond Measure","font":"29.365157480314966px Garamond","font_size":17,"font_family":"Garamond","color":"#ffffff","colorName":"White","x":-23.577649116516113,"y":-219.83378793734465,"rotation":0,"flipx":1,"flipy":1,"height":16,"itemID":1},{"productid":"16","name":"Black Granite Inscription (free)","type":"Inscription","part":"Headstone","side":"Front","price":0,"quantity":27,"label":"James \"Whistle\" Killingsworth","font":"86.36811023622049px Garamond","font_size":50,"font_family":"Garamond","color":"#ffffff","colorName":"White","x":-19.000039100646973,"y":118.08469288301367,"rotation":0,"flipx":1,"flipy":1,"height":50,"itemID":2},{"productid":"16","name":"Black Granite Inscription (free)","type":"Inscription","part":"Headstone","side":"Front","price":0,"quantity":7,"label":"2.20.56","font":"86.36811023622049px Garamond","font_size":50,"font_family":"Garamond","color":"#ffffff","colorName":"White","x":-240.99999904632568,"y":239.19354751943237,"rotation":0,"flipx":1,"flipy":1,"height":35,"itemID":3},{"productid":"16","name":"Black Granite Inscription (free)","type":"Inscription","part":"Headstone","side":"Front","price":0,"quantity":8,"label":"12.30.22","font":"86.36811023622049px Garamond","font_size":50,"font_family":"Garamond","color":"#ffffff","colorName":"White","x":340.999960899353,"y":212.7234270058536,"rotation":0,"flipx":1,"flipy":1,"height":34,"itemID":4},{"productid":"16","name":"Black Granite Inscription (free)","type":"Inscription","part":"Headstone","side":"Front","price":0,"quantity":35,"label":"Loving Husband, Dad, Sibling, and Friend","font":"60.8031179773526px Garamond","font_size":35.199981689453125,"font_family":"Garamond","color":"#ffffff","colorName":"White","x":-4.466652870178223,"y":438.5034660604631,"rotation":0,"flipx":1,"flipy":1,"height":35,"itemID":5}]