[{"productid":4,"type":"Headstone","shape":"Serpentine","color":"#000000","fixed":0,"texture":"src/granites/forever2/l/18.jpg","name":"Laser Etched Black Granite Headstone","price":1850.08,"quantity":1,"width":507.99999999999955,"height":507.99999999999955,"_length":80,"init_width":430,"init_height":683,"device":"mobile","dpr":3,"orientation":"portrait","version":"1.44","version_date":20230919,"mode":"2d","navigator":"Safari (mobile(ios)), 430x932"},{"productid":"71","name":"Black Granite Motif (free)","type":"Motif","part":"Headstone","side":"Front","src":"1_155_25","item":"1_155_25","price":0,"quantity":1,"color":"#ffffff","colorName":"White","x":4.5,"y":-439.06888799102114,"flipx":1,"flipy":1,"rotation":-2,"height":76,"ratio":0.09718670076726342,"itemID":6},{"productid":"71","name":"Black Granite Motif (free)","type":"Motif","part":"Headstone","side":"Front","src":"hummingbird_001","item":"hummingbird_001","price":0,"quantity":1,"color":"#ffffff","colorName":"White","x":-136,"y":-501.1443436473927,"flipx":1,"flipy":1,"rotation":0,"height":40,"ratio":0.2564102564102564,"itemID":7},{"productid":"16","name":"Black Granite Inscription (free)","type":"Inscription","part":"Headstone","side":"Front","price":0,"quantity":69,"label":"يَا أًيَّتُها النَّفْسُ المُطمَئِنَّة إرْجِعي إلى رَبِّكِ راضِيَةً مَرْضِيَّة","font":"54.46948818897643px Xirwena","font_size":22,"font_family":"Xirwena","color":"#ffffff","colorName":"White","x":-9,"y":85.00925132809583,"rotation":0,"flipx":1,"flipy":1,"height":43,"itemID":3},{"productid":"16","name":"Black Granite Inscription (free)","type":"Inscription","part":"Headstone","side":"Front","price":0,"quantity":39,"label":"فَادْخُلِي فِي عِبَادِي وَادْخُلِي جَنَّتِي","font":"59.421259842519746px Chopin Script","font_size":24,"font_family":"Chopin Script","color":"#ffffff","colorName":"White","x":27,"y":165.5374248572972,"rotation":0,"flipx":1,"flipy":1,"height":43,"itemID":5},{"productid":"16","name":"Black Granite Inscription (free)","type":"Inscription","part":"Headstone","side":"Front","price":0,"quantity":67,"label":"\"My hand is lonely for your clasping, dear; my ear is tired waiting for your call.","font":"29.710629921259873px Adorable","font_size":12,"font_family":"Adorable","color":"#ffffff","colorName":"White","x":-12,"y":294.448888888889,"rotation":0,"flipx":1,"flipy":1,"height":12,"itemID":8},{"productid":"16","name":"Black Granite Inscription (free)","type":"Inscription","part":"Headstone","side":"Front","price":0,"quantity":78,"label":"I want your strength to help, your laugh to cheer; Heart, soul and senses need you, one and all.","font":"29.710629921259873px Adorable","font_size":12,"font_family":"Adorable","color":"#ffffff","colorName":"White","x":3,"y":329.8637037037038,"rotation":0,"flipx":1,"flipy":1,"height":12,"itemID":9},{"productid":"16","name":"Black Granite Inscription (free)","type":"Inscription","part":"Headstone","side":"Front","price":0,"quantity":64,"label":"I droop without your full, frank sympathy; We ought to be together - you and I.","font":"29.710629921259873px Adorable","font_size":12,"font_family":"Adorable","color":"#ffffff","colorName":"White","x":3,"y":367.3022222222223,"rotation":0,"flipx":1,"flipy":1,"height":12,"itemID":10},{"productid":"16","name":"Black Granite Inscription (free)","type":"Inscription","part":"Headstone","side":"Front","price":0,"quantity":79,"label":"We want each other so, to comprehend; The dream, the hope, things planned, or seen, or wrought.","font":"29.710629921259873px Adorable","font_size":12,"font_family":"Adorable","color":"#ffffff","colorName":"White","x":6,"y":405.7525925925927,"rotation":0,"flipx":1,"flipy":1,"height":12,"itemID":11},{"productid":"16","name":"Black Granite Inscription (free)","type":"Inscription","part":"Headstone","side":"Front","price":0,"quantity":80,"label":"Companion, comforter and guide and friend; As much as love asks love, does thought ask thought.","font":"29.710629921259873px Adorable","font_size":12,"font_family":"Adorable","color":"#ffffff","colorName":"White","x":3,"y":441.1674074074075,"rotation":0,"flipx":1,"flipy":1,"height":12,"itemID":12},{"productid":"16","name":"Black Granite Inscription (free)","type":"Inscription","part":"Headstone","side":"Front","price":0,"quantity":65,"label":"Life is so short, so fast the lone hours fly; We ought to be together, you and I.\"","font":"29.710629921259873px Adorable","font_size":12,"font_family":"Adorable","color":"#ffffff","colorName":"White","x":3,"y":479.61777777777786,"rotation":0,"flipx":1,"flipy":1,"height":12,"itemID":13},{"productid":"16","name":"Black Granite Inscription (free)","type":"Inscription","part":"Headstone","side":"Front","price":0,"quantity":26,"label":"July 22, 1939 - October 31, 2023","font":"59.421259842519746px Garamond","font_size":24,"font_family":"Garamond","color":"#ffffff","colorName":"White","x":21,"y":-69.09844309764317,"rotation":0,"flipx":1,"flipy":1,"height":24,"itemID":2},{"productid":"16","name":"Black Granite Inscription (free)","type":"Inscription","part":"Headstone","side":"Front","price":0,"quantity":14,"label":"Bachir Soueidan","font":"173.3120078740159px Great Vibes","font_size":70,"font_family":"Great Vibes","color":"#ffffff","colorName":"White","x":-9,"y":-189.05991919191908,"rotation":0,"flipx":1,"flipy":1,"height":64,"itemID":15}]