[{"productid":4,"type":"Headstone","shape":"Serpentine","color":"#000000","fixed":0,"texture":"src/granites/forever2/l/18.jpg","name":"Laser Etched Black Granite Headstone","price":5456.48,"quantity":1,"width":1200,"height":660.4,"_length":80,"init_width":430,"init_height":679,"device":"mobile","dpr":3,"orientation":"portrait","version":"1.44","version_date":20230919,"mode":"2d","navigator":"Safari (mobile(ios)), 430x932"},{"productid":4,"type":"Base","name":"Rectangle","flower_pot_holes":true,"base_flower_pots":2,"shape":"Rectangle","color":"#000000","fixed":0,"texture":"src/granites/forever2/l/18.jpg","price":900,"quantity":1,"width":1200,"height":101.6,"_length":250,"init_width":430,"init_height":679,"mode":"2d"},{"productid":"16","name":"Black Granite Inscription (free)","type":"Inscription","part":"Headstone","side":"Front","price":0,"quantity":6,"label":"KASPER","font":"96.28775px Garamond","font_size":106,"font_family":"Garamond","color":"#ffffff","colorName":"White","x":-18,"y":-162,"rotation":0,"flipx":1,"flipy":1,"height":77,"itemID":1},{"productid":"71","name":"Black Granite Motif (free)","type":"Motif","part":"Headstone","side":"Front","src":"1_007_26","item":"1_007_26","price":0,"quantity":1,"color":"#ffffff","colorName":"White","x":-450,"y":-102,"flipx":1,"flipy":-1,"rotation":0,"height":150,"ratio":0.22288261515601784,"itemID":2},{"productid":"71","name":"Black Granite Motif (free)","type":"Motif","part":"Headstone","side":"Front","src":"1_007_26","item":"1_007_26","price":0,"quantity":1,"color":"#ffffff","colorName":"White","x":466.5325408618128,"y":-108,"flipx":-1,"flipy":-1,"rotation":0,"height":150,"ratio":0.22288261515601784,"itemID":3},{"productid":"16","name":"Black Granite Inscription (free)","type":"Inscription","part":"Headstone","side":"Front","price":0,"quantity":3,"label":"DAD","font":"8.175375px Garamond","font_size":9,"font_family":"Garamond","color":"#ffffff","colorName":"White","x":0,"y":0,"rotation":0,"flipx":1,"flipy":1,"height":8,"itemID":4},{"productid":"16","name":"Black Granite Inscription (free)","type":"Inscription","part":"Headstone","side":"Front","price":0,"quantity":3,"label":"MOM","font":"45.41875px Garamond","font_size":50,"font_family":"Garamond","color":"#ffffff","colorName":"White","x":342,"y":-69,"rotation":0,"flipx":1,"flipy":1,"height":35,"itemID":5},{"productid":"16","name":"Black Granite Inscription (free)","type":"Inscription","part":"Headstone","side":"Front","price":0,"quantity":3,"label":"SON","font":"45.41875px Garamond","font_size":50,"font_family":"Garamond","color":"#ffffff","colorName":"White","x":-3,"y":102.00000000000011,"rotation":0,"flipx":1,"flipy":1,"height":35,"itemID":6},{"productid":"16","name":"Black Granite Inscription (free)","type":"Inscription","part":"Headstone","side":"Front","price":0,"quantity":3,"label":"DAD","font":"45.41875px Garamond","font_size":50,"font_family":"Garamond","color":"#ffffff","colorName":"White","x":-381,"y":-66,"rotation":0,"flipx":1,"flipy":1,"height":36,"itemID":7},{"productid":"16","name":"Black Granite Inscription (free)","type":"Inscription","part":"Headstone","side":"Front","price":0,"quantity":8,"label":"KRISTA M.","font":"45.41875px Garamond","font_size":50,"font_family":"Garamond","color":"#ffffff","colorName":"White","x":360,"y":-20.999999999999886,"rotation":0,"flipx":1,"flipy":1,"height":36,"itemID":8},{"productid":"16","name":"Black Granite Inscription (free)","type":"Inscription","part":"Headstone","side":"Front","price":0,"quantity":6,"label":"KYLE B.","font":"45.41875px Garamond","font_size":50,"font_family":"Garamond","color":"#ffffff","colorName":"White","x":-6,"y":156.0000000000001,"rotation":0,"flipx":1,"flipy":1,"height":34,"itemID":11},{"productid":"16","name":"Black Granite Inscription (free)","type":"Inscription","part":"Headstone","side":"Front","price":0,"quantity":11,"label":"(OSTENDORF)","font":"45.41875px Garamond","font_size":50,"font_family":"Garamond","color":"#ffffff","colorName":"White","x":345,"y":33.000000000000114,"rotation":0,"flipx":1,"flipy":1,"height":47,"itemID":12},{"productid":"16","name":"Black Granite Inscription (free)","type":"Inscription","part":"Headstone","side":"Front","price":0,"quantity":6,"label":"“TODD”","font":"45.41875px Garamond","font_size":50,"font_family":"Garamond","color":"#ffffff","colorName":"White","x":-387,"y":36.000000000000114,"rotation":0,"flipx":1,"flipy":1,"height":36,"itemID":13},{"productid":"16","name":"Black Granite Inscription (free)","type":"Inscription","part":"Headstone","side":"Front","price":0,"quantity":11,"label":"NOV.28, 1965","font":"45.41875px Garamond","font_size":50,"font_family":"Garamond","color":"#ffffff","colorName":"White","x":-381,"y":87.00000000000011,"rotation":0,"flipx":1,"flipy":1,"height":42,"itemID":14},{"productid":"16","name":"Black Granite Inscription (free)","type":"Inscription","part":"Headstone","side":"Front","price":0,"quantity":10,"label":"MAY 2, 1996-","font":"45.41875px Garamond","font_size":50,"font_family":"Garamond","color":"#ffffff","colorName":"White","x":6,"y":207.0000000000001,"rotation":0,"flipx":1,"flipy":1,"height":43,"itemID":15},{"productid":"16","name":"Black Granite Inscription (free)","type":"Inscription","part":"Headstone","side":"Front","price":0,"quantity":12,"label":"Feb.20, 1973-","font":"45.41875px Garamond","font_size":50,"font_family":"Garamond","color":"#ffffff","colorName":"White","x":354,"y":84.00000000000011,"rotation":0,"flipx":1,"flipy":1,"height":44,"itemID":16},{"productid":"71","name":"Black Granite Motif (free)","type":"Motif","part":"Headstone","side":"Front","src":"2_152_23","item":"2_152_23","price":0,"quantity":1,"color":"#ffffff","colorName":"White","x":-6,"y":-12,"flipx":1,"flipy":1,"rotation":0,"height":152,"ratio":0.2062415196743555,"itemID":17},{"productid":"16","name":"Black Granite Inscription (free)","type":"Inscription","part":"Headstone","side":"Front","price":0,"quantity":15,"label":"family is forever","font":"45.41875px Garamond","font_size":50,"font_family":"Garamond","color":"#ffffff","colorName":"White","x":-12,"y":-39,"rotation":0,"flipx":1,"flipy":1,"height":51,"itemID":18},{"productid":"16","name":"Black Granite Inscription (free)","type":"Inscription","part":"Headstone","side":"Front","price":0,"quantity":6,"label":"JOHN T.","font":"41.785250000000005px Garamond","font_size":46,"font_family":"Garamond","color":"#ffffff","colorName":"White","x":-384,"y":-15,"rotation":0,"flipx":1,"flipy":1,"height":42,"itemID":9}]