[{"productid":4,"type":"Headstone","shape":"Serpentine","color":"#000000","fixed":0,"texture":"src/granites/forever2/l/18.jpg","name":"Laser Etched Black Granite Headstone","price":4340.75,"quantity":1,"width":914.4,"height":698.5,"_length":80,"init_width":848,"init_height":856,"device":"desktop","dpr":2,"orientation":"landscape","version":"1.44","version_date":20230919,"mode":"2d","navigator":"Chrome (desktop), 2048x1152"},{"productid":71,"name":"Black Granite Motif (free)","type":"Motif","part":"Headstone","side":"Front","src":"1_017_18","item":"1_017_18","price":0,"quantity":1,"color":"#ffffff","colorName":"White","x":2,"y":-14,"flipx":"1","flipy":"1","rotation":0,"height":635,"ratio":1.3925438596491229,"itemID":1},{"productid":"16","name":"Black Granite Inscription (free)","type":"Inscription","part":"Headstone","side":"Front","price":0,"quantity":8,"label":"McQUIS    AN","font":"209.7742782152231px Garamond","font_size":116,"font_family":"Garamond","color":"#ffffff","colorName":"White","x":2,"y":-212,"rotation":0,"flipx":1,"flipy":1,"height":108,"itemID":2},{"productid":2300,"id":2300,"uid":1718672973950,"path":"../upload/2024/06/","name":"Vitreous Enamel","type":"Photo","item":"1718672973950kissreformationlutherros.jpg","color":0,"mask":1,"x":-8,"y":144,"flipx":1,"flipy":1,"rotation":0,"ratio":0.42252311918954055,"shape_url":"shapes/photos/rectangle_vertical.svg","part":"Headstone","side":"Front","src":"kisspng-reformation-luther-rose-lutheranism-ninety-five-th-freemasonry-clipart-5ad9f7d67c1112.8210424015242341985082-removebg-preview (1).png","price":350,"quantity":1,"size":"80 x 100 mm","itemID":3},{"productid":"16","name":"Black Granite Inscription (free)","type":"Inscription","part":"Headstone","side":"Front","price":0,"quantity":12,"label":"Jeffrey Scott","font":"90.41994750656168px Garamond","font_size":50,"font_family":"Garamond","color":"#ffffff","colorName":"White","x":-394,"y":84,"rotation":0,"flipx":1,"flipy":1,"height":50,"itemID":4},{"productid":2300,"id":2300,"uid":1718673006073,"path":"../upload/2024/06/","name":"Vitreous Enamel","type":"Photo","item":"1718673006073kissreformationlutherros.jpg","color":0,"mask":3,"x":-8,"y":148,"flipx":1,"flipy":1,"rotation":0,"ratio":0.3380184953516325,"shape_url":"shapes/photos/rectangle_horizontal.svg","part":"Headstone","side":"Front","src":"kisspng-reformation-luther-rose-lutheranism-ninety-five-th-freemasonry-clipart-5ad9f7d67c1112.8210424015242341985082-removebg-preview (1).png","price":350,"quantity":1,"size":"80 x 100 mm","itemID":5},{"productid":"16","name":"Black Granite Inscription (free)","type":"Inscription","part":"Headstone","side":"Front","price":0,"quantity":10,"label":"Lori Doreen","font":"90.41994750656168px Garamond","font_size":50,"font_family":"Garamond","color":"#ffffff","colorName":"White","x":398,"y":90,"rotation":0,"flipx":1,"flipy":1,"height":34,"itemID":6},{"productid":"16","name":"Black Granite Inscription (free)","type":"Inscription","part":"Headstone","side":"Front","price":0,"quantity":8,"label":"Feb 7 1961","font":"59.67716535433071px Garamond","font_size":33,"font_family":"Garamond","color":"#ffffff","colorName":"White","x":-404,"y":184,"rotation":0,"flipx":1,"flipy":1,"height":24,"itemID":7},{"productid":71,"name":"Black Granite Motif (free)","type":"Motif","part":"Headstone","side":"Front","src":"cross_002","item":"cross_002","price":0,"quantity":1,"color":"#ffffff","colorName":"White","x":238,"y":-286,"flipx":"1","flipy":"1","rotation":0,"height":226,"ratio":0.8129496402877698,"itemID":8},{"productid":"16","name":"Black Granite Inscription (free)","type":"Inscription","part":"Headstone","side":"Front","price":0,"quantity":8,"label":"Feb 7 1961","font":"59.67716535433071px Garamond","font_size":33,"font_family":"Garamond","color":"#ffffff","colorName":"White","x":-404,"y":246,"rotation":0,"flipx":1,"flipy":1,"height":24,"itemID":9},{"productid":"16","name":"Black Granite Inscription (free)","type":"Inscription","part":"Headstone","side":"Front","price":0,"quantity":8,"label":"Feb 1 1960","font":"59.67716535433071px Garamond","font_size":33,"font_family":"Garamond","color":"#ffffff","colorName":"White","x":392,"y":182,"rotation":0,"flipx":1,"flipy":1,"height":24,"itemID":10},{"productid":"16","name":"Black Granite Inscription (free)","type":"Inscription","part":"Headstone","side":"Front","price":0,"quantity":8,"label":"Feb 1 1960","font":"59.67716535433071px Garamond","font_size":33,"font_family":"Garamond","color":"#ffffff","colorName":"White","x":392,"y":249,"rotation":0,"flipx":1,"flipy":1,"height":24,"itemID":11},{"productid":"16","name":"Black Granite Inscription (free)","type":"Inscription","part":"Headstone","side":"Front","price":0,"quantity":25,"label":"United in Marriage May 14 1983","font":"59.67716535433071px Garamond","font_size":33,"font_family":"Garamond","color":"#ffffff","colorName":"White","x":-6,"y":398,"rotation":0,"flipx":1,"flipy":1,"height":33,"itemID":12},{"productid":"16","name":"Black Granite Inscription (free)","type":"Inscription","part":"Headstone","side":"Front","price":0,"quantity":29,"label":"Daughters Sarah, Elizabeth & Mary","font":"57.86876640419948px Garamond","font_size":32,"font_family":"Garamond","color":"#ffffff","colorName":"White","x":-6,"y":477,"rotation":0,"flipx":1,"flipy":1,"height":32,"itemID":13}]