[{"productid":124,"type":"Headstone","shape":"Serpentine","color":"#000000","fixed":0,"texture":"src/granites/forever2/l/G788.jpg","name":"Traditional Engraved Headstone","price":1137.93,"quantity":1,"width":635,"height":431.7999999999993,"_length":80,"init_width":1242,"init_height":745,"device":"desktop","dpr":2,"orientation":"landscape","version":"1.44","version_date":20230919,"mode":"2d","navigator":"Safari (desktop), 1512x982"},{"productid":124,"type":"Base","name":"Rectangle","shape":"Square","color":"#000000","fixed":0,"texture":"src/granites/forever2/l/African-Black.jpg","price":593,"quantity":1,"width":709.5999999999999,"height":101.6,"_length":130,"init_width":1242,"init_height":745,"mode":"2d"},{"productid":"125","name":"Inscription (Traditional Engraved)","type":"Inscription","part":"Headstone","side":"Front","price":3.85,"quantity":35,"label":"And to think, the first thing they saw when","font":"40.63560179977502px Garamond","font_size":21,"font_family":"Garamond","color":"#ffffff","colorName":"White","x":-20,"y":-200,"rotation":0,"flipx":1,"flipy":1,"height":21,"itemID":1},{"productid":"125","name":"Inscription (Traditional Engraved)","type":"Inscription","part":"Headstone","side":"Front","price":3.85,"quantity":21,"label":"their little eyes opened","font":"44.505659114039304px Garamond","font_size":23,"font_family":"Garamond","color":"#ffffff","colorName":"White","x":-24,"y":-147,"rotation":0,"flipx":1,"flipy":1,"height":23,"itemID":2},{"productid":"125","name":"Inscription (Traditional Engraved)","type":"Inscription","part":"Headstone","side":"Front","price":3.85,"quantity":18,"label":"was the face of Jesus.","font":"46.44068777117145px Garamond","font_size":24,"font_family":"Garamond","color":"#ffffff","colorName":"White","x":-30,"y":-92,"rotation":0,"flipx":1,"flipy":1,"height":22,"itemID":3},{"productid":126,"name":"Motif (Traditional Engraved)","type":"Motif","part":"Headstone","side":"Front","src":"2_116_05","item":"2_116_05","price":216.88867999999997,"quantity":1,"color":"#ffffff","colorName":"White","x":-30,"y":10,"flipx":"1","flipy":"1","rotation":0,"height":51,"ratio":0.07005494505494506,"itemID":5},{"productid":"125","name":"Inscription (Traditional Engraved)","type":"Inscription","part":"Headstone","side":"Front","price":3.85,"quantity":18,"label":"Sons of Fred and Laura","font":"34.83051582837859px Garamond","font_size":18,"font_family":"Garamond","color":"#ffffff","colorName":"White","x":-16,"y":254,"rotation":0,"flipx":1,"flipy":1,"height":13,"itemID":4},{"productid":"126","name":"Motif (Traditional Engraved)","type":"Motif","part":"Headstone","side":"Front","src":"1_018_13","item":"1_018_13","price":259.848845,"quantity":1,"color":"#ffffff","colorName":"White","x":-14,"y":-124,"flipx":1,"flipy":1,"rotation":0,"height":234,"ratio":0.7112462006079028,"itemID":6},{"productid":"126","name":"Motif (Traditional Engraved)","type":"Motif","part":"Headstone","side":"Front","src":"1_021_04","item":"1_021_04","price":218.76672000000002,"quantity":1,"color":"#ffffff","colorName":"White","x":-14,"y":256,"flipx":1,"flipy":1,"rotation":0,"height":59,"ratio":0.44696969696969696,"itemID":7}]