[{"productid":124,"type":"Headstone","shape":"Serpentine","color":"#000000","fixed":0,"texture":"src/granites/forever2/l/G788.jpg","name":"Traditional Engraved Headstone","price":1155.8,"quantity":1,"width":635,"height":457.19999999999936,"_length":80,"init_width":1242,"init_height":745,"device":"desktop","dpr":2,"orientation":"landscape","version":"1.44","version_date":20230919,"mode":"2d","navigator":"Safari (desktop), 1512x982"},{"productid":124,"type":"Base","name":"Rectangle","shape":"Rectangle","color":"#000000","fixed":0,"texture":"src/granites/forever2/l/African-Black.jpg","price":641,"quantity":1,"width":811.2000000000003,"height":101.6,"_length":130,"init_width":1242,"init_height":745,"mode":"2d"},{"productid":"126","name":"Motif (Traditional Engraved)","type":"Motif","part":"Headstone","side":"Front","src":"cross_004","item":"cross_004","price":224.40084,"quantity":1,"color":"#ffffff","colorName":"White","x":-18,"y":-302,"flipx":1,"flipy":1,"rotation":0,"height":83,"ratio":0.41919191919191917,"itemID":1},{"productid":"126","name":"Motif (Traditional Engraved)","type":"Motif","part":"Headstone","side":"Front","src":"flowerrose_01","item":"flowerrose_01","price":241.96382,"quantity":1,"color":"#eeeeee","colorName":"Silver Gilding","x":-480,"y":-104,"flipx":1,"flipy":1,"rotation":40,"height":111,"ratio":0.12416107382550336,"itemID":2},{"productid":"126","name":"Motif (Traditional Engraved)","type":"Motif","part":"Headstone","side":"Front","src":"flowerrose_01","item":"flowerrose_01","price":239.99646,"quantity":1,"color":"#eeeeee","colorName":"Silver Gilding","x":474.92820329277015,"y":-116,"flipx":1,"flipy":1,"rotation":-42,"height":103,"ratio":0.11521252796420582,"itemID":3},{"productid":"126","name":"Motif (Traditional Engraved)","type":"Motif","part":"Headstone","side":"Front","src":"2_154_20","item":"2_154_20","price":224.87035,"quantity":1,"color":"#ffffff","colorName":"White","x":-220,"y":-272,"flipx":1,"flipy":1,"rotation":-9,"height":85,"ratio":0.15567765567765568,"itemID":5},{"productid":"126","name":"Motif (Traditional Engraved)","type":"Motif","part":"Headstone","side":"Front","src":"2_154_20","item":"2_154_20","price":224.87035,"quantity":1,"color":"#ffffff","colorName":"White","x":178.04249133114558,"y":-288,"flipx":-1,"flipy":1,"rotation":8,"height":85,"ratio":0.15567765567765568,"itemID":6},{"productid":"126","name":"Motif (Traditional Engraved)","type":"Motif","part":"Headstone","side":"Front","src":"1_017_19","item":"1_017_19","price":277.45547,"quantity":1,"color":"#ffffff","colorName":"White","x":-2,"y":126,"flipx":1,"flipy":1,"rotation":0,"height":309,"ratio":0.5965250965250966,"itemID":7},{"productid":"125","name":"Inscription (Traditional Engraved)","type":"Inscription","part":"Headstone","side":"Front","price":3.85,"quantity":12,"label":"JOHN FREDRICK","font":"62.31878701112773px Garamond","font_size":32,"font_family":"Garamond","color":"#ffffff","colorName":"White","x":-8,"y":208,"rotation":0,"flipx":1,"flipy":1,"height":28,"itemID":10},{"productid":"125","name":"Inscription (Traditional Engraved)","type":"Inscription","part":"Headstone","side":"Front","price":3.85,"quantity":10,"label":"DAVID JAMES","font":"66.21371119932321px Garamond","font_size":34,"font_family":"Garamond","color":"#ffffff","colorName":"White","x":-12,"y":98,"rotation":0,"flipx":1,"flipy":1,"height":31,"itemID":9},{"productid":"125","name":"Inscription (Traditional Engraved)","type":"Inscription","part":"Headstone","side":"Front","price":3.85,"quantity":16,"label":"SEPTEMBER 17, 1978","font":"44.79162816424806px Garamond","font_size":23,"font_family":"Garamond","color":"#ffffff","colorName":"White","x":-6,"y":334,"rotation":0,"flipx":1,"flipy":1,"height":20,"itemID":11},{"productid":"125","name":"Inscription (Traditional Engraved)","type":"Inscription","part":"Headstone","side":"Front","price":3.85,"quantity":8,"label":"ANDERSON","font":"89.58325632849612px Garamond","font_size":46,"font_family":"Garamond","color":"#ffffff","colorName":"White","x":-6,"y":-56,"rotation":0,"flipx":1,"flipy":1,"height":33,"itemID":8}]