[{"productid":4,"type":"Headstone","shape":"Serpentine","color":"#000000","fixed":0,"texture":"src/granites/forever2/l/18.jpg","name":"Laser Etched Black Granite Headstone","price":3252.97,"quantity":1,"width":914.4,"height":457.2,"_length":80,"init_width":384,"init_height":645,"device":"mobile","dpr":2.8125,"orientation":"portrait","version":"1.44","version_date":20230919,"mode":"2d","navigator":"Chrome (mobile(android)), 384x832"},{"productid":71,"name":"Black Granite Motif (free)","type":"Motif","part":"Headstone","side":"Front","src":"1_156_01","item":"1_156_01","price":0,"quantity":1,"color":"#ffffff","colorName":"White","x":-439.044921875,"y":42.86191860465124,"flipx":"1","flipy":"1","rotation":-9,"height":114,"ratio":0.13427561837455831,"itemID":1},{"productid":71,"name":"Black Granite Motif (free)","type":"Motif","part":"Headstone","side":"Front","src":"butterfly_028","item":"butterfly_028","price":0,"quantity":1,"color":"#ffffff","colorName":"White","x":404.16015625,"y":58.573498062015574,"flipx":"1","flipy":"1","rotation":0,"height":64,"ratio":0.06330365974282888,"itemID":2},{"productid":"16","name":"Black Granite Inscription (free)","type":"Inscription","part":"Headstone","side":"Front","price":0,"quantity":21,"label":"Linda \"Kay\" Jackson Mann","font":"86.36811023622047px Garamond","font_size":75,"font_family":"Garamond","color":"#ffffff","colorName":"White","x":3,"y":-92,"rotation":0,"flipx":1,"flipy":1,"height":75,"itemID":3},{"productid":"16","name":"Black Granite Inscription (free)","type":"Inscription","part":"Headstone","side":"Front","price":0,"quantity":20,"label":"11.16.1947 - 4.03.2023","font":"69.09448818897637px Garamond","font_size":60,"font_family":"Garamond","color":"#ffffff","colorName":"White","x":-23.810546875,"y":49.28842054263566,"rotation":0,"flipx":1,"flipy":1,"height":43,"itemID":4},{"productid":"16","name":"Black Granite Inscription (free)","type":"Inscription","part":"Headstone","side":"Front","price":0,"quantity":20,"label":"Sweetheart.  Mom.  Gamma","font":"104.79330708661416px French Script","font_size":91,"font_family":"French Script","color":"#ffffff","colorName":"White","x":-13.173828125,"y":196.01114341085258,"rotation":0,"flipx":1,"flipy":1,"height":63,"itemID":5}]