[{"productid":4,"type":"Headstone","shape":"Right Wave","color":"#000000","fixed":0,"texture":"src/granites/forever2/l/18.jpg","name":"Laser Etched Black Granite Headstone","price":5227.48,"quantity":1,"width":609.5999999999999,"height":1200,"_length":100,"init_width":320,"init_height":458,"device":"mobile","dpr":3,"orientation":"portrait","version":"1.44","version_date":20230919,"mode":"2d","navigator":"Safari (mobile(ios)), 320x693"},{"productid":4,"type":"Base","name":"Rectangle","flower_pot_holes":true,"base_flower_pots":"3","shape":"Square","color":"#000000","fixed":0,"texture":"src/granites/forever2/l/18.jpg","price":848,"quantity":1,"width":709.5999999999999,"height":101.6,"_length":250,"init_width":320,"init_height":458,"mode":"2d"},{"productid":71,"name":"Black Granite Motif (free)","type":"Motif","part":"Headstone","side":"Front","src":"1_184_23","item":"1_184_23","price":0,"quantity":1,"color":"#ffffff","colorName":"White","x":104,"y":-176.14800000000002,"flipx":"1","flipy":"1","rotation":0,"height":558,"ratio":0.7010050251256281,"itemID":2},{"productid":2300,"id":2300,"uid":1720808121881,"path":"../upload/2024/07/","name":"Vitreous Enamel","type":"Photo","item":"1720808121881img_6801_cropped.jpg","color":0,"mask":0,"x":-360,"y":-485.028,"flipx":1,"flipy":1,"rotation":0,"ratio":0.5652431807140961,"shape_url":"shapes/photos/oval_vertical.svg","part":"Headstone","side":"Front","src":"IMG_6801.jpeg","price":490,"quantity":1,"size":"130 x 180 mm","itemID":5},{"productid":71,"name":"Black Granite Motif (free)","type":"Motif","part":"Headstone","side":"Front","src":"butterfly_020","item":"butterfly_020","price":0,"quantity":1,"color":"#ffffff","colorName":"White","x":-93,"y":-291.44399999999996,"flipx":"1","flipy":"1","rotation":21,"height":71,"ratio":0.45806451612903226,"itemID":7},{"productid":71,"name":"Black Granite Motif (free)","type":"Motif","part":"Headstone","side":"Front","src":"butterfliy_002","item":"butterfliy_002","price":0,"quantity":1,"color":"#ffffff","colorName":"White","x":-126,"y":-190.20000000000005,"flipx":"1","flipy":"1","rotation":25,"height":87,"ratio":0.2693498452012384,"itemID":8},{"productid":"16","name":"Black Granite Inscription (free)","type":"Inscription","part":"Base","side":"Front","price":0,"quantity":25,"label":"Always Loved Never Forgotten","font":"30.202827289489864px Arial","font_size":42,"font_family":"Arial","color":"#ffffff","colorName":"White","x":7,"y":469.664,"rotation":0,"flipx":1,"flipy":1,"height":40,"itemID":4},{"productid":"16","name":"Black Granite Inscription (free)","type":"Inscription","part":"Headstone","side":"Front","price":0,"quantity":17,"label":"Steven Jacob Bryant","font":"37.393976644130305px Arial","font_size":52,"font_family":"Arial","color":"#ffffff","colorName":"White","x":0,"y":170.74399999999991,"rotation":0,"flipx":1,"flipy":1,"height":50,"itemID":3},{"productid":"16","name":"Black Granite Inscription (free)","type":"Inscription","part":"Headstone","side":"Front","price":0,"quantity":15,"label":"Jadon Wayne Roach","font":"40.270436385986486px Arial","font_size":56,"font_family":"Arial","color":"#ffffff","colorName":"White","x":3,"y":226.336,"rotation":0,"flipx":1,"flipy":1,"height":53,"itemID":1},{"productid":"16","name":"Black Granite Inscription (free)","type":"Inscription","part":"Headstone","side":"Front","price":0,"quantity":14,"label":"Loving Mother Of","font":"46.74247080516288px Arial","font_size":65,"font_family":"Arial","color":"#ffffff","colorName":"White","x":1,"y":82.27599999999995,"rotation":0,"flipx":1,"flipy":1,"height":63,"itemID":6}]