[{"productid":4,"type":"Headstone","shape":"Serpentine","color":"#000000","fixed":0,"texture":"src/granites/forever2/l/18.jpg","name":"Laser Etched Black Granite Headstone","price":3252.97,"quantity":1,"width":609.5999999999999,"height":762,"_length":90,"init_width":393,"init_height":594,"device":"mobile","dpr":3,"orientation":"portrait","version":"1.44","version_date":20230919,"mode":"2d","navigator":"Safari (mobile(ios)), 393x852"},{"productid":4,"type":"Base","name":"Rectangle","shape":"Rectangle","color":"#000000","fixed":0,"texture":"src/granites/forever2/l/18.jpg","price":848,"quantity":1,"width":709.5999999999999,"height":101.6,"_length":250,"init_width":393,"init_height":594,"mode":"2d"},{"productid":"16","name":"Black Granite Inscription (free)","type":"Inscription","part":"Headstone","side":"Front","price":0,"quantity":14,"label":"IN LOVING MEMORY","font":"34.608209819360816px Arial","font_size":26,"font_family":"Arial","color":"#ffffff","colorName":"White","x":0,"y":-275.0257425742574,"rotation":0,"flipx":1,"flipy":1,"height":20,"itemID":1},{"productid":"16","name":"Black Granite Inscription (free)","type":"Inscription","part":"Headstone","side":"Front","price":0,"quantity":2,"label":"OF","font":"33.27712482630847px Arial","font_size":25,"font_family":"Arial","color":"#ffffff","colorName":"White","x":12,"y":-229.54414895414456,"rotation":0,"flipx":1,"flipy":1,"height":20,"itemID":2},{"productid":"16","name":"Black Granite Inscription (free)","type":"Inscription","part":"Headstone","side":"Front","price":0,"quantity":16,"label":"ANGELA MARY WENYON","font":"54.5744847151459px Arial","font_size":41,"font_family":"Arial","color":"#ffffff","colorName":"White","x":-3,"y":-183.25544554455445,"rotation":0,"flipx":1,"flipy":1,"height":31,"itemID":3},{"productid":"16","name":"Black Granite Inscription (free)","type":"Inscription","part":"Headstone","side":"Front","price":0,"quantity":21,"label":"15.08.1940 - 26.11.2022","font":"45.256889763779526px Arial","font_size":34,"font_family":"Arial","color":"#ffffff","colorName":"White","x":-15,"y":-119.14455445544553,"rotation":0,"flipx":1,"flipy":1,"height":26,"itemID":4},{"productid":"16","name":"Black Granite Inscription (free)","type":"Inscription","part":"Headstone","side":"Front","price":0,"quantity":22,"label":"DEARLY LOVED WIFE, MOTHER","font":"35.93929481241315px Arial","font_size":27,"font_family":"Arial","color":"#ffffff","colorName":"White","x":-12,"y":-15.999999999999908,"rotation":0,"flipx":1,"flipy":1,"height":25,"itemID":6},{"productid":"16","name":"Black Granite Inscription (free)","type":"Inscription","part":"Headstone","side":"Front","price":0,"quantity":14,"label":"AND GRANDMOTHER","font":"37.27037980546549px Arial","font_size":28,"font_family":"Arial","color":"#ffffff","colorName":"White","x":0,"y":31.200000000000088,"rotation":0,"flipx":1,"flipy":1,"height":22,"itemID":7},{"productid":"16","name":"Black Granite Inscription (free)","type":"Inscription","part":"Base","side":"Front","price":0,"quantity":3,"label":"AND","font":"38.60146479851783px Arial","font_size":29,"font_family":"Arial","color":"#ffffff","colorName":"White","x":567,"y":12.80000000000009,"rotation":0,"flipx":1,"flipy":1,"height":21,"itemID":8},{"productid":"16","name":"Black Granite Inscription (free)","type":"Inscription","part":"Headstone","side":"Front","price":0,"quantity":19,"label":"CYRIL NORMAN MEREDITH","font":"57.23665470125057px Arial","font_size":43,"font_family":"Arial","color":"#ffffff","colorName":"White","x":6,"y":86.40000000000008,"rotation":0,"flipx":1,"flipy":1,"height":32,"itemID":9},{"productid":"16","name":"Black Granite Inscription (free)","type":"Inscription","part":"Headstone","side":"Front","price":0,"quantity":6,"label":"WENYON","font":"54.5744847151459px Arial","font_size":41,"font_family":"Arial","color":"#ffffff","colorName":"White","x":-24,"y":142.4000000000001,"rotation":0,"flipx":1,"flipy":1,"height":31,"itemID":10},{"productid":"16","name":"Black Granite Inscription (free)","type":"Inscription","part":"Headstone","side":"Front","price":0,"quantity":21,"label":"10.01.1938 - 00.00.0000","font":"43.92580477072718px Arial","font_size":33,"font_family":"Arial","color":"#ffffff","colorName":"White","x":-12,"y":193.60000000000008,"rotation":0,"flipx":1,"flipy":1,"height":25,"itemID":11},{"productid":"16","name":"Black Granite Inscription (free)","type":"Inscription","part":"Headstone","side":"Front","price":0,"quantity":11,"label":"AGED 00 YEARS","font":"38.60146479851783px Arial","font_size":29,"font_family":"Arial","color":"#ffffff","colorName":"White","x":-15,"y":244.00000000000006,"rotation":0,"flipx":1,"flipy":1,"height":23,"itemID":12},{"productid":"16","name":"Black Granite Inscription (free)","type":"Inscription","part":"Headstone","side":"Front","price":0,"quantity":18,"label":"DEARLY LOVED HUSBAND","font":"37.27037980546549px Arial","font_size":28,"font_family":"Arial","color":"#ffffff","colorName":"White","x":-3,"y":299.39999999999986,"rotation":0,"flipx":1,"flipy":1,"height":22,"itemID":13},{"productid":"16","name":"Black Granite Inscription (free)","type":"Inscription","part":"Headstone","side":"Front","price":0,"quantity":21,"label":"FATHER, AND GRANDFATHER","font":"34.608209819360816px Arial","font_size":26,"font_family":"Arial","color":"#ffffff","colorName":"White","x":-6,"y":354.79999999999995,"rotation":0,"flipx":1,"flipy":1,"height":23,"itemID":14},{"productid":"16","name":"Black Granite Inscription (free)","type":"Inscription","part":"Headstone","side":"Front","price":0,"quantity":7,"label":"AT PEACE","font":"33.27712482630847px Arial","font_size":25,"font_family":"Arial","color":"#ffffff","colorName":"White","x":0,"y":412,"rotation":0,"flipx":1,"flipy":1,"height":20,"itemID":15},{"productid":"16","name":"Black Granite Inscription (free)","type":"Inscription","part":"Headstone","side":"Front","price":0,"quantity":11,"label":"AGED 82 YEARS","font":"31.946039833256137px Arial","font_size":24,"font_family":"Arial","color":"#ffffff","colorName":"White","x":-6,"y":-64.63366336633662,"rotation":0,"flipx":1,"flipy":1,"height":19,"itemID":5}]