[{"productid":124,"type":"Headstone","shape":"Serpentine","color":"#000000","fixed":0,"texture":"src/granites/forever2/l/G633.jpg","name":"Traditional Engraved Headstone","price":2356.12,"quantity":1,"width":908.05,"height":647.6999999999999,"_length":80,"init_width":1040,"init_height":495,"device":"desktop","dpr":1.5,"orientation":"landscape","version":"1.44","version_date":20230919,"mode":"2d","navigator":"Chrome (desktop), 1280x720"},{"productid":124,"type":"Base","name":"Rectangle","shape":"Square","color":"#000000","fixed":0,"texture":"src/granites/forever2/l/G654.jpg","price":681,"quantity":1,"width":920.75,"height":100,"_length":250,"init_width":1040,"init_height":495,"mode":"2d"},{"productid":126,"name":"Motif (Traditional Engraved)","type":"Motif","part":"Headstone","side":"Front","src":"2_116_05","item":"2_116_05","price":253.97997,"quantity":1,"color":"#000000","colorName":"Black","x":-244,"y":-57,"flipx":"1","flipy":"1","rotation":0,"height":209,"ratio":0.28708791208791207,"itemID":2},{"productid":126,"name":"Motif (Traditional Engraved)","type":"Motif","part":"Headstone","side":"Front","src":"1_152_07","item":"1_152_07","price":238.25138499999997,"quantity":1,"color":"#000000","colorName":"Black","x":237,"y":-57,"flipx":"-1","flipy":"1","rotation":0,"height":142,"ratio":0.19478737997256515,"itemID":3},{"productid":126,"name":"Motif (Traditional Engraved)","type":"Motif","part":"Headstone","side":"Front","src":"2_116_01","item":"2_116_01","price":235.66907999999998,"quantity":1,"color":"#000000","colorName":"Black","x":6,"y":-129,"flipx":"1","flipy":"1","rotation":0,"height":131,"ratio":0.23518850987432674,"itemID":6},{"productid":"125","name":"Inscription (Traditional Engraved)","type":"Inscription","part":"Headstone","side":"Front","price":16.5,"quantity":8,"label":"ANDERSON","font":"67.66833157183552px Franklin Gothic","font_size":96,"font_family":"Franklin Gothic","color":"#000000","colorName":"Black","x":0,"y":-33,"rotation":0,"flipx":1,"flipy":1,"height":67,"itemID":1},{"productid":"125","name":"Inscription (Traditional Engraved)","type":"Inscription","part":"Headstone","side":"Front","price":3.85,"quantity":13,"label":"Diane E                      Donald G","font":"35.24392269366434px Franklin Gothic","font_size":50,"font_family":"Franklin Gothic","color":"#000000","colorName":"Black","x":6,"y":68,"rotation":0,"flipx":1,"flipy":1,"height":34,"itemID":4},{"productid":"125","name":"Inscription (Traditional Engraved)","type":"Inscription","part":"Headstone","side":"Front","price":3.85,"quantity":10,"label":"Jan 12, 2024","font":"21.851232070071887px Franklin Gothic","font_size":31,"font_family":"Franklin Gothic","color":"#000000","colorName":"Black","x":-153,"y":128,"rotation":0,"flipx":1,"flipy":1,"height":26,"itemID":5},{"productid":"125","name":"Inscription (Traditional Engraved)","type":"Inscription","part":"Headstone","side":"Front","price":3.85,"quantity":19,"label":"Jun 17, 1948                                    Sep 4, 1948","font":"21.851232070071887px Franklin Gothic","font_size":31,"font_family":"Franklin Gothic","color":"#000000","colorName":"Black","x":2,"y":101,"rotation":0,"flipx":1,"flipy":1,"height":27,"itemID":7}]