[{"productid":4,"type":"Headstone","shape":"Serpentine","color":"#000000","fixed":0,"texture":"src/granites/forever2/l/18.jpg","name":"Laser Etched Black Granite Headstone","price":3252.97,"quantity":1,"width":609.5999999999999,"height":762,"_length":90,"init_width":393,"init_height":594,"device":"mobile","dpr":3,"orientation":"portrait","version":"1.44","version_date":20230919,"mode":"2d","navigator":"Safari (mobile(ios)), 393x852"},{"productid":4,"type":"Base","name":"Rectangle","shape":"Square","color":"#000000","fixed":0,"texture":"src/granites/forever2/l/18.jpg","price":848,"quantity":1,"width":709.5999999999999,"height":101.6,"_length":250,"init_width":393,"init_height":594,"mode":"2d"},{"productid":"16","name":"Black Granite Inscription (free)","type":"Inscription","part":"Headstone","side":"Front","price":0,"quantity":14,"label":"IN LOVING MEMORY","font":"34.608209819360816px Arial","font_size":26,"font_family":"Arial","color":"#ffffff","colorName":"White","x":-9,"y":-284,"rotation":0,"flipx":1,"flipy":1,"height":20,"itemID":1},{"productid":"16","name":"Black Granite Inscription (free)","type":"Inscription","part":"Headstone","side":"Front","price":0,"quantity":2,"label":"OF","font":"33.27712482630847px Arial","font_size":25,"font_family":"Arial","color":"#ffffff","colorName":"White","x":12,"y":-230,"rotation":0,"flipx":1,"flipy":1,"height":20,"itemID":2},{"productid":"16","name":"Black Granite Inscription (free)","type":"Inscription","part":"Headstone","side":"Front","price":0,"quantity":16,"label":"ANGELA MARY WENYON","font":"54.5744847151459px Arial","font_size":41,"font_family":"Arial","color":"#ffffff","colorName":"White","x":-3,"y":-183,"rotation":0,"flipx":1,"flipy":1,"height":31,"itemID":3},{"productid":"16","name":"Black Granite Inscription (free)","type":"Inscription","part":"Headstone","side":"Front","price":0,"quantity":21,"label":"15.08.1940 - 26.11.2022","font":"45.256889763779526px Arial","font_size":34,"font_family":"Arial","color":"#ffffff","colorName":"White","x":-15,"y":-119,"rotation":0,"flipx":1,"flipy":1,"height":26,"itemID":4},{"productid":"16","name":"Black Granite Inscription (free)","type":"Inscription","part":"Headstone","side":"Front","price":0,"quantity":22,"label":"DEARLY LOVED WIFE, MOTHER","font":"35.93929481241315px Arial","font_size":27,"font_family":"Arial","color":"#ffffff","colorName":"White","x":-12,"y":-16,"rotation":0,"flipx":1,"flipy":1,"height":25,"itemID":5},{"productid":"16","name":"Black Granite Inscription (free)","type":"Inscription","part":"Headstone","side":"Front","price":0,"quantity":14,"label":"AND GRANDMOTHER","font":"37.27037980546549px Arial","font_size":28,"font_family":"Arial","color":"#ffffff","colorName":"White","x":0,"y":31,"rotation":0,"flipx":1,"flipy":1,"height":22,"itemID":6},{"productid":"16","name":"Black Granite Inscription (free)","type":"Inscription","part":"Base","side":"Front","price":0,"quantity":3,"label":"AND","font":"38.60146479851783px Arial","font_size":29,"font_family":"Arial","color":"#ffffff","colorName":"White","x":567,"y":13,"rotation":0,"flipx":1,"flipy":1,"height":21,"itemID":7},{"productid":"16","name":"Black Granite Inscription (free)","type":"Inscription","part":"Headstone","side":"Front","price":0,"quantity":19,"label":"CYRIL NORMAN MEREDITH","font":"57.23665470125057px Arial","font_size":43,"font_family":"Arial","color":"#ffffff","colorName":"White","x":6,"y":86,"rotation":0,"flipx":1,"flipy":1,"height":32,"itemID":8},{"productid":"16","name":"Black Granite Inscription (free)","type":"Inscription","part":"Headstone","side":"Front","price":0,"quantity":6,"label":"WENYON","font":"54.5744847151459px Arial","font_size":41,"font_family":"Arial","color":"#ffffff","colorName":"White","x":-24,"y":142,"rotation":0,"flipx":1,"flipy":1,"height":31,"itemID":9},{"productid":"16","name":"Black Granite Inscription (free)","type":"Inscription","part":"Headstone","side":"Front","price":0,"quantity":21,"label":"10.01.1938 - 00.00.0000","font":"43.92580477072718px Arial","font_size":33,"font_family":"Arial","color":"#ffffff","colorName":"White","x":-12,"y":194,"rotation":0,"flipx":1,"flipy":1,"height":25,"itemID":10},{"productid":"16","name":"Black Granite Inscription (free)","type":"Inscription","part":"Headstone","side":"Front","price":0,"quantity":11,"label":"AGED 00 YEARS","font":"38.60146479851783px Arial","font_size":29,"font_family":"Arial","color":"#ffffff","colorName":"White","x":-15,"y":244,"rotation":0,"flipx":1,"flipy":1,"height":23,"itemID":11},{"productid":"16","name":"Black Granite Inscription (free)","type":"Inscription","part":"Headstone","side":"Front","price":0,"quantity":18,"label":"DEARLY LOVED HUSBAND","font":"37.27037980546549px Arial","font_size":28,"font_family":"Arial","color":"#ffffff","colorName":"White","x":-3,"y":299,"rotation":0,"flipx":1,"flipy":1,"height":22,"itemID":12},{"productid":"16","name":"Black Granite Inscription (free)","type":"Inscription","part":"Base","side":"Front","price":0,"quantity":7,"label":"AT PEACE","font":"33.27712482630847px Arial","font_size":25,"font_family":"Arial","color":"#ffffff","colorName":"White","x":501,"y":391,"rotation":0,"flipx":1,"flipy":1,"height":20,"itemID":13},{"productid":"16","name":"Black Granite Inscription (free)","type":"Inscription","part":"Headstone","side":"Front","price":0,"quantity":11,"label":"AGED 82 YEARS","font":"31.946039833256137px Arial","font_size":24,"font_family":"Arial","color":"#ffffff","colorName":"White","x":-6,"y":-65,"rotation":0,"flipx":1,"flipy":1,"height":19,"itemID":14},{"productid":"16","name":"Black Granite Inscription (free)","type":"Inscription","part":"Base","side":"Front","price":0,"quantity":12,"label":"FOREVER LOVED","font":"34.608209819360816px Arial","font_size":26,"font_family":"Arial","color":"#ffffff","colorName":"White","x":-579,"y":245,"rotation":0,"flipx":1,"flipy":1,"height":20,"itemID":15},{"productid":"16","name":"Black Granite Inscription (free)","type":"Inscription","part":"Headstone","side":"Front","price":0,"quantity":21,"label":"FATHER, AND GRANDFATHER","font":"37.27037980546549px Arial","font_size":28,"font_family":"Arial","color":"#ffffff","colorName":"White","x":-6,"y":355,"rotation":0,"flipx":1,"flipy":1,"height":26,"itemID":16},{"productid":"16","name":"Black Granite Inscription (free)","type":"Inscription","part":"Base","side":"Front","price":0,"quantity":18,"label":"REMEMBERED WITH LOVE","font":"34.608209819360816px Arial","font_size":26,"font_family":"Arial","color":"#ffffff","colorName":"White","x":57,"y":848,"rotation":0,"flipx":1,"flipy":1,"height":20,"itemID":17},{"productid":"16","name":"Black Granite Inscription (free)","type":"Inscription","part":"Headstone","side":"Front","price":0,"quantity":22,"label":"A TREASURED LIFE TOGETHER","font":"33.27712482630847px Arial","font_size":25,"font_family":"Arial","color":"#ffffff","colorName":"White","x":0,"y":426,"rotation":0,"flipx":1,"flipy":1,"height":20,"itemID":18}]