[{"productid":4,"type":"Headstone","shape":"Rectangle","color":"#000000","fixed":0,"texture":"src/granites/forever2/l/18.jpg","name":"Laser Etched Black Granite Headstone","price":3939.99,"quantity":1,"width":609.5999999999999,"height":914.4,"_length":100,"init_width":320,"init_height":458,"device":"mobile","dpr":3,"orientation":"portrait","version":"1.44","version_date":20230919,"mode":"2d","navigator":"Safari (mobile(ios)), 320x693"},{"productid":4,"type":"Base","name":"Rectangle","flower_pot_holes":true,"base_flower_pots":"2","shape":"Square","color":"#000000","fixed":0,"texture":"src/granites/forever2/l/18.jpg","price":650,"quantity":1,"width":709.5999999999999,"height":101.6,"_length":250,"init_width":320,"init_height":458,"mode":"2d"},{"productid":21,"id":21,"uid":1721318947479,"path":"../upload/2024/07/","name":"Laser-etched Image","type":"Photo","item":"172131894747902_21_1338922_cropped.jpg","color":1,"mask":1,"x":12,"y":-323.44444444444434,"flipx":1,"flipy":1,"rotation":0,"ratio":0.8086167176701167,"shape_url":"shapes/photos/rectangle_vertical.svg","part":"Headstone","side":"Front","src":"02_21_13-38922.jpg","price":0,"quantity":1,"size":201,"width":"122","height":"185","itemID":4},{"productid":21,"id":21,"uid":1721342064566,"path":"../upload/2024/07/","name":"Laser-etched Image","type":"Photo","item":"1721342064566img_6833_cropped.jpg","color":1,"mask":1,"x":15,"y":33,"flipx":1,"flipy":1,"rotation":-1,"ratio":3.3430870267854074,"shape_url":"shapes/photos/rectangle_vertical.svg","part":"Headstone","side":"Front","src":"IMG_6833.jpeg","price":0,"quantity":1,"size":831,"width":"538","height":"766","itemID":10},{"productid":"16","name":"Black Granite Inscription (free)","type":"Inscription","part":"Headstone","side":"Front","price":0,"quantity":8,"label":"Lorraine","font":"79.22834645669292px Garamond","font_size":86,"font_family":"Garamond","color":"#ffffff","colorName":"White","x":12,"y":-30.33333333333337,"rotation":0,"flipx":1,"flipy":1,"height":59,"itemID":1},{"productid":"16","name":"Black Granite Inscription (free)","type":"Inscription","part":"Headstone","side":"Front","price":0,"quantity":5,"label":"Roach","font":"70.01574803149606px Garamond","font_size":76,"font_family":"Garamond","color":"#ffffff","colorName":"White","x":70,"y":36.777777777777715,"rotation":0,"flipx":1,"flipy":1,"height":56,"itemID":3},{"productid":"16","name":"Black Granite Inscription (free)","type":"Inscription","part":"Headstone","side":"Front","price":0,"quantity":22,"label":"June 12, 1979 - May 30,2020","font":"44.22047244094488px Garamond","font_size":48,"font_family":"Garamond","color":"#ffffff","colorName":"White","x":3,"y":354.7777777777777,"rotation":0,"flipx":1,"flipy":1,"height":47,"itemID":7},{"productid":"16","name":"Black Granite Inscription (free)","type":"Inscription","part":"Headstone","side":"Front","price":0,"quantity":3,"label":"LPN","font":"56.19685039370079px Garamond","font_size":61,"font_family":"Garamond","color":"#ffffff","colorName":"White","x":-118,"y":130.22222222222217,"rotation":0,"flipx":1,"flipy":1,"height":41,"itemID":6},{"productid":"16","name":"Black Granite Inscription (free)","type":"Inscription","part":"Headstone","side":"Front","price":0,"quantity":7,"label":"Cynthia","font":"71.85826771653544px Garamond","font_size":78,"font_family":"Garamond","color":"#ffffff","colorName":"White","x":62,"y":-88,"rotation":0,"flipx":1,"flipy":1,"height":78,"itemID":2}]