[{"productid":4,"type":"Headstone","shape":"Left Wave","color":"#000000","fixed":0,"texture":"src/granites/forever2/l/18.jpg","name":"Laser Etched Black Granite Headstone","price":2565.95,"quantity":1,"width":609.5999999999999,"height":609.5999999999999,"_length":80,"init_width":1680,"init_height":1015,"device":"desktop","dpr":2,"orientation":"landscape","version":"1.44","version_date":20230919,"mode":"2d","navigator":"Chrome (desktop), 1920x1200"},{"productid":4,"type":"Base","name":"Rectangle","shape":"Square","color":"#000000","fixed":0,"texture":"src/granites/forever2/l/18.jpg","price":635,"quantity":1,"width":700,"height":100,"_length":250,"init_width":1680,"init_height":1015,"mode":"2d"},{"productid":71,"name":"Black Granite Motif (free)","type":"Motif","part":"Headstone","side":"Front","src":"2_116_04","item":"2_116_04","price":0,"quantity":1,"color":"#ffffff","colorName":"White","x":569,"y":-80,"flipx":"1","flipy":"1","rotation":0,"height":88,"ratio":0.1546572934973638,"itemID":8},{"productid":71,"name":"Black Granite Motif (free)","type":"Motif","part":"Headstone","side":"Front","src":"2_116_04","item":"2_116_04","price":0,"quantity":1,"color":"#ffffff","colorName":"White","x":-584,"y":-72,"flipx":"-1","flipy":"1","rotation":0,"height":88,"ratio":0.1546572934973638,"itemID":9},{"productid":"16","name":"Black Granite Inscription (free)","type":"Inscription","part":"Headstone","side":"Front","price":0,"quantity":17,"label":"Mr. & Mrs. Allimuthu","font":"139.46237316798198px Chopin Script","font_size":50,"font_family":"Chopin Script","color":"#ffffff","colorName":"White","x":10,"y":-460,"rotation":0,"flipx":1,"flipy":1,"height":52,"itemID":1},{"productid":"16","name":"Black Granite Inscription (free)","type":"Inscription","part":"Headstone","side":"Front","price":0,"quantity":19,"label":"Mr. Stephen Allimuthu","font":"111.56989853438559px Dobkin","font_size":40,"font_family":"Dobkin","color":"#ffffff","colorName":"White","x":6,"y":298,"rotation":0,"flipx":1,"flipy":1,"height":40,"itemID":2},{"productid":"16","name":"Black Granite Inscription (free)","type":"Inscription","part":"Headstone","side":"Front","price":0,"quantity":25,"label":"Mrs. Prema Stephen Allimuthu","font":"111.56989853438559px Dobkin","font_size":40,"font_family":"Dobkin","color":"#ffffff","colorName":"White","x":-6,"y":621,"rotation":0,"flipx":1,"flipy":1,"height":40,"itemID":3},{"productid":"16","name":"Black Granite Inscription (free)","type":"Inscription","part":"Headstone","side":"Front","price":0,"quantity":20,"label":"Born: 10th October 1948","font":"58.57419673055243px Adorable","font_size":21,"font_family":"Adorable","color":"#ffffff","colorName":"White","x":-30,"y":740,"rotation":0,"flipx":1,"flipy":1,"height":16,"itemID":4},{"productid":"16","name":"Black Granite Inscription (free)","type":"Inscription","part":"Headstone","side":"Front","price":0,"quantity":16,"label":"Died: 2nd July 1993","font":"58.57419673055243px Adorable","font_size":21,"font_family":"Adorable","color":"#ffffff","colorName":"White","x":-30,"y":809,"rotation":0,"flipx":1,"flipy":1,"height":20,"itemID":5},{"productid":"16","name":"Black Granite Inscription (free)","type":"Inscription","part":"Headstone","side":"Front","price":0,"quantity":15,"label":"Born: 9th May 1940","font":"58.57419673055243px Adorable","font_size":21,"font_family":"Adorable","color":"#ffffff","colorName":"White","x":-14,"y":420,"rotation":0,"flipx":1,"flipy":1,"height":20,"itemID":6},{"productid":"16","name":"Black Granite Inscription (free)","type":"Inscription","part":"Headstone","side":"Front","price":0,"quantity":18,"label":"Died: 2nd August 2023","font":"52.99570180383315px Adorable","font_size":19,"font_family":"Adorable","color":"#ffffff","colorName":"White","x":-14,"y":490,"rotation":0,"flipx":1,"flipy":1,"height":18,"itemID":7},{"productid":7,"id":7,"uid":1721393402651,"path":"../upload/2024/07/","name":"Ceramic Image","type":"Photo","item":"1721393402651sulur_couple_cropped.jpg","color":0,"mask":3,"x":-2,"y":-80,"flipx":1,"flipy":1,"rotation":0,"ratio":0.9883160303242817,"shape_url":"shapes/photos/rectangle_horizontal.svg","part":"Headstone","side":"Front","src":"Sulur Couple.png","price":570,"quantity":1,"size":"180 x 240 mm","itemID":10}]