[{"productid":4,"type":"Headstone","shape":"Half Round","color":"#000000","fixed":0,"texture":"src/granites/forever2/l/18.jpg","name":"Laser Etched Black Granite Headstone","price":2565.95,"quantity":1,"width":609.5999999999999,"height":609.5999999999999,"_length":80,"init_width":1248,"init_height":822,"device":"desktop","dpr":1.25,"orientation":"landscape","version":"1.44","version_date":20230919,"mode":"2d","navigator":"Edge (chromium based) (desktop), 1536x960"},{"productid":4,"type":"Base","name":"Rectangle","flower_pot_holes":true,"base_flower_pots":2,"shape":"Rectangle","color":"#000000","fixed":0,"texture":"src/granites/forever2/l/18.jpg","price":650,"quantity":1,"width":709.5999999999999,"height":101.6,"_length":"250","init_width":1248,"init_height":822,"mode":"2d"},{"productid":"16","name":"Black Granite Inscription (free)","type":"Inscription","part":"Headstone","side":"Front","price":0,"quantity":10,"label":"RIP Yuliana","font":"70.43113751406075px Franklin Gothic","font_size":50,"font_family":"Franklin Gothic","color":"#ffffff","colorName":"White","x":0,"y":48,"rotation":0,"flipx":1,"flipy":1,"height":34,"itemID":1},{"productid":"16","name":"Black Granite Inscription (free)","type":"Inscription","part":"Headstone","side":"Front","price":0,"quantity":13,"label":"She was a person","font":"35.215568757030375px Franklin Gothic","font_size":25,"font_family":"Franklin Gothic","color":"#ffffff","colorName":"White","x":0,"y":96,"rotation":0,"flipx":1,"flipy":1,"height":21,"itemID":2}]