[{"productid":4,"type":"Headstone","shape":"Curved Gable","color":"#000000","fixed":0,"texture":"src/granites/forever2/l/18.jpg","name":"Laser Etched Black Granite Headstone","price":2565.95,"quantity":1,"width":609.5999999999999,"height":609.5999999999999,"_length":80,"init_width":390,"init_height":603,"device":"mobile","dpr":3,"orientation":"portrait","version":"1.44","version_date":20230919,"mode":"2d","navigator":"Safari (mobile(ios)), 390x844"},{"productid":4,"type":"Base","name":"Rectangle","flower_pot_holes":true,"base_flower_pots":"2","shape":"Square","color":"#000000","fixed":0,"texture":"src/granites/forever2/l/18.jpg","price":650,"quantity":1,"width":709.5999999999999,"height":101.6,"_length":250,"init_width":390,"init_height":603,"mode":"2d"},{"productid":21,"id":21,"uid":1722174062957,"path":"../upload/2024/07/","name":"Laser-etched Image","type":"Photo","item":"1722174062957img_0894_cropped.jpg","color":1,"mask":0,"x":-9,"y":-225.13322368421052,"flipx":1,"flipy":1,"rotation":0,"ratio":0.9708295097981174,"shape_url":"shapes/photos/oval_vertical.svg","part":"Headstone","side":"Front","src":"IMG_0894.jpeg","price":0,"quantity":1,"size":"184","width":"207","height":"295","itemID":1},{"productid":21,"id":21,"uid":1722174782254,"path":"../upload/2024/07/","name":"Laser-etched Image","type":"Photo","item":"1722174782254img_0898_cropped.jpg","color":1,"mask":0,"x":-409,"y":218.19078947368422,"flipx":-1,"flipy":1,"rotation":0,"ratio":0.8019895950506187,"shape_url":"shapes/photos/oval_vertical.svg","part":"Headstone","side":"Front","src":"IMG_0898.jpeg","price":0,"quantity":1,"size":"152","width":"171","height":"244","itemID":2},{"productid":71,"name":"Black Granite Motif (free)","type":"Motif","part":"Headstone","side":"Front","src":"butterfly_009","item":"butterfly_009","price":0,"quantity":1,"color":"#ffffff","colorName":"White","x":-6,"y":-441.3404605263158,"flipx":"1","flipy":"1","rotation":0,"height":40,"ratio":0.07751937984496124,"itemID":3},{"productid":21,"id":21,"uid":1722174782254,"path":"../upload/2024/07/","name":"Laser-etched Image","type":"Photo","item":"1722174782254img_0898_cropped.jpg","color":1,"mask":0,"x":383,"y":236.04276315789474,"flipx":1,"flipy":1,"rotation":0,"ratio":0.8019895950506187,"shape_url":"shapes/photos/oval_vertical.svg","part":"Headstone","side":"Front","src":"IMG_0898.jpeg","price":80,"quantity":1,"size":"152","width":"171","height":"244","itemID":4},{"productid":"16","name":"Black Granite Inscription (free)","type":"Inscription","part":"Headstone","side":"Front","price":0,"quantity":25,"label":"Judy Elizabeth Reeves Savage","font":"80.19895950506188px Garamond","font_size":50,"font_family":"Garamond","color":"#ffffff","colorName":"White","x":-27,"y":-35,"rotation":0,"flipx":1,"flipy":1,"height":50,"itemID":5},{"productid":"16","name":"Black Granite Inscription (free)","type":"Inscription","part":"Headstone","side":"Front","price":0,"quantity":40,"label":"soul and a healing to the bones - Proverbs 16:24.","font":"44.91141732283465px Garamond","font_size":28,"font_family":"Garamond","color":"#ffffff","colorName":"White","x":-15,"y":441,"rotation":0,"flipx":1,"flipy":1,"height":29,"itemID":6},{"productid":"16","name":"Black Granite Inscription (free)","type":"Inscription","part":"Headstone","side":"Front","price":0,"quantity":39,"label":"Pleasant sayings are a honeycomb. Sweet to the","font":"44.91141732283465px Garamond","font_size":28,"font_family":"Garamond","color":"#ffffff","colorName":"White","x":-21,"y":371,"rotation":0,"flipx":1,"flipy":1,"height":29,"itemID":7},{"productid":"16","name":"Black Granite Inscription (free)","type":"Inscription","part":"Headstone","side":"Front","price":0,"quantity":20,"label":"Apr 1, 1950-Jan 19, 2024","font":"70.57508436445445px Garamond","font_size":44,"font_family":"Garamond","color":"#ffffff","colorName":"White","x":0,"y":59,"rotation":0,"flipx":1,"flipy":1,"height":44,"itemID":8}]