[{"productid":4,"type":"Headstone","shape":"Square","color":"#000000","fixed":0,"texture":"src/granites/forever2/l/18.jpg","name":"Laser Etched Black Granite Headstone","price":6459.06,"quantity":1,"width":609.5999999999999,"height":609.5999999999999,"_length":100,"init_width":1567,"init_height":826,"device":"desktop","dpr":1,"orientation":"landscape","version":"1.44","version_date":20230919,"mode":"3d","navigator":"Opera (desktop), 1920x1080"},{"productid":"16","name":"Black Granite Inscription (free)","type":"Inscription","part":"Headstone","side":"Front","price":0,"quantity":15,"label":"JEREMY W. H. BACON","font":"264.22244094488195px Garamond","font_size":68,"font_family":"Garamond","color":"#ffffff","colorName":"White","x":0,"y":-309.25498343422623,"rotation":0,"flipx":1,"flipy":1,"height":68,"itemID":1},{"productid":"16","name":"Black Granite Inscription (free)","type":"Inscription","part":"Headstone","side":"Front","price":0,"quantity":9,"label":"1931 - 2023","font":"264.22244094488195px Garamond","font_size":63.651416122004356,"font_family":"Garamond","color":"#ffffff","colorName":"White","x":0,"y":-161.25498343422623,"rotation":0,"flipx":1,"flipy":1,"height":64,"itemID":3},{"productid":"16","name":"Black Granite Inscription (free)","type":"Inscription","part":"Headstone","side":"Front","price":0,"quantity":10,"label":"beloved son","font":"264.22244094488195px Garamond","font_size":69.33527288059378,"font_family":"Garamond","color":"#ffffff","colorName":"White","x":0,"y":-33.25498343422623,"rotation":0,"flipx":1,"flipy":1,"height":69,"itemID":5}]