[{"productid":4,"type":"Headstone","shape":"Square","color":"#000000","fixed":0,"texture":"src/granites/forever2/l/18.jpg","name":"Laser Etched Black Granite Headstone","price":2565.95,"quantity":1,"width":609.5999999999999,"height":609.5999999999999,"_length":80,"init_width":384,"init_height":665,"device":"mobile","dpr":2.8125,"orientation":"portrait","version":"1.44","version_date":20230919,"mode":"2d","navigator":"Chrome (mobile(android)), 384x854"},{"productid":7,"id":7,"uid":1722218268525,"path":"../upload/2024/07/","name":"Ceramic Image","type":"Photo","item":"1722218268525messenger_creation_a3c47.jpg","color":0,"mask":0,"x":29,"y":-328,"flipx":1,"flipy":1,"rotation":0,"ratio":0.4668546499255162,"shape_url":"shapes/photos/oval_vertical.svg","part":"Headstone","side":"Front","src":"Messenger_creation_a3c476f1-1c86-4f4e-b8ab-f8386b1a61c9.png","price":282,"quantity":1,"size":"70 x 90 mm","itemID":2},{"productid":7,"id":7,"uid":1722222569083,"name":"Ceramic Image","type":"Photo","item":"1722222569083tiaremaorieightleaves_cr.jpg","color":0,"mask":0,"x":-362.8189099163519,"y":-290.95122969777947,"flipx":1,"flipy":1,"rotation":0,"ratio":0.20749095552245161,"shape_url":"shapes/photos/oval_vertical.svg","part":"Headstone","side":"Front","src":"Tiare-Maori-eight-leaves.jpg","price":180,"quantity":1,"size":"30 x 40 mm","itemID":14},{"productid":7,"id":7,"uid":1722222569083,"name":"Ceramic Image","type":"Photo","item":"1722222569083tiaremaorieightleaves_cr.jpg","color":0,"mask":0,"x":193.14765579587856,"y":-292.9510080437908,"flipx":1,"flipy":1,"rotation":0,"ratio":0.20749095552245161,"shape_url":"shapes/photos/oval_vertical.svg","part":"Headstone","side":"Front","src":"Tiare-Maori-eight-leaves.jpg","price":180,"quantity":1,"size":"30 x 40 mm","itemID":20},{"productid":7,"id":7,"uid":1722222569083,"name":"Ceramic Image","type":"Photo","item":"1722222569083tiaremaorieightleaves_cr.jpg","color":0,"mask":0,"x":-309.07875243603695,"y":-290.95122969777947,"flipx":1,"flipy":1,"rotation":0,"ratio":0.20749095552245161,"shape_url":"shapes/photos/oval_vertical.svg","part":"Headstone","side":"Front","src":"Tiare-Maori-eight-leaves.jpg","price":180,"quantity":1,"size":"30 x 40 mm","itemID":23},{"productid":7,"id":7,"uid":1722222569083,"name":"Ceramic Image","type":"Photo","item":"1722222569083tiaremaorieightleaves_cr.jpg","color":0,"mask":0,"x":-255.338594955722,"y":-290.95122969777947,"flipx":1,"flipy":1,"rotation":0,"ratio":0.20749095552245161,"shape_url":"shapes/photos/oval_vertical.svg","part":"Headstone","side":"Front","src":"Tiare-Maori-eight-leaves.jpg","price":180,"quantity":1,"size":"30 x 40 mm","itemID":24},{"productid":7,"id":7,"uid":1722222569083,"name":"Ceramic Image","type":"Photo","item":"1722222569083tiaremaorieightleaves_cr.jpg","color":0,"mask":0,"x":-201.59843747540702,"y":-290.95122969777947,"flipx":1,"flipy":1,"rotation":0,"ratio":0.20749095552245161,"shape_url":"shapes/photos/oval_vertical.svg","part":"Headstone","side":"Front","src":"Tiare-Maori-eight-leaves.jpg","price":180,"quantity":1,"size":"30 x 40 mm","itemID":25},{"productid":7,"id":7,"uid":1722222569083,"name":"Ceramic Image","type":"Photo","item":"1722222569083tiaremaorieightleaves_cr.jpg","color":0,"mask":0,"x":-147.85827999509206,"y":-290.95122969777947,"flipx":1,"flipy":1,"rotation":0,"ratio":0.20749095552245161,"shape_url":"shapes/photos/oval_vertical.svg","part":"Headstone","side":"Front","src":"Tiare-Maori-eight-leaves.jpg","price":180,"quantity":1,"size":"30 x 40 mm","itemID":26},{"productid":7,"id":7,"uid":1722222569083,"name":"Ceramic Image","type":"Photo","item":"1722222569083tiaremaorieightleaves_cr.jpg","color":0,"mask":0,"x":246.88781327619353,"y":-292.9510080437908,"flipx":1,"flipy":1,"rotation":0,"ratio":0.20749095552245161,"shape_url":"shapes/photos/oval_vertical.svg","part":"Headstone","side":"Front","src":"Tiare-Maori-eight-leaves.jpg","price":180,"quantity":1,"size":"30 x 40 mm","itemID":27},{"productid":7,"id":7,"uid":1722222569083,"name":"Ceramic Image","type":"Photo","item":"1722222569083tiaremaorieightleaves_cr.jpg","color":0,"mask":0,"x":300.6279707565085,"y":-292.9510080437908,"flipx":1,"flipy":1,"rotation":0,"ratio":0.20749095552245161,"shape_url":"shapes/photos/oval_vertical.svg","part":"Headstone","side":"Front","src":"Tiare-Maori-eight-leaves.jpg","price":180,"quantity":1,"size":"30 x 40 mm","itemID":28},{"productid":7,"id":7,"uid":1722222569083,"name":"Ceramic Image","type":"Photo","item":"1722222569083tiaremaorieightleaves_cr.jpg","color":0,"mask":0,"x":354.36812823682345,"y":-292.9510080437908,"flipx":1,"flipy":1,"rotation":0,"ratio":0.20749095552245161,"shape_url":"shapes/photos/oval_vertical.svg","part":"Headstone","side":"Front","src":"Tiare-Maori-eight-leaves.jpg","price":180,"quantity":1,"size":"30 x 40 mm","itemID":29},{"productid":7,"id":7,"uid":1722222569083,"name":"Ceramic Image","type":"Photo","item":"1722222569083tiaremaorieightleaves_cr.jpg","color":0,"mask":0,"x":408.1082857171384,"y":-292.9510080437908,"flipx":1,"flipy":1,"rotation":0,"ratio":0.20749095552245161,"shape_url":"shapes/photos/oval_vertical.svg","part":"Headstone","side":"Front","src":"Tiare-Maori-eight-leaves.jpg","price":180,"quantity":1,"size":"30 x 40 mm","itemID":30},{"productid":"71","name":"Black Granite Motif (free)","type":"Motif","part":"Headstone","side":"Front","src":"1_017_24","item":"1_017_24","price":0,"quantity":1,"color":"#ffffff","colorName":"White","x":7.999978065490723,"y":-16.99721486944918,"flipx":1,"flipy":1,"rotation":0,"height":620,"ratio":0.8959537572254336,"itemID":31},{"productid":"16","name":"Black Granite Inscription (free)","type":"Inscription","part":"Headstone","side":"Front","price":0,"quantity":16,"label":"In Loving memory of","font":"58.73031496062993px Garamond","font_size":34,"font_family":"Garamond","color":"#ffffff","colorName":"White","x":37,"y":-444,"rotation":0,"flipx":1,"flipy":1,"height":34,"itemID":1},{"productid":"16","name":"Black Granite Inscription (free)","type":"Inscription","part":"Headstone","side":"Front","price":0,"quantity":32,"label":"Ngatamariki o Tereapii ki New Zealand","font":"46.67715598279098px Franklin Gothic","font_size":27.022216796875,"font_family":"Franklin Gothic","color":"#ffffff","colorName":"White","x":33.99993133544922,"y":-193.99806936163657,"rotation":0,"flipx":1,"flipy":1,"height":23,"itemID":3},{"productid":"16","name":"Black Granite Inscription (free)","type":"Inscription","part":"Headstone","side":"Front","price":0,"quantity":18,"label":"JOHN MONI-VAINERERE","font":"54.66140912273738px Franklin Gothic","font_size":31.644439697265625,"font_family":"Franklin Gothic","color":"#ffffff","colorName":"White","x":12,"y":-129,"rotation":0,"flipx":1,"flipy":1,"height":23,"itemID":4},{"productid":"16","name":"Black Granite Inscription (free)","type":"Inscription","part":"Headstone","side":"Front","price":0,"quantity":14,"label":"BORN: 15 AUG 1944","font":"38.001968503937015px Franklin Gothic","font_size":22,"font_family":"Franklin Gothic","color":"#ffffff","colorName":"White","x":28,"y":-66,"rotation":0,"flipx":1,"flipy":1,"height":15,"itemID":5},{"productid":"16","name":"Black Granite Inscription (free)","type":"Inscription","part":"Headstone","side":"Front","price":0,"quantity":14,"label":"DIED: 04 APR 2024","font":"39.72933070866142px Franklin Gothic","font_size":23,"font_family":"Franklin Gothic","color":"#ffffff","colorName":"White","x":30.00001335144043,"y":-29.000153735168055,"rotation":0,"flipx":1,"flipy":1,"height":16,"itemID":6},{"productid":"16","name":"Black Granite Inscription (free)","type":"Inscription","part":"Headstone","side":"Front","price":0,"quantity":27,"label":"Beloved daughter, sister, wife","font":"86.36811023622049px French Script","font_size":50,"font_family":"French Script","color":"#ffffff","colorName":"White","x":24.00006103515625,"y":28.001862719543396,"rotation":0,"flipx":1,"flipy":1,"height":48,"itemID":7},{"productid":"16","name":"Black Granite Inscription (free)","type":"Inscription","part":"Headstone","side":"Front","price":0,"quantity":35,"label":"mother, grandmother, great grandmother","font":"72.54921259842521px French Script","font_size":42,"font_family":"French Script","color":"#ffffff","colorName":"White","x":37.99997520446777,"y":82.00206647600487,"rotation":0,"flipx":1,"flipy":1,"height":38,"itemID":8},{"productid":"16","name":"Black Granite Inscription (free)","type":"Inscription","part":"Headstone","side":"Front","price":0,"quantity":17,"label":"and a friend to many.","font":"86.36811023622049px French Script","font_size":50,"font_family":"French Script","color":"#ffffff","colorName":"White","x":25.00004291534424,"y":135.00340007122304,"rotation":0,"flipx":1,"flipy":1,"height":45,"itemID":9}]