[{"productid":4,"type":"Headstone","shape":"Headstone 33","color":"#000000","fixed":4,"texture":"src/granites/forever2/l/18.jpg","name":"Laser Etched Black Granite Headstone","price":1774.85,"quantity":1,"width":371,"height":609.5999999999999,"_length":80,"init_width":1200,"init_height":629,"device":"desktop","dpr":2,"orientation":"landscape","version":"1.44","version_date":20230919,"mode":"2d","navigator":"Chrome (desktop), 1440x900"},{"productid":4,"type":"Base","name":"Rectangle","flower_pot_holes":true,"base_flower_pots":"4","shape":"Square","color":"#000000","fixed":0,"texture":"src/granites/forever2/l/18.jpg","price":517,"quantity":1,"width":465,"height":100,"_length":250,"init_width":1200,"init_height":629,"mode":"2d"},{"productid":"16","name":"Black Granite Inscription (free)","type":"Inscription","part":"Headstone","side":"Front","price":0,"quantity":14,"label":"In Loving Memory","font":"41.484216459977446px Lucida Calligraphy","font_size":24,"font_family":"Lucida Calligraphy","color":"#ffffff","colorName":"White","x":6,"y":-106,"rotation":0,"flipx":1,"flipy":1,"height":27,"itemID":1},{"productid":"16","name":"Black Granite Inscription (free)","type":"Inscription","part":"Headstone","side":"Front","price":0,"quantity":11,"label":"July 30, 1939","font":"41.484216459977446px Lucida Calligraphy","font_size":24,"font_family":"Lucida Calligraphy","color":"#ffffff","colorName":"White","x":-2,"y":244,"rotation":0,"flipx":1,"flipy":1,"height":28,"itemID":2},{"productid":"16","name":"Black Granite Inscription (free)","type":"Inscription","part":"Headstone","side":"Front","price":0,"quantity":10,"label":"July 7, 2024","font":"41.484216459977446px Lucida Calligraphy","font_size":24,"font_family":"Lucida Calligraphy","color":"#ffffff","colorName":"White","x":-4,"y":313,"rotation":0,"flipx":1,"flipy":1,"height":28,"itemID":3},{"productid":"16","name":"Black Granite Inscription (free)","type":"Inscription","part":"Headstone","side":"Front","price":0,"quantity":6,"label":"Wilson","font":"120.9956313416009px Lucida Calligraphy","font_size":70,"font_family":"Lucida Calligraphy","color":"#ffffff","colorName":"White","x":-6,"y":127,"rotation":0,"flipx":1,"flipy":1,"height":61,"itemID":4},{"productid":"16","name":"Black Granite Inscription (free)","type":"Inscription","part":"Headstone","side":"Front","price":0,"quantity":12,"label":"Carlos Rafael","font":"57.040797632468994px Lucida Calligraphy","font_size":33,"font_family":"Lucida Calligraphy","color":"#ffffff","colorName":"White","x":-6,"y":-16,"rotation":0,"flipx":1,"flipy":1,"height":39,"itemID":5},{"productid":"16","name":"Black Granite Inscription (free)","type":"Inscription","part":"Headstone","side":"Front","price":0,"quantity":43,"label":"Beloved Husband, Father, Grandfather, and Friend","font":"20.742108229988723px Lucida Calligraphy","font_size":12,"font_family":"Lucida Calligraphy","color":"#ffffff","colorName":"White","x":0,"y":387,"rotation":0,"flipx":1,"flipy":1,"height":14,"itemID":7},{"productid":21,"id":21,"uid":1722545899079,"path":"../upload/2024/08/","name":"Laser-etched Image","type":"Photo","item":"1722545899079screen_shot_20240801_at_.jpg","color":1,"mask":3,"x":256,"y":-264,"flipx":1,"flipy":1,"rotation":0,"ratio":0.2743665109786868,"shape_url":"shapes/photos/rectangle_vertical.svg","part":"Headstone","side":"Front","src":"Screen Shot 2024-08-01 at 11.02.18 AM.png","price":0,"quantity":1,"size":"50","width":"88","height":"86","itemID":8},{"productid":21,"id":21,"uid":1722548020264,"path":"../upload/2024/08/","name":"Laser-etched Image","type":"Photo","item":"1722548020264untitled_design_4_croppe.jpg","color":1,"mask":0,"x":8,"y":-342,"flipx":1,"flipy":1,"rotation":0,"ratio":0.9602827884254039,"shape_url":"shapes/photos/oval_vertical.svg","part":"Headstone","side":"Front","src":"Untitled design (4).png","price":0,"quantity":1,"size":175,"width":"233","height":"302","itemID":9}]