[{"productid":4,"type":"Headstone","shape":"Serpentine","color":"#000000","fixed":0,"texture":"src/granites/forever2/l/18.jpg","name":"Laser Etched Black Granite Headstone","price":4856.02,"quantity":1,"width":"965.1999999999999","height":762,"_length":90,"init_width":1680,"init_height":847,"device":"desktop","dpr":1,"orientation":"landscape","version":"1.44","version_date":20230919,"mode":"2d","navigator":"Chrome (desktop), 1920x1080"},{"productid":4,"type":"Base","name":"Rectangle","shape":"Square","color":"#000000","fixed":0,"texture":"src/granites/forever2/l/18.jpg","price":1030,"quantity":1,"width":1066.81,"height":101.6,"_length":250,"init_width":1680,"init_height":847,"mode":"2d"},{"productid":71,"name":"Black Granite Motif (free)","type":"Motif","part":"Headstone","side":"Front","src":"bronzeangel2","item":"bronzeangel2","price":0,"quantity":1,"color":"#ffffff","colorName":"White","x":-324,"y":-147.5263157894737,"flipx":"-1","flipy":"1","rotation":0,"height":158,"ratio":0.3079922027290448,"itemID":1},{"productid":71,"name":"Black Granite Motif (free)","type":"Motif","part":"Headstone","side":"Front","src":"bronzeangel2","item":"bronzeangel2","price":0,"quantity":1,"color":"#ffffff","colorName":"White","x":322,"y":-144.21052631578948,"flipx":"1","flipy":"1","rotation":0,"height":158,"ratio":0.3079922027290448,"itemID":2},{"productid":7,"id":7,"uid":1723462548258,"path":"../upload/2024/08/","name":"Ceramic Image","type":"Photo","item":"1723462548258warren_cropped.jpg","color":0,"mask":0,"x":-215,"y":-14.368421052631561,"flipx":1,"flipy":1,"rotation":0,"ratio":0.3255212035964579,"shape_url":"shapes/photos/oval_vertical.svg","part":"Headstone","side":"Front","src":"Warren.jpg","price":440,"quantity":1,"size":"130 x 180 mm","itemID":4},{"productid":71,"name":"Black Granite Motif (free)","type":"Motif","part":"Headstone","side":"Front","src":"soccer-ball_001","item":"soccer-ball_001","price":0,"quantity":1,"color":"#ffffff","colorName":"White","x":-317,"y":-23.21052631578948,"flipx":"1","flipy":"1","rotation":0,"height":100,"ratio":0.19047619047619047,"itemID":5},{"productid":"16","name":"Black Granite Inscription (free)","type":"Inscription","part":"Headstone","side":"Front","price":0,"quantity":6,"label":"CUFFIE","font":"103.51574274367361px Arial","font_size":135,"font_family":"Arial","color":"#ffffff","colorName":"White","x":0,"y":-116.05263157894738,"rotation":0,"flipx":1,"flipy":1,"height":100,"itemID":3},{"productid":"16","name":"Black Granite Inscription (free)","type":"Inscription","part":"Headstone","side":"Front","price":0,"quantity":12,"label":"WARREN FINBAR","font":"27.60419806497963px Arial","font_size":36,"font_family":"Arial","color":"#ffffff","colorName":"White","x":-224,"y":75,"rotation":0,"flipx":1,"flipy":1,"height":26,"itemID":6},{"productid":"16","name":"Black Granite Inscription (free)","type":"Inscription","part":"Headstone","side":"Front","price":0,"quantity":19,"label":"Mar 1, 1985 - Nov 5, 2021","font":"23.003498387483024px Arial","font_size":30,"font_family":"Arial","color":"#ffffff","colorName":"White","x":-222,"y":105,"rotation":0,"flipx":1,"flipy":1,"height":26,"itemID":7},{"productid":"16","name":"Black Granite Inscription (free)","type":"Inscription","part":"Headstone","side":"Front","price":0,"quantity":12,"label":"A Shining Star","font":"26.070631505814095px Arial","font_size":34,"font_family":"Arial","color":"#ffffff","colorName":"White","x":-227,"y":133.99999999999994,"rotation":0,"flipx":1,"flipy":1,"height":31,"itemID":8},{"productid":"71","name":"Black Granite Motif (free)","type":"Motif","part":"Headstone","side":"Front","src":"cross_010","item":"cross_010","price":0,"quantity":1,"color":"#ffffff","colorName":"White","x":-3,"y":-229,"flipx":1,"flipy":1,"rotation":0,"height":104,"ratio":0.4351464435146444,"itemID":10},{"productid":"71","name":"Black Granite Motif (free)","type":"Motif","part":"Headstone","side":"Front","src":"dove_004","item":"dove_004","price":0,"quantity":1,"color":"#ffffff","colorName":"White","x":375,"y":331.99999999999994,"flipx":1,"flipy":1,"rotation":0,"height":78,"ratio":0.06638297872340425,"itemID":11},{"productid":"71","name":"Black Granite Motif (free)","type":"Motif","part":"Headstone","side":"Front","src":"dove_004","item":"dove_004","price":0,"quantity":1,"color":"#ffffff","colorName":"White","x":-374.58114151169366,"y":330.99999999999994,"flipx":-1,"flipy":1,"rotation":0,"height":78,"ratio":0.06638297872340425,"itemID":12},{"productid":"16","name":"Black Granite Inscription (free)","type":"Inscription","part":"Base","side":"Front","price":0,"quantity":17,"label":"ALWAYS IN OUR HEARTS","font":"52.14126301162819px Arial","font_size":68,"font_family":"Arial","color":"#ffffff","colorName":"White","x":-1,"y":333.99999999999994,"rotation":0,"flipx":1,"flipy":1,"height":51,"itemID":13},{"productid":"71","name":"Black Granite Motif (free)","type":"Motif","part":"Headstone","side":"Front","src":"2_155_14","item":"2_155_14","price":0,"quantity":1,"color":"#ffffff","colorName":"White","x":334,"y":351,"flipx":1,"flipy":1,"rotation":0,"height":40,"ratio":0.06837606837606838,"itemID":14},{"productid":"16","name":"Black Granite Inscription (free)","type":"Inscription","part":"Headstone","side":"Front","price":0,"quantity":17,"label":"Forever Remembered","font":"27.60419806497963px Arial","font_size":36,"font_family":"Arial","color":"#ffffff","colorName":"White","x":-223,"y":161.99999999999994,"rotation":0,"flipx":1,"flipy":1,"height":26,"itemID":9}]