[{"productid":4,"type":"Headstone","shape":"Curved Top","color":"#000000","fixed":0,"texture":"src/granites/forever2/l/18.jpg","name":"Laser Etched Black Granite Headstone","price":2565.95,"quantity":1,"width":609.5999999999999,"height":609.5999999999999,"_length":80,"init_width":414,"init_height":561,"device":"mobile","dpr":3,"orientation":"portrait","version":"1.44","version_date":20230919,"mode":"2d","navigator":"Safari (mobile(ios)), 414x736"},{"productid":"16","name":"Black Granite Inscription (free)","type":"Inscription","part":"Headstone","side":"Front","price":0,"quantity":18,"label":"Hamahona Samson Pehi","font":"99.32332677165357px Great Vibes","font_size":50,"font_family":"Great Vibes","color":"#ffffff","colorName":"White","x":-6,"y":-149.12658227848104,"rotation":0,"flipx":1,"flipy":1,"height":49,"itemID":1},{"productid":"16","name":"Black Granite Inscription (free)","type":"Inscription","part":"Headstone","side":"Front","price":0,"quantity":18,"label":"4.1.1933 - 16.7.2019","font":"53.634596456692925px Lucida Calligraphy","font_size":27,"font_family":"Lucida Calligraphy","color":"#ffffff","colorName":"White","x":48,"y":-61.88245931283907,"rotation":0,"flipx":1,"flipy":1,"height":24,"itemID":3},{"productid":"16","name":"Black Granite Inscription (free)","type":"Inscription","part":"Headstone","side":"Front","price":0,"quantity":61,"label":"Father of; Kelly, Aubrey, Sam Jr, Rowena, Walter, Clayton, Anita & Ailsa","font":"47.67519685039371px Garamond","font_size":24,"font_family":"Garamond","color":"#ffffff","colorName":"White","x":3,"y":130.98010849909588,"rotation":0,"flipx":1,"flipy":1,"height":24,"itemID":5},{"productid":"16","name":"Black Granite Inscription (free)","type":"Inscription","part":"Headstone","side":"Front","price":0,"quantity":11,"label":"Moe mai e Papa","font":"99.32332677165357px Chopin Script","font_size":50,"font_family":"Chopin Script","color":"#ffffff","colorName":"White","x":21,"y":402.6401446654611,"rotation":0,"flipx":1,"flipy":1,"height":52,"itemID":7},{"productid":"16","name":"Black Granite Inscription (free)","type":"Inscription","part":"Headstone","side":"Front","price":0,"quantity":19,"label":"Husband to Ada Ngaropo","font":"63.56692913385828px Garamond","font_size":32,"font_family":"Garamond","color":"#ffffff","colorName":"White","x":36,"y":42.09764918625683,"rotation":0,"flipx":1,"flipy":1,"height":33,"itemID":4},{"productid":"16","name":"Black Granite Inscription (free)","type":"Inscription","part":"Headstone","side":"Front","price":0,"quantity":24,"label":"The first and last of his kind","font":"51.64812992125985px Lucida Calligraphy","font_size":26,"font_family":"Lucida Calligraphy","color":"#ffffff","colorName":"White","x":6,"y":260.83182640144673,"rotation":0,"flipx":1,"flipy":1,"height":31,"itemID":6}]