[{"productid":124,"type":"Headstone","corner":2,"hole":3,"shape":"Square","color":"#000000","fixed":0,"texture":"src/granites/forever2/l/G633.jpg","name":"Traditional Engraved Headstone","price":1221.57,"quantity":1,"width":762,"height":355.59999999999997,"_length":80,"init_width":840,"init_height":626,"device":"tablet","dpr":2,"orientation":"landscape","version":"1.45","version_date":20240903,"mode":"2d","navigator":"Safari (tablet(ios)), 810x1080"},{"productid":126,"name":"Motif (Traditional Engraved)","type":"Motif","part":"Headstone","side":"Front","src":"1_061_21","item":"1_061_21","price":228.86118499999998,"quantity":1,"color":"#000000","colorName":"Black","colorName2":"undefined","x":544,"y":-196,"flipx":"1","flipy":"1","rotation":0,"height":102,"ratio":0.10748155953635406,"itemID":1},{"productid":126,"name":"Motif (Traditional Engraved)","type":"Motif","part":"Headstone","side":"Front","src":"1_188_12","item":"1_188_12","price":221.34902499999998,"quantity":1,"color":"#000000","colorName":"Black","colorName2":"undefined","x":-435,"y":-227,"flipx":"1","flipy":"1","rotation":0,"height":70,"ratio":0.30973451327433627,"itemID":2},{"productid":126,"name":"Motif (Traditional Engraved)","type":"Motif","part":"Headstone","side":"Front","src":"cross_002","item":"cross_002","price":228.86118499999998,"quantity":1,"color":"#000000","colorName":"Black","colorName2":"undefined","x":11,"y":21,"flipx":"1","flipy":"1","rotation":0,"height":102,"ratio":0.3669064748201439,"itemID":3},{"productid":"125","name":"Inscription (Traditional Engraved)","type":"Inscription","part":"Headstone","side":"Front","price":3.85,"quantity":21,"label":"Beloved son and grandson","font":"41.65118110236221px Garamond","font_size":26,"font_family":"Garamond","color":"#000000","colorName":"Black","x":310,"y":-45,"rotation":0,"flipx":1,"flipy":1,"height":27,"itemID":4},{"productid":"125","name":"Inscription (Traditional Engraved)","type":"Inscription","part":"Headstone","side":"Front","price":3.85,"quantity":16,"label":"September 22, 1997","font":"48.05905511811024px Garamond","font_size":30,"font_family":"Garamond","color":"#000000","colorName":"Black","x":293,"y":47,"rotation":0,"flipx":1,"flipy":1,"height":30,"itemID":5},{"productid":"125","name":"Inscription (Traditional Engraved)","type":"Inscription","part":"Headstone","side":"Front","price":3.85,"quantity":21,"label":"Beloved son and grandson","font":"41.65118110236221px Garamond","font_size":26,"font_family":"Garamond","color":"#000000","colorName":"Black","x":-270,"y":-50,"rotation":0,"flipx":1,"flipy":1,"height":27,"itemID":6},{"productid":"125","name":"Inscription (Traditional Engraved)","type":"Inscription","part":"Headstone","side":"Front","price":3.85,"quantity":15,"label":"Future date, 3000","font":"54.46692913385827px Garamond","font_size":34,"font_family":"Garamond","color":"#000000","colorName":"Black","x":-286,"y":92,"rotation":0,"flipx":1,"flipy":1,"height":30,"itemID":7},{"productid":"125","name":"Inscription (Traditional Engraved)","type":"Inscription","part":"Headstone","side":"Front","price":3.85,"quantity":13,"label":"January 4, 2023","font":"49.661023622047246px Garamond","font_size":31,"font_family":"Garamond","color":"#000000","colorName":"Black","x":288,"y":88,"rotation":0,"flipx":1,"flipy":1,"height":30,"itemID":8},{"productid":"125","name":"Inscription (Traditional Engraved)","type":"Inscription","part":"Headstone","side":"Front","price":3.85,"quantity":13,"label":"October 5, 1995","font":"54.46692913385827px Garamond","font_size":34,"font_family":"Garamond","color":"#000000","colorName":"Black","x":-284,"y":43,"rotation":0,"flipx":1,"flipy":1,"height":30,"itemID":9},{"productid":126,"name":"Motif (Traditional Engraved)","type":"Motif","part":"Headstone","side":"Front","src":"1_004_01","item":"1_004_01","price":288.25419999999997,"quantity":1,"color":"#ffffff","colorName":"White","colorName2":"undefined","x":4,"y":-2,"flipx":"1","flipy":"1","rotation":0,"height":355,"ratio":1.1833333333333333,"itemID":10},{"productid":"125","name":"Inscription (Traditional Engraved)","type":"Inscription","part":"Headstone","side":"Front","price":3.85,"quantity":17,"label":"Austen Joseph Shunk","font":"51.262992125984255px Garamond","font_size":32,"font_family":"Garamond","color":"#000000","colorName":"Black","x":295,"y":-5,"rotation":0,"flipx":1,"flipy":1,"height":32,"itemID":11},{"productid":"125","name":"Inscription (Traditional Engraved)","type":"Inscription","part":"Headstone","side":"Front","price":3.85,"quantity":18,"label":"Justin Michael Shunk","font":"56.06889763779528px Garamond","font_size":35,"font_family":"Garamond","color":"#000000","colorName":"Black","x":-291,"y":-7,"rotation":0,"flipx":1,"flipy":1,"height":32,"itemID":12},{"productid":"125","name":"Inscription (Traditional Engraved)","type":"Inscription","part":"Headstone","side":"Front","price":3.85,"quantity":34,"label":"Brothers-Best Friends-Together Again","font":"32.03937007874016px Lucida Calligraphy","font_size":20,"font_family":"Lucida Calligraphy","color":"#000000","colorName":"Black","x":4,"y":-111,"rotation":0,"flipx":1,"flipy":1,"height":24,"itemID":13},{"productid":"125","name":"Inscription (Traditional Engraved)","type":"Inscription","part":"Headstone","side":"Front","price":3.85,"quantity":26,"label":"Forever loved-Forever missed","font":"35.24330708661417px Lucida Calligraphy","font_size":22,"font_family":"Lucida Calligraphy","color":"#000000","colorName":"Black","x":-18,"y":-156,"rotation":0,"flipx":1,"flipy":1,"height":24,"itemID":14},{"productid":"125","name":"Inscription (Traditional Engraved)","type":"Inscription","part":"Headstone","side":"Front","price":3.85,"quantity":16,"label":"Requiescat in pace","font":"33.641338582677164px Lucida Calligraphy","font_size":21,"font_family":"Lucida Calligraphy","color":"#000000","colorName":"Black","x":8,"y":147,"rotation":0,"flipx":1,"flipy":1,"height":24,"itemID":15},{"productid":"125","name":"Inscription (Traditional Engraved)","type":"Inscription","part":"Headstone","side":"Front","price":3.85,"quantity":11,"label":"Memento Mori","font":"38.44724409448819px Lucida Calligraphy","font_size":24,"font_family":"Lucida Calligraphy","color":"#000000","colorName":"Black","x":3,"y":188,"rotation":0,"flipx":1,"flipy":1,"height":20,"itemID":16}]