[{"productid":124,"type":"Headstone","corner":2,"hole":3,"shape":"Square","color":"#000000","fixed":0,"texture":"src/granites/forever2/l/G633.jpg","name":"Traditional Engraved Headstone","price":1221.57,"quantity":1,"width":762,"height":355.59999999999997,"_length":80,"init_width":840,"init_height":626,"device":"tablet","dpr":2,"orientation":"landscape","version":"1.45","version_date":20240903,"mode":"2d","navigator":"Safari (tablet(ios)), 810x1080"},{"productid":126,"name":"Motif (Traditional Engraved)","type":"Motif","part":"Headstone","side":"Front","src":"1_061_21","item":"1_061_21","price":228.86118499999998,"quantity":1,"color":"#000000","colorName":"Black","colorName2":"undefined","x":512,"y":200,"flipx":"1","flipy":"1","rotation":0,"height":102,"ratio":0.10748155953635406,"itemID":1},{"productid":126,"name":"Motif (Traditional Engraved)","type":"Motif","part":"Headstone","side":"Front","src":"1_188_12","item":"1_188_12","price":221.34902499999998,"quantity":1,"color":"#000000","colorName":"Black","colorName2":"undefined","x":-431,"y":225,"flipx":"1","flipy":"1","rotation":0,"height":70,"ratio":0.30973451327433627,"itemID":2},{"productid":126,"name":"Motif (Traditional Engraved)","type":"Motif","part":"Headstone","side":"Front","src":"cross_002","item":"cross_002","price":228.86118499999998,"quantity":1,"color":"#000000","colorName":"Black","colorName2":"undefined","x":-555,"y":-201,"flipx":"1","flipy":"1","rotation":0,"height":102,"ratio":0.3669064748201439,"itemID":3},{"productid":"125","name":"Inscription (Traditional Engraved)","type":"Inscription","part":"Headstone","side":"Front","price":3.85,"quantity":16,"label":"Requiescat in pace","font":"41.65118110236221px Lucida Calligraphy","font_size":26,"font_family":"Lucida Calligraphy","color":"#000000","colorName":"Black","x":2,"y":177,"rotation":0,"flipx":1,"flipy":1,"height":29,"itemID":4},{"productid":"125","name":"Inscription (Traditional Engraved)","type":"Inscription","part":"Headstone","side":"Front","price":3.85,"quantity":11,"label":"Memento Mori","font":"44.85511811023622px Lucida Calligraphy","font_size":28,"font_family":"Lucida Calligraphy","color":"#000000","colorName":"Black","x":9,"y":232,"rotation":0,"flipx":1,"flipy":1,"height":24,"itemID":5},{"productid":"125","name":"Inscription (Traditional Engraved)","type":"Inscription","part":"Headstone","side":"Front","price":3.85,"quantity":21,"label":"Beloved son and grandson","font":"38.44724409448819px Garamond","font_size":24,"font_family":"Garamond","color":"#000000","colorName":"Black","x":-300,"y":-58,"rotation":0,"flipx":1,"flipy":1,"height":25,"itemID":6},{"productid":"125","name":"Inscription (Traditional Engraved)","type":"Inscription","part":"Headstone","side":"Front","price":3.85,"quantity":13,"label":"October 5, 1996","font":"51.262992125984255px Garamond","font_size":32,"font_family":"Garamond","color":"#000000","colorName":"Black","x":-312,"y":25,"rotation":0,"flipx":1,"flipy":1,"height":28,"itemID":7},{"productid":"125","name":"Inscription (Traditional Engraved)","type":"Inscription","part":"Headstone","side":"Front","price":3.85,"quantity":18,"label":"JUSTIN MICHAEL SHUNK","font":"46.45708661417323px Garamond","font_size":29,"font_family":"Garamond","color":"#000000","colorName":"Black","x":-303,"y":-17,"rotation":0,"flipx":1,"flipy":1,"height":27,"itemID":8},{"productid":"125","name":"Inscription (Traditional Engraved)","type":"Inscription","part":"Headstone","side":"Front","price":3.85,"quantity":17,"label":"AUSTEN JOSEPH SHUNK","font":"48.05905511811024px Garamond","font_size":30,"font_family":"Garamond","color":"#000000","colorName":"Black","x":281,"y":-21,"rotation":0,"flipx":1,"flipy":1,"height":27,"itemID":9},{"productid":"125","name":"Inscription (Traditional Engraved)","type":"Inscription","part":"Headstone","side":"Front","price":3.85,"quantity":21,"label":"Beloved son and grandson","font":"38.44724409448819px Garamond","font_size":24,"font_family":"Garamond","color":"#000000","colorName":"Black","x":280,"y":-57,"rotation":0,"flipx":1,"flipy":1,"height":25,"itemID":10},{"productid":"125","name":"Inscription (Traditional Engraved)","type":"Inscription","part":"Headstone","side":"Front","price":3.85,"quantity":16,"label":"September 22, 1997","font":"44.85511811023622px Garamond","font_size":28,"font_family":"Garamond","color":"#000000","colorName":"Black","x":265,"y":21,"rotation":0,"flipx":1,"flipy":1,"height":28,"itemID":11},{"productid":"125","name":"Inscription (Traditional Engraved)","type":"Inscription","part":"Headstone","side":"Front","price":3.85,"quantity":13,"label":"January 4, 2023","font":"48.05905511811024px Garamond","font_size":30,"font_family":"Garamond","color":"#000000","colorName":"Black","x":270,"y":66,"rotation":0,"flipx":1,"flipy":1,"height":29,"itemID":12},{"productid":"125","name":"Inscription (Traditional Engraved)","type":"Inscription","part":"Headstone","side":"Front","price":3.85,"quantity":34,"label":"Brothers-Best Friends-Together Again","font":"41.65118110236221px Lucida Calligraphy","font_size":26,"font_family":"Lucida Calligraphy","color":"#000000","colorName":"Black","x":-6,"y":-211,"rotation":0,"flipx":1,"flipy":1,"height":31,"itemID":13},{"productid":"125","name":"Inscription (Traditional Engraved)","type":"Inscription","part":"Headstone","side":"Front","price":3.85,"quantity":26,"label":"Forever loved-Forever missed","font":"44.85511811023622px Lucida Calligraphy","font_size":28,"font_family":"Lucida Calligraphy","color":"#000000","colorName":"Black","x":-26,"y":-152,"rotation":0,"flipx":1,"flipy":1,"height":31,"itemID":14},{"productid":126,"name":"Motif (Traditional Engraved)","type":"Motif","part":"Headstone","side":"Front","src":"cross_002","item":"cross_002","price":228.86118499999998,"quantity":1,"color":"#000000","colorName":"Black","colorName2":"undefined","x":552,"y":-201,"flipx":"1","flipy":"1","rotation":0,"height":102,"ratio":0.3669064748201439,"itemID":15}]