[{"productid":4,"type":"Headstone","shape":"Serpentine","color":"#000000","fixed":0,"texture":"src/granites/forever2/l/18.jpg","name":"Laser Etched Black Granite Headstone","price":2565.95,"quantity":1,"width":609.5999999999999,"height":609.5999999999999,"_length":80,"init_width":1272,"init_height":801,"device":"desktop","dpr":2,"orientation":"landscape","version":"1.45","version_date":20240903,"mode":"2d","navigator":"Safari (desktop), 1512x982"},{"productid":4,"type":"Base","name":"Rectangle","shape":"Rectangle","color":"#000000","fixed":0,"texture":"src/granites/forever2/l/18.jpg","price":650,"quantity":1,"width":709.5999999999999,"height":101.6,"_length":250,"init_width":1272,"init_height":801,"mode":"2d"},{"productid":"71","name":"Black Granite Motif (free)","type":"Motif","part":"Headstone","side":"Front","src":"1_144_16","item":"1_144_16","price":0,"quantity":1,"color":"#ffffff","colorName":"White","x":-2,"y":-280,"flipx":1,"flipy":1,"rotation":0,"height":78,"ratio":0.0896551724137931,"itemID":2},{"productid":"71","name":"Black Granite Motif (free)","type":"Motif","part":"Headstone","side":"Front","src":"1_154_26","item":"1_154_26","price":0,"quantity":1,"color":"#ffffff","colorName":"White","x":-488,"y":264,"flipx":1,"flipy":1,"rotation":0,"height":250,"ratio":0.27654867256637167,"itemID":9},{"productid":"71","name":"Black Granite Motif (free)","type":"Motif","part":"Headstone","side":"Front","src":"1_154_26","item":"1_154_26","price":0,"quantity":1,"color":"#ffffff","colorName":"White","x":515.9690164386254,"y":254,"flipx":-1,"flipy":1,"rotation":0,"height":250,"ratio":0.27654867256637167,"itemID":10},{"productid":"71","name":"Black Granite Motif (free)","type":"Motif","part":"Headstone","side":"Front","src":"1_155_07","item":"1_155_07","price":0,"quantity":1,"color":"#ffffff","colorName":"White","x":12,"y":384,"flipx":1,"flipy":1,"rotation":0,"height":124,"ratio":0.164021164021164,"itemID":11},{"productid":"16","name":"Black Granite Inscription (free)","type":"Inscription","part":"Headstone","side":"Front","price":0,"quantity":7,"label":"Grandma","font":"92.24114173228348px Lucida Calligraphy","font_size":42,"font_family":"Lucida Calligraphy","color":"#ffffff","colorName":"White","x":-14,"y":-475,"rotation":0,"flipx":1,"flipy":1,"height":45,"itemID":1},{"productid":"16","name":"Black Granite Inscription (free)","type":"Inscription","part":"Headstone","side":"Front","price":0,"quantity":27,"label":"A Heart Full of Love and Kindness","font":"39.53191788526435px Lucida Calligraphy","font_size":18,"font_family":"Lucida Calligraphy","color":"#ffffff","colorName":"White","x":0,"y":-386.9999999999999,"rotation":0,"flipx":1,"flipy":1,"height":21,"itemID":3},{"productid":"16","name":"Black Granite Inscription (free)","type":"Inscription","part":"Headstone","side":"Front","price":0,"quantity":39,"label":"Grandma lived a life of warmth and generosity.","font":"39.53191788526435px Dobkin","font_size":18,"font_family":"Dobkin","color":"#ffffff","colorName":"White","x":-6,"y":-154.9999999999999,"rotation":0,"flipx":1,"flipy":1,"height":19,"itemID":4},{"productid":"16","name":"Black Granite Inscription (free)","type":"Inscription","part":"Headstone","side":"Front","price":0,"quantity":55,"label":"Her cozy home and beautiful garden were a reflection of her caring","font":"41.72813554555681px Dobkin","font_size":19,"font_family":"Dobkin","color":"#ffffff","colorName":"White","x":-26,"y":-111.99999999999989,"rotation":0,"flipx":1,"flipy":1,"height":19,"itemID":5},{"productid":"16","name":"Black Granite Inscription (free)","type":"Inscription","part":"Headstone","side":"Front","price":0,"quantity":63,"label":"spirit. She welcomed everyone with open arms and shared her wisdom and love","font":"46.12057086614174px Dobkin","font_size":21,"font_family":"Dobkin","color":"#ffffff","colorName":"White","x":-12,"y":-69.99999999999989,"rotation":0,"flipx":1,"flipy":1,"height":21,"itemID":6},{"productid":"16","name":"Black Granite Inscription (free)","type":"Inscription","part":"Headstone","side":"Front","price":0,"quantity":46,"label":"through every flower she grew and every story she told.","font":"41.72813554555681px Dobkin","font_size":19,"font_family":"Dobkin","color":"#ffffff","colorName":"White","x":10,"y":-21.999999999999886,"rotation":0,"flipx":1,"flipy":1,"height":18,"itemID":7},{"productid":"16","name":"Black Granite Inscription (free)","type":"Inscription","part":"Headstone","side":"Front","price":0,"quantity":49,"label":"Rest in peace, Grandma. Your spirit lives on in our hearts.","font":"48.3167885264342px Dobkin","font_size":22,"font_family":"Dobkin","color":"#ffffff","colorName":"White","x":-2,"y":204.0000000000001,"rotation":0,"flipx":1,"flipy":1,"height":22,"itemID":8}]