[{"productid":4,"type":"Headstone","shape":"Serpentine","color":"#000000","fixed":0,"texture":"src/granites/forever2/l/18.jpg","name":"Laser Etched Black Granite Headstone","price":2565.95,"quantity":1,"width":609.5999999999999,"height":609.5999999999999,"_length":80,"init_width":432,"init_height":754,"device":"mobile","dpr":2.5,"orientation":"portrait","version":"1.45","version_date":20240828,"mode":"2d","navigator":"Chrome (mobile(android)), 432x960"},{"productid":4,"type":"Base","name":"Rectangle","flower_pot_holes":true,"base_flower_pots":3,"shape":"Rectangle","color":"#000000","fixed":0,"texture":"src/granites/forever2/l/18.jpg","price":650,"quantity":1,"width":709.5999999999999,"height":101.6,"_length":250,"init_width":432,"init_height":754,"mode":"2d"},{"productid":21,"id":21,"uid":1725124461485,"path":"../upload/2024/08/","name":"Laser-etched Image","type":"Photo","item":"17251244614851000000055_cropped.jpg","color":1,"mask":0,"x":7.5,"y":81.11052812264369,"flipx":1,"flipy":1,"rotation":0,"ratio":0.9975369458128079,"shape_url":"shapes/photos/oval_vertical.svg","part":"Headstone","side":"Front","src":"1000000055.jpg","price":0,"quantity":1,"size":254,"width":"263","height":"376","itemID":1}]