[{"productid":4,"type":"Headstone","shape":"Serpentine","color":"#000000","fixed":0,"texture":"src/granites/forever2/l/18.jpg","name":"Laser Etched Black Granite Headstone","price":1958.04,"quantity":1,"width":533.4,"height":533.4,"_length":80,"init_width":1121,"init_height":684,"device":"desktop","dpr":1,"orientation":"landscape","version":"1.45","version_date":20240903,"mode":"2d","navigator":"Chrome (desktop), 1440x900"},{"productid":"16","name":"Black Granite Inscription (free)","type":"Inscription","part":"Headstone","side":"Front","price":0,"quantity":35,"label":"His laughter echoed, his kindness known,","font":"25.00562429696288px Garamond","font_size":20,"font_family":"Garamond","color":"#ffffff","colorName":"White","x":-15,"y":-11,"rotation":0,"flipx":1,"flipy":1,"height":20,"itemID":2},{"productid":"16","name":"Black Granite Inscription (free)","type":"Inscription","part":"Headstone","side":"Front","price":0,"quantity":28,"label":"a soul like his we&apos;ve rarely known","font":"25.00562429696288px Garamond","font_size":20,"font_family":"Garamond","color":"#ffffff","colorName":"White","x":13,"y":26,"rotation":0,"flipx":1,"flipy":1,"height":20,"itemID":3},{"productid":"16","name":"Black Granite Inscription (free)","type":"Inscription","part":"Headstone","side":"Front","price":0,"quantity":31,"label":"Rest in peace, dear Neil, our friend,","font":"25.00562429696288px Garamond","font_size":20,"font_family":"Garamond","color":"#ffffff","colorName":"White","x":-16,"y":66,"rotation":0,"flipx":1,"flipy":1,"height":20,"itemID":4},{"productid":"16","name":"Black Granite Inscription (free)","type":"Inscription","part":"Headstone","side":"Front","price":0,"quantity":27,"label":"with humor that truly knew no end","font":"25.00562429696288px Garamond","font_size":20,"font_family":"Garamond","color":"#ffffff","colorName":"White","x":11,"y":112,"rotation":0,"flipx":1,"flipy":1,"height":20,"itemID":5},{"productid":"16","name":"Black Granite Inscription (free)","type":"Inscription","part":"Headstone","side":"Front","price":0,"quantity":30,"label":"And with a smile, in his final trick,","font":"25.00562429696288px Garamond","font_size":20,"font_family":"Garamond","color":"#ffffff","colorName":"White","x":-1,"y":163,"rotation":0,"flipx":1,"flipy":1,"height":17,"itemID":6},{"productid":"16","name":"Black Granite Inscription (free)","type":"Inscription","part":"Headstone","side":"Front","price":0,"quantity":36,"label":"He left us laughing, \"I told you I was sick!\"","font":"25.00562429696288px Garamond","font_size":20,"font_family":"Garamond","color":"#ffffff","colorName":"White","x":20,"y":208,"rotation":0,"flipx":1,"flipy":1,"height":20,"itemID":7},{"productid":"16","name":"Black Granite Inscription (free)","type":"Inscription","part":"Headstone","side":"Front","price":0,"quantity":49,"label":"Here lies a man of good cheer, a friend to all, both far & near","font":"25.00562429696288px Garamond","font_size":20,"font_family":"Garamond","color":"#ffffff","colorName":"White","x":-20,"y":-52,"rotation":0,"flipx":1,"flipy":1,"height":20,"itemID":8},{"productid":"16","name":"Black Granite Inscription (free)","type":"Inscription","part":"Headstone","side":"Front","price":0,"quantity":16,"label":"In loving memory of","font":"25.00562429696288px Garamond","font_size":20,"font_family":"Garamond","color":"#ffffff","colorName":"White","x":-27,"y":-229,"rotation":0,"flipx":1,"flipy":1,"height":20,"itemID":9},{"productid":"16","name":"Black Granite Inscription (free)","type":"Inscription","part":"Headstone","side":"Front","price":0,"quantity":9,"label":"***FLAG**","font":"26.255905511811022px Garamond","font_size":21,"font_family":"Garamond","color":"#ffffff","colorName":"White","x":238,"y":258,"rotation":0,"flipx":1,"flipy":1,"height":15,"itemID":10},{"productid":71,"name":"Black Granite Motif (free)","type":"Motif","part":"Headstone","side":"Front","src":"1_184_04","item":"1_184_04","price":0,"quantity":1,"color":"#ffffff","colorName":"White","colorName2":"undefined","x":-247,"y":172,"flipx":"1","flipy":"1","rotation":0,"height":198,"ratio":0.2357142857142857,"itemID":13},{"productid":"16","name":"Black Granite Inscription (free)","type":"Inscription","part":"Headstone","side":"Front","price":0,"quantity":36,"label":"N.Y.C., Bawnard, Co. Kerry, Pennsylvania","font":"25.00562429696288px Garamond","font_size":20,"font_family":"Garamond","color":"#ffffff","colorName":"White","x":-3,"y":-140,"rotation":0,"flipx":1,"flipy":1,"height":20,"itemID":1},{"productid":"16","name":"Black Granite Inscription (free)","type":"Inscription","part":"Headstone","side":"Front","price":0,"quantity":27,"label":"Dr. Cornelius Peter O&apos;Sullivan","font":"42.50956130483689px Garamond","font_size":34,"font_family":"Garamond","color":"#ffffff","colorName":"White","x":-19,"y":-183,"rotation":0,"flipx":1,"flipy":1,"height":25,"itemID":12},{"productid":"16","name":"Black Granite Inscription (free)","type":"Inscription","part":"Headstone","side":"Front","price":0,"quantity":19,"label":"9/20/1936 - 3/28/2024","font":"32.50731158605174px Garamond","font_size":26,"font_family":"Garamond","color":"#ffffff","colorName":"White","x":-7,"y":-101,"rotation":0,"flipx":1,"flipy":1,"height":19,"itemID":11}]