[{"productid":4,"type":"Headstone","corner":2,"hole":3,"shape":"Square","color":"#000000","fixed":0,"texture":"src/granites/forever2/l/18.jpg","name":"Laser Etched Black Granite Headstone","price":2966.71,"quantity":1,"width":800.1000000000001,"height":508,"_length":80,"init_width":1114,"init_height":1043,"device":"desktop","dpr":1.25,"orientation":"landscape","version":"1.45","version_date":20240903,"mode":"2d","navigator":"Chrome (desktop), 3072x1728"},{"productid":4,"type":"Base","name":"Rectangle","shape":"Square","color":"#000000","fixed":0,"texture":"src/granites/forever2/l/18.jpg","price":807,"quantity":1,"width":"1016","height":101.6,"_length":250,"init_width":1114,"init_height":1043,"mode":"2d"},{"productid":21,"id":21,"uid":1725055174124,"path":"../upload/2024/08/","name":"Laser-etched Image","type":"Photo","item":"1725055174124katie_canton_cropped.jpg","color":1,"mask":1,"x":-316,"y":-160,"flipx":1,"flipy":1,"rotation":0,"ratio":0.5975554390710739,"shape_url":"shapes/photos/rectangle_vertical.svg","part":"Headstone","side":"Front","src":"Katie Canton.jpg","price":0,"quantity":1,"size":"228","width":"240","height":"312","itemID":3},{"productid":21,"id":21,"uid":1725058943497,"path":"../upload/2024/08/","name":"Laser-etched Image","type":"Photo","item":"1725058943497christopher_thanksg_2015.jpg","color":1,"mask":1,"x":286,"y":-164,"flipx":1,"flipy":1,"rotation":0,"ratio":0.5975554390710739,"shape_url":"shapes/photos/rectangle_vertical.svg","part":"Headstone","side":"Front","src":"Christopher Thanksg 2015.jpg","price":0,"quantity":1,"size":"228","width":"231","height":"312","itemID":5},{"productid":71,"name":"Black Granite Motif (free)","type":"Motif","part":"Headstone","side":"Front","src":"2_116_05","item":"2_116_05","price":0,"quantity":1,"color":"#ffffff","colorName":"White","colorName2":"undefined","x":-26,"y":-96,"flipx":"1","flipy":"1","rotation":0,"height":124,"ratio":0.17032967032967034,"itemID":7},{"productid":71,"name":"Black Granite Motif (free)","type":"Motif","part":"Headstone","side":"Front","src":"1_006_13","item":"1_006_13","price":0,"quantity":1,"color":"#ffffff","colorName":"White","colorName2":"undefined","x":-495,"y":317,"flipx":"-1","flipy":"1","rotation":0,"height":40,"ratio":0.059880239520958084,"itemID":12},{"productid":71,"name":"Black Granite Motif (free)","type":"Motif","part":"Headstone","side":"Front","src":"1_006_13","item":"1_006_13","price":0,"quantity":1,"color":"#ffffff","colorName":"White","colorName2":"undefined","x":494,"y":317,"flipx":"1","flipy":"1","rotation":0,"height":40,"ratio":0.059880239520958084,"itemID":13},{"productid":"16","name":"Black Granite Inscription (free)","type":"Inscription","part":"Headstone","side":"Front","price":0,"quantity":4,"label":"Keys","font":"120.39169582968793px Garamond","font_size":88,"font_family":"Garamond","color":"#ffffff","colorName":"White","x":-21,"y":-259,"rotation":0,"flipx":1,"flipy":1,"height":83,"itemID":1},{"productid":"16","name":"Black Granite Inscription (free)","type":"Inscription","part":"Headstone","side":"Front","price":0,"quantity":11,"label":"June 17, 2024","font":"47.883060841353156px Garamond","font_size":35,"font_family":"Garamond","color":"#ffffff","colorName":"White","x":-316,"y":199,"rotation":0,"flipx":1,"flipy":1,"height":30,"itemID":2},{"productid":"16","name":"Black Granite Inscription (free)","type":"Inscription","part":"Headstone","side":"Front","price":0,"quantity":15,"label":"November 30, 2020","font":"49.25114829396325px Garamond","font_size":36,"font_family":"Garamond","color":"#ffffff","colorName":"White","x":277,"y":203,"rotation":0,"flipx":1,"flipy":1,"height":32,"itemID":4},{"productid":"16","name":"Black Granite Inscription (free)","type":"Inscription","part":"Headstone","side":"Front","price":0,"quantity":10,"label":"May 14, 2005","font":"46.514973388743066px Garamond","font_size":34,"font_family":"Garamond","color":"#ffffff","colorName":"White","x":-321,"y":132,"rotation":0,"flipx":1,"flipy":1,"height":31,"itemID":6},{"productid":"16","name":"Black Granite Inscription (free)","type":"Inscription","part":"Headstone","side":"Front","price":0,"quantity":14,"label":"January 12, 1995","font":"46.514973388743066px Garamond","font_size":34,"font_family":"Garamond","color":"#ffffff","colorName":"White","x":272,"y":135,"rotation":0,"flipx":1,"flipy":1,"height":31,"itemID":8},{"productid":"16","name":"Black Granite Inscription (free)","type":"Inscription","part":"Headstone","side":"Front","price":0,"quantity":13,"label":"Katie Michelle","font":"69.7724600831146px Adorable","font_size":51,"font_family":"Adorable","color":"#ffffff","colorName":"White","x":-306,"y":58,"rotation":0,"flipx":1,"flipy":1,"height":47,"itemID":9},{"productid":"16","name":"Black Granite Inscription (free)","type":"Inscription","part":"Headstone","side":"Front","price":0,"quantity":14,"label":"Christopher Ray","font":"69.7724600831146px Adorable","font_size":51,"font_family":"Adorable","color":"#ffffff","colorName":"White","x":260,"y":61,"rotation":0,"flipx":1,"flipy":1,"height":50,"itemID":10},{"productid":"16","name":"Black Granite Inscription (free)","type":"Inscription","part":"Headstone","side":"Front","price":0,"quantity":43,"label":"Forever loved, forever missed, forever our Angels","font":"69.7724600831146px French Script","font_size":51,"font_family":"French Script","color":"#ffffff","colorName":"White","x":-6,"y":294,"rotation":0,"flipx":1,"flipy":1,"height":50,"itemID":11}]