[{"productid":4,"type":"Headstone","shape":"Serpentine","color":"#000000","fixed":0,"texture":"src/granites/forever2/l/18.jpg","name":"Laser Etched Black Granite Headstone","price":4426.63,"quantity":1,"width":1022.3500000000004,"height":609.5999999999999,"_length":80,"init_width":768,"init_height":840,"device":"tablet","dpr":1,"orientation":"portrait","version":"1.45","version_date":20240903,"mode":"2d","navigator":"Chrome (tablet(android)), 768x1024"},{"productid":4,"type":"Base","name":"Rectangle","shape":"Rectangle","color":"#000000","fixed":0,"texture":"src/granites/forever2/l/18.jpg","price":810,"quantity":1,"width":1022.3500000000004,"height":101.6,"_length":250,"init_width":768,"init_height":840,"mode":"2d"},{"productid":"71","name":"Black Granite Motif (free)","type":"Motif","part":"Headstone","side":"Front","src":"1_133_19","item":"1_133_19","price":0,"quantity":1,"color":"#ffffff","colorName":"White","x":60.5625,"y":107.75,"flipx":1,"flipy":1,"rotation":0,"height":45,"ratio":0.072,"itemID":5},{"productid":"16","name":"Black Granite Inscription (free)","type":"Inscription","part":"Headstone","side":"Front","price":0,"quantity":6,"label":"RUNYAN","font":"97.93637907062853px Garamond","font_size":156,"font_family":"Garamond","color":"#ffffff","colorName":"White","x":-31.3125,"y":-77.77484472049684,"rotation":0,"flipx":1,"flipy":1,"height":113,"itemID":1},{"productid":"16","name":"Black Granite Inscription (free)","type":"Inscription","part":"Headstone","side":"Front","price":0,"quantity":25,"label":"SUSAN BROOKE TOY                              JOHN WILLIAM","font":"25.73968937112673px Garamond","font_size":41,"font_family":"Garamond","color":"#ffffff","colorName":"White","x":-14.0625,"y":103.94875776397515,"rotation":0,"flipx":1,"flipy":1,"height":40,"itemID":2},{"productid":"16","name":"Black Granite Inscription (free)","type":"Inscription","part":"Headstone","side":"Front","price":0,"quantity":36,"label":"NOVEMBER 30, 1960                      MARRIED               JANUARY 11, 1962","font":"25.11189206939193px Garamond","font_size":40,"font_family":"Garamond","color":"#ffffff","colorName":"White","x":99,"y":148.84161490683232,"rotation":0,"flipx":1,"flipy":1,"height":40,"itemID":3},{"productid":"16","name":"Black Granite Inscription (free)","type":"Inscription","part":"Headstone","side":"Front","price":0,"quantity":26,"label":"AUGUST 8, 2024                     OCTOBER 17, 1987","font":"27.623081276331124px Garamond","font_size":44,"font_family":"Garamond","color":"#ffffff","colorName":"White","x":0,"y":182.84161490683232,"rotation":0,"flipx":1,"flipy":1,"height":40,"itemID":4}]