[{"productid":4,"type":"Headstone","shape":"Serpentine","color":"#000000","fixed":0,"texture":"src/granites/forever2/l/18.jpg","name":"Laser Etched Black Granite Headstone","price":2565.95,"quantity":1,"width":609.5999999999999,"height":609.5999999999999,"_length":80,"init_width":820,"init_height":997,"device":"tablet","dpr":2,"orientation":"portrait","version":"1.45","version_date":20240903,"mode":"2d","navigator":"Safari (tablet(ios)), 820x1180"},{"productid":"16","name":"Black Granite Inscription (free)","type":"Inscription","part":"Headstone","side":"Front","price":0,"quantity":16,"label":"In Loving  Memory of","font":"81.31397637795277px Franklin Gothic","font_size":31,"font_family":"Franklin Gothic","color":"#ffffff","colorName":"White","x":-92,"y":-648,"rotation":0,"flipx":1,"flipy":1,"height":27,"itemID":1},{"productid":"16","name":"Black Granite Inscription (free)","type":"Inscription","part":"Headstone","side":"Front","price":0,"quantity":17,"label":"James Antony Madden","font":"52.46062992125985px Franklin Gothic","font_size":20,"font_family":"Franklin Gothic","color":"#ffffff","colorName":"White","x":-80.5,"y":-557.5,"rotation":0,"flipx":1,"flipy":1,"height":17,"itemID":2},{"productid":"16","name":"Black Granite Inscription (free)","type":"Inscription","part":"Headstone","side":"Front","price":0,"quantity":5,"label":"“Jim”","font":"131.15157480314963px Franklin Gothic","font_size":50,"font_family":"Franklin Gothic","color":"#ffffff","colorName":"White","x":-94,"y":-466,"rotation":0,"flipx":1,"flipy":1,"height":34,"itemID":3},{"productid":"16","name":"Black Granite Inscription (free)","type":"Inscription","part":"Headstone","side":"Front","price":0,"quantity":18,"label":"19.6.1954 -6.2.2024","font":"97.05216535433073px Franklin Gothic","font_size":37,"font_family":"Franklin Gothic","color":"#ffffff","colorName":"White","x":-132.5,"y":-353.5,"rotation":0,"flipx":1,"flipy":1,"height":26,"itemID":4},{"productid":"16","name":"Black Granite Inscription (free)","type":"Inscription","part":"Headstone","side":"Front","price":0,"quantity":38,"label":"Devoted Dad & Papa, loving husband to Deirdre","font":"76.06791338582678px Franklin Gothic","font_size":29,"font_family":"Franklin Gothic","color":"#ffffff","colorName":"White","x":-6,"y":-256,"rotation":0,"flipx":1,"flipy":1,"height":25,"itemID":5},{"productid":"16","name":"Black Granite Inscription (free)","type":"Inscription","part":"Headstone","side":"Front","price":0,"quantity":29,"label":"Times passes by but memories stay,","font":"97.05216535433073px Great Vibes","font_size":37,"font_family":"Great Vibes","color":"#ffffff","colorName":"White","x":-266,"y":612,"rotation":0,"flipx":1,"flipy":1,"height":39,"itemID":6},{"productid":"16","name":"Black Granite Inscription (free)","type":"Inscription","part":"Headstone","side":"Front","price":0,"quantity":29,"label":"You are loved & remebered every day","font":"94.42913385826773px Great Vibes","font_size":36,"font_family":"Great Vibes","color":"#ffffff","colorName":"White","x":-246,"y":730,"rotation":0,"flipx":1,"flipy":1,"height":45,"itemID":7}]