[{"productid":4,"type":"Headstone","shape":"Serpentine","color":"#000000","fixed":0,"texture":"src/granites/forever2/l/18.jpg","name":"Laser Etched Black Granite Headstone","price":2565.95,"quantity":1,"width":609.5999999999999,"height":609.5999999999999,"_length":80,"init_width":1084,"init_height":719,"device":"desktop","dpr":1,"orientation":"landscape","version":"1.45","version_date":20240903,"mode":"2d","navigator":"Chrome (desktop), 1920x1080"},{"productid":4,"type":"Base","name":"Rectangle","shape":"Rectangle","color":"#000000","fixed":0,"texture":"src/granites/forever2/l/18.jpg","price":650,"quantity":1,"width":709.5999999999999,"height":101.6,"_length":250,"init_width":1084,"init_height":719,"mode":"2d"},{"productid":7,"id":7,"uid":1727033295866,"path":"../upload/2024/09/","name":"Ceramic Image","type":"Photo","item":"1727033295866kk7_cropped.jpg","color":0,"mask":1,"x":-240,"y":-85,"flipx":1,"flipy":1,"rotation":0,"ratio":0.328564398200225,"shape_url":"shapes/photos/rectangle_vertical.svg","part":"Headstone","side":"Front","src":"kk7.jpg","price":335,"quantity":1,"size":"90 x 120 mm","itemID":2},{"productid":"71","name":"Black Granite Motif (free)","type":"Motif","part":"Headstone","side":"Front","src":"flowerrose_01","item":"flowerrose_01","price":0,"quantity":1,"color":"#ffffff","colorName":"White","x":260,"y":-96,"flipx":1,"flipy":1,"rotation":0,"height":123,"ratio":0.13758389261744966,"itemID":3},{"productid":"16","name":"Black Granite Inscription (free)","type":"Inscription","part":"Headstone","side":"Front","price":0,"quantity":29,"label":"Precious daughter of Lance & Carol","font":"25.628023059617547px Garamond","font_size":26,"font_family":"Garamond","color":"#ffffff","colorName":"White","x":19,"y":-79,"rotation":0,"flipx":1,"flipy":1,"height":27,"itemID":4},{"productid":"16","name":"Black Granite Inscription (free)","type":"Inscription","part":"Headstone","side":"Front","price":0,"quantity":17,"label":"2/8/1988 - 9/1/2011","font":"21.68525028121485px Garamond","font_size":22,"font_family":"Garamond","color":"#ffffff","colorName":"White","x":12,"y":-122,"rotation":0,"flipx":1,"flipy":1,"height":16,"itemID":5},{"productid":"16","name":"Black Granite Inscription (free)","type":"Inscription","part":"Headstone","side":"Front","price":0,"quantity":17,"label":"Sister to Ben & James","font":"25.628023059617547px Garamond","font_size":26,"font_family":"Garamond","color":"#ffffff","colorName":"White","x":23,"y":-50,"rotation":0,"flipx":1,"flipy":1,"height":23,"itemID":6},{"productid":"16","name":"Black Granite Inscription (free)","type":"Inscription","part":"Headstone","side":"Front","price":0,"quantity":22,"label":"Mother of Maia & MacKenzie","font":"23.656636670416198px Garamond","font_size":24,"font_family":"Garamond","color":"#ffffff","colorName":"White","x":19,"y":-20,"rotation":0,"flipx":1,"flipy":1,"height":19,"itemID":7},{"productid":"16","name":"Black Granite Inscription (free)","type":"Inscription","part":"Headstone","side":"Front","price":0,"quantity":40,"label":"Loved and very much missed, till we see you again","font":"23.656636670416198px Garamond","font_size":24,"font_family":"Garamond","color":"#ffffff","colorName":"White","x":20,"y":5,"rotation":0,"flipx":1,"flipy":1,"height":25,"itemID":8},{"productid":"16","name":"Black Granite Inscription (free)","type":"Inscription","part":"Headstone","side":"Front","price":0,"quantity":10,"label":"Kristy Rose","font":"68.99852362204724px Great Vibes","font_size":70,"font_family":"Great Vibes","color":"#ffffff","colorName":"White","x":-6,"y":-212,"rotation":0,"flipx":1,"flipy":1,"height":82,"itemID":1}]