[{"productid":4,"type":"Headstone","shape":"Serpentine","color":"#000000","fixed":0,"texture":"src/granites/forever2/l/18.jpg","name":"Laser Etched Black Granite Headstone","price":2565.95,"quantity":1,"width":609.5999999999999,"height":609.5999999999999,"_length":80,"init_width":1296,"init_height":712,"device":"desktop","dpr":1.25,"orientation":"landscape","version":"1.45","version_date":20240903,"mode":"2d","navigator":"Chrome (desktop), 1536x864"},{"productid":4,"type":"Base","name":"Rectangle","shape":"Rectangle","color":"#000000","fixed":0,"texture":"src/granites/forever2/l/18.jpg","price":848,"quantity":1,"width":709.5999999999999,"height":101.6,"_length":250,"init_width":1296,"init_height":712,"mode":"2d"},{"productid":21,"id":21,"uid":1727230342418,"path":"../upload/2024/09/","name":"Laser-etched Image","type":"Photo","item":"17272303424187ca787a2c3b15bae51f1dba2.jpg","color":1,"mask":0,"x":-6.25,"y":-92.5,"flipx":1,"flipy":1,"rotation":0,"ratio":1.0727467660292462,"shape_url":"shapes/photos/oval_vertical.svg","part":"Headstone","side":"Front","src":"7ca787a2c3b15bae51f1dba2e75b4892.jpg","price":0,"quantity":1,"size":313,"width":"307","height":"382","itemID":1},{"productid":"16","name":"Black Granite Inscription (free)","type":"Inscription","part":"Headstone","side":"Front","price":0,"quantity":9,"label":"1995-2020","font":"61.006046119235094px Great Vibes","font_size":50,"font_family":"Great Vibes","color":"#ffffff","colorName":"White","x":12.5,"y":243.24999999999994,"rotation":0,"flipx":1,"flipy":1,"height":31,"itemID":3},{"productid":"16","name":"Black Granite Inscription (free)","type":"Inscription","part":"Headstone","side":"Front","price":0,"quantity":4,"label":"paul","font":"61.006046119235094px Great Vibes","font_size":50,"font_family":"Great Vibes","color":"#ffffff","colorName":"White","x":0,"y":165.75,"rotation":0,"flipx":1,"flipy":1,"height":46,"itemID":4},{"productid":"16","name":"Black Granite Inscription (free)","type":"Inscription","part":"Headstone","side":"Front","price":0,"quantity":21,"label":"reason of death: unknown","font":"61.006046119235094px Great Vibes","font_size":50,"font_family":"Great Vibes","color":"#ffffff","colorName":"White","x":-6.25,"y":309.5,"rotation":0,"flipx":1,"flipy":1,"height":50,"itemID":5},{"productid":"16","name":"Black Granite Inscription (free)","type":"Inscription","part":"Headstone","side":"Front","price":0,"quantity":5,"label":"of  her","font":"61.006046119235094px Great Vibes","font_size":50,"font_family":"Great Vibes","color":"#ffffff","colorName":"White","x":0,"y":111,"rotation":0,"flipx":1,"flipy":1,"height":50,"itemID":7},{"productid":"16","name":"Black Granite Inscription (free)","type":"Inscription","part":"Base","side":"Front","price":0,"quantity":41,"label":"a  hardworking man but in a dilemma of his love life","font":"45.144474128233966px Great Vibes","font_size":37,"font_family":"Great Vibes","color":"#ffffff","colorName":"White","x":-5,"y":429.49999999999994,"rotation":0,"flipx":1,"flipy":1,"height":37,"itemID":6}]