[{"productid":4,"type":"Headstone","shape":"Square","color":"#000000","fixed":0,"texture":"src/granites/forever2/l/18.jpg","name":"Laser Etched Black Granite Headstone","price":2565.95,"quantity":1,"width":609.5999999999999,"height":609.5999999999999,"_length":80,"init_width":1680,"init_height":889,"device":"desktop","dpr":1,"orientation":"landscape","version":"1.45","version_date":20240925,"mode":"2d","navigator":"Chrome (desktop), 1920x1080"},{"productid":"16","name":"Black Granite Inscription (free)","type":"Inscription","part":"Headstone","side":"Front","price":0,"quantity":21,"label":"OSCAR VILLANUEVA SUAREZ","font":"39.81250000000001px Adorable","font_size":28,"font_family":"Adorable","color":"#ffffff","colorName":"White","x":8,"y":-381,"rotation":0,"flipx":1,"flipy":1,"height":25,"itemID":1},{"productid":"16","name":"Black Granite Inscription (free)","type":"Inscription","part":"Headstone","side":"Front","price":0,"quantity":5,"label":"\"Boy\"","font":"42.65625000000001px Adorable","font_size":30,"font_family":"Adorable","color":"#ffffff","colorName":"White","x":-3,"y":-345,"rotation":0,"flipx":1,"flipy":1,"height":27,"itemID":2},{"productid":"16","name":"Black Granite Inscription (free)","type":"Inscription","part":"Headstone","side":"Front","price":0,"quantity":21,"label":"OSCAR VILLANUEVA SUAREZ","font":"48.34375000000001px Arial","font_size":34,"font_family":"Arial","color":"#ffffff","colorName":"White","x":10,"y":-238,"rotation":0,"flipx":1,"flipy":1,"height":26,"itemID":4},{"productid":"16","name":"Black Granite Inscription (free)","type":"Inscription","part":"Headstone","side":"Front","price":0,"quantity":5,"label":"\"Boy\"","font":"39.81250000000001px Arial","font_size":28,"font_family":"Arial","color":"#ffffff","colorName":"White","x":5,"y":-197,"rotation":0,"flipx":1,"flipy":1,"height":26,"itemID":5},{"productid":"16","name":"Black Granite Inscription (free)","type":"Inscription","part":"Headstone","side":"Front","price":0,"quantity":28,"label":"October 21, 1942 - August 25, 2023","font":"39.81250000000001px Arial","font_size":28,"font_family":"Arial","color":"#ffffff","colorName":"White","x":7,"y":-157,"rotation":0,"flipx":1,"flipy":1,"height":26,"itemID":6},{"productid":"16","name":"Black Granite Inscription (free)","type":"Inscription","part":"Headstone","side":"Front","price":0,"quantity":28,"label":"October 21, 1944 - August 25, 2023","font":"36.96875000000001px Dobkin","font_size":26,"font_family":"Dobkin","color":"#ffffff","colorName":"White","x":9,"y":-307,"rotation":0,"flipx":1,"flipy":1,"height":25,"itemID":3},{"productid":"16","name":"Black Granite Inscription (free)","type":"Inscription","part":"Headstone","side":"Front","price":0,"quantity":21,"label":"OSCAR VILLANUEVA SUAREZ","font":"51.18750000000001px Franklin Gothic","font_size":36,"font_family":"Franklin Gothic","color":"#ffffff","colorName":"White","x":11,"y":-88,"rotation":0,"flipx":1,"flipy":1,"height":25,"itemID":7},{"productid":"16","name":"Black Granite Inscription (free)","type":"Inscription","part":"Headstone","side":"Front","price":0,"quantity":5,"label":"\"Boy\"","font":"42.65625000000001px Franklin Gothic","font_size":30,"font_family":"Franklin Gothic","color":"#ffffff","colorName":"White","x":3,"y":-44,"rotation":0,"flipx":1,"flipy":1,"height":25,"itemID":8},{"productid":"16","name":"Black Granite Inscription (free)","type":"Inscription","part":"Headstone","side":"Front","price":0,"quantity":28,"label":"October 21, 1942 - August 25, 2023","font":"42.65625000000001px Franklin Gothic","font_size":30,"font_family":"Franklin Gothic","color":"#ffffff","colorName":"White","x":15,"y":4,"rotation":0,"flipx":1,"flipy":1,"height":25,"itemID":9},{"productid":"16","name":"Black Granite Inscription (free)","type":"Inscription","part":"Headstone","side":"Front","price":0,"quantity":28,"label":"October 21, 1942 - August 25, 2023","font":"45.50000000000001px Garamond","font_size":32,"font_family":"Garamond","color":"#ffffff","colorName":"White","x":-22,"y":175,"rotation":0,"flipx":1,"flipy":1,"height":32,"itemID":12},{"productid":"16","name":"Black Granite Inscription (free)","type":"Inscription","part":"Headstone","side":"Front","price":0,"quantity":21,"label":"OSCAR VILLANUEVA SUAREZ","font":"56.87500000000001px Garamond","font_size":40,"font_family":"Garamond","color":"#ffffff","colorName":"White","x":-2,"y":77,"rotation":0,"flipx":1,"flipy":1,"height":29,"itemID":10},{"productid":"16","name":"Black Granite Inscription (free)","type":"Inscription","part":"Headstone","side":"Front","price":0,"quantity":28,"label":"October 21, 1942 - August 25, 2023","font":"36.96875000000001px Lucida Calligraphy","font_size":26,"font_family":"Lucida Calligraphy","color":"#ffffff","colorName":"White","x":1,"y":350,"rotation":0,"flipx":1,"flipy":1,"height":31,"itemID":15},{"productid":"16","name":"Black Granite Inscription (free)","type":"Inscription","part":"Headstone","side":"Front","price":0,"quantity":5,"label":"\"Boy\"","font":"36.96875000000001px Lucida Calligraphy","font_size":26,"font_family":"Lucida Calligraphy","color":"#ffffff","colorName":"White","x":-6,"y":302,"rotation":0,"flipx":1,"flipy":1,"height":29,"itemID":14},{"productid":"16","name":"Black Granite Inscription (free)","type":"Inscription","part":"Headstone","side":"Front","price":0,"quantity":21,"label":"OSCAR VILLANUEVA SUAREZ","font":"42.65625000000001px Lucida Calligraphy","font_size":30,"font_family":"Lucida Calligraphy","color":"#ffffff","colorName":"White","x":-3,"y":259,"rotation":0,"flipx":1,"flipy":1,"height":27,"itemID":13},{"productid":"16","name":"Black Granite Inscription (free)","type":"Inscription","part":"Headstone","side":"Front","price":0,"quantity":5,"label":"\"Boy\"","font":"49.76562500000001px Garamond","font_size":35,"font_family":"Garamond","color":"#ffffff","colorName":"White","x":-4,"y":123,"rotation":0,"flipx":1,"flipy":1,"height":34,"itemID":11}]