[{"productid":999,"type":"Headstone","border":"Border 1","shape_url":"shapes/photos/border1.svg","fixingSystem":2,"corner":2,"hole":3,"shape":"Bronze Plaque","color":"#24160b","fixed":0,"texture":"src/bronzes/phoenix/l/04.jpg","name":"Bronze Plaque - Dark Brown - Lugs with Studs","price":1,"quantity":1,"width":304.79999999999995,"height":203.2,"_length":0,"init_width":1199,"init_height":847,"device":"desktop","dpr":1,"orientation":"landscape","version":"1.45","version_date":20240925,"mode":"2d","navigator":"Chrome (desktop), 1920x1080"},{"productid":"78","name":"Inscription (Bronze)","type":"Inscription","part":"Headstone","side":"Front","price":0,"quantity":11,"label":"Test $1 Order","font":"135.46998031496065px Garamond","font_size":50,"font_family":"Garamond","color":"#ffb35a","colorName":"Texas Rose","x":-8,"y":-153,"rotation":0,"flipx":1,"flipy":1,"height":40,"itemID":1},{"productid":"200","id":"200","name":"Bronze Emblem","type":"Emblem","item":"br161-crucifix","color":"#ffb35a","x":0,"y":0,"flipx":1,"flipy":1,"rotation":0,"ratio":0.3246167452830189,"part":"Headstone","side":"Front","src":"br161-crucifix","price":109,"quantity":1,"size":"50.8 x 50.8 mm","itemID":2},{"productid":"200","id":"200","name":"Bronze Emblem","type":"Emblem","item":"br139l-gum-leaves","color":"#ffb35a","x":-220,"y":71,"flipx":1,"flipy":1,"rotation":0,"ratio":0.3246167452830189,"part":"Headstone","side":"Front","src":"br139l-gum-leaves","price":109,"quantity":1,"size":"50.8 x 50.8 mm","itemID":3},{"productid":"200","id":"200","name":"Bronze Emblem","type":"Emblem","item":"br139l-gum-leaves","color":"#ffb35a","x":204.39584316037735,"y":61,"flipx":-1,"flipy":1,"rotation":0,"ratio":0.3246167452830189,"part":"Headstone","side":"Front","src":"br139l-gum-leaves","price":109,"quantity":1,"size":"50.8 x 50.8 mm","itemID":4}]