[{"productid":4,"type":"Headstone","shape":"Square","color":"#000000","fixed":0,"texture":"src/granites/forever2/l/18.jpg","name":"Laser Etched Black Granite Headstone","price":3710.99,"quantity":1,"width":"889","height":584.1999999999999,"_length":80,"init_width":1296,"init_height":631,"device":"desktop","dpr":1.25,"orientation":"landscape","version":"1.45","version_date":20241009,"mode":"2d","navigator":"Chrome (desktop), 1536x864"},{"productid":71,"name":"Black Granite Motif (free)","type":"Motif","part":"Headstone","side":"Front","src":"cross_008","item":"cross_008","price":0,"quantity":1,"color":"#ffffff","colorName":"White","colorName2":"undefined","x":-16.25,"y":-117.71315372424723,"flipx":"1","flipy":"1","rotation":0,"height":123,"ratio":0.12312312312312312,"itemID":8},{"productid":"16","name":"Black Granite Inscription (free)","type":"Inscription","part":"Headstone","side":"Front","price":0,"quantity":16,"label":"In Loving Memory Of","font":"39.7923931383577px Garamond","font_size":46,"font_family":"Garamond","color":"#ffffff","colorName":"White","x":-6,"y":-203.45958795562598,"rotation":0,"flipx":1,"flipy":1,"height":47,"itemID":1},{"productid":"71","name":"Black Granite Motif (free)","type":"Motif","part":"Headstone","side":"Front","src":"2_155_08","item":"2_155_08","price":0,"quantity":1,"color":"#ffffff","colorName":"White","x":-325,"y":-192.31695721077654,"flipx":1,"flipy":1,"rotation":0,"height":92,"ratio":0.14219474497681608,"itemID":10},{"productid":"71","name":"Black Granite Motif (free)","type":"Motif","part":"Headstone","side":"Front","src":"2_155_08","item":"2_155_08","price":0,"quantity":1,"color":"#ffffff","colorName":"White","x":328.846751164412,"y":-196.0633914421553,"flipx":-1,"flipy":1,"rotation":0,"height":92,"ratio":0.14219474497681608,"itemID":11},{"productid":"16","name":"Black Granite Inscription (free)","type":"Inscription","part":"Headstone","side":"Front","price":0,"quantity":9,"label":"Finau Fipe","font":"32.87197694038245px Garamond","font_size":38,"font_family":"Garamond","color":"#ffffff","colorName":"White","x":-218.75,"y":-22.459587955625977,"rotation":0,"flipx":1,"flipy":1,"height":37,"itemID":2},{"productid":"16","name":"Black Granite Inscription (free)","type":"Inscription","part":"Headstone","side":"Front","price":0,"quantity":12,"label":"Kaumaitotoya","font":"32.87197694038245px Garamond","font_size":38,"font_family":"Garamond","color":"#ffffff","colorName":"White","x":-218.75,"y":8.545166402535642,"rotation":0,"flipx":1,"flipy":1,"height":37,"itemID":12},{"productid":"16","name":"Black Granite Inscription (free)","type":"Inscription","part":"Headstone","side":"Front","price":0,"quantity":11,"label":"10 April 1935","font":"25.951560742407196px Garamond","font_size":30,"font_family":"Garamond","color":"#ffffff","colorName":"White","x":-214,"y":54.74643423137877,"rotation":0,"flipx":1,"flipy":1,"height":31,"itemID":6},{"productid":"16","name":"Black Granite Inscription (free)","type":"Inscription","part":"Headstone","side":"Front","price":0,"quantity":13,"label":"3 November 1992","font":"25.951560742407196px Garamond","font_size":30,"font_family":"Garamond","color":"#ffffff","colorName":"White","x":-211.5,"y":90.48811410459587,"rotation":0,"flipx":1,"flipy":1,"height":23,"itemID":13},{"productid":"16","name":"Black Granite Inscription (free)","type":"Inscription","part":"Headstone","side":"Front","price":0,"quantity":27,"label":"Mereseini Senilagakali Vosaki","font":"30.27682086614173px Garamond","font_size":35,"font_family":"Garamond","color":"#ffffff","colorName":"White","x":198.5,"y":-19.976228209191788,"rotation":0,"flipx":1,"flipy":1,"height":37,"itemID":3},{"productid":"16","name":"Black Granite Inscription (free)","type":"Inscription","part":"Headstone","side":"Front","price":0,"quantity":8,"label":"Vunibola","font":"30.27682086614173px Garamond","font_size":35,"font_family":"Garamond","color":"#ffffff","colorName":"White","x":197.25,"y":13.272583201267821,"rotation":0,"flipx":1,"flipy":1,"height":27,"itemID":14},{"productid":"16","name":"Black Granite Inscription (free)","type":"Inscription","part":"Headstone","side":"Front","price":0,"quantity":12,"label":"11 August 1950","font":"26.816612767154105px Garamond","font_size":31,"font_family":"Garamond","color":"#ffffff","colorName":"White","x":196.75,"y":53.50237717908084,"rotation":0,"flipx":1,"flipy":1,"height":31,"itemID":5},{"productid":"16","name":"Black Granite Inscription (free)","type":"Inscription","part":"Headstone","side":"Front","price":0,"quantity":9,"label":"19 May 2021","font":"26.816612767154105px Garamond","font_size":31,"font_family":"Garamond","color":"#ffffff","colorName":"White","x":200.5,"y":89.24405705229793,"rotation":0,"flipx":1,"flipy":1,"height":30,"itemID":15},{"productid":"16","name":"Black Granite Inscription (free)","type":"Inscription","part":"Headstone","side":"Front","price":0,"quantity":51,"label":"\"I thank my God in all my remembrance of you\" - Philippians 1:3","font":"25.951560742407196px Garamond","font_size":30,"font_family":"Garamond","color":"#ffffff","colorName":"White","x":-1,"y":160.22979397781296,"rotation":0,"flipx":1,"flipy":1,"height":31,"itemID":7}]