[{"productid":100,"type":"Headstone","shape":"Serpentine","color":"#000000","fixed":0,"texture":"src/granites/forever2/l/18.jpg","name":"Laser Etched Black Granite Full Monument","price":2291.43,"quantity":1,"width":1187.45,"height":127,"_length":76.19999999999999,"init_width":1112,"init_height":658,"device":"desktop","dpr":2,"orientation":"landscape","version":"1.44","version_date":20230919,"mode":"3d","navigator":"Chrome (desktop), 1352x878"},{"productid":100,"type":"Base","name":"Rectangle","shape":"Rectangle","color":"#000000","fixed":0,"texture":"src/granites/forever2/l/18.jpg","price":864.72,"quantity":1,"width":1231.8999999999994,"height":355.59999999999997,"_length":254,"init_width":1112,"init_height":658,"mode":"3d"},{"productid":100,"type":"Ledger","name":"Rectangle","shape":"Rectangle","color":"#000000","fixed":0,"texture":"src/granites/forever2/l/18.jpg","price":9827.59,"width":1041.3999999999999,"height":50.8,"_length":2082.7999999999997,"init_width":1112,"init_height":658,"mode":"3d"},{"productid":100,"type":"Kerbset","name":"Rectangle","shape":"Rectangle","color":"#000000","fixed":0,"texture":"src/granites/forever2/l/18.jpg","price":1432.16,"quantity":1,"width":1193.8,"height":254,"_length":2159,"init_width":1112,"init_height":658,"mode":"3d"},{"productid":21,"id":21,"uid":1728445381384,"path":"../upload/2024/10/","name":"Laser-etched Image","type":"Photo","item":"1728445381384img_6597_cropped.jpg","color":1,"mask":0,"x":0,"y":0,"flipx":1,"flipy":1,"rotation":0,"ratio":0.07438003467194483,"shape_url":"shapes/photos/oval_vertical.svg","part":"Headstone","side":"Front","src":"IMG_6597.JPG","price":0,"quantity":1,"size":153.2561936797394,"width":"17","height":"24","itemID":1},{"productid":"71","name":"Black Granite Motif (free)","type":"Motif","part":"Headstone","side":"Front","src":"1_171_18","item":"1_171_18","price":0,"quantity":1,"color":"#ffffff","colorName":"White","x":0,"y":0,"flipx":1,"flipy":1,"rotation":0,"height":107,"ratio":0.19525547445255476,"itemID":2},{"productid":"71","name":"Black Granite Motif (free)","type":"Motif","part":"Headstone","side":"Front","src":"cross_005","item":"cross_005","price":0,"quantity":1,"color":"#ffffff","colorName":"White","x":0,"y":0,"flipx":1,"flipy":1,"rotation":0,"height":112,"ratio":0.4745762711864407,"itemID":3},{"productid":"16","name":"Black Granite Inscription (free)","type":"Inscription","part":"Headstone","side":"Front","price":0,"quantity":7,"label":"Quintin","font":"244.9248389405869px Great Vibes","font_size":104.8342895433621,"font_family":"Great Vibes","color":"#ffffff","colorName":"White","x":0,"y":0,"rotation":0,"flipx":1,"flipy":1,"height":105,"itemID":4},{"productid":"16","name":"Black Granite Inscription (free)","type":"Inscription","part":"Headstone","side":"Front","price":0,"quantity":6,"label":"Harris","font":"244.9248389405869px Great Vibes","font_size":76.8342895433621,"font_family":"Great Vibes","color":"#ffffff","colorName":"White","x":1.4921397450962104e-13,"y":116.4368899722787,"rotation":0,"flipx":1,"flipy":1,"height":77,"itemID":6},{"productid":"16","name":"Black Granite Inscription (free)","type":"Inscription","part":"Headstone","side":"Front","price":0,"quantity":7,"label":"Thyrone","font":"244.9248389405869px Great Vibes","font_size":54.631022891601795,"font_family":"Great Vibes","color":"#ffffff","colorName":"White","x":1.4921397450962104e-13,"y":48.620376210810846,"rotation":0,"flipx":1,"flipy":1,"height":55,"itemID":5},{"productid":"16","name":"Black Granite Inscription (free)","type":"Inscription","part":"Headstone","side":"Front","price":0,"quantity":13,"label":"Lived with love","font":"244.9248389405869px Great Vibes","font_size":40,"font_family":"Great Vibes","color":"#ffffff","colorName":"White","x":0,"y":132.20438548935817,"rotation":0,"flipx":1,"flipy":1,"height":40,"itemID":7},{"productid":"16","name":"Black Granite Inscription (free)","type":"Inscription","part":"Headstone","side":"Front","price":0,"quantity":14,"label":"Laughed with joy","font":"244.9248389405869px Great Vibes","font_size":48.75400371398326,"font_family":"Great Vibes","color":"#ffffff","colorName":"White","x":0,"y":172.20438548935817,"rotation":0,"flipx":1,"flipy":1,"height":49,"itemID":8},{"productid":"16","name":"Black Granite Inscription (free)","type":"Inscription","part":"Headstone","side":"Front","price":0,"quantity":11,"label":"Left a legacy","font":"244.9248389405869px Great Vibes","font_size":62.770672474367466,"font_family":"Great Vibes","color":"#ffffff","colorName":"White","x":0,"y":212.20438548935817,"rotation":0,"flipx":1,"flipy":1,"height":63,"itemID":9},{"productid":"16","name":"Black Granite Inscription (free)","type":"Inscription","part":"Headstone","side":"Front","price":0,"quantity":10,"label":"February 11","font":"244.9248389405869px Great Vibes","font_size":40.30100334448161,"font_family":"Great Vibes","color":"#ffffff","colorName":"White","x":0,"y":212.20438548935817,"rotation":0,"flipx":1,"flipy":1,"height":40,"itemID":10},{"productid":"16","name":"Black Granite Inscription (free)","type":"Inscription","part":"Headstone","side":"Front","price":0,"quantity":4,"label":"2002","font":"244.9248389405869px Great Vibes","font_size":40.30100334448161,"font_family":"Great Vibes","color":"#ffffff","colorName":"White","x":206.63558511860487,"y":23.58120032110486,"rotation":0,"flipx":1,"flipy":1,"height":40,"itemID":11},{"productid":"16","name":"Black Granite Inscription (free)","type":"Inscription","part":"Headstone","side":"Front","price":0,"quantity":5,"label":"??? ??","font":"244.9248389405869px Great Vibes","font_size":40.30100334448161,"font_family":"Great Vibes","color":"#ffffff","colorName":"White","x":206.63558511860487,"y":63.58120032110486,"rotation":0,"flipx":1,"flipy":1,"height":40,"itemID":13},{"productid":"16","name":"Black Granite Inscription (free)","type":"Inscription","part":"Headstone","side":"Front","price":0,"quantity":4,"label":"????","font":"244.9248389405869px Great Vibes","font_size":40.30100334448161,"font_family":"Great Vibes","color":"#ffffff","colorName":"White","x":-193.77593329348977,"y":12.37501102162247,"rotation":0,"flipx":1,"flipy":1,"height":40,"itemID":14},{"productid":"16","name":"Black Granite Inscription (free)","type":"Inscription","part":"Headstone","side":"Front","price":0,"quantity":6,"label":"\"T.J.\"","font":"246.4182830804686px Adorable","font_size":40,"font_family":"Adorable","color":"#ffffff","colorName":"White","x":0,"y":12.37501102162247,"rotation":0,"flipx":1,"flipy":1,"height":40,"itemID":15},{"productid":"71","name":"Black Granite Motif (free)","type":"Motif","part":"Headstone","side":"Front","src":"dove_002","item":"dove_002","price":0,"quantity":1,"color":"#ffffff","colorName":"White","x":0,"y":0,"flipx":1,"flipy":1,"rotation":15,"height":122,"ratio":0.21903052064631956,"itemID":16},{"productid":"71","name":"Black Granite Motif (free)","type":"Motif","part":"Headstone","side":"Front","src":"dove_002","item":"dove_002","price":0,"quantity":1,"color":"#ffffff","colorName":"White","x":-91.33572710951526,"y":0,"flipx":-1,"flipy":1,"rotation":-15,"height":122,"ratio":0.21903052064631956,"itemID":18},{"productid":"71","name":"Black Granite Motif (free)","type":"Motif","part":"Headstone","side":"Front","src":"1_172_08","item":"1_172_08","price":0,"quantity":1,"color":"#ffffff","colorName":"White","x":0,"y":0,"flipx":1,"flipy":1,"rotation":0,"height":1200,"ratio":1.5463917525773196,"itemID":19}]