[{"productid":4,"type":"Headstone","shape":"Serpentine","color":"#000000","fixed":0,"texture":"src/granites/forever2/l/18.jpg","name":"Laser Etched Black Granite Headstone","price":2565.95,"quantity":1,"width":609.5999999999999,"height":609.5999999999999,"_length":80,"init_width":1680,"init_height":855,"device":"desktop","dpr":1,"orientation":"landscape","version":"1.45","version_date":20241009,"mode":"2d","navigator":"Chrome (desktop), 1920x1080"},{"productid":4,"type":"Base","name":"Rectangle","shape":"Rectangle","color":"#000000","fixed":0,"texture":"src/granites/forever2/l/18.jpg","price":650,"quantity":1,"width":709.5999999999999,"height":101.6,"_length":250,"init_width":1680,"init_height":855,"mode":"2d"},{"productid":"16","name":"Black Granite Inscription (free)","type":"Inscription","part":"Headstone","side":"Front","price":0,"quantity":2,"label":"王策","font":"58.606931946006746px Garamond","font_size":50,"font_family":"Garamond","color":"#ffffff","colorName":"White","x":189,"y":58,"rotation":0,"flipx":1,"flipy":1,"height":49,"itemID":2},{"productid":"71","name":"Black Granite Motif (free)","type":"Motif","part":"Headstone","side":"Front","src":"dove_002","item":"dove_002","price":0,"quantity":1,"color":"#ffffff","colorName":"White","x":225,"y":-228,"flipx":-1,"flipy":1,"rotation":-21,"height":109,"ratio":0.19569120287253142,"itemID":3},{"productid":"16","name":"Black Granite Inscription (free)","type":"Inscription","part":"Headstone","side":"Front","price":0,"quantity":3,"label":"陈慧群","font":"58.606931946006746px Garamond","font_size":50,"font_family":"Garamond","color":"#ffffff","colorName":"White","x":-173,"y":51,"rotation":0,"flipx":1,"flipy":1,"height":49,"itemID":1},{"productid":"71","name":"Black Granite Motif (free)","type":"Motif","part":"Headstone","side":"Front","src":"parrot","item":"parrot","price":0,"quantity":1,"color":"#ffffff","colorName":"White","x":-278,"y":-196,"flipx":1,"flipy":1,"rotation":0,"height":154,"ratio":0.4709480122324159,"itemID":5},{"productid":"16","name":"Black Granite Inscription (free)","type":"Inscription","part":"Headstone","side":"Front","price":0,"quantity":6,"label":"Ce Wang","font":"58.606931946006746px Garamond","font_size":50,"font_family":"Garamond","color":"#ffffff","colorName":"White","x":191,"y":123,"rotation":0,"flipx":1,"flipy":1,"height":48,"itemID":9},{"productid":"16","name":"Black Granite Inscription (free)","type":"Inscription","part":"Headstone","side":"Front","price":0,"quantity":10,"label":"Huiqun Chen","font":"58.606931946006746px Garamond","font_size":50,"font_family":"Garamond","color":"#ffffff","colorName":"White","x":-164,"y":121,"rotation":0,"flipx":1,"flipy":1,"height":49,"itemID":10},{"productid":"16","name":"Black Granite Inscription (free)","type":"Inscription","part":"Headstone","side":"Front","price":0,"quantity":10,"label":"OCT. 2, 2024","font":"33.99202052868391px Garamond","font_size":29,"font_family":"Garamond","color":"#ffffff","colorName":"White","x":198,"y":229.99999999999994,"rotation":0,"flipx":1,"flipy":1,"height":25,"itemID":12},{"productid":"16","name":"Black Granite Inscription (free)","type":"Inscription","part":"Headstone","side":"Front","price":0,"quantity":10,"label":"MAY 25, 1957","font":"33.99202052868391px Garamond","font_size":29,"font_family":"Garamond","color":"#ffffff","colorName":"White","x":201,"y":184.99999999999994,"rotation":0,"flipx":1,"flipy":1,"height":25,"itemID":11},{"productid":"16","name":"Black Granite Inscription (free)","type":"Inscription","part":"Headstone","side":"Front","price":0,"quantity":9,"label":"MAY 5,1968","font":"33.99202052868391px Garamond","font_size":29,"font_family":"Garamond","color":"#ffffff","colorName":"White","x":-155,"y":184.99999999999994,"rotation":0,"flipx":1,"flipy":1,"height":25,"itemID":13},{"productid":"71","name":"Black Granite Motif (free)","type":"Motif","part":"Headstone","side":"Front","src":"2_095_01","item":"2_095_01","price":0,"quantity":1,"color":"#ffffff","colorName":"White","x":-207,"y":-137,"flipx":1,"flipy":1,"rotation":0,"height":193,"ratio":0.25097529258777634,"itemID":14}]