[{"productid":124,"type":"Headstone","shape":"Serpentine","color":"#000000","fixed":0,"texture":"src/granites/forever2/l/Noble-Black.jpg","name":"Traditional Engraved Headstone","price":2273.91,"quantity":1,"width":"914.4","height":609.5999999999999,"_length":80,"init_width":1360,"init_height":675,"device":"desktop","dpr":1,"orientation":"landscape","version":"1.45","version_date":20241009,"mode":"2d","navigator":"Chrome (desktop), 1600x900"},{"productid":"125","name":"Inscription (Traditional Engraved)","type":"Inscription","part":"Headstone","side":"Front","price":7.4,"quantity":11,"label":"Grace Heller","font":"51.82086614173229px Garamond","font_size":72,"font_family":"Garamond","color":"#eeeeee","colorName":"Silver Gilding","x":134,"y":-53,"rotation":0,"flipx":1,"flipy":1,"height":53,"itemID":2},{"productid":"125","name":"Inscription (Traditional Engraved)","type":"Inscription","part":"Headstone","side":"Front","price":7.4,"quantity":10,"label":"Mark  Heller","font":"51.82086614173229px Garamond","font_size":72,"font_family":"Garamond","color":"#eeeeee","colorName":"Silver Gilding","x":-159,"y":-54,"rotation":0,"flipx":1,"flipy":1,"height":54,"itemID":1},{"productid":"126","name":"Motif (Traditional Engraved)","type":"Motif","part":"Headstone","side":"Front","src":"1_148_04","item":"1_148_04","price":239.2587,"quantity":1,"color":"#eeeeee","colorName":"Silver Gilding","x":-286,"y":-108,"flipx":1,"flipy":1,"rotation":25,"height":100,"ratio":0.10649627263045794,"itemID":3},{"productid":"126","name":"Motif (Traditional Engraved)","type":"Motif","part":"Headstone","side":"Front","src":"1_153_12","item":"1_153_12","price":237.29134,"quantity":1,"color":"#eeeeee","colorName":"Silver Gilding","x":281,"y":-104,"flipx":1,"flipy":1,"rotation":-32,"height":92,"ratio":0.09829059829059829,"itemID":4}]