[{"productid":4,"type":"Headstone","shape":"Headstone 28","color":"#000000","fixed":4,"texture":"src/granites/forever2/l/18.jpg","name":"Laser Etched Black Granite Headstone","price":2107.94,"quantity":1,"width":508,"height":609.5999999999999,"_length":80,"init_width":784,"init_height":585,"device":"desktop","dpr":2,"orientation":"landscape","version":"1.45","version_date":20241009,"mode":"2d","navigator":"Safari (desktop), 768x1024"},{"productid":4,"type":"Base","name":"Rectangle","shape":"Rectangle","color":"#000000","fixed":0,"texture":"src/granites/forever2/l/18.jpg","price":783,"quantity":1,"width":600,"height":100,"_length":250,"init_width":784,"init_height":585,"mode":"2d"},{"productid":2300,"id":2300,"uid":1729403425374,"path":"../upload/2024/10/","name":"Vitreous Enamel","type":"Photo","item":"1729403425374f88ea060cfd44faf818e2d27.jpg","color":0,"mask":0,"x":-526,"y":-644,"flipx":1,"flipy":1,"rotation":0,"ratio":0.3840672628140259,"shape_url":"shapes/photos/oval_vertical.svg","part":"Headstone","side":"Front","src":"F88EA060-CFD4-4FAF-818E-2D273CD2C4FC.png","price":280,"quantity":1,"size":"50 x 70 mm","itemID":1},{"productid":2300,"id":2300,"uid":1729403563162,"path":"../upload/2024/10/","name":"Vitreous Enamel","type":"Photo","item":"1729403563162c41f0b6df7144421ab8fb4dc.jpg","color":0,"mask":0,"x":-232,"y":-247,"flipx":1,"flipy":1,"rotation":0,"ratio":0.5486675183057513,"shape_url":"shapes/photos/oval_vertical.svg","part":"Headstone","side":"Front","src":"C41F0B6D-F714-4421-AB8F-B4DCBE9FAB0F.jpeg","price":350,"quantity":1,"size":"80 x 100 mm","itemID":8},{"productid":2300,"id":2300,"uid":1729403590308,"path":"../upload/2024/10/","name":"Vitreous Enamel","type":"Photo","item":"17294035903086c3f5af371d64174813c369c.jpg","color":0,"mask":0,"x":505,"y":-657,"flipx":1,"flipy":1,"rotation":0,"ratio":0.3840672628140259,"shape_url":"shapes/photos/oval_vertical.svg","part":"Headstone","side":"Front","src":"6C3F5AF3-71D6-4174-813C-369C1E16F316.png","price":280,"quantity":1,"size":"50 x 70 mm","itemID":9},{"productid":2300,"id":2300,"uid":1729475552065,"path":"../upload/2024/10/","name":"Vitreous Enamel","type":"Photo","item":"1729475552065cbdcaf9f9b8949ccbd722300.jpg","color":0,"mask":0,"x":220,"y":-254,"flipx":1,"flipy":1,"rotation":0,"ratio":0.5486675183057513,"shape_url":"shapes/photos/oval_vertical.svg","part":"Headstone","side":"Front","src":"CBDCAF9F-9B89-49CC-BD72-2300CA5BBDF8.png","price":350,"quantity":1,"size":"80 x 100 mm","itemID":10},{"productid":21,"id":21,"uid":1729475790358,"path":"../upload/2024/10/","name":"Laser-etched Image","type":"Photo","item":"1729475790358575e03d7550241fd9ae86256.jpg","color":1,"mask":0,"x":10,"y":-260,"flipx":1,"flipy":1,"rotation":0,"ratio":0.5980475949532689,"shape_url":"shapes/photos/oval_vertical.svg","part":"Headstone","side":"Front","src":"575E03D7-5502-41FD-9AE8-6256828657B4.jpeg","price":0,"quantity":1,"size":109,"width":"123","height":"175","itemID":11},{"productid":2300,"id":2300,"uid":1729476198592,"name":"Vitreous Enamel","type":"Photo","item":"172947619859213542cb3a13d44bdbd882a36.jpg","color":0,"mask":0,"x":-316,"y":394,"flipx":1,"flipy":1,"rotation":0,"ratio":0.4389340146446011,"shape_url":"shapes/photos/oval_vertical.svg","part":"Headstone","side":"Front","src":"13542CB3-A13D-44BD-BD88-2A36EADCA983.webp","price":300,"quantity":1,"size":"60 x 80 mm","itemID":19},{"productid":"16","name":"Black Granite Inscription (free)","type":"Inscription","part":"Headstone","side":"Front","price":0,"quantity":7,"label":"Stewart","font":"115.7468996617813px Dobkin","font_size":72,"font_family":"Dobkin","color":"#ffffff","colorName":"White","x":-9,"y":-120,"rotation":0,"flipx":1,"flipy":1,"height":55,"itemID":2},{"productid":"16","name":"Black Granite Inscription (free)","type":"Inscription","part":"Headstone","side":"Front","price":0,"quantity":21,"label":"Loving Daughter, Sister","font":"57.87344983089065px Dobkin","font_size":36,"font_family":"Dobkin","color":"#ffffff","colorName":"White","x":15,"y":39,"rotation":0,"flipx":1,"flipy":1,"height":37,"itemID":3},{"productid":"16","name":"Black Granite Inscription (free)","type":"Inscription","part":"Headstone","side":"Front","price":0,"quantity":21,"label":"Godmother, Aunt, Friend","font":"64.30383314543406px Dobkin","font_size":40,"font_family":"Dobkin","color":"#ffffff","colorName":"White","x":-2,"y":98,"rotation":0,"flipx":1,"flipy":1,"height":33,"itemID":5},{"productid":"16","name":"Black Granite Inscription (free)","type":"Inscription","part":"Headstone","side":"Front","price":0,"quantity":14,"label":"Faith Elizabeth","font":"78.77219560315672px Dobkin","font_size":49,"font_family":"Dobkin","color":"#ffffff","colorName":"White","x":10,"y":-390,"rotation":0,"flipx":1,"flipy":1,"height":37,"itemID":7},{"productid":"16","name":"Black Granite Inscription (free)","type":"Inscription","part":"Headstone","side":"Front","price":0,"quantity":8,"label":"11-04-66","font":"80.37979143179257px Dobkin","font_size":50,"font_family":"Dobkin","color":"#ffffff","colorName":"White","x":-236,"y":-26,"rotation":0,"flipx":1,"flipy":1,"height":30,"itemID":12},{"productid":"16","name":"Black Granite Inscription (free)","type":"Inscription","part":"Headstone","side":"Front","price":0,"quantity":8,"label":"08-08-22","font":"80.37979143179257px Dobkin","font_size":50,"font_family":"Dobkin","color":"#ffffff","colorName":"White","x":208,"y":-42,"rotation":0,"flipx":1,"flipy":1,"height":30,"itemID":13},{"productid":"16","name":"Black Granite Inscription (free)","type":"Inscription","part":"Headstone","side":"Front","price":0,"quantity":17,"label":"You Wings Were Ready","font":"51.443066516347244px Adorable","font_size":32,"font_family":"Adorable","color":"#ffffff","colorName":"White","x":-10,"y":218,"rotation":0,"flipx":1,"flipy":1,"height":32,"itemID":14},{"productid":"16","name":"Black Granite Inscription (free)","type":"Inscription","part":"Headstone","side":"Front","price":0,"quantity":16,"label":"Our Hearts Were Not","font":"43.40508737316799px Adorable","font_size":27,"font_family":"Adorable","color":"#ffffff","colorName":"White","x":-2,"y":264,"rotation":0,"flipx":1,"flipy":1,"height":20,"itemID":15},{"productid":"16","name":"Black Granite Inscription (free)","type":"Inscription","part":"Headstone","side":"Front","price":0,"quantity":10,"label":"Now you have","font":"80.37979143179257px Adorable","font_size":50,"font_family":"Adorable","color":"#ffffff","colorName":"White","x":14,"y":456,"rotation":0,"flipx":1,"flipy":1,"height":49,"itemID":16},{"productid":"16","name":"Black Granite Inscription (free)","type":"Inscription","part":"Headstone","side":"Front","price":0,"quantity":23,"label":"”The best seat in the house”","font":"80.37979143179257px Adorable","font_size":50,"font_family":"Adorable","color":"#ffffff","colorName":"White","x":0,"y":527,"rotation":0,"flipx":1,"flipy":1,"height":38,"itemID":17},{"productid":"16","name":"Black Granite Inscription (free)","type":"Inscription","part":"Base","side":"Front","price":0,"quantity":8,"label":"GO BILLS!","font":"80.37979143179257px Adorable","font_size":50,"font_family":"Adorable","color":"#ffffff","colorName":"White","x":0,"y":598.0000000000001,"rotation":0,"flipx":1,"flipy":1,"height":42,"itemID":18},{"productid":2300,"id":2300,"uid":1729476878036,"path":"../upload/2024/10/","name":"Vitreous Enamel","type":"Photo","item":"1729476878036df683f591ad84dcdb7aad9b0.jpg","color":0,"mask":3,"x":276,"y":364,"flipx":1,"flipy":1,"rotation":0,"ratio":0.27433375915287567,"shape_url":"shapes/photos/rectangle_horizontal.svg","part":"Headstone","side":"Front","src":"DF683F59-1AD8-4DCD-B7AA-D9B012AD1310.jpeg","price":280,"quantity":1,"size":"50 x 70 mm","itemID":20}]