[{"productid":4,"type":"Headstone","corner":2,"hole":3,"shape":"Serpentine","color":"#000000","fixed":0,"texture":"src/granites/forever2/l/18.jpg","name":"Laser Etched Black Granite Headstone","price":5914.5,"quantity":1,"width":1200,"height":762,"_length":90,"init_width":885,"init_height":833,"device":"desktop","dpr":1,"orientation":"landscape","version":"1.45","version_date":20241009,"mode":"2d","navigator":"Chrome (desktop), 1920x1080"},{"productid":4,"type":"Base","name":"Rectangle","shape":"Square","color":"#000000","fixed":0,"texture":"src/granites/forever2/l/18.jpg","price":900,"quantity":1,"width":1200,"height":101.6,"_length":250,"init_width":885,"init_height":833,"mode":"2d"},{"productid":"16","name":"Black Granite Inscription (free)","type":"Inscription","part":"Headstone","side":"Front","price":0,"quantity":30,"label":"Beloved Wife, Mother, Grandmother","font":"33.96708823529411px Garamond","font_size":56,"font_family":"Garamond","color":"#ffffff","colorName":"White","x":72,"y":151,"rotation":0,"flipx":1,"flipy":1,"height":48,"itemID":3},{"productid":"16","name":"Black Granite Inscription (free)","type":"Inscription","part":"Headstone","side":"Front","price":0,"quantity":3,"label":"DOB","font":"30.327757352941177px Garamond","font_size":50,"font_family":"Garamond","color":"#ffffff","colorName":"White","x":-63,"y":12,"rotation":0,"flipx":1,"flipy":1,"height":35,"itemID":4},{"productid":"16","name":"Black Granite Inscription (free)","type":"Inscription","part":"Headstone","side":"Front","price":0,"quantity":3,"label":"DOD","font":"30.327757352941177px Garamond","font_size":50,"font_family":"Garamond","color":"#ffffff","colorName":"White","x":198,"y":13,"rotation":0,"flipx":1,"flipy":1,"height":35,"itemID":5},{"productid":7,"id":7,"uid":1729077795103,"path":"../upload/2024/10/","name":"Ceramic Image","type":"Photo","item":"17290777951031010665054011_20081224_c.jpg","color":0,"mask":0,"x":62,"y":12,"flipx":1,"flipy":1,"rotation":0,"ratio":0.34909648751586964,"shape_url":"shapes/photos/oval_vertical.svg","part":"Headstone","side":"Front","src":"1010665054-01-1_20081224.jpg","price":570,"quantity":1,"size":"180 x 240 mm","itemID":6},{"productid":"16","name":"Black Granite Inscription (free)","type":"Inscription","part":"Headstone","side":"Front","price":0,"quantity":20,"label":"First Name and Last Name","font":"41.24575px Garamond","font_size":68,"font_family":"Garamond","color":"#ffffff","colorName":"White","x":77,"y":-104,"rotation":0,"flipx":1,"flipy":1,"height":49,"itemID":2},{"productid":"71","name":"Black Granite Motif (free)","type":"Motif","part":"Headstone","side":"Front","src":"1_154_07","item":"1_154_07","price":0,"quantity":1,"color":"#ffffff","colorName":"White","x":-256,"y":28,"flipx":1,"flipy":1,"rotation":0,"height":505,"ratio":0.5260416666666666,"itemID":7}]