[{"productid":4,"type":"Headstone","shape":"Serpentine","color":"#000000","fixed":0,"texture":"src/granites/forever2/l/18.jpg","name":"Laser Etched Black Granite Headstone","price":3939.99,"quantity":1,"width":914.4,"height":609.5999999999999,"_length":80,"init_width":1040,"init_height":520,"device":"desktop","dpr":2,"orientation":"landscape","version":"1.45","version_date":20241009,"mode":"2d","navigator":"Safari (desktop), 1280x720"},{"productid":"16","name":"Black Granite Inscription (free)","type":"Inscription","part":"Headstone","side":"Front","price":0,"quantity":6,"label":"BADGER","font":"69.86220472440945px Garamond","font_size":63,"font_family":"Garamond","color":"#ffffff","colorName":"White","x":-300,"y":-196,"rotation":0,"flipx":1,"flipy":1,"height":45,"itemID":1},{"productid":"16","name":"Black Granite Inscription (free)","type":"Inscription","part":"Headstone","side":"Front","price":0,"quantity":6,"label":"FRASER","font":"69.86220472440945px Garamond","font_size":63,"font_family":"Garamond","color":"#ffffff","colorName":"White","x":244,"y":-201,"rotation":0,"flipx":1,"flipy":1,"height":45,"itemID":2},{"productid":"16","name":"Black Granite Inscription (free)","type":"Inscription","part":"Headstone","side":"Front","price":0,"quantity":8,"label":"ALFRED M.","font":"34.376640419947506px Garamond","font_size":31,"font_family":"Garamond","color":"#ffffff","colorName":"White","x":-403,"y":-121,"rotation":0,"flipx":1,"flipy":1,"height":23,"itemID":3},{"productid":"16","name":"Black Granite Inscription (free)","type":"Inscription","part":"Headstone","side":"Front","price":0,"quantity":24,"label":"Sept. 29, 1924 - Dec. 26, 2004","font":"29.940944881889767px Garamond","font_size":27,"font_family":"Garamond","color":"#ffffff","colorName":"White","x":-311,"y":-91,"rotation":0,"flipx":1,"flipy":1,"height":26,"itemID":4},{"productid":"16","name":"Black Granite Inscription (free)","type":"Inscription","part":"Headstone","side":"Front","price":0,"quantity":9,"label":"DOROTHY E.","font":"38.81233595800525px Garamond","font_size":35,"font_family":"Garamond","color":"#ffffff","colorName":"White","x":-369,"y":-54,"rotation":0,"flipx":1,"flipy":1,"height":25,"itemID":5},{"productid":"16","name":"Black Granite Inscription (free)","type":"Inscription","part":"Headstone","side":"Front","price":0,"quantity":23,"label":"June 25,1924 - Nov. 29, 2009","font":"32.15879265091864px Garamond","font_size":29,"font_family":"Garamond","color":"#ffffff","colorName":"White","x":-296,"y":-26,"rotation":0,"flipx":1,"flipy":1,"height":26,"itemID":6},{"productid":"16","name":"Black Granite Inscription (free)","type":"Inscription","part":"Headstone","side":"Front","price":0,"quantity":9,"label":"STEPHEN E.","font":"37.70341207349082px Garamond","font_size":34,"font_family":"Garamond","color":"#ffffff","colorName":"White","x":-380,"y":43,"rotation":0,"flipx":1,"flipy":1,"height":25,"itemID":7},{"productid":"16","name":"Black Granite Inscription (free)","type":"Inscription","part":"Headstone","side":"Front","price":0,"quantity":11,"label":"June 7,1953 -","font":"33.267716535433074px Garamond","font_size":30,"font_family":"Garamond","color":"#ffffff","colorName":"White","x":-391,"y":73,"rotation":0,"flipx":1,"flipy":1,"height":26,"itemID":8},{"productid":"16","name":"Black Granite Inscription (free)","type":"Inscription","part":"Headstone","side":"Front","price":0,"quantity":22,"label":"FEB> 4,1955 - OCT> 27,2022","font":"33.267716535433074px Garamond","font_size":30,"font_family":"Garamond","color":"#ffffff","colorName":"White","x":-274,"y":162,"rotation":0,"flipx":1,"flipy":1,"height":26,"itemID":9},{"productid":"16","name":"Black Granite Inscription (free)","type":"Inscription","part":"Headstone","side":"Front","price":0,"quantity":9,"label":"MICHAEL A.","font":"38.81233595800525px Garamond","font_size":35,"font_family":"Garamond","color":"#ffffff","colorName":"White","x":-362,"y":123,"rotation":0,"flipx":1,"flipy":1,"height":25,"itemID":10},{"productid":"16","name":"Black Granite Inscription (free)","type":"Inscription","part":"Headstone","side":"Front","price":0,"quantity":7,"label":"SHAWN P.","font":"38.81233595800525px Garamond","font_size":35,"font_family":"Garamond","color":"#ffffff","colorName":"White","x":-397,"y":207,"rotation":0,"flipx":1,"flipy":1,"height":25,"itemID":11},{"productid":"16","name":"Black Granite Inscription (free)","type":"Inscription","part":"Headstone","side":"Front","price":0,"quantity":12,"label":"April 9,1959 -","font":"28.83202099737533px Garamond","font_size":26,"font_family":"Garamond","color":"#ffffff","colorName":"White","x":-406,"y":235,"rotation":0,"flipx":1,"flipy":1,"height":27,"itemID":12},{"productid":"16","name":"Black Granite Inscription (free)","type":"Inscription","part":"Headstone","side":"Front","price":0,"quantity":11,"label":"May 25.1962 -","font":"31.049868766404202px Garamond","font_size":28,"font_family":"Garamond","color":"#ffffff","colorName":"White","x":-401,"y":313,"rotation":0,"flipx":1,"flipy":1,"height":27,"itemID":13},{"productid":"16","name":"Black Granite Inscription (free)","type":"Inscription","part":"Headstone","side":"Front","price":0,"quantity":9,"label":"KENNETH E.","font":"43.24803149606299px Garamond","font_size":39,"font_family":"Garamond","color":"#ffffff","colorName":"White","x":233,"y":-117,"rotation":0,"flipx":1,"flipy":1,"height":29,"itemID":14},{"productid":"16","name":"Black Granite Inscription (free)","type":"Inscription","part":"Headstone","side":"Front","price":0,"quantity":12,"label":"NOV. 24,1936 -","font":"33.267716535433074px Garamond","font_size":30,"font_family":"Garamond","color":"#ffffff","colorName":"White","x":209,"y":-69,"rotation":0,"flipx":1,"flipy":1,"height":25,"itemID":15},{"productid":"16","name":"Black Granite Inscription (free)","type":"Inscription","part":"Headstone","side":"Front","price":0,"quantity":8,"label":"DIANNE G.","font":"41.03018372703413px Garamond","font_size":37,"font_family":"Garamond","color":"#ffffff","colorName":"White","x":214,"y":-28,"rotation":0,"flipx":1,"flipy":1,"height":27,"itemID":16},{"productid":"16","name":"Black Granite Inscription (free)","type":"Inscription","part":"Headstone","side":"Front","price":0,"quantity":12,"label":"DEC. 28. 1943-","font":"38.81233595800525px Garamond","font_size":35,"font_family":"Garamond","color":"#ffffff","colorName":"White","x":226,"y":51,"rotation":0,"flipx":1,"flipy":1,"height":25,"itemID":17},{"productid":"16","name":"Black Granite Inscription (free)","type":"Inscription","part":"Headstone","side":"Front","price":0,"quantity":9,"label":"Parents of","font":"37.70341207349082px Garamond","font_size":34,"font_family":"Garamond","color":"#ffffff","colorName":"White","x":208,"y":90,"rotation":0,"flipx":1,"flipy":1,"height":25,"itemID":18},{"productid":"16","name":"Black Granite Inscription (free)","type":"Inscription","part":"Headstone","side":"Front","price":0,"quantity":14,"label":"Wanda, Michael,","font":"33.267716535433074px Garamond","font_size":30,"font_family":"Garamond","color":"#ffffff","colorName":"White","x":222,"y":131,"rotation":0,"flipx":1,"flipy":1,"height":26,"itemID":19},{"productid":"16","name":"Black Granite Inscription (free)","type":"Inscription","part":"Headstone","side":"Front","price":0,"quantity":14,"label":"Edward, Jeffrey","font":"29.940944881889767px Garamond","font_size":27,"font_family":"Garamond","color":"#ffffff","colorName":"White","x":209,"y":170,"rotation":0,"flipx":1,"flipy":1,"height":28,"itemID":20},{"productid":"16","name":"Black Granite Inscription (free)","type":"Inscription","part":"Headstone","side":"Front","price":0,"quantity":13,"label":"And their sons,","font":"31.049868766404202px Garamond","font_size":28,"font_family":"Garamond","color":"#ffffff","colorName":"White","x":-313,"y":6,"rotation":0,"flipx":1,"flipy":1,"height":24,"itemID":21},{"productid":"16","name":"Black Granite Inscription (free)","type":"Inscription","part":"Headstone","side":"Front","price":0,"quantity":15,"label":"WANDA L. (FRASER)","font":"37.70341207349082px Garamond","font_size":34,"font_family":"Garamond","color":"#ffffff","colorName":"White","x":-315,"y":274,"rotation":0,"flipx":1,"flipy":1,"height":32,"itemID":22},{"productid":71,"name":"Black Granite Motif (free)","type":"Motif","part":"Headstone","side":"Front","src":"hummingbird_001","item":"hummingbird_001","price":0,"quantity":1,"color":"#ffffff","colorName":"White","colorName2":"undefined","x":-22,"y":-265,"flipx":"1","flipy":"1","rotation":0,"height":40,"ratio":0.2564102564102564,"itemID":23},{"productid":71,"name":"Black Granite Motif (free)","type":"Motif","part":"Headstone","side":"Front","src":"1_171_12","item":"1_171_12","price":0,"quantity":1,"color":"#ffffff","colorName":"White","colorName2":"undefined","x":35,"y":160,"flipx":"1","flipy":"1","rotation":0,"height":141,"ratio":0.15,"itemID":24},{"productid":71,"name":"Black Granite Motif (free)","type":"Motif","part":"Headstone","side":"Front","src":"1_157_09","item":"1_157_09","price":0,"quantity":1,"color":"#ffffff","colorName":"White","colorName2":"undefined","x":471.7777777777778,"y":187,"flipx":"1","flipy":"1","rotation":0,"height":205,"ratio":0.2506112469437653,"itemID":25},{"productid":71,"name":"Black Granite Motif (free)","type":"Motif","part":"Headstone","side":"Front","src":"1_157_20","item":"1_157_20","price":0,"quantity":1,"color":"#ffffff","colorName":"White","colorName2":"undefined","x":442,"y":220,"flipx":"1","flipy":"1","rotation":0,"height":108,"ratio":0.13043478260869565,"itemID":26},{"productid":71,"name":"Black Granite Motif (free)","type":"Motif","part":"Headstone","side":"Front","src":"1_157_21","item":"1_157_21","price":0,"quantity":1,"color":"#ffffff","colorName":"White","colorName2":"undefined","x":412,"y":204,"flipx":"1","flipy":"1","rotation":0,"height":121,"ratio":0.15414012738853503,"itemID":27},{"productid":"16","name":"Black Granite Inscription (free)","type":"Inscription","part":"Headstone","side":"Front","price":0,"quantity":11,"label":"(ARMSTRONG)","font":"37.70341207349082px Garamond","font_size":34,"font_family":"Garamond","color":"#ffffff","colorName":"White","x":230,"y":4,"rotation":0,"flipx":1,"flipy":1,"height":32,"itemID":28}]