[{"productid":4,"type":"Headstone","shape":"Serpentine","color":"#000000","fixed":0,"texture":"src/granites/forever2/l/18.jpg","name":"Laser Etched Black Granite Headstone","price":2003.86,"quantity":1,"width":609.5999999999999,"height":609.5999999999999,"_length":80,"init_width":1040,"init_height":579,"device":"desktop","dpr":1,"orientation":"landscape","version":"1.45","version_date":20241015,"mode":"3d","navigator":"Mozilla Firefox (desktop), 1280x768"},{"productid":4,"type":"Base","name":"Rectangle","flower_pot_holes":true,"base_flower_pots":4,"shape":"Rectangle","color":"#000000","fixed":0,"texture":"src/granites/forever2/l/18.jpg","price":1266.93,"quantity":1,"width":709.5999999999999,"height":101.6,"_length":250,"init_width":1040,"init_height":579,"mode":"3d"},{"productid":"71","name":"Black Granite Motif (free)","type":"Motif","part":"Headstone","side":"Front","src":"1_153_21","item":"1_153_21","price":0,"quantity":1,"color":"#ffffff","colorName":"White","x":0,"y":0,"flipx":1,"flipy":1,"rotation":0,"height":192,"ratio":0.21694915254237288,"itemID":2},{"productid":"71","name":"Black Granite Motif (free)","type":"Motif","part":"Headstone","side":"Front","src":"1_153_21","item":"1_153_21","price":0,"quantity":1,"color":"#ffffff","colorName":"White","x":130.49020353780446,"y":-123.14043620982204,"flipx":1,"flipy":1,"rotation":0,"height":192,"ratio":0.21694915254237288,"itemID":3},{"productid":"16","name":"Black Granite Inscription (free)","type":"Inscription","part":"Headstone","side":"Front","price":0,"quantity":13,"label":"Mildred Pankey","font":"158.75281214848144px Chopin Script","font_size":60.46000611008096,"font_family":"Chopin Script","color":"#ffffff","colorName":"White","x":0,"y":0,"rotation":0,"flipx":1,"flipy":1,"height":60,"itemID":4},{"productid":"16","name":"Black Granite Inscription (free)","type":"Inscription","part":"Headstone","side":"Front","price":0,"quantity":7,"label":"Edwards","font":"158.75281214848144px Chopin Script","font_size":56.09045016922727,"font_family":"Chopin Script","color":"#ffffff","colorName":"White","x":0,"y":40,"rotation":0,"flipx":1,"flipy":1,"height":56,"itemID":5},{"productid":"16","name":"Black Granite Inscription (free)","type":"Inscription","part":"Headstone","side":"Front","price":0,"quantity":18,"label":"Forever in Our Hearts","font":"158.75281214848144px Chopin Script","font_size":48.25344707554291,"font_family":"Chopin Script","color":"#ffffff","colorName":"White","x":0,"y":0,"rotation":0,"flipx":1,"flipy":1,"height":48,"itemID":1},{"productid":"16","name":"Black Granite Inscription (free)","type":"Inscription","part":"Headstone","side":"Front","price":0,"quantity":11,"label":"In God&apos;s Care","font":"158.75281214848144px Chopin Script","font_size":44.05616606058341,"font_family":"Chopin Script","color":"#ffffff","colorName":"White","x":0,"y":150.17680773247855,"rotation":0,"flipx":1,"flipy":1,"height":44,"itemID":9},{"productid":"16","name":"Black Granite Inscription (free)","type":"Inscription","part":"Headstone","side":"Front","price":0,"quantity":23,"label":"Sunrise: November 20, 1932","font":"158.75281214848144px Chopin Script","font_size":34.343164362170825,"font_family":"Chopin Script","color":"#ffffff","colorName":"White","x":0,"y":40,"rotation":0,"flipx":1,"flipy":1,"height":34,"itemID":6},{"productid":"16","name":"Black Granite Inscription (free)","type":"Inscription","part":"Headstone","side":"Front","price":0,"quantity":22,"label":"Sunset: September 2, 2023","font":"158.75281214848144px Chopin Script","font_size":41.51998837407762,"font_family":"Chopin Script","color":"#ffffff","colorName":"White","x":9.26863498353482,"y":150.17680773247855,"rotation":0,"flipx":1,"flipy":1,"height":42,"itemID":7},{"productid":"71","name":"Black Granite Motif (free)","type":"Motif","part":"Headstone","side":"Front","src":"cross_002","item":"cross_002","price":0,"quantity":1,"color":"#ffffff","colorName":"White","x":0,"y":0,"flipx":1,"flipy":1,"rotation":0,"height":100,"ratio":0.3597122302158273,"itemID":10},{"productid":"71","name":"Black Granite Motif (free)","type":"Motif","part":"Headstone","side":"Front","src":"cross_002","item":"cross_002","price":0,"quantity":1,"color":"#ffffff","colorName":"White","x":187.1643140119333,"y":223.53303105396571,"flipx":1,"flipy":1,"rotation":0,"height":100,"ratio":0.3597122302158273,"itemID":11},{"productid":21,"id":21,"uid":1730107857254,"path":"../upload/2024/10/","name":"Laser-etched Image","type":"Photo","item":"1730107857254screenshot_20241028_at_0.jpg","color":1,"mask":0,"x":0,"y":0,"flipx":1,"flipy":1,"rotation":0,"ratio":0.6076400740855669,"shape_url":"shapes/photos/oval_vertical.svg","part":"Headstone","side":"Front","src":"Screenshot 2024-10-28 at 05-29-55 Obituary_Mildred Pankey Edwards_8 pages-1.pdf.png","price":0,"quantity":1,"size":222,"width":"124","height":"176","itemID":13}]