[{"productid":4,"type":"Headstone","corner":2,"hole":3,"shape":"Square","color":"#000000","fixed":0,"texture":"src/granites/forever2/l/18.jpg","name":"Laser Etched Black Granite Headstone","price":1877.07,"quantity":1,"width":723.9,"height":304.79999999999995,"_length":80,"init_width":1680,"init_height":847,"device":"desktop","dpr":1,"orientation":"landscape","version":"1.45","version_date":20241015,"mode":"2d","navigator":"Chrome (desktop), 1920x1080"},{"productid":"16","name":"Black Granite Inscription (free)","type":"Inscription","part":"Headstone","side":"Front","price":0,"quantity":25,"label":"AUGUST 16 1945 - OCTOBER 9 2024","font":"22.815996684624945px Arial","font_size":20,"font_family":"Arial","color":"#ffffff","colorName":"White","x":8,"y":1,"rotation":0,"flipx":1,"flipy":1,"height":15,"itemID":2},{"productid":"16","name":"Black Granite Inscription (free)","type":"Inscription","part":"Headstone","side":"Front","price":0,"quantity":12,"label":"JOANN HUNTING","font":"37.64639452963116px Arial","font_size":33,"font_family":"Arial","color":"#ffffff","colorName":"White","x":-3,"y":-47,"rotation":0,"flipx":1,"flipy":1,"height":24,"itemID":5},{"productid":"16","name":"Black Granite Inscription (free)","type":"Inscription","part":"Headstone","side":"Front","price":0,"quantity":45,"label":"YOU ARE LOVED BEYOND WORDS. AND MISSED BEYOND MEASURE","font":"20.53439701616245px Lucida Calligraphy","font_size":18,"font_family":"Lucida Calligraphy","color":"#ffffff","colorName":"White","x":-5,"y":-113,"rotation":0,"flipx":1,"flipy":1,"height":19,"itemID":7},{"productid":"16","name":"Black Granite Inscription (free)","type":"Inscription","part":"Headstone","side":"Front","price":0,"quantity":40,"label":"YOUR LIFE WAS A BLESSING.  YOUR MEMORY A TREASURE","font":"20.53439701616245px Lucida Calligraphy","font_size":18,"font_family":"Lucida Calligraphy","color":"#ffffff","colorName":"White","x":-3,"y":-152,"rotation":0,"flipx":1,"flipy":1,"height":19,"itemID":6},{"productid":"16","name":"Black Granite Inscription (free)","type":"Inscription","part":"Headstone","side":"Front","price":0,"quantity":32,"label":"THANK YOU FOR EVERYTHING YOU DID FOR US","font":"22.815996684624945px Lucida Calligraphy","font_size":20,"font_family":"Lucida Calligraphy","color":"#ffffff","colorName":"White","x":1,"y":112,"rotation":0,"flipx":1,"flipy":1,"height":22,"itemID":8},{"productid":"16","name":"Black Granite Inscription (free)","type":"Inscription","part":"Headstone","side":"Front","price":0,"quantity":10,"label":"WE LOVE YOU.","font":"22.815996684624945px Lucida Calligraphy","font_size":20,"font_family":"Lucida Calligraphy","color":"#ffffff","colorName":"White","x":-2,"y":146,"rotation":0,"flipx":1,"flipy":1,"height":22,"itemID":9},{"productid":21,"id":21,"uid":1730931666129,"path":"../upload/2024/11/","name":"Laser-etched Image","type":"Photo","item":"1730931666129moms_humming_bird_2_crop.jpg","color":1,"mask":1,"x":-313,"y":-2,"flipx":1,"flipy":1,"rotation":0,"ratio":0.41434710960285864,"shape_url":"shapes/photos/rectangle_vertical.svg","part":"Headstone","side":"Front","src":"mom's humming bird 2.jpg","price":0,"quantity":1,"size":154,"width":"173","height":"176","itemID":10},{"productid":21,"id":21,"uid":1730931749856,"name":"Laser-etched Image","type":"Photo","item":"1730931749856moms_sunflowerwebp_cropp.jpg","color":1,"mask":1,"x":308,"y":-5,"flipx":1,"flipy":1,"rotation":0,"ratio":0.3982037157222278,"shape_url":"shapes/photos/rectangle_vertical.svg","part":"Headstone","side":"Front","src":"mom's sunflower.webp","price":0,"quantity":1,"size":148,"width":"83","height":"169","itemID":11}]