[{"productid":4,"type":"Headstone","shape":"Cropped Peak","color":"#000000","fixed":0,"texture":"src/granites/forever2/l/18.jpg","name":"Laser Etched Black Granite Headstone","price":2565.95,"quantity":1,"width":609.5999999999999,"height":609.5999999999999,"_length":80,"init_width":1421,"init_height":692,"device":"desktop","dpr":1.125,"orientation":"landscape","version":"1.45","version_date":20241015,"mode":"2d","navigator":"Opera (desktop), 1536x864"},{"productid":4,"type":"Base","name":"Rectangle","flower_pot_holes":true,"base_flower_pots":3,"shape":"Rectangle","color":"#000000","fixed":0,"texture":"src/granites/forever2/l/18.jpg","price":848,"quantity":1,"width":709.5999999999999,"height":101.6,"_length":250,"init_width":1421,"init_height":692,"mode":"2d"},{"productid":"16","name":"Black Granite Inscription (free)","type":"Inscription","part":"Headstone","side":"Front","price":0,"quantity":30,"label":"Forever young, forever different.","font":"27.748839988751406px Adorable","font_size":26,"font_family":"Adorable","color":"#ffffff","colorName":"White","x":9.633783675211593,"y":-255.65673028348488,"rotation":0,"flipx":1,"flipy":1,"height":25,"itemID":1},{"productid":"16","name":"Black Granite Inscription (free)","type":"Inscription","part":"Headstone","side":"Front","price":0,"quantity":36,"label":"From climbing trees, to hitting the books.","font":"25.61431383577053px Adorable","font_size":24,"font_family":"Adorable","color":"#ffffff","colorName":"White","x":21.40840816713721,"y":-221.76171979210218,"rotation":0,"flipx":1,"flipy":1,"height":23,"itemID":2},{"productid":"16","name":"Black Granite Inscription (free)","type":"Inscription","part":"Headstone","side":"Front","price":0,"quantity":28,"label":"Joyous days, to despairing days.","font":"25.61431383577053px Adorable","font_size":24,"font_family":"Adorable","color":"#ffffff","colorName":"White","x":17.12672653370981,"y":-187.86670930071952,"rotation":0,"flipx":1,"flipy":1,"height":23,"itemID":3},{"productid":"16","name":"Black Granite Inscription (free)","type":"Inscription","part":"Headstone","side":"Front","price":0,"quantity":52,"label":"I embraced a life of resilience and was rewarded with triumph.","font":"25.61431383577053px Adorable","font_size":24,"font_family":"Adorable","color":"#ffffff","colorName":"White","x":3.211261225070495,"y":-155.0413922414853,"rotation":0,"flipx":1,"flipy":1,"height":23,"itemID":4},{"productid":"16","name":"Black Granite Inscription (free)","type":"Inscription","part":"Headstone","side":"Front","price":0,"quantity":28,"label":"Never quit, but always faltered.","font":"27.748839988751406px Adorable","font_size":26,"font_family":"Adorable","color":"#ffffff","colorName":"White","x":17.12672653370981,"y":-125.42515547869651,"rotation":0,"flipx":1,"flipy":1,"height":25,"itemID":5},{"productid":"16","name":"Black Granite Inscription (free)","type":"Inscription","part":"Headstone","side":"Front","price":0,"quantity":43,"label":"I was always hesitant, but loved trying new things.","font":"27.748839988751406px Adorable","font_size":26,"font_family":"Adorable","color":"#ffffff","colorName":"White","x":10.704204083568605,"y":-92.59983841946232,"rotation":0,"flipx":1,"flipy":1,"height":25,"itemID":6},{"productid":"16","name":"Black Granite Inscription (free)","type":"Inscription","part":"Headstone","side":"Front","price":0,"quantity":40,"label":"I made new friends, but I lost some along the way.","font":"27.748839988751406px Adorable","font_size":26,"font_family":"Adorable","color":"#ffffff","colorName":"White","x":12.845044900282304,"y":-57.635134495931126,"rotation":0,"flipx":1,"flipy":1,"height":25,"itemID":7},{"productid":"16","name":"Black Granite Inscription (free)","type":"Inscription","part":"Headstone","side":"Front","price":0,"quantity":34,"label":"They taught me to laugh and to enjoy life.","font":"27.748839988751406px Adorable","font_size":26,"font_family":"Adorable","color":"#ffffff","colorName":"White","x":31.04219184234891,"y":-21.600737140251514,"rotation":0,"flipx":1,"flipy":1,"height":25,"itemID":8},{"productid":"16","name":"Black Granite Inscription (free)","type":"Inscription","part":"Headstone","side":"Front","price":0,"quantity":13,"label":"Ask me, who am I?","font":"29.883366141732285px Adorable","font_size":28,"font_family":"Adorable","color":"#ffffff","colorName":"White","x":31.04219184234902,"y":12.294273351131178,"rotation":0,"flipx":1,"flipy":1,"height":24,"itemID":9},{"productid":"16","name":"Black Granite Inscription (free)","type":"Inscription","part":"Headstone","side":"Front","price":0,"quantity":26,"label":"I am me, I am unique, I am strong,","font":"29.883366141732285px Adorable","font_size":28,"font_family":"Adorable","color":"#ffffff","colorName":"White","x":23.54924898385091,"y":48.728005464222356,"rotation":0,"flipx":1,"flipy":1,"height":26,"itemID":12},{"productid":"16","name":"Black Granite Inscription (free)","type":"Inscription","part":"Headstone","side":"Front","price":0,"quantity":38,"label":"Waxaan ahay wiilka hooyaday, the same as you.","font":"27.748839988751406px Adorable","font_size":26,"font_family":"Adorable","color":"#ffffff","colorName":"White","x":18.197146942066716,"y":80.48362909130817,"rotation":0,"flipx":1,"flipy":1,"height":25,"itemID":13},{"productid":"16","name":"Black Granite Inscription (free)","type":"Inscription","part":"Headstone","side":"Front","price":0,"quantity":27,"label":"We differ, but that does not mean","font":"27.748839988751406px Adorable","font_size":26,"font_family":"Adorable","color":"#ffffff","colorName":"White","x":22.478828575494006,"y":115.44833301483933,"rotation":0,"flipx":1,"flipy":1,"height":25,"itemID":14},{"productid":"16","name":"Black Granite Inscription (free)","type":"Inscription","part":"Headstone","side":"Front","price":0,"quantity":31,"label":"Your opinions about me don&apos;t hurt me,","font":"27.748839988751406px Adorable","font_size":26,"font_family":"Adorable","color":"#ffffff","colorName":"White","x":28.901351025635105,"y":185.71292019927012,"rotation":0,"flipx":1,"flipy":1,"height":25,"itemID":15},{"productid":"16","name":"Black Granite Inscription (free)","type":"Inscription","part":"Headstone","side":"Front","price":0,"quantity":19,"label":"I am Somali, I am brave,","font":"28.816103065241844px Adorable","font_size":27,"font_family":"Adorable","color":"#ffffff","colorName":"White","x":22.478828575494006,"y":257.0472008158492,"rotation":0,"flipx":1,"flipy":1,"height":23,"itemID":16},{"productid":"16","name":"Black Granite Inscription (free)","type":"Inscription","part":"Headstone","side":"Front","price":0,"quantity":18,"label":"And I am proud to be me.","font":"27.748839988751406px Adorable","font_size":26,"font_family":"Adorable","color":"#ffffff","colorName":"White","x":19.26756735042362,"y":290.94221130723196,"rotation":0,"flipx":1,"flipy":1,"height":25,"itemID":17},{"productid":"16","name":"Black Granite Inscription (free)","type":"Inscription","part":"Base","side":"Front","price":0,"quantity":43,"label":"Forget me, remember me, but do not try to besmear me.","font":"27.748839988751406px Adorable","font_size":26,"font_family":"Adorable","color":"#ffffff","colorName":"White","x":20.337987758780304,"y":325.90691523076305,"rotation":0,"flipx":1,"flipy":1,"height":25,"itemID":18},{"productid":"16","name":"Black Granite Inscription (free)","type":"Inscription","part":"Base","side":"Front","price":0,"quantity":20,"label":"Loving memories, Musse","font":"69.37209997187851px Adorable","font_size":65,"font_family":"Adorable","color":"#ffffff","colorName":"White","x":8.563363266854905,"y":387.6139549580061,"rotation":0,"flipx":1,"flipy":1,"height":61,"itemID":19},{"productid":"16","name":"Black Granite Inscription (free)","type":"Inscription","part":"Headstone","side":"Front","price":0,"quantity":25,"label":"and neither do they define me.","font":"28.816103065241844px Adorable","font_size":27,"font_family":"Adorable","color":"#ffffff","colorName":"White","x":21.4084081671371,"y":220.2062781796268,"rotation":0,"flipx":1,"flipy":1,"height":26,"itemID":20},{"productid":"16","name":"Black Granite Inscription (free)","type":"Inscription","part":"Headstone","side":"Front","price":0,"quantity":27,"label":"I am invisible, or dispensable.","font":"27.748839988751406px Adorable","font_size":26,"font_family":"Adorable","color":"#ffffff","colorName":"White","x":20.337987758780304,"y":151.72756840211227,"rotation":0,"flipx":1,"flipy":1,"height":25,"itemID":21},{"productid":"16","name":"Black Granite Inscription (free)","type":"Inscription","part":"Headstone","side":"Front","price":0,"quantity":6,"label":"LEGACY","font":"27.748839988751406px Adorable","font_size":26,"font_family":"Adorable","color":"#ffffff","colorName":"White","x":1.0704204083566873,"y":-298.53480887519885,"rotation":0,"flipx":1,"flipy":1,"height":22,"itemID":22}]