[{"productid":4,"type":"Headstone","shape":"Serpentine","color":"#000000","fixed":0,"texture":"src/granites/forever2/l/18.jpg","name":"Laser Etched Black Granite Headstone","price":2565.95,"quantity":1,"width":609.5999999999999,"height":609.5999999999999,"_length":80,"init_width":925,"init_height":591,"device":"desktop","dpr":1.3953488372093024,"orientation":"landscape","version":"1.45","version_date":20241015,"mode":"2d","navigator":"Mozilla Firefox (desktop), 1376x774"},{"productid":4,"type":"Base","name":"Rectangle","shape":"Rectangle","color":"#000000","fixed":0,"texture":"src/granites/forever2/l/18.jpg","price":650,"quantity":1,"width":709.5999999999999,"height":101.6,"_length":250,"init_width":925,"init_height":591,"mode":"2d"},{"productid":"71","name":"Black Granite Motif (free)","type":"Motif","part":"Headstone","side":"Front","src":"1_153_12","item":"1_153_12","price":0,"quantity":1,"color":"#ffffff","colorName":"White","x":-192.45405405405404,"y":-149.18443316412862,"flipx":1,"flipy":1,"rotation":91,"height":127,"ratio":0.13568376068376067,"itemID":2},{"productid":"16","name":"Black Granite Inscription (free)","type":"Inscription","part":"Headstone","side":"Front","price":0,"quantity":5,"label":"SMITH","font":"68.96249705705392px Garamond","font_size":61,"font_family":"Garamond","color":"#ffffff","colorName":"White","x":-8.367567567567448,"y":11.153976311336748,"rotation":0,"flipx":1,"flipy":1,"height":43,"itemID":1},{"productid":"71","name":"Black Granite Motif (free)","type":"Motif","part":"Headstone","side":"Front","src":"1_188_15","item":"1_188_15","price":0,"quantity":1,"color":"#ffffff","colorName":"White","x":179.90270270270275,"y":-132.45346869712355,"flipx":1,"flipy":1,"rotation":0,"height":76,"ratio":0.1872235872235872,"itemID":3}]