[{"productid":4,"type":"Headstone","shape":"Half Round","color":"#000000","fixed":0,"texture":"src/granites/forever2/l/18.jpg","name":"Laser Etched Black Granite Headstone","price":2336.95,"quantity":1,"width":"482.59999999999997","height":685.8,"_length":80,"init_width":1288,"init_height":674,"device":"desktop","dpr":1.25,"orientation":"landscape","version":"1.45","version_date":20241015,"mode":"2d","navigator":"Edge (chromium based) (desktop), 1536x864"},{"productid":"71","name":"Black Granite Motif (free)","type":"Motif","part":"Headstone","side":"Front","src":"1_153_07","item":"1_153_07","price":0,"quantity":1,"color":"#ffffff","colorName":"White","x":3.75,"y":-208.62611275964383,"flipx":1,"flipy":1,"rotation":0,"height":132,"ratio":0.20496894409937888,"itemID":1},{"productid":"16","name":"Black Granite Inscription (free)","type":"Inscription","part":"Headstone","side":"Front","price":0,"quantity":15,"label":"If things on earth","font":"59.88899825021873px French Script","font_size":50,"font_family":"French Script","color":"#ffffff","colorName":"White","x":1.25,"y":-63.71216617210683,"rotation":0,"flipx":1,"flipy":1,"height":48,"itemID":2},{"productid":"16","name":"Black Granite Inscription (free)","type":"Inscription","part":"Headstone","side":"Front","price":0,"quantity":23,"label":"May be to heaven resembled,","font":"59.88899825021873px French Script","font_size":50,"font_family":"French Script","color":"#ffffff","colorName":"White","x":12.5,"y":6.5581932080449405,"rotation":0,"flipx":1,"flipy":1,"height":48,"itemID":3},{"productid":"16","name":"Black Granite Inscription (free)","type":"Inscription","part":"Headstone","side":"Front","price":0,"quantity":13,"label":"It must be love, ","font":"59.88899825021873px French Script","font_size":50,"font_family":"French Script","color":"#ffffff","colorName":"White","x":17.5,"y":83.07484338938349,"rotation":0,"flipx":1,"flipy":1,"height":38,"itemID":4},{"productid":"16","name":"Black Granite Inscription (free)","type":"Inscription","part":"Headstone","side":"Front","price":0,"quantity":27,"label":"Pure, constant, undissembled.","font":"59.88899825021873px French Script","font_size":50,"font_family":"French Script","color":"#ffffff","colorName":"White","x":16.25,"y":143.39927464556547,"rotation":0,"flipx":1,"flipy":1,"height":38,"itemID":5},{"productid":"16","name":"Black Granite Inscription (free)","type":"Inscription","part":"Headstone","side":"Front","price":0,"quantity":5,"label":"Terry","font":"81.44903762029747px French Script","font_size":68,"font_family":"French Script","color":"#ffffff","colorName":"White","x":135,"y":232.45664358720728,"rotation":0,"flipx":1,"flipy":1,"height":65,"itemID":6}]