[{"productid":4,"type":"Headstone","shape":"Curved Top","color":"#000000","fixed":0,"texture":"src/granites/forever2/l/18.jpg","name":"Laser Etched Black Granite Headstone","price":2565.95,"quantity":1,"width":609.5999999999999,"height":609.5999999999999,"_length":80,"init_width":430,"init_height":669,"device":"mobile","dpr":3,"orientation":"portrait","version":"1.45","version_date":20241015,"mode":"2d","navigator":"Safari (mobile(ios)), 430x932"},{"productid":"16","name":"Black Granite Inscription (free)","type":"Inscription","part":"Headstone","side":"Front","price":0,"quantity":20,"label":"Lungani Malebegwa Dube","font":"167.12229330708664px Garamond","font_size":81,"font_family":"Garamond","color":"#ffffff","colorName":"White","x":-273,"y":211.91688657674942,"rotation":0,"flipx":1,"flipy":1,"height":81,"itemID":1},{"productid":"16","name":"Black Granite Inscription (free)","type":"Inscription","part":"Headstone","side":"Front","price":0,"quantity":9,"label":"18..- 1955","font":"206.32381889763784px Garamond","font_size":100,"font_family":"Garamond","color":"#ffffff","colorName":"White","x":0,"y":392.47968221481744,"rotation":0,"flipx":1,"flipy":1,"height":68,"itemID":2}]