[{"productid":4,"type":"Headstone","shape":"Square","color":"#000000","fixed":0,"texture":"src/granites/forever2/l/18.jpg","name":"Laser Etched Black Granite Headstone","price":2565.95,"quantity":1,"width":609.5999999999999,"height":609.5999999999999,"_length":80,"init_width":320,"init_height":510,"device":"mobile","dpr":3.375,"orientation":"portrait","version":"1.45","version_date":20241015,"mode":"2d","navigator":"Chrome (mobile(android)), 320x694"},{"productid":21,"id":21,"uid":1732203143846,"path":"../upload/2024/11/","name":"Laser-etched Image","type":"Photo","item":"1732203143846ai_touchup_2__copy_1_cro.jpg","color":1,"mask":0,"x":0,"y":0,"flipx":1,"flipy":1,"rotation":0,"ratio":1.6528485409912,"shape_url":"shapes/photos/oval_vertical.svg","part":"Headstone","side":"Front","src":"AI Touchup 2 - Copy (1).png","price":0,"quantity":1,"size":244,"width":"269","height":"421","itemID":1}]