[{"productid":4,"type":"Headstone","shape":"Square","color":"#000000","fixed":0,"texture":"src/granites/forever2/l/18.jpg","name":"Laser Etched Black Granite Headstone","price":2565.95,"quantity":1,"width":609.5999999999999,"height":609.5999999999999,"_length":80,"init_width":390,"init_height":607,"device":"mobile","dpr":3,"orientation":"portrait","version":"1.45","version_date":20241015,"mode":"2d","navigator":"Safari (mobile(ios)), 390x844"},{"productid":4,"type":"Base","name":"Rectangle","flower_pot_holes":true,"base_flower_pots":"3","shape":"Square","color":"#000000","fixed":0,"texture":"src/granites/forever2/l/18.jpg","price":650,"quantity":1,"width":709.5999999999999,"height":101.6,"_length":250,"init_width":390,"init_height":607,"mode":"2d"},{"productid":"16","name":"Black Granite Inscription (free)","type":"Inscription","part":"Headstone","side":"Front","price":0,"quantity":19,"label":"CARLOS ANDREZ MANGUAL","font":"67.36712598425197px Garamond","font_size":42,"font_family":"Garamond","color":"#ffffff","colorName":"White","x":0,"y":-350,"rotation":0,"flipx":1,"flipy":1,"height":31,"itemID":1},{"productid":21,"id":21,"uid":1735843295406,"path":"../upload/2025/01/","name":"Laser-etched Image","type":"Photo","item":"1735843295406img_4622_cropped.jpg","color":1,"mask":2,"x":-3,"y":27,"flipx":1,"flipy":1,"rotation":0,"ratio":1.6725704054674089,"shape_url":"shapes/photos/oval_horizontal.svg","part":"Headstone","side":"Front","src":"IMG_4622.jpeg","price":0,"quantity":1,"size":"317","width":"524","height":"508","itemID":2},{"productid":"16","name":"Black Granite Inscription (free)","type":"Inscription","part":"Headstone","side":"Front","price":0,"quantity":25,"label":"4.30.1997 - LEGENDS NEVER DIE","font":"49.723354893138364px Garamond","font_size":31,"font_family":"Garamond","color":"#ffffff","colorName":"White","x":6,"y":-281,"rotation":0,"flipx":1,"flipy":1,"height":22,"itemID":3},{"productid":"16","name":"Black Granite Inscription (free)","type":"Inscription","part":"Headstone","side":"Front","price":0,"quantity":19,"label":"WE WILL ALWAYS LOVE YOU","font":"70.57508436445445px Garamond","font_size":44,"font_family":"Garamond","color":"#ffffff","colorName":"White","x":0,"y":417,"rotation":0,"flipx":1,"flipy":1,"height":32,"itemID":4},{"productid":"16","name":"Black Granite Inscription (free)","type":"Inscription","part":"Headstone","side":"Front","price":0,"quantity":19,"label":"SON. BROTHER. FATHER.","font":"56.13927165354331px Garamond","font_size":35,"font_family":"Garamond","color":"#ffffff","colorName":"White","x":9,"y":346,"rotation":0,"flipx":1,"flipy":1,"height":26,"itemID":5}]