[{"productid":124,"type":"Headstone","shape":"Serpentine","color":"#000000","fixed":0,"texture":"src/granites/forever2/l/G633.jpg","name":"Traditional Engraved Headstone","price":1484.66,"quantity":1,"width":609.5999999999999,"height":609.5999999999999,"_length":80,"init_width":1607,"init_height":895,"device":"desktop","dpr":1,"orientation":"landscape","version":"1.45","version_date":20241015,"mode":"2d","navigator":"Chrome (desktop), 1920x1080"},{"productid":124,"type":"Base","name":"Rectangle","flower_pot_holes":true,"base_flower_pots":4,"shape":"Rectangle","color":"#000000","fixed":0,"texture":"src/granites/forever2/l/African-Black.jpg","price":593,"quantity":1,"width":709.5999999999999,"height":101.6,"_length":250,"init_width":1607,"init_height":895,"mode":"2d"},{"productid":"126","name":"Motif (Traditional Engraved)","type":"Motif","part":"Headstone","side":"Front","src":"1_207_14","item":"1_207_14","price":285.49166,"quantity":1,"color":"#c99d44","colorName":"Gold Gilding","x":234,"y":198,"flipx":1,"flipy":1,"rotation":0,"height":288,"ratio":0.34657039711191334,"itemID":1},{"productid":"126","name":"Motif (Traditional Engraved)","type":"Motif","part":"Headstone","side":"Front","src":"1_207_14","item":"1_207_14","price":285.9835,"quantity":1,"color":"#c99d44","colorName":"Gold Gilding","x":-232.94409002123825,"y":196,"flipx":-1,"flipy":1,"rotation":0,"height":290,"ratio":0.3489771359807461,"itemID":2},{"productid":"126","name":"Motif (Traditional Engraved)","type":"Motif","part":"Headstone","side":"Front","src":"2_003_01","item":"2_003_01","price":248.84958000000003,"quantity":1,"color":"#c99d44","colorName":"Gold Gilding","x":288,"y":-215,"flipx":1,"flipy":1,"rotation":180,"height":139,"ratio":0.2065378900445765,"itemID":3},{"productid":"126","name":"Motif (Traditional Engraved)","type":"Motif","part":"Headstone","side":"Front","src":"2_003_01","item":"2_003_01","price":248.84958000000003,"quantity":1,"color":"#c99d44","colorName":"Gold Gilding","x":-287.64914666127356,"y":-215,"flipx":-1,"flipy":1,"rotation":180,"height":139,"ratio":0.2065378900445765,"itemID":4},{"productid":7,"id":7,"uid":1736804230992,"path":"../upload/2025/01/","name":"Ceramic Image","type":"Photo","item":"1736804230992untitled_drawing_1_cropp.jpg","color":0,"mask":1,"x":2,"y":-291,"flipx":1,"flipy":1,"rotation":0,"ratio":0.3286541609754138,"shape_url":"shapes/photos/rectangle_vertical.svg","part":"Headstone","side":"Front","src":"Untitled drawing (1).png","price":335,"quantity":1,"size":"90 x 120 mm","itemID":7},{"productid":"125","name":"Inscription (Traditional Engraved)","type":"Inscription","part":"Headstone","side":"Front","price":7.15,"quantity":17,"label":"Jaroslav Heyrovsky","font":"74.84550759280091px Garamond","font_size":61,"font_family":"Garamond","color":"#000000","colorName":"Black","x":1,"y":-176,"rotation":0,"flipx":1,"flipy":1,"height":60,"itemID":5},{"productid":"125","name":"Inscription (Traditional Engraved)","type":"Inscription","part":"Headstone","side":"Front","price":3.85,"quantity":26,"label":"20 December 1890 - 27 March 1967","font":"52.7599479752531px Garamond","font_size":43,"font_family":"Garamond","color":"#000000","colorName":"Black","x":-2,"y":-99,"rotation":0,"flipx":1,"flipy":1,"height":33,"itemID":6},{"productid":"125","name":"Inscription (Traditional Engraved)","type":"Inscription","part":"Headstone","side":"Front","price":3.85,"quantity":13,"label":"Chose to serve,","font":"22.08555961754781px Garamond","font_size":18,"font_family":"Garamond","color":"#000000","colorName":"Black","x":1,"y":56,"rotation":0,"flipx":1,"flipy":1,"height":15,"itemID":9},{"productid":"125","name":"Inscription (Traditional Engraved)","type":"Inscription","part":"Headstone","side":"Front","price":3.85,"quantity":15,"label":"In war to give life","font":"22.08555961754781px Garamond","font_size":18,"font_family":"Garamond","color":"#000000","colorName":"Black","x":2,"y":74,"rotation":0,"flipx":1,"flipy":1,"height":18,"itemID":10},{"productid":"125","name":"Inscription (Traditional Engraved)","type":"Inscription","part":"Headstone","side":"Front","price":3.85,"quantity":27,"label":"Through science he did observe,","font":"22.08555961754781px Garamond","font_size":18,"font_family":"Garamond","color":"#000000","colorName":"Black","x":1,"y":93,"rotation":0,"flipx":1,"flipy":1,"height":18,"itemID":11},{"productid":"125","name":"Inscription (Traditional Engraved)","type":"Inscription","part":"Headstone","side":"Front","price":3.85,"quantity":33,"label":"With knowledge, he made the world rife.","font":"22.08555961754781px Garamond","font_size":18,"font_family":"Garamond","color":"#000000","colorName":"Black","x":0,"y":114,"rotation":0,"flipx":1,"flipy":1,"height":18,"itemID":12},{"productid":"125","name":"Inscription (Traditional Engraved)","type":"Inscription","part":"Headstone","side":"Front","price":3.85,"quantity":27,"label":"Polarography was his creation,","font":"22.08555961754781px Garamond","font_size":18,"font_family":"Garamond","color":"#000000","colorName":"Black","x":0,"y":136,"rotation":0,"flipx":1,"flipy":1,"height":18,"itemID":13},{"productid":"125","name":"Inscription (Traditional Engraved)","type":"Inscription","part":"Headstone","side":"Front","price":3.85,"quantity":32,"label":"Sharing his knowledge with the world,","font":"22.08555961754781px Garamond","font_size":18,"font_family":"Garamond","color":"#000000","colorName":"Black","x":0,"y":158,"rotation":0,"flipx":1,"flipy":1,"height":18,"itemID":14},{"productid":"125","name":"Inscription (Traditional Engraved)","type":"Inscription","part":"Headstone","side":"Front","price":3.85,"quantity":28,"label":"To bring fame to the Czech nation,","font":"22.08555961754781px Garamond","font_size":18,"font_family":"Garamond","color":"#000000","colorName":"Black","x":0,"y":180,"rotation":0,"flipx":1,"flipy":1,"height":18,"itemID":15},{"productid":"125","name":"Inscription (Traditional Engraved)","type":"Inscription","part":"Headstone","side":"Front","price":3.85,"quantity":30,"label":"When all his research was unfurled.","font":"22.08555961754781px Garamond","font_size":18,"font_family":"Garamond","color":"#000000","colorName":"Black","x":0,"y":202,"rotation":0,"flipx":1,"flipy":1,"height":14,"itemID":16},{"productid":"125","name":"Inscription (Traditional Engraved)","type":"Inscription","part":"Headstone","side":"Front","price":3.85,"quantity":28,"label":"A husband, a father, and a friend,","font":"22.08555961754781px Garamond","font_size":18,"font_family":"Garamond","color":"#000000","colorName":"Black","x":0,"y":219,"rotation":0,"flipx":1,"flipy":1,"height":15,"itemID":17},{"productid":"125","name":"Inscription (Traditional Engraved)","type":"Inscription","part":"Headstone","side":"Front","price":3.85,"quantity":25,"label":"To the next life we do now send.","font":"22.08555961754781px Garamond","font_size":18,"font_family":"Garamond","color":"#000000","colorName":"Black","x":0,"y":238,"rotation":0,"flipx":1,"flipy":1,"height":14,"itemID":18},{"productid":"125","name":"Inscription (Traditional Engraved)","type":"Inscription","part":"Headstone","side":"Front","price":16.5,"quantity":20,"label":"Father of Polarography","font":"83.4343363329584px Garamond","font_size":68,"font_family":"Garamond","color":"#000000","colorName":"Black","x":1,"y":305,"rotation":0,"flipx":1,"flipy":1,"height":68,"itemID":19},{"productid":"125","name":"Inscription (Traditional Engraved)","type":"Inscription","part":"Headstone","side":"Front","price":3.85,"quantity":21,"label":"\"NOSITEL NOBELOVY CENY\"","font":"56.440874578177734px Garamond","font_size":46,"font_family":"Garamond","color":"#000000","colorName":"Black","x":0,"y":-31,"rotation":0,"flipx":1,"flipy":1,"height":33,"itemID":8}]