[{"productid":124,"type":"Headstone","corner":2,"hole":3,"shape":"Serpentine","color":"#000000","fixed":0,"texture":"src/granites/forever2/l/G654.jpg","name":"Traditional Engraved Headstone","price":1137.93,"quantity":1,"width":609.5999999999999,"height":457.19999999999936,"_length":80,"init_width":1680,"init_height":847,"device":"desktop","dpr":1,"orientation":"landscape","version":"1.45","version_date":20241015,"mode":"2d","navigator":"Chrome (desktop), 1920x1080"},{"productid":"125","name":"Inscription (Traditional Engraved)","type":"Inscription","part":"Headstone","side":"Front","price":7.4,"quantity":5,"label":"MOORE","font":"102.95718503937009px Garamond","font_size":76,"font_family":"Garamond","color":"#eeeeee","colorName":"Silver Gilding","x":9,"y":-112,"rotation":0,"flipx":1,"flipy":1,"height":52,"itemID":1},{"productid":"125","name":"Inscription (Traditional Engraved)","type":"Inscription","part":"Headstone","side":"Front","price":7.4,"quantity":7,"label":"LARRY  L.","font":"78.57258858267717px Garamond","font_size":58,"font_family":"Garamond","color":"#eeeeee","colorName":"Silver Gilding","x":12,"y":-217,"rotation":0,"flipx":1,"flipy":1,"height":41,"itemID":2},{"productid":126,"name":"Motif (Traditional Engraved)","type":"Motif","part":"Headstone","side":"Front","src":"2_121_21","item":"2_121_21","price":236.7995,"quantity":1,"color":"#eeeeee","colorName":"Silver Gilding","colorName2":"undefined","x":333,"y":-149,"flipx":"1","flipy":"1","rotation":0,"height":90,"ratio":0.09868421052631579,"itemID":4},{"productid":"125","name":"Inscription (Traditional Engraved)","type":"Inscription","part":"Headstone","side":"Front","price":4.1,"quantity":11,"label":"Loving Uncle","font":"33.86749507874016px Adorable","font_size":25,"font_family":"Adorable","color":"#eeeeee","colorName":"Silver Gilding","x":-165,"y":269,"rotation":0,"flipx":1,"flipy":1,"height":24,"itemID":5},{"productid":7,"id":7,"uid":1736434389361,"path":"../upload/2025/01/","name":"Ceramic Image","type":"Photo","item":"1736434389361jayhawk2_cropped.jpg","color":0,"mask":1,"x":-312,"y":-146,"flipx":1,"flipy":1,"rotation":0,"ratio":0.3195046705541525,"shape_url":"shapes/photos/rectangle_vertical.svg","part":"Headstone","side":"Front","src":"jayhawk2.jpg","price":310,"quantity":1,"size":"80 x 100 mm","itemID":6},{"productid":"125","name":"Inscription (Traditional Engraved)","type":"Inscription","part":"Headstone","side":"Front","price":4.1,"quantity":15,"label":"True Blue Forever","font":"39.286294291338585px Adorable","font_size":29,"font_family":"Adorable","color":"#eeeeee","colorName":"Silver Gilding","x":118,"y":267,"rotation":0,"flipx":1,"flipy":1,"height":24,"itemID":7},{"productid":126,"name":"Motif (Traditional Engraved)","type":"Motif","part":"Headstone","side":"Front","src":"dove_002","item":"dove_002","price":225.48718,"quantity":1,"color":"#eeeeee","colorName":"Silver Gilding","colorName2":"undefined","x":234,"y":-29,"flipx":"1","flipy":"1","rotation":0,"height":44,"ratio":0.07899461400359066,"itemID":8},{"productid":"125","name":"Inscription (Traditional Engraved)","type":"Inscription","part":"Headstone","side":"Front","price":4.1,"quantity":24,"label":"Beloved Son of Don and Jeanne","font":"32.512795275590555px Adorable","font_size":24,"font_family":"Adorable","color":"#eeeeee","colorName":"Silver Gilding","x":-1,"y":167,"rotation":0,"flipx":1,"flipy":1,"height":24,"itemID":9},{"productid":126,"name":"Motif (Traditional Engraved)","type":"Motif","part":"Headstone","side":"Front","src":"2_147_20","item":"2_147_20","price":225.73309999999998,"quantity":1,"color":"#eeeeee","colorName":"Silver Gilding","colorName2":"undefined","x":-216,"y":-24,"flipx":"1","flipy":"1","rotation":0,"height":45,"ratio":0.13761467889908258,"itemID":10},{"productid":"125","name":"Inscription (Traditional Engraved)","type":"Inscription","part":"Headstone","side":"Front","price":4.1,"quantity":38,"label":"Faithful Brother of Linda, Mary, Don and Mark","font":"33.86749507874016px Adorable","font_size":25,"font_family":"Adorable","color":"#eeeeee","colorName":"Silver Gilding","x":0,"y":220,"rotation":0,"flipx":1,"flipy":1,"height":24,"itemID":11},{"productid":126,"name":"Motif (Traditional Engraved)","type":"Motif","part":"Headstone","side":"Front","src":"cross_005","item":"cross_005","price":223.227065,"quantity":1,"color":"#ffffff","colorName":"White","colorName2":"undefined","x":7,"y":69,"flipx":"1","flipy":"1","rotation":0,"height":78,"ratio":0.3305084745762712,"itemID":12},{"productid":"125","name":"Inscription (Traditional Engraved)","type":"Inscription","part":"Headstone","side":"Front","price":4.1,"quantity":19,"label":"3/25/1955 ― 1/11/2025","font":"40.64099409448819px Garamond","font_size":30,"font_family":"Garamond","color":"#eeeeee","colorName":"Silver Gilding","x":10,"y":-26,"rotation":0,"flipx":1,"flipy":1,"height":22,"itemID":3}]