[{"productid":124,"type":"Headstone","shape":"Serpentine","color":"#000000","fixed":0,"texture":"src/granites/forever2/l/African-Black.jpg","name":"Traditional Engraved Headstone","price":1484.66,"quantity":1,"width":609.5999999999999,"height":609.5999999999999,"_length":80,"init_width":1680,"init_height":855,"device":"desktop","dpr":1,"orientation":"landscape","version":"1.45","version_date":20241015,"mode":"2d","navigator":"Chrome (desktop), 1920x1080"},{"productid":124,"type":"Base","name":"Rectangle","shape":"Rectangle","color":"#000000","fixed":0,"texture":"src/granites/forever2/l/African-Black.jpg","price":593,"quantity":1,"width":709.5999999999999,"height":101.6,"_length":250,"init_width":1680,"init_height":855,"mode":"2d"},{"productid":2300,"id":2300,"uid":1736036801210,"path":"../upload/2025/01/","name":"Vitreous Enamel","type":"Photo","item":"1736036801210headstone_angels_cropped.jpg","color":0,"mask":0,"x":241,"y":94,"flipx":1,"flipy":1,"rotation":-1,"ratio":0.4929555023495894,"shape_url":"shapes/photos/oval_vertical.svg","part":"Headstone","side":"Front","src":"Headstone angels.jpg","price":490,"quantity":1,"size":"130 x 180 mm","itemID":9},{"productid":2300,"id":2300,"uid":1736037548538,"path":"../upload/2025/01/","name":"Vitreous Enamel","type":"Photo","item":"1736037548538cardinal_on_branch_cropp.jpg","color":0,"mask":3,"x":-255,"y":87,"flipx":1,"flipy":1,"rotation":0,"ratio":0.3012505847691936,"shape_url":"shapes/photos/rectangle_horizontal.svg","part":"Headstone","side":"Front","src":"Cardinal on branch.png","price":450,"quantity":1,"size":"110 x 150 mm","itemID":11},{"productid":2300,"id":2300,"uid":1736037753298,"path":"../upload/2025/01/","name":"Vitreous Enamel","type":"Photo","item":"1736037753298rosary_cross_cropped.jpg","color":0,"mask":0,"x":-25,"y":-233,"flipx":1,"flipy":1,"rotation":-3,"ratio":0.4929555023495894,"shape_url":"shapes/photos/oval_vertical.svg","part":"Headstone","side":"Front","src":"rosary cross.jpg","price":490,"quantity":1,"size":"130 x 180 mm","itemID":12},{"productid":"125","name":"Inscription (Traditional Engraved)","type":"Inscription","part":"Headstone","side":"Front","price":4.1,"quantity":17,"label":"DONNA MARIE BROSNAN","font":"55.090516029246345px Garamond","font_size":47,"font_family":"Garamond","color":"#eeeeee","colorName":"Silver Gilding","x":3,"y":-76,"rotation":0,"flipx":1,"flipy":1,"height":33,"itemID":1},{"productid":"125","name":"Inscription (Traditional Engraved)","type":"Inscription","part":"Headstone","side":"Front","price":4.1,"quantity":10,"label":"(NEE BROCK)","font":"39.85271372328459px Garamond","font_size":34,"font_family":"Garamond","color":"#eeeeee","colorName":"Silver Gilding","x":-7,"y":-30,"rotation":0,"flipx":1,"flipy":1,"height":32,"itemID":2},{"productid":"125","name":"Inscription (Traditional Engraved)","type":"Inscription","part":"Headstone","side":"Front","price":3.85,"quantity":9,"label":"1946 - 2024","font":"53.91837739032621px Garamond","font_size":46,"font_family":"Garamond","color":"#ffffff","colorName":"White","x":-19,"y":74,"rotation":0,"flipx":1,"flipy":1,"height":32,"itemID":5},{"productid":"125","name":"Inscription (Traditional Engraved)","type":"Inscription","part":"Headstone","side":"Front","price":3.85,"quantity":48,"label":"BELOVED MOTHER, GRANDMOTHER, DAUGHTER, SISTER, FRIEND","font":"21.09849550056243px Garamond","font_size":18,"font_family":"Garamond","color":"#ffffff","colorName":"White","x":2,"y":333.99999999999994,"rotation":0,"flipx":1,"flipy":1,"height":15,"itemID":6},{"productid":"125","name":"Inscription (Traditional Engraved)","type":"Inscription","part":"Headstone","side":"Front","price":3.85,"quantity":45,"label":"I HAVE FOUGHT THE GOOD FIGHT, I HAVE FINISHED THE RACE,","font":"21.09849550056243px Garamond","font_size":18,"font_family":"Garamond","color":"#ffffff","colorName":"White","x":4,"y":227.99999999999994,"rotation":0,"flipx":1,"flipy":1,"height":15,"itemID":7},{"productid":"125","name":"Inscription (Traditional Engraved)","type":"Inscription","part":"Headstone","side":"Front","price":3.85,"quantity":29,"label":"I HAVE KEPT THE FAITH - 2 TIMOTHY 4:7","font":"23.4427727784027px Garamond","font_size":20,"font_family":"Garamond","color":"#ffffff","colorName":"White","x":11,"y":250.99999999999994,"rotation":0,"flipx":1,"flipy":1,"height":15,"itemID":8}]