[{"productid":4,"type":"Headstone","shape":"Left Wave","color":"#000000","fixed":0,"texture":"src/granites/forever2/l/18.jpg","name":"Laser Etched Black Granite Headstone","price":2565.95,"quantity":1,"width":609.5999999999999,"height":609.5999999999999,"_length":80,"init_width":320,"init_height":393,"device":"mobile","dpr":2,"orientation":"portrait","version":"1.45","version_date":20241015,"mode":"2d","navigator":"Safari (mobile(ios)), 320x568"},{"productid":4,"type":"Base","name":"Rectangle","shape":"Rectangle","color":"#000000","fixed":0,"texture":"src/granites/forever2/l/18.jpg","price":848,"quantity":1,"width":709.5999999999999,"height":101.6,"_length":250,"init_width":320,"init_height":393,"mode":"2d"},{"productid":7,"id":7,"uid":1736708599505,"path":"../upload/2025/01/","name":"Ceramic Image","type":"Photo","item":"1736708599505img_4463_cropped.jpg","color":0,"mask":0,"x":-210,"y":-152.68051948051948,"flipx":1,"flipy":1,"rotation":0,"ratio":0.6325728160883444,"shape_url":"shapes/photos/oval_vertical.svg","part":"Headstone","side":"Front","src":"IMG_4463.jpeg","price":350,"quantity":1,"size":"110 x 150 mm","itemID":11},{"productid":"16","name":"Black Granite Inscription (free)","type":"Inscription","part":"Headstone","side":"Front","price":0,"quantity":16,"label":"Richard Jon Palmer","font":"52.33907480314961px French Script","font_size":63,"font_family":"French Script","color":"#ffffff","colorName":"White","x":6,"y":-33.22826440147809,"rotation":0,"flipx":1,"flipy":1,"height":61,"itemID":1},{"productid":"16","name":"Black Granite Inscription (free)","type":"Inscription","part":"Headstone","side":"Front","price":0,"quantity":16,"label":"In Loving Memory Of","font":"52.33907480314961px French Script","font_size":63,"font_family":"French Script","color":"#ffffff","colorName":"White","x":10,"y":-84.33823368851645,"rotation":0,"flipx":1,"flipy":1,"height":60,"itemID":2},{"productid":"16","name":"Black Granite Inscription (free)","type":"Inscription","part":"Headstone","side":"Front","price":0,"quantity":21,"label":"29/10/1980 - 05/05/2020","font":"29.077263779527563px French Script","font_size":35,"font_family":"French Script","color":"#ffffff","colorName":"White","x":10,"y":5.837582292718279,"rotation":0,"flipx":1,"flipy":1,"height":26,"itemID":3},{"productid":"16","name":"Black Granite Inscription (free)","type":"Inscription","part":"Headstone","side":"Front","price":0,"quantity":14,"label":"Adored Father Of","font":"59.81608548931384px French Script","font_size":72,"font_family":"French Script","color":"#ffffff","colorName":"White","x":0,"y":47.29327527841471,"rotation":0,"flipx":1,"flipy":1,"height":71,"itemID":4},{"productid":"16","name":"Black Granite Inscription (free)","type":"Inscription","part":"Headstone","side":"Front","price":0,"quantity":10,"label":"Rikki-Lee,","font":"49.015958942632174px French Script","font_size":59,"font_family":"French Script","color":"#ffffff","colorName":"White","x":-142,"y":95.33153849530122,"rotation":0,"flipx":1,"flipy":1,"height":46,"itemID":5},{"productid":"16","name":"Black Granite Inscription (free)","type":"Inscription","part":"Headstone","side":"Front","price":0,"quantity":9,"label":"Lou-Anne,","font":"54.831411698537686px French Script","font_size":66,"font_family":"French Script","color":"#ffffff","colorName":"White","x":30,"y":97.69291726967244,"rotation":0,"flipx":1,"flipy":1,"height":52,"itemID":6},{"productid":"16","name":"Black Granite Inscription (free)","type":"Inscription","part":"Headstone","side":"Front","price":0,"quantity":7,"label":"Jazara,","font":"54.00063273340833px French Script","font_size":65,"font_family":"French Script","color":"#ffffff","colorName":"White","x":178,"y":96.78934300012341,"rotation":0,"flipx":1,"flipy":1,"height":64,"itemID":7},{"productid":"16","name":"Black Granite Inscription (free)","type":"Inscription","part":"Headstone","side":"Front","price":0,"quantity":5,"label":"Jett,","font":"61.47764341957256px French Script","font_size":74,"font_family":"French Script","color":"#ffffff","colorName":"White","x":-168,"y":143.45137353022747,"rotation":0,"flipx":1,"flipy":1,"height":70,"itemID":8},{"productid":"16","name":"Black Granite Inscription (free)","type":"Inscription","part":"Headstone","side":"Front","price":0,"quantity":7,"label":"Duwahn &","font":"60.6468644544432px French Script","font_size":73,"font_family":"French Script","color":"#ffffff","colorName":"White","x":-14,"y":146.73161286451437,"rotation":0,"flipx":1,"flipy":1,"height":51,"itemID":9},{"productid":"16","name":"Black Granite Inscription (free)","type":"Inscription","part":"Headstone","side":"Front","price":0,"quantity":5,"label":"Danik","font":"60.6468644544432px French Script","font_size":73,"font_family":"French Script","color":"#ffffff","colorName":"White","x":160,"y":145.02612691716777,"rotation":0,"flipx":1,"flipy":1,"height":51,"itemID":10},{"productid":"16","name":"Black Granite Inscription (free)","type":"Inscription","part":"Base","side":"Front","price":0,"quantity":20,"label":"“Forever In Our Hearts”","font":"60.6468644544432px French Script","font_size":73,"font_family":"French Script","color":"#ffffff","colorName":"White","x":2,"y":245.49395623071135,"rotation":0,"flipx":1,"flipy":1,"height":51,"itemID":12}]