[{"productid":4,"type":"Headstone","shape":"Serpentine","color":"#000000","fixed":0,"texture":"src/granites/forever2/l/18.jpg","name":"Laser Etched Black Granite Headstone","price":3224.35,"quantity":1,"width":755.6500000000004,"height":609.5999999999999,"_length":80,"init_width":1296,"init_height":631,"device":"desktop","dpr":1.25,"orientation":"landscape","version":"1.45","version_date":20241015,"mode":"2d","navigator":"Chrome (desktop), 1536x864"},{"productid":4,"type":"Base","name":"Rectangle","shape":"Square","color":"#000000","fixed":0,"texture":"src/granites/forever2/l/18.jpg","price":674,"quantity":1,"width":755.6500000000004,"height":101.6,"_length":250,"init_width":1296,"init_height":631,"mode":"2d"},{"productid":21,"id":21,"uid":1737858461364,"path":"../upload/2025/01/","name":"Laser-etched Image","type":"Photo","item":"173785846136420250116_230527_cropped.jpg","color":1,"mask":2,"x":-6,"y":15.737644661668128,"flipx":1,"flipy":1,"rotation":0,"ratio":0.6896018541830305,"shape_url":"shapes/photos/oval_horizontal.svg","part":"Headstone","side":"Front","src":"20250116_230527.jpg","price":0,"quantity":1,"size":"244","width":"265","height":"218","itemID":4},{"productid":"16","name":"Black Granite Inscription (free)","type":"Inscription","part":"Headstone","side":"Front","price":0,"quantity":9,"label":"Hotchkiss","font":"93.77454722046292px Garamond","font_size":105,"font_family":"Garamond","color":"#ffffff","colorName":"White","x":-5,"y":-163.42857142857136,"rotation":0,"flipx":1,"flipy":1,"height":75,"itemID":7},{"productid":"16","name":"Black Granite Inscription (free)","type":"Inscription","part":"Headstone","side":"Front","price":0,"quantity":11,"label":"July 27, 1955","font":"44.65454629545854px Dobkin","font_size":50,"font_family":"Dobkin","color":"#ffffff","colorName":"White","x":-215.25,"y":127.21085645034549,"rotation":0,"flipx":1,"flipy":1,"height":49,"itemID":2},{"productid":"16","name":"Black Granite Inscription (free)","type":"Inscription","part":"Headstone","side":"Front","price":0,"quantity":7,"label":"Brenda A","font":"44.65454629545854px Dobkin","font_size":50,"font_family":"Dobkin","color":"#ffffff","colorName":"White","x":219.25,"y":65.77938180026365,"rotation":0,"flipx":1,"flipy":1,"height":37,"itemID":1},{"productid":"16","name":"Black Granite Inscription (free)","type":"Inscription","part":"Headstone","side":"Front","price":0,"quantity":7,"label":"Stuart W","font":"44.65454629545854px Dobkin","font_size":50,"font_family":"Dobkin","color":"#ffffff","colorName":"White","x":-238.5,"y":60.65991023984867,"rotation":0,"flipx":1,"flipy":1,"height":38,"itemID":6},{"productid":"16","name":"Black Granite Inscription (free)","type":"Inscription","part":"Headstone","side":"Front","price":0,"quantity":14,"label":"October 26, 1964","font":"38.40290981409434px Dobkin","font_size":43,"font_family":"Dobkin","color":"#ffffff","colorName":"White","x":204.75,"y":128.5838937793817,"rotation":0,"flipx":1,"flipy":1,"height":36,"itemID":3},{"productid":"16","name":"Black Granite Inscription (free)","type":"Inscription","part":"Headstone","side":"Front","price":0,"quantity":14,"label":"January 15, 2025","font":"36.616727962276px Dobkin","font_size":41,"font_family":"Dobkin","color":"#ffffff","colorName":"White","x":-212.25,"y":182.64672588528265,"rotation":0,"flipx":1,"flipy":1,"height":40,"itemID":5},{"productid":"16","name":"Black Granite Inscription (free)","type":"Inscription","part":"Headstone","side":"Front","price":0,"quantity":15,"label":"Everlasting Love","font":"44.65454629545854px Dobkin","font_size":50,"font_family":"Dobkin","color":"#ffffff","colorName":"White","x":-6.5,"y":236.21047024197935,"rotation":0,"flipx":1,"flipy":1,"height":49,"itemID":8}]