[{"productid":4,"type":"Headstone","shape":"Left Wave","color":"#000000","fixed":0,"texture":"src/granites/forever2/l/18.jpg","name":"Laser Etched Black Granite Headstone","price":2422.82,"quantity":1,"width":577.85,"height":609.5999999999999,"_length":80,"init_width":1126,"init_height":577,"device":"desktop","dpr":1,"orientation":"landscape","version":"1.45","version_date":20241015,"mode":"2d","navigator":"Chrome (desktop), 1366x768"},{"productid":"16","name":"Black Granite Inscription (free)","type":"Inscription","part":"Headstone","side":"Front","price":0,"quantity":22,"label":"William Robert Hone Manga","font":"47.065821850393704px Chopin Script","font_size":51,"font_family":"Chopin Script","color":"#ffffff","colorName":"White","x":5.201406100178828,"y":-100.80216959008749,"rotation":0,"flipx":1,"flipy":1,"height":60,"itemID":1},{"productid":"16","name":"Black Granite Inscription (free)","type":"Inscription","part":"Headstone","side":"Front","price":0,"quantity":28,"label":"\"Willy\"   09.05.1926 - 01.12.2023","font":"27.68577755905512px Chopin Script","font_size":30,"font_family":"Chopin Script","color":"#ffffff","colorName":"White","x":-5.5766271512038985,"y":-64.04806433767406,"rotation":0,"flipx":1,"flipy":1,"height":29,"itemID":2},{"productid":"16","name":"Black Granite Inscription (free)","type":"Inscription","part":"Headstone","side":"Front","price":0,"quantity":28,"label":"Born of Mick Bebich & Lucy Heiwari","font":"23.994340551181104px Adorable","font_size":26,"font_family":"Adorable","color":"#ffffff","colorName":"White","x":-6.466819950829631,"y":17.711445006752,"rotation":0,"flipx":1,"flipy":1,"height":25,"itemID":3},{"productid":"16","name":"Black Granite Inscription (free)","type":"Inscription","part":"Headstone","side":"Front","price":0,"quantity":27,"label":"Tama Whangai Hone & Miraka Manga","font":"23.994340551181104px Adorable","font_size":26,"font_family":"Adorable","color":"#ffffff","colorName":"White","x":-9.35961393625098,"y":-19.948979679336105,"rotation":0,"flipx":1,"flipy":1,"height":25,"itemID":4},{"productid":"16","name":"Black Granite Inscription (free)","type":"Inscription","part":"Headstone","side":"Front","price":0,"quantity":30,"label":"Loved Father to     Rocky, Rikki, Edna,","font":"23.994340551181104px Adorable","font_size":26,"font_family":"Adorable","color":"#ffffff","colorName":"White","x":-6.574025965408228,"y":62.05211209382043,"rotation":0,"flipx":1,"flipy":1,"height":25,"itemID":5},{"productid":"16","name":"Black Granite Inscription (free)","type":"Inscription","part":"Headstone","side":"Front","price":0,"quantity":35,"label":"John, Donna,Tania, Miriam, Dean, Aaron,","font":"23.994340551181104px Adorable","font_size":26,"font_family":"Adorable","color":"#ffffff","colorName":"White","x":-2.2092096575658413,"y":88.26103256684881,"rotation":0,"flipx":1,"flipy":1,"height":23,"itemID":6},{"productid":"16","name":"Black Granite Inscription (free)","type":"Inscription","part":"Headstone","side":"Front","price":0,"quantity":24,"label":"Leah, Corrie & many Mokopuna","font":"23.994340551181104px Adorable","font_size":26,"font_family":"Adorable","color":"#ffffff","colorName":"White","x":-2.2092096575658413,"y":113.4360813676833,"rotation":0,"flipx":1,"flipy":1,"height":25,"itemID":7},{"productid":"16","name":"Black Granite Inscription (free)","type":"Inscription","part":"Headstone","side":"Front","price":0,"quantity":30,"label":"Married  to Mereana Kathleen Simeom","font":"29.531496062992126px Adorable","font_size":32,"font_family":"Adorable","color":"#ffffff","colorName":"White","x":-3.1530054644808745,"y":143.61570188341844,"rotation":0,"flipx":1,"flipy":1,"height":30,"itemID":8},{"productid":"16","name":"Black Granite Inscription (free)","type":"Inscription","part":"Headstone","side":"Front","price":0,"quantity":15,"label":"a good natured man","font":"22.148622047244096px Lucida Calligraphy","font_size":24,"font_family":"Lucida Calligraphy","color":"#ffffff","colorName":"White","x":-3.3138144863487615,"y":192.6225625748022,"rotation":0,"flipx":1,"flipy":1,"height":28,"itemID":9},{"productid":"16","name":"Black Granite Inscription (free)","type":"Inscription","part":"Headstone","side":"Front","price":0,"quantity":22,"label":"\"you&apos;re as old as you feel\"","font":"27.68577755905512px Lucida Calligraphy","font_size":30,"font_family":"Lucida Calligraphy","color":"#ffffff","colorName":"White","x":-6.574025965408228,"y":222.2998775006004,"rotation":0,"flipx":1,"flipy":1,"height":36,"itemID":10}]