[{"productid":4,"type":"Headstone","shape":"Serpentine","color":"#000000","fixed":0,"texture":"src/granites/forever2/l/18.jpg","name":"Laser Etched Black Granite Headstone","price":2565.95,"quantity":1,"width":609.5999999999999,"height":609.5999999999999,"_length":80,"init_width":393,"init_height":603,"device":"mobile","dpr":3,"orientation":"portrait","version":"1.45","version_date":20241015,"mode":"2d","navigator":"Safari (mobile(ios)), 393x852"},{"productid":21,"id":21,"uid":1739552405616,"path":"../upload/2025/02/","name":"Laser-etched Image","type":"Photo","item":"1739552405616img_115257_0_cropped.jpg","color":1,"mask":1,"x":-459,"y":-319.2352941176471,"flipx":1,"flipy":1,"rotation":0,"ratio":0.8616791925222923,"shape_url":"shapes/photos/rectangle_vertical.svg","part":"Headstone","side":"Front","src":"IMG_115257_0.png","price":0,"quantity":1,"size":138,"width":"183","height":"260","itemID":3},{"productid":21,"id":21,"uid":1739552405616,"name":"Laser-etched Image","type":"Photo","item":"1739552405616img_115257_0_cropped.jpg","color":1,"mask":1,"x":473.675988814726,"y":-319.2352941176471,"flipx":-1,"flipy":1,"rotation":0,"ratio":0.8616791925222923,"shape_url":"shapes/photos/rectangle_vertical.svg","part":"Headstone","side":"Front","src":"IMG_115257_0.png","price":0,"quantity":1,"size":138,"width":"183","height":"260","itemID":4},{"productid":21,"id":21,"uid":1739552792084,"path":"../upload/2025/02/","name":"Laser-etched Image","type":"Photo","item":"1739552792084img_1665_cropped.jpg","color":1,"mask":1,"x":24,"y":-397.9210084033614,"flipx":1,"flipy":1,"rotation":0,"ratio":1.0739769645930022,"shape_url":"shapes/photos/rectangle_vertical.svg","part":"Headstone","side":"Front","src":"IMG_1665.jpeg","price":80,"quantity":1,"size":172,"width":"184","height":"324","itemID":5},{"productid":"16","name":"Black Granite Inscription (free)","type":"Inscription","part":"Headstone","side":"Front","price":0,"quantity":6,"label":"IVEZAJ","font":"211.1988188976378px Garamond","font_size":112,"font_family":"Garamond","color":"#ffffff","colorName":"White","x":9,"y":-153.39703740715277,"rotation":0,"flipx":1,"flipy":1,"height":100,"itemID":2},{"productid":21,"id":21,"uid":1739554118898,"path":"../upload/2025/02/","name":"Laser-etched Image","type":"Photo","item":"1739554118898img_1670_cropped.jpg","color":1,"mask":3,"x":12,"y":138,"flipx":1,"flipy":1,"rotation":0,"ratio":1.4236438832977003,"shape_url":"shapes/photos/rectangle_vertical.svg","part":"Headstone","side":"Front","src":"IMG_1670.png","price":80,"quantity":1,"size":228,"width":"434","height":"430","itemID":6},{"productid":21,"id":21,"uid":1739554923236,"path":"../upload/2025/02/","name":"Laser-etched Image","type":"Photo","item":"1739554923236img_1674_cropped.jpg","color":1,"mask":3,"x":6,"y":459,"flipx":1,"flipy":1,"rotation":0,"ratio":0.6056730556134953,"shape_url":"shapes/photos/rectangle_horizontal.svg","part":"Headstone","side":"Front","src":"IMG_1674.png","price":80,"quantity":1,"size":97,"width":"435","height":"183","itemID":8},{"productid":"16","name":"Black Granite Inscription (free)","type":"Inscription","part":"Headstone","side":"Front","price":0,"quantity":11,"label":"Aug. 26 1964 -","font":"41.48548228346457px Lucida Calligraphy","font_size":22,"font_family":"Lucida Calligraphy","color":"#ffffff","colorName":"White","x":-396,"y":312,"rotation":0,"flipx":1,"flipy":1,"height":24,"itemID":11},{"productid":"16","name":"Black Granite Inscription (free)","type":"Inscription","part":"Headstone","side":"Front","price":0,"quantity":9,"label":"NUA IVEZAJ","font":"47.14259350393701px Lucida Calligraphy","font_size":25,"font_family":"Lucida Calligraphy","color":"#ffffff","colorName":"White","x":-378,"y":81,"rotation":0,"flipx":1,"flipy":1,"height":26,"itemID":10},{"productid":"16","name":"Black Granite Inscription (free)","type":"Inscription","part":"Headstone","side":"Front","price":0,"quantity":10,"label":"LIZE IVEZAJ","font":"47.14259350393701px Lucida Calligraphy","font_size":25,"font_family":"Lucida Calligraphy","color":"#ffffff","colorName":"White","x":369.5,"y":80,"rotation":0,"flipx":1,"flipy":1,"height":26,"itemID":9},{"productid":"16","name":"Black Granite Inscription (free)","type":"Inscription","part":"Headstone","side":"Front","price":0,"quantity":15,"label":"Till We Meet Again","font":"33.942667322834644px Great Vibes","font_size":18,"font_family":"Great Vibes","color":"#ffffff","colorName":"White","x":9,"y":507,"rotation":0,"flipx":1,"flipy":1,"height":21,"itemID":7},{"productid":"16","name":"Black Granite Inscription (free)","type":"Inscription","part":"Headstone","side":"Front","price":0,"quantity":9,"label":"and Father","font":"58.45681594488189px Great Vibes","font_size":31,"font_family":"Great Vibes","color":"#ffffff","colorName":"White","x":-369,"y":245,"rotation":0,"flipx":1,"flipy":1,"height":28,"itemID":13},{"productid":"16","name":"Black Granite Inscription (free)","type":"Inscription","part":"Headstone","side":"Front","price":0,"quantity":14,"label":"Beloved Husband","font":"56.57111220472441px Great Vibes","font_size":30,"font_family":"Great Vibes","color":"#ffffff","colorName":"White","x":-372,"y":183,"rotation":0,"flipx":1,"flipy":1,"height":30,"itemID":12},{"productid":"16","name":"Black Granite Inscription (free)","type":"Inscription","part":"Headstone","side":"Front","price":0,"quantity":11,"label":"Beloved Wife","font":"56.57111220472441px Great Vibes","font_size":30,"font_family":"Great Vibes","color":"#ffffff","colorName":"White","x":366,"y":173,"rotation":0,"flipx":1,"flipy":1,"height":35,"itemID":14},{"productid":"16","name":"Black Granite Inscription (free)","type":"Inscription","part":"Headstone","side":"Front","price":0,"quantity":9,"label":"and Mother","font":"58.45681594488189px Great Vibes","font_size":31,"font_family":"Great Vibes","color":"#ffffff","colorName":"White","x":366,"y":236,"rotation":0,"flipx":1,"flipy":1,"height":29,"itemID":15},{"productid":"16","name":"Black Granite Inscription (free)","type":"Inscription","part":"Headstone","side":"Front","price":0,"quantity":11,"label":"May. 31 1971 -","font":"41.48548228346457px Lucida Calligraphy","font_size":22,"font_family":"Lucida Calligraphy","color":"#ffffff","colorName":"White","x":363,"y":309,"rotation":0,"flipx":1,"flipy":1,"height":24,"itemID":16},{"productid":"16","name":"Black Granite Inscription (free)","type":"Inscription","part":"Headstone","side":"Front","price":0,"quantity":11,"label":"Sept. 10 2024","font":"41.48548228346457px Lucida Calligraphy","font_size":22,"font_family":"Lucida Calligraphy","color":"#ffffff","colorName":"White","x":357,"y":363,"rotation":0,"flipx":1,"flipy":1,"height":24,"itemID":17}]