[{"productid":4,"type":"Headstone","shape":"Serpentine","color":"#000000","fixed":0,"texture":"src/granites/forever2/l/18.jpg","name":"Laser Etched Black Granite Headstone","price":5743.42,"quantity":1,"width":850.9,"height":1073.15,"_length":100,"init_width":428,"init_height":689,"device":"mobile","dpr":3,"orientation":"portrait","version":"1.45","version_date":20250220,"mode":"2d","navigator":"Safari (mobile(ios)), 428x926"},{"productid":4,"type":"Base","name":"Rectangle","shape":"Rectangle","color":"#000000","fixed":0,"texture":"src/granites/forever2/l/18.jpg","price":773,"quantity":1,"width":950.9,"height":101.6,"_length":250,"init_width":428,"init_height":689,"mode":"2d"},{"productid":"16","name":"Black Granite Inscription (free)","type":"Inscription","part":"Headstone","side":"Front","price":0,"quantity":10,"label":"In Memory of","font":"136.40621408810387px Garamond","font_size":128,"font_family":"Garamond","color":"#ffffff","colorName":"White","x":9,"y":-324.29585798816566,"rotation":0,"flipx":1,"flipy":1,"height":128,"itemID":1},{"productid":"16","name":"Black Granite Inscription (free)","type":"Inscription","part":"Headstone","side":"Front","price":0,"quantity":19,"label":"Track Crew And Pullers","font":"95.91061928069803px Garamond","font_size":90,"font_family":"Garamond","color":"#ffffff","colorName":"White","x":-3,"y":-120.52071005917159,"rotation":0,"flipx":1,"flipy":1,"height":67,"itemID":2},{"productid":"16","name":"Black Granite Inscription (free)","type":"Inscription","part":"Headstone","side":"Front","price":0,"quantity":15,"label":"Who Made This 360’","font":"95.91061928069803px Garamond","font_size":90,"font_family":"Garamond","color":"#ffffff","colorName":"White","x":-30,"y":-36.47337278106509,"rotation":0,"flipx":1,"flipy":1,"height":68,"itemID":3},{"productid":"16","name":"Black Granite Inscription (free)","type":"Inscription","part":"Headstone","side":"Front","price":0,"quantity":18,"label":"Of Paved Clay Highway","font":"85.25388380506492px Garamond","font_size":80,"font_family":"Garamond","color":"#ffffff","colorName":"White","x":-9,"y":39.64497041420118,"rotation":0,"flipx":1,"flipy":1,"height":81,"itemID":4},{"productid":"16","name":"Black Granite Inscription (free)","type":"Inscription","part":"Headstone","side":"Front","price":0,"quantity":21,"label":"Possible With Countless","font":"93.77927218557141px Garamond","font_size":88,"font_family":"Garamond","color":"#ffffff","colorName":"White","x":-3,"y":122.89940828402366,"rotation":0,"flipx":1,"flipy":1,"height":65,"itemID":5},{"productid":"16","name":"Black Granite Inscription (free)","type":"Inscription","part":"Headstone","side":"Front","price":0,"quantity":18,"label":"Hours And Great Pride","font":"98.04196637582466px Garamond","font_size":92,"font_family":"Garamond","color":"#ffffff","colorName":"White","x":-6,"y":206.15384615384613,"rotation":0,"flipx":1,"flipy":1,"height":68,"itemID":6}]