[{"productid":4,"type":"Headstone","shape":"Headstone 11","color":"#000000","fixed":4,"texture":"src/granites/forever2/l/18.jpg","name":"Laser Etched Black Granite Headstone","price":2175.56,"quantity":1,"width":523,"height":609.5999999999999,"_length":80,"init_width":1128,"init_height":693,"device":"desktop","dpr":2,"orientation":"landscape","version":"1.45","version_date":20250220,"mode":"2d","navigator":"Chrome (desktop), 1368x912"},{"productid":4,"type":"Base","name":"Rectangle","flower_pot_holes":true,"base_flower_pots":4,"shape":"Rectangle","color":"#000000","fixed":0,"texture":"src/granites/forever2/l/18.jpg","price":592,"quantity":1,"width":615,"height":100,"_length":250,"init_width":1128,"init_height":693,"mode":"2d"},{"productid":2300,"id":2300,"uid":1740779325032,"path":"../upload/2025/02/","name":"Vitreous Enamel","type":"Photo","item":"174077932503210854261_759884774080653.jpg","color":0,"mask":0,"x":0,"y":0,"flipx":1,"flipy":1,"rotation":-4,"ratio":0.9878642511590734,"shape_url":"shapes/photos/oval_vertical.svg","part":"Headstone","side":"Front","src":"10854261_759884774080653_1134555831573217474_isabella k daughter.jpg","price":490,"quantity":1,"size":"130 x 180 mm","itemID":1},{"productid":"71","name":"Black Granite Motif (free)","type":"Motif","part":"Headstone","side":"Front","src":"clover_001","item":"clover_001","price":0,"quantity":1,"color":"#ffffff","colorName":"White","x":0,"y":0,"flipx":1,"flipy":1,"rotation":0,"height":40,"ratio":0.11299435028248588,"itemID":2}]