[{"productid":4,"type":"Headstone","shape":"Serpentine","color":"#000000","fixed":0,"texture":"src/granites/forever2/l/18.jpg","name":"Laser Etched Black Granite Headstone","price":2565.95,"quantity":1,"width":609.5999999999999,"height":609.5999999999999,"_length":80,"init_width":347,"init_height":574.0060272216797,"device":"mobile","dpr":2.075000047683716,"orientation":"portrait","version":"1.45","version_date":20250220,"mode":"2d","navigator":"Chrome (mobile(android)), 347x772"},{"productid":4,"type":"Base","name":"Rectangle","flower_pot_holes":true,"base_flower_pots":3,"shape":"Rectangle","color":"#000000","fixed":0,"texture":"src/granites/forever2/l/18.jpg","price":848,"quantity":1,"width":709.5999999999999,"height":101.6,"_length":250,"init_width":347,"init_height":574.0060272216797,"mode":"2d"},{"productid":21,"id":21,"uid":1740278242484,"path":"../upload/2025/02/","name":"Laser-etched Image","type":"Photo","item":"1740278242484fb_img_1683434085719_cro.jpg","color":1,"mask":0,"x":-166.76484835820335,"y":21.758464629407598,"flipx":1,"flipy":1,"rotation":0,"ratio":1.189316490336217,"shape_url":"shapes/photos/oval_vertical.svg","part":"Headstone","side":"Front","src":"FB_IMG_1683434085719.jpg","price":0,"quantity":1,"size":347,"width":"240","height":"343","itemID":3},{"productid":"71","name":"Black Granite Motif (free)","type":"Motif","part":"Headstone","side":"Front","src":"2_154_05","item":"2_154_05","price":0,"quantity":1,"color":"#ffffff","colorName":"White","x":114.83803661945967,"y":76.31023900329114,"flipx":1,"flipy":1,"rotation":0,"height":41,"ratio":0.17446808510638298,"itemID":9},{"productid":"71","name":"Black Granite Motif (free)","type":"Motif","part":"Headstone","side":"Front","src":"1_169_04","item":"1_169_04","price":0,"quantity":1,"color":"#ffffff","colorName":"White","x":-60.91409339450297,"y":238.16286343208998,"flipx":1,"flipy":1,"rotation":1,"height":101,"ratio":0.12242424242424242,"itemID":13},{"productid":"16","name":"Black Granite Inscription (free)","type":"Inscription","part":"Headstone","side":"Front","price":0,"quantity":16,"label":"In Loving Memory Of","font":"50.342019049159525px Chopin Script","font_size":51,"font_family":"Chopin Script","color":"#ffffff","colorName":"White","x":9.985942382766154,"y":-218.9070533391582,"rotation":0,"flipx":1,"flipy":1,"height":57,"itemID":1},{"productid":"16","name":"Black Granite Inscription (free)","type":"Inscription","part":"Headstone","side":"Front","price":0,"quantity":17,"label":"Jacqueline Delores","font":"40.47103492187334px Adorable","font_size":41,"font_family":"Adorable","color":"#ffffff","colorName":"White","x":108.8464244893824,"y":-135.42512552692034,"rotation":0,"flipx":1,"flipy":1,"height":42,"itemID":4},{"productid":"16","name":"Black Granite Inscription (free)","type":"Inscription","part":"Headstone","side":"Front","price":0,"quantity":6,"label":"Weaden","font":"64.16139682736018px Adorable","font_size":65,"font_family":"Adorable","color":"#ffffff","colorName":"White","x":112.84084181064645,"y":-79.89562673132879,"rotation":0,"flipx":1,"flipy":1,"height":51,"itemID":5},{"productid":"16","name":"Black Granite Inscription (free)","type":"Inscription","part":"Headstone","side":"Front","price":0,"quantity":4,"label":"Jack","font":"64.16139682736018px Chopin Script","font_size":65,"font_family":"Chopin Script","color":"#ffffff","colorName":"White","x":-190.7309327735615,"y":235.3517202165566,"rotation":0,"flipx":1,"flipy":1,"height":58,"itemID":6},{"productid":"16","name":"Black Granite Inscription (free)","type":"Inscription","part":"Headstone","side":"Front","price":0,"quantity":15,"label":"September 8, 1948","font":"33.56134603277302px Adorable","font_size":34,"font_family":"Adorable","color":"#ffffff","colorName":"White","x":139.8028134231248,"y":16.235706337505913,"rotation":0,"flipx":1,"flipy":1,"height":35,"itemID":7},{"productid":"16","name":"Black Granite Inscription (free)","type":"Inscription","part":"Headstone","side":"Front","price":0,"quantity":9,"label":"May 2, 2023","font":"30.600050794587162px Adorable","font_size":31,"font_family":"Adorable","color":"#ffffff","colorName":"White","x":119.83092865759244,"y":131.8604032407273,"rotation":0,"flipx":1,"flipy":1,"height":27,"itemID":8},{"productid":"16","name":"Black Granite Inscription (free)","type":"Inscription","part":"Base","side":"Front","price":0,"quantity":18,"label":"For Ever In Our Hearts","font":"55.277511112802614px Adorable","font_size":56,"font_family":"Adorable","color":"#ffffff","colorName":"White","x":8.987313317059431,"y":365.9376226199846,"rotation":0,"flipx":1,"flipy":1,"height":45,"itemID":10},{"productid":"16","name":"Black Granite Inscription (free)","type":"Inscription","part":"Headstone","side":"Front","price":0,"quantity":19,"label":"Beloved Wife, Mother,","font":"33.56134603277302px Garamond","font_size":34,"font_family":"Garamond","color":"#ffffff","colorName":"White","x":139.8028134231248,"y":228.4348333311563,"rotation":0,"flipx":1,"flipy":1,"height":29,"itemID":11},{"productid":"16","name":"Black Granite Inscription (free)","type":"Inscription","part":"Headstone","side":"Front","price":0,"quantity":11,"label":"Granny, Nana","font":"31.58714920731578px Garamond","font_size":32,"font_family":"Garamond","color":"#ffffff","colorName":"White","x":129.81693436295882,"y":262.48582298020796,"rotation":0,"flipx":1,"flipy":1,"height":30,"itemID":12}]