[{"productid":4,"type":"Headstone","shape":"Serpentine","color":"#000000","fixed":0,"texture":"src/granites/forever2/l/18.jpg","name":"Laser Etched Black Granite Headstone","price":3968.62,"quantity":1,"width":920.75,"height":609.5999999999999,"_length":80,"init_width":784,"init_height":611,"device":"desktop","dpr":2,"orientation":"landscape","version":"1.45","version_date":20250220,"mode":"2d","navigator":"Safari (desktop), 768x1024"},{"productid":4,"type":"Base","name":"Rectangle","flower_pot_holes":true,"base_flower_pots":2,"shape":"Rectangle","color":"#000000","fixed":0,"texture":"src/granites/forever2/l/18.jpg","price":1007,"quantity":1,"width":1020.75,"height":101.6,"_length":250,"init_width":784,"init_height":611,"mode":"2d"},{"productid":21,"id":21,"uid":1741554218741,"path":"../upload/2025/03/","name":"Laser-etched Image","type":"Photo","item":"17415542187418e77ea83107943baa437634c.jpg","color":1,"mask":1,"x":661.6747404844291,"y":-421.59738134206225,"flipx":1,"flipy":1,"rotation":0,"ratio":1.0613315540715336,"shape_url":"shapes/photos/rectangle_vertical.svg","part":"Headstone","side":"Front","src":"8E77EA83-1079-43BA-A437-634CFA52E87E.jpeg","price":0,"quantity":1,"size":286,"width":"321","height":"325","itemID":1},{"productid":"71","name":"Black Granite Motif (free)","type":"Motif","part":"Headstone","side":"Front","src":"1_006_09","item":"1_006_09","price":0,"quantity":1,"color":"#ffffff","colorName":"White","x":-93.45616072604491,"y":-579.7210497132495,"flipx":1,"flipy":1,"rotation":0,"height":73,"ratio":0.33181818181818185,"itemID":5},{"productid":21,"id":21,"uid":1741556306806,"path":"../upload/2025/03/","name":"Laser-etched Image","type":"Photo","item":"1741556306806ff29f1c587b64d6480d794a5.jpg","color":1,"mask":1,"x":-4,"y":-28,"flipx":1,"flipy":1,"rotation":0,"ratio":0.5306657770357668,"shape_url":"shapes/photos/rectangle_horizontal.svg","part":"Headstone","side":"Front","src":"FF29F1C5-87B6-4D64-80D7-94A5FDC4236C.jpeg","price":0,"quantity":1,"size":143,"width":"151","height":"162","itemID":14},{"productid":"71","name":"Black Granite Motif (free)","type":"Motif","part":"Headstone","side":"Front","src":"1_006_03","item":"1_006_03","price":0,"quantity":1,"color":"#ffffff","colorName":"White","x":-487.60931981178385,"y":-391.3842885881052,"flipx":-1,"flipy":-1,"rotation":0,"height":118,"ratio":0.24481327800829875,"itemID":15},{"productid":"71","name":"Black Granite Motif (free)","type":"Motif","part":"Headstone","side":"Front","src":"1_006_03","item":"1_006_03","price":0,"quantity":1,"color":"#ffffff","colorName":"White","x":617.3602445954705,"y":132,"flipx":1,"flipy":-1,"rotation":0,"height":118,"ratio":0.24481327800829875,"itemID":16},{"productid":"71","name":"Black Granite Motif (free)","type":"Motif","part":"Headstone","side":"Front","src":"1_155_17","item":"1_155_17","price":0,"quantity":1,"color":"#ffffff","colorName":"White","x":-238,"y":-433.9999999999999,"flipx":1,"flipy":1,"rotation":0,"height":141,"ratio":0.2706333973128599,"itemID":18},{"productid":"71","name":"Black Granite Motif (free)","type":"Motif","part":"Headstone","side":"Front","src":"2_131_22","item":"2_131_22","price":0,"quantity":1,"color":"#ffffff","colorName":"White","x":-668,"y":92,"flipx":1,"flipy":1,"rotation":47,"height":235,"ratio":0.255157437567861,"itemID":20},{"productid":"71","name":"Black Granite Motif (free)","type":"Motif","part":"Headstone","side":"Front","src":"1_006_13","item":"1_006_13","price":0,"quantity":1,"color":"#ffffff","colorName":"White","x":-610,"y":-210,"flipx":-1,"flipy":-1,"rotation":0,"height":130,"ratio":0.19461077844311378,"itemID":21},{"productid":"71","name":"Black Granite Motif (free)","type":"Motif","part":"Headstone","side":"Front","src":"1_006_09","item":"1_006_09","price":0,"quantity":1,"color":"#ffffff","colorName":"White","x":67.1418685121107,"y":-451.42716857610475,"flipx":1,"flipy":1,"rotation":0,"height":92,"ratio":0.41818181818181815,"itemID":22},{"productid":"71","name":"Black Granite Motif (free)","type":"Motif","part":"Headstone","side":"Front","src":"1_006_11","item":"1_006_11","price":0,"quantity":1,"color":"#ffffff","colorName":"White","x":400,"y":-446,"flipx":1,"flipy":1,"rotation":0,"height":115,"ratio":0.3194444444444444,"itemID":23},{"productid":"71","name":"Black Granite Motif (free)","type":"Motif","part":"Headstone","side":"Front","src":"2_131_22","item":"2_131_22","price":0,"quantity":1,"color":"#ffffff","colorName":"White","x":651.4323968674179,"y":-102,"flipx":-1,"flipy":-1,"rotation":70,"height":229,"ratio":0.248642779587405,"itemID":24},{"productid":"16","name":"Black Granite Inscription (free)","type":"Inscription","part":"Headstone","side":"Front","price":0,"quantity":4,"label":"HUNT","font":"157.84152559747764px Garamond","font_size":139,"font_family":"Garamond","color":"#ffffff","colorName":"White","x":11.979238754325252,"y":-190.62520458265124,"rotation":0,"flipx":1,"flipy":1,"height":100,"itemID":7},{"productid":"16","name":"Black Granite Inscription (free)","type":"Inscription","part":"Base","side":"Front","price":0,"quantity":10,"label":"GARY EDWARD","font":"39.7442690353361px Garamond","font_size":35,"font_family":"Garamond","color":"#ffffff","colorName":"White","x":-416,"y":510,"rotation":0,"flipx":1,"flipy":1,"height":26,"itemID":8},{"productid":"16","name":"Black Granite Inscription (free)","type":"Inscription","part":"Base","side":"Front","price":0,"quantity":10,"label":"12/31/1951","font":"39.7442690353361px Garamond","font_size":35,"font_family":"Garamond","color":"#ffffff","colorName":"White","x":-388,"y":561,"rotation":0,"flipx":1,"flipy":1,"height":26,"itemID":9},{"productid":"16","name":"Black Granite Inscription (free)","type":"Inscription","part":"Base","side":"Front","price":0,"quantity":10,"label":"12/09/2023","font":"38.608718491469354px Garamond","font_size":34,"font_family":"Garamond","color":"#ffffff","colorName":"White","x":-372,"y":610,"rotation":0,"flipx":1,"flipy":1,"height":26,"itemID":10},{"productid":"16","name":"Black Granite Inscription (free)","type":"Inscription","part":"Base","side":"Front","price":0,"quantity":13,"label":"SANDRA MARLENA","font":"42.01537012306959px Garamond","font_size":37,"font_family":"Garamond","color":"#ffffff","colorName":"White","x":594,"y":557,"rotation":0,"flipx":1,"flipy":1,"height":26,"itemID":11},{"productid":"16","name":"Black Granite Inscription (free)","type":"Inscription","part":"Base","side":"Front","price":0,"quantity":10,"label":"12/01/1049","font":"38.608718491469354px Garamond","font_size":34,"font_family":"Garamond","color":"#ffffff","colorName":"White","x":512,"y":614.0000000000001,"rotation":0,"flipx":1,"flipy":1,"height":26,"itemID":12},{"productid":"16","name":"Black Granite Inscription (free)","type":"Inscription","part":"Headstone","side":"Front","price":0,"quantity":11,"label":"JAN. 16, 1983","font":"51.09977447400355px Garamond","font_size":45,"font_family":"Garamond","color":"#ffffff","colorName":"White","x":8,"y":85.00000000000011,"rotation":0,"flipx":1,"flipy":1,"height":41,"itemID":13},{"productid":"71","name":"Black Granite Motif (free)","type":"Motif","part":"Headstone","side":"Front","src":"1_147_16","item":"1_147_16","price":0,"quantity":1,"color":"#ffffff","colorName":"White","x":-362,"y":218,"flipx":1,"flipy":1,"rotation":0,"height":140,"ratio":0.25492700729927004,"itemID":25},{"productid":21,"id":21,"uid":1741558269937,"path":"../upload/2025/03/","name":"Laser-etched Image","type":"Photo","item":"1741558269937591caee12bec461a91c62d61.jpg","color":1,"mask":3,"x":354,"y":228,"flipx":1,"flipy":1,"rotation":0,"ratio":0.5677752719333728,"shape_url":"shapes/photos/rectangle_vertical.svg","part":"Headstone","side":"Front","src":"591CAEE1-2BEC-461A-91C6-2D617B196792.jpeg","price":80,"quantity":1,"size":153,"width":"280","height":"174","itemID":26}]