[{"productid":4,"type":"Headstone","corner":2,"hole":3,"shape":"Cropped Peak","color":"#000000","fixed":0,"texture":"src/granites/forever2/l/18.jpg","name":"Laser Etched Black Granite Headstone","price":2565.95,"quantity":1,"width":609.5999999999999,"height":609.5999999999999,"_length":80,"init_width":384,"init_height":673,"device":"mobile","dpr":2.8125,"orientation":"portrait","version":"1.45","version_date":20250220,"mode":"2d","navigator":"Chrome (mobile(android)), 384x857"},{"productid":21,"id":21,"uid":1742200369887,"path":"../upload/2025/03/","name":"Laser-etched Image","type":"Photo","item":"17422003698871000000049_cropped.jpg","color":1,"mask":1,"x":-7,"y":12,"flipx":1,"flipy":1,"rotation":0,"ratio":1.0097636627023998,"shape_url":"shapes/photos/rectangle_vertical.svg","part":"Headstone","side":"Front","src":"1000000049.jpg","price":0,"quantity":1,"size":"197","width":"243","height":"340","itemID":1},{"productid":71,"name":"Black Granite Motif (free)","type":"Motif","part":"Headstone","side":"Front","src":"1_008_30","item":"1_008_30","price":0,"quantity":1,"color":"#ffffff","colorName":"White","colorName2":"undefined","x":-4,"y":-482,"flipx":"1","flipy":"1","rotation":0,"height":54,"ratio":0.18243243243243243,"itemID":2},{"productid":71,"name":"Black Granite Motif (free)","type":"Motif","part":"Headstone","side":"Front","src":"1_011_07","item":"1_011_07","price":0,"quantity":1,"color":"#ffffff","colorName":"White","colorName2":"undefined","x":444,"y":376,"flipx":"-1","flipy":"1","rotation":0,"height":169,"ratio":0.22993197278911565,"itemID":3},{"productid":71,"name":"Black Granite Motif (free)","type":"Motif","part":"Headstone","side":"Front","src":"1_011_07","item":"1_011_07","price":0,"quantity":1,"color":"#ffffff","colorName":"White","colorName2":"undefined","x":-441,"y":377,"flipx":"1","flipy":"1","rotation":0,"height":169,"ratio":0.22993197278911565,"itemID":4},{"productid":71,"name":"Black Granite Motif (free)","type":"Motif","part":"Headstone","side":"Front","src":"1_011_07","item":"1_011_07","price":0,"quantity":1,"color":"#ffffff","colorName":"White","colorName2":"undefined","x":605,"y":379,"flipx":"-1","flipy":"1","rotation":0,"height":169,"ratio":0.22993197278911565,"itemID":5},{"productid":"16","name":"Black Granite Inscription (free)","type":"Inscription","part":"Headstone","side":"Front","price":0,"quantity":6,"label":"PETERS","font":"202.10137795275594px Garamond","font_size":117,"font_family":"Garamond","color":"#ffffff","colorName":"White","x":-8,"y":-343,"rotation":0,"flipx":1,"flipy":1,"height":84,"itemID":6},{"productid":"16","name":"Black Granite Inscription (free)","type":"Inscription","part":"Headstone","side":"Front","price":0,"quantity":12,"label":"Kevin Stanley","font":"98.45964566929135px Chopin Script","font_size":57,"font_family":"Chopin Script","color":"#ffffff","colorName":"White","x":-7,"y":-213,"rotation":0,"flipx":1,"flipy":1,"height":60,"itemID":7},{"productid":"16","name":"Black Granite Inscription (free)","type":"Inscription","part":"Headstone","side":"Front","price":0,"quantity":11,"label":"Rest in Peace","font":"77.73129921259844px Chopin Script","font_size":45,"font_family":"Chopin Script","color":"#ffffff","colorName":"White","x":-12,"y":490,"rotation":0,"flipx":1,"flipy":1,"height":34,"itemID":8},{"productid":"16","name":"Black Granite Inscription (free)","type":"Inscription","part":"Headstone","side":"Front","price":0,"quantity":9,"label":"1966 - 2015","font":"124.3700787401575px Chopin Script","font_size":72,"font_family":"Chopin Script","color":"#ffffff","colorName":"White","x":-6,"y":380,"rotation":0,"flipx":1,"flipy":1,"height":49,"itemID":9},{"productid":"16","name":"Black Granite Inscription (free)","type":"Inscription","part":"Headstone","side":"Front","price":0,"quantity":4,"label":"Kevo","font":"112.27854330708664px Arial","font_size":65,"font_family":"Arial","color":"#ffffff","colorName":"White","x":-9.012701034545898,"y":261.0008318193952,"rotation":0,"flipx":1,"flipy":1,"height":47,"itemID":10}]