[{"productid":124,"type":"Headstone","shape":"Serpentine","color":"#000000","fixed":0,"texture":"src/granites/forever2/l/Blue-Pearl.jpg","name":"Traditional Engraved Headstone","price":1484.66,"quantity":1,"width":609.5999999999999,"height":609.5999999999999,"_length":80,"init_width":1955,"init_height":1002,"device":"desktop","dpr":1.75,"orientation":"landscape","version":"1.45","version_date":20250220,"mode":"2d","navigator":"Chrome (desktop), 2195x1235"},{"productid":7,"id":7,"uid":1742793879412,"path":"../upload/2025/03/","name":"Ceramic Image","type":"Photo","item":"1742793879412james_j_seedsman_main_la.jpg","color":0,"mask":0,"x":-452,"y":-140,"flipx":1,"flipy":1,"rotation":-2,"ratio":0.5597933070866143,"shape_url":"shapes/photos/oval_vertical.svg","part":"Headstone","side":"Front","src":"James J Seedsman Main larger grey background.jpg","price":310,"quantity":1,"size":"80 x 100 mm","itemID":12},{"productid":126,"name":"Motif (Traditional Engraved)","type":"Motif","part":"Headstone","side":"Front","src":"1_177_12","item":"1_177_12","price":236.06174,"quantity":1,"color":"#c99d44","colorName":"Gold Gilding","colorName2":"undefined","x":-16,"y":-154,"flipx":"1","flipy":"1","rotation":0,"height":87,"ratio":0.09304812834224599,"itemID":13},{"productid":"125","name":"Inscription (Traditional Engraved)","type":"Inscription","part":"Headstone","side":"Front","price":4.1,"quantity":13,"label":"8.9.34 - 1.2.25","font":"92.55062746062994px Garamond","font_size":33,"font_family":"Garamond","color":"#c99d44","colorName":"Gold Gilding","x":-440.74731228350083,"y":411.5049910856392,"rotation":0,"flipx":1,"flipy":1,"height":22,"itemID":1},{"productid":"125","name":"Inscription (Traditional Engraved)","type":"Inscription","part":"Headstone","side":"Front","price":18.7,"quantity":8,"label":"SEEDSMAN","font":"272.04275344488195px Garamond","font_size":97,"font_family":"Garamond","color":"#c99d44","colorName":"Gold Gilding","x":6,"y":-422,"rotation":0,"flipx":1,"flipy":1,"height":68,"itemID":2},{"productid":"125","name":"Inscription (Traditional Engraved)","type":"Inscription","part":"Headstone","side":"Front","price":7.4,"quantity":7,"label":"Memry Of","font":"89.746062992126px Great Vibes","font_size":32,"font_family":"Great Vibes","color":"#c99d44","colorName":"Gold Gilding","x":180,"y":-650,"rotation":8,"flipx":1,"flipy":1,"height":37,"itemID":3},{"productid":"125","name":"Inscription (Traditional Engraved)","type":"Inscription","part":"Headstone","side":"Front","price":7.4,"quantity":8,"label":"In loving","font":"95.35519192913388px Great Vibes","font_size":34,"font_family":"Great Vibes","color":"#c99d44","colorName":"Gold Gilding","x":-212,"y":-649,"rotation":-11,"flipx":1,"flipy":1,"height":39,"itemID":4},{"productid":"125","name":"Inscription (Traditional Engraved)","type":"Inscription","part":"Headstone","side":"Front","price":7.4,"quantity":5,"label":"James","font":"201.9286417322835px Garamond","font_size":72,"font_family":"Garamond","color":"#c99d44","colorName":"Gold Gilding","x":-441,"y":81,"rotation":0,"flipx":1,"flipy":1,"height":62,"itemID":5},{"productid":"125","name":"Inscription (Traditional Engraved)","type":"Inscription","part":"Headstone","side":"Front","price":4.1,"quantity":6,"label":"Louise","font":"140.2282234251969px Garamond","font_size":50,"font_family":"Garamond","color":"#c99d44","colorName":"Gold Gilding","x":421.25012798650005,"y":271.4950089143606,"rotation":0,"flipx":1,"flipy":1,"height":34,"itemID":8},{"productid":"125","name":"Inscription (Traditional Engraved)","type":"Inscription","part":"Headstone","side":"Front","price":4.1,"quantity":7,"label":"9.7.35 -","font":"89.746062992126px Garamond","font_size":32,"font_family":"Garamond","color":"#c99d44","colorName":"Gold Gilding","x":257.00921502799724,"y":418.2445098057967,"rotation":0,"flipx":1,"flipy":1,"height":21,"itemID":9},{"productid":"125","name":"Inscription (Traditional Engraved)","type":"Inscription","part":"Headstone","side":"Front","price":4.1,"quantity":25,"label":"\"Your Love Guides Us Forward\"","font":"84.13693405511812px Lucida Calligraphy","font_size":30,"font_family":"Lucida Calligraphy","color":"#c99d44","colorName":"Gold Gilding","x":-4,"y":741,"rotation":0,"flipx":1,"flipy":1,"height":32,"itemID":10},{"productid":"125","name":"Inscription (Traditional Engraved)","type":"Inscription","part":"Headstone","side":"Front","price":4.1,"quantity":10,"label":"In Gods Care","font":"84.13693405511812px Lucida Calligraphy","font_size":30,"font_family":"Lucida Calligraphy","color":"#c99d44","colorName":"Gold Gilding","x":24,"y":611,"rotation":0,"flipx":1,"flipy":1,"height":32,"itemID":11},{"productid":2300,"id":2300,"uid":1742962078751,"path":"../upload/2025/03/","name":"Vitreous Enamel","type":"Photo","item":"1742962078751glor_xmas_23_light_grey_.jpg","color":0,"mask":0,"x":433.96825934800927,"y":-131.21256685770504,"flipx":1,"flipy":1,"rotation":0,"ratio":0.5597933070866143,"shape_url":"shapes/photos/oval_vertical.svg","part":"Headstone","side":"Front","src":"Glor Xmas 23 light grey brighter eyes .jpg","price":350,"quantity":1,"size":"80 x 100 mm","itemID":14},{"productid":"125","name":"Inscription (Traditional Engraved)","type":"Inscription","part":"Headstone","side":"Front","price":7.4,"quantity":6,"label":"Gloria","font":"185.10125492125988px Garamond","font_size":66,"font_family":"Garamond","color":"#c99d44","colorName":"Gold Gilding","x":392.00102389199947,"y":125.99600713148857,"rotation":0,"flipx":1,"flipy":1,"height":47,"itemID":7},{"productid":"125","name":"Inscription (Traditional Engraved)","type":"Inscription","part":"Headstone","side":"Front","price":7.4,"quantity":6,"label":"Joseph","font":"140.2282234251969px Garamond","font_size":50,"font_family":"Garamond","color":"#c99d44","colorName":"Gold Gilding","x":-433.75191979749957,"y":260.75349375994756,"rotation":0,"flipx":1,"flipy":1,"height":50,"itemID":6}]