[{"productid":4,"type":"Headstone","shape":"Square","color":"#000000","fixed":0,"texture":"src/granites/forever2/l/18.jpg","name":"Laser Etched Black Granite Headstone","price":1634.16,"quantity":1,"width":609.5999999999999,"height":304.79999999999995,"_length":80,"init_width":1040,"init_height":568,"device":"desktop","dpr":1.5,"orientation":"landscape","version":"1.45","version_date":20250220,"mode":"2d","navigator":"Chrome (desktop), 1280x720"},{"productid":"16","name":"Black Granite Inscription (free)","type":"Inscription","part":"Headstone","side":"Front","price":0,"quantity":18,"label":"Alabaster Juju Jacks","font":"43.60629921259843px Lucida Calligraphy","font_size":32,"font_family":"Lucida Calligraphy","color":"#ffffff","colorName":"White","x":-15,"y":-159,"rotation":0,"flipx":1,"flipy":1,"height":38,"itemID":1},{"productid":"16","name":"Black Granite Inscription (free)","type":"Inscription","part":"Headstone","side":"Front","price":0,"quantity":14,"label":"9/9/70 - 5/11/18","font":"35.43011811023622px Lucida Calligraphy","font_size":26,"font_family":"Lucida Calligraphy","color":"#ffffff","colorName":"White","x":-16,"y":115,"rotation":0,"flipx":1,"flipy":1,"height":26,"itemID":2},{"productid":21,"id":21,"uid":1742229593838,"path":"../upload/2025/03/","name":"Laser-etched Image","type":"Photo","item":"1742229593838alabaster_cropped.jpg","color":1,"mask":2,"x":-12,"y":-24,"flipx":1,"flipy":1,"rotation":0,"ratio":0.7485236220472442,"shape_url":"shapes/photos/oval_horizontal.svg","part":"Headstone","side":"Front","src":"Alabaster.jpeg","price":0,"quantity":1,"size":"156","width":"303","height":"213","itemID":4},{"productid":"16","name":"Black Granite Inscription (free)","type":"Inscription","part":"Headstone","side":"Front","price":0,"quantity":18,"label":"...but not forgotten","font":"27.25393700787402px Lucida Calligraphy","font_size":20,"font_family":"Lucida Calligraphy","color":"#ffffff","colorName":"White","x":-12,"y":175.5,"rotation":0,"flipx":1,"flipy":1,"height":23,"itemID":5}]