[{"productid":4,"type":"Headstone","shape":"Serpentine","color":"#000000","fixed":0,"texture":"src/granites/forever2/l/18.jpg","name":"Laser Etched Black Granite Headstone","price":4169,"quantity":1,"width":787.4000000000004,"height":787.4000000000005,"_length":90,"init_width":1680,"init_height":855,"device":"desktop","dpr":1,"orientation":"landscape","version":"1.45","version_date":20250220,"mode":"2d","navigator":"Chrome (desktop), 1920x1080"},{"productid":4,"type":"Base","name":"Rectangle","shape":"Square","color":"#000000","fixed":0,"texture":"src/granites/forever2/l/18.jpg","price":1021,"quantity":1,"width":889.0000000000009,"height":112.69999999999999,"_length":250,"init_width":1680,"init_height":855,"mode":"2d"},{"productid":"16","name":"Black Granite Inscription (free)","type":"Inscription","part":"Headstone","side":"Front","price":0,"quantity":9,"label":"OCT 1, 1948","font":"20.375236084879443px Franklin Gothic","font_size":22,"font_family":"Franklin Gothic","color":"#ffffff","colorName":"White","x":-289,"y":335.99999999999994,"rotation":0,"flipx":1,"flipy":1,"height":18,"itemID":2},{"productid":"16","name":"Black Granite Inscription (free)","type":"Inscription","part":"Base","side":"Front","price":0,"quantity":39,"label":"\"WE LOVE YOU DAD & MAY YOUR LEGACY LIVE FOREVER\"","font":"22.227530274413937px Franklin Gothic","font_size":24,"font_family":"Franklin Gothic","color":"#ffffff","colorName":"White","x":1,"y":405.99999999999994,"rotation":0,"flipx":1,"flipy":1,"height":16,"itemID":3},{"productid":"16","name":"Black Granite Inscription (free)","type":"Inscription","part":"Headstone","side":"Front","price":0,"quantity":10,"label":"OCT 22, 2024","font":"18.52294189534495px Franklin Gothic","font_size":20,"font_family":"Franklin Gothic","color":"#ffffff","colorName":"White","x":292,"y":339,"rotation":0,"flipx":1,"flipy":1,"height":17,"itemID":4},{"productid":"16","name":"Black Granite Inscription (free)","type":"Inscription","part":"Headstone","side":"Front","price":0,"quantity":54,"label":"DEVOTED FATHER TO ALL HIS CHILDREN: COLLEGE, VAAURU, ANGELINE,","font":"20.375236084879443px Franklin Gothic","font_size":22,"font_family":"Franklin Gothic","color":"#ffffff","colorName":"White","x":2,"y":17,"rotation":0,"flipx":1,"flipy":1,"height":18,"itemID":7},{"productid":71,"name":"Black Granite Motif (free)","type":"Motif","part":"Headstone","side":"Front","src":"2_113_15","item":"2_113_15","price":0,"quantity":1,"color":"#ffffff","colorName":"White","colorName2":"undefined","x":271,"y":-115,"flipx":"1","flipy":"1","rotation":0,"height":244,"ratio":0.32663989290495316,"itemID":10},{"productid":71,"name":"Black Granite Motif (free)","type":"Motif","part":"Headstone","side":"Front","src":"flowerrose_03","item":"flowerrose_03","price":0,"quantity":1,"color":"#ffffff","colorName":"White","colorName2":"undefined","x":158,"y":-192,"flipx":-1,"flipy":1,"rotation":0,"height":64,"ratio":0.0886426592797784,"itemID":14},{"productid":71,"name":"Black Granite Motif (free)","type":"Motif","part":"Headstone","side":"Front","src":"flowerrose_03","item":"flowerrose_03","price":0,"quantity":1,"color":"#ffffff","colorName":"White","colorName2":"undefined","x":-130.14862060546875,"y":-194.2195281982422,"flipx":"1","flipy":1,"rotation":0,"height":64,"ratio":0.0886426592797784,"itemID":15},{"productid":71,"name":"Black Granite Motif (free)","type":"Motif","part":"Headstone","side":"Front","src":"flowerrose_03","item":"flowerrose_03","price":0,"quantity":1,"color":"#ffffff","colorName":"White","colorName2":"undefined","x":316,"y":406.99999999999994,"flipx":1,"flipy":1,"rotation":0,"height":60,"ratio":0.08310249307479224,"itemID":17},{"productid":"16","name":"Black Granite Inscription (free)","type":"Inscription","part":"Headstone","side":"Front","price":0,"quantity":20,"label":"\"FAMILIES ARE FOREVER\"","font":"38.89817798022439px Franklin Gothic","font_size":42,"font_family":"Franklin Gothic","color":"#ffffff","colorName":"White","x":3,"y":336,"rotation":0,"flipx":1,"flipy":1,"height":28,"itemID":18},{"productid":"16","name":"Black Granite Inscription (free)","type":"Inscription","part":"Headstone","side":"Front","price":0,"quantity":18,"label":"VAAURU TARUIA MITIAU","font":"67.60873791800907px Franklin Gothic","font_size":73,"font_family":"Franklin Gothic","color":"#ffffff","colorName":"White","x":5,"y":-258,"rotation":0,"flipx":1,"flipy":1,"height":50,"itemID":19},{"productid":"16","name":"Black Granite Inscription (free)","type":"Inscription","part":"Headstone","side":"Front","price":0,"quantity":57,"label":"SPORTSMAN & ABOVE ALL, A DEDICATED AND FAITHFUL SERVANT OF THE LORD&apos;","font":"18.52294189534495px Franklin Gothic","font_size":20,"font_family":"Franklin Gothic","color":"#ffffff","colorName":"White","x":0,"y":191.99999999999994,"rotation":0,"flipx":1,"flipy":1,"height":17,"itemID":20},{"productid":71,"name":"Black Granite Motif (free)","type":"Motif","part":"Headstone","side":"Front","src":"fullflower_005","item":"fullflower_005","price":0,"quantity":1,"color":"#ffffff","colorName":"White","colorName2":"undefined","x":295,"y":267,"flipx":"1","flipy":"-1","rotation":0,"height":40,"ratio":0.09685230024213075,"itemID":21},{"productid":71,"name":"Black Granite Motif (free)","type":"Motif","part":"Headstone","side":"Front","src":"fullflower_005","item":"fullflower_005","price":0,"quantity":1,"color":"#ffffff","colorName":"White","colorName2":"undefined","x":336,"y":279,"flipx":"1","flipy":"-1","rotation":0,"height":40,"ratio":0.09685230024213075,"itemID":22},{"productid":71,"name":"Black Granite Motif (free)","type":"Motif","part":"Headstone","side":"Front","src":"fullflower_005","item":"fullflower_005","price":0,"quantity":1,"color":"#ffffff","colorName":"White","colorName2":"undefined","x":337,"y":28,"flipx":"-1","flipy":"-1","rotation":0,"height":40,"ratio":0.09685230024213075,"itemID":23},{"productid":71,"name":"Black Granite Motif (free)","type":"Motif","part":"Headstone","side":"Front","src":"fullflower_005","item":"fullflower_005","price":0,"quantity":1,"color":"#ffffff","colorName":"White","colorName2":"undefined","x":-329,"y":280.99999999999994,"flipx":-1,"flipy":-1,"rotation":0,"height":40,"ratio":0.09685230024213075,"itemID":24},{"productid":71,"name":"Black Granite Motif (free)","type":"Motif","part":"Headstone","side":"Front","src":"fullflower_005","item":"fullflower_005","price":0,"quantity":1,"color":"#ffffff","colorName":"White","colorName2":"undefined","x":-339,"y":29,"flipx":"1","flipy":"-1","rotation":0,"height":40,"ratio":0.09685230024213075,"itemID":25},{"productid":"16","name":"Black Granite Inscription (free)","type":"Inscription","part":"Headstone","side":"Front","price":0,"quantity":64,"label":"&apos;JACK OF ALL TRADES, AN INSPIRING TEACHER, A TALENTED SINGER, A COMPETITIVE","font":"18.52294189534495px Franklin Gothic","font_size":20,"font_family":"Franklin Gothic","color":"#ffffff","colorName":"White","x":0,"y":166.99999999999994,"rotation":0,"flipx":1,"flipy":1,"height":17,"itemID":26},{"productid":"16","name":"Black Granite Inscription (free)","type":"Inscription","part":"Headstone","side":"Front","price":0,"quantity":56,"label":"CHILDREN & FOR GENERATIONS TO COME. MUCH LOVED GRAND SON, BROTHER,","font":"19.449088990112195px Franklin Gothic","font_size":21,"font_family":"Franklin Gothic","color":"#ffffff","colorName":"White","x":5,"y":99,"rotation":0,"flipx":1,"flipy":1,"height":17,"itemID":28},{"productid":71,"name":"Black Granite Motif (free)","type":"Motif","part":"Headstone","side":"Front","src":"fullflower_005","item":"fullflower_005","price":0,"quantity":1,"color":"#ffffff","colorName":"White","colorName2":"undefined","x":-338,"y":238.99999999999994,"flipx":"1","flipy":1,"rotation":0,"height":40,"ratio":0.09685230024213075,"itemID":29},{"productid":71,"name":"Black Granite Motif (free)","type":"Motif","part":"Headstone","side":"Front","src":"fullflower_005","item":"fullflower_005","price":0,"quantity":1,"color":"#ffffff","colorName":"White","colorName2":"undefined","x":339,"y":132.99999999999994,"flipx":"1","flipy":"-1","rotation":0,"height":40,"ratio":0.09685230024213075,"itemID":30},{"productid":"16","name":"Black Granite Inscription (free)","type":"Inscription","part":"Headstone","side":"Front","price":0,"quantity":34,"label":"& TARUIA RAU DEAN & MITIAU PUNARII TUNUTU","font":"24.079824463948434px Franklin Gothic","font_size":26,"font_family":"Franklin Gothic","color":"#ffffff","colorName":"White","x":2,"y":262.99999999999994,"rotation":0,"flipx":1,"flipy":1,"height":17,"itemID":32},{"productid":71,"name":"Black Granite Motif (free)","type":"Motif","part":"Headstone","side":"Front","src":"flowerrose_03","item":"flowerrose_03","price":0,"quantity":1,"color":"#ffffff","colorName":"White","colorName2":"undefined","x":-309,"y":406.99999999999994,"flipx":-1,"flipy":1,"rotation":10,"height":60,"ratio":0.08310249307479224,"itemID":33},{"productid":"16","name":"Black Granite Inscription (free)","type":"Inscription","part":"Headstone","side":"Front","price":0,"quantity":55,"label":"NEPHEW, UNCLE, COUSIN, BROTHER IN LAW BY ALL HIS FAMILY & FRIENDS.","font":"19.449088990112195px Franklin Gothic","font_size":21,"font_family":"Franklin Gothic","color":"#ffffff","colorName":"White","x":-1,"y":127,"rotation":0,"flipx":1,"flipy":1,"height":17,"itemID":35},{"productid":"16","name":"Black Granite Inscription (free)","type":"Inscription","part":"Headstone","side":"Front","price":0,"quantity":57,"label":"&apos;E AKANGAROI RA E TO MATOU METUA TANE KI TE MARAE O &apos;TE TANGI O TE TOREA&apos;","font":"17.5967948005777px Franklin Gothic","font_size":19,"font_family":"Franklin Gothic","color":"#ffffff","colorName":"White","x":3,"y":303,"rotation":0,"flipx":1,"flipy":1,"height":13,"itemID":36},{"productid":71,"name":"Black Granite Motif (free)","type":"Motif","part":"Headstone","side":"Front","src":"fullflower_005","item":"fullflower_005","price":0,"quantity":1,"color":"#ffffff","colorName":"White","colorName2":"undefined","x":-340,"y":135.99999999999994,"flipx":"1","flipy":"-1","rotation":0,"height":40,"ratio":0.09685230024213075,"itemID":39},{"productid":71,"name":"Black Granite Motif (free)","type":"Motif","part":"Headstone","side":"Front","src":"fullflower_005","item":"fullflower_005","price":0,"quantity":1,"color":"#ffffff","colorName":"White","colorName2":"undefined","x":-288.51892458545774,"y":267.99999999999994,"flipx":-1,"flipy":-1,"rotation":0,"height":40,"ratio":0.09685230024213075,"itemID":42},{"productid":71,"name":"Black Granite Motif (free)","type":"Motif","part":"Headstone","side":"Front","src":"fullflower_005","item":"fullflower_005","price":0,"quantity":1,"color":"#ffffff","colorName":"White","colorName2":"undefined","x":339.9621508290845,"y":236.99999999999994,"flipx":-1,"flipy":-1,"rotation":0,"height":40,"ratio":0.09685230024213075,"itemID":43},{"productid":"16","name":"Black Granite Inscription (free)","type":"Inscription","part":"Headstone","side":"Front","price":0,"quantity":33,"label":"BELOVED HUSBAND OF TAVIRIA KUPA MITIAU","font":"20.375236084879443px Franklin Gothic","font_size":22,"font_family":"Franklin Gothic","color":"#ffffff","colorName":"White","x":31,"y":-20,"rotation":0,"flipx":1,"flipy":1,"height":15,"itemID":37},{"productid":"16","name":"Black Granite Inscription (free)","type":"Inscription","part":"Headstone","side":"Front","price":0,"quantity":18,"label":"PATRIARCH OF OUR HOME","font":"31.48900122208641px Franklin Gothic","font_size":34,"font_family":"Franklin Gothic","color":"#ffffff","colorName":"White","x":4,"y":-309,"rotation":0,"flipx":1,"flipy":1,"height":23,"itemID":5},{"productid":"16","name":"Black Granite Inscription (free)","type":"Inscription","part":"Headstone","side":"Front","price":0,"quantity":27,"label":"\"YE WILL TEACH THEM TO WALK IN THE","font":"20.375236084879443px Franklin Gothic","font_size":22,"font_family":"Franklin Gothic","color":"#ffffff","colorName":"White","x":8,"y":-144,"rotation":0,"flipx":1,"flipy":1,"height":15,"itemID":8},{"productid":"16","name":"Black Granite Inscription (free)","type":"Inscription","part":"Headstone","side":"Front","price":0,"quantity":24,"label":"WAYS OF TRUTH AND SOBERNESS;","font":"21.30138317964669px Franklin Gothic","font_size":23,"font_family":"Franklin Gothic","color":"#ffffff","colorName":"White","x":8,"y":-117,"rotation":0,"flipx":1,"flipy":1,"height":18,"itemID":9},{"productid":"16","name":"Black Granite Inscription (free)","type":"Inscription","part":"Headstone","side":"Front","price":0,"quantity":24,"label":"YE WILL TEACH THEM TO LOVE ONE","font":"20.375236084879443px Franklin Gothic","font_size":22,"font_family":"Franklin Gothic","color":"#ffffff","colorName":"White","x":9,"y":-90,"rotation":0,"flipx":1,"flipy":1,"height":15,"itemID":11},{"productid":"16","name":"Black Granite Inscription (free)","type":"Inscription","part":"Headstone","side":"Front","price":0,"quantity":28,"label":"ANOTHER, AND TO SERVE ON ANOTHER\"","font":"19.449088990112195px Franklin Gothic","font_size":21,"font_family":"Franklin Gothic","color":"#ffffff","colorName":"White","x":11,"y":-64,"rotation":0,"flipx":1,"flipy":1,"height":17,"itemID":12},{"productid":"16","name":"Black Granite Inscription (free)","type":"Inscription","part":"Headstone","side":"Front","price":0,"quantity":45,"label":"CHERISHED SON OF ROURUMAORA TEARIKI VAIAU TARURONGO","font":"22.227530274413937px Franklin Gothic","font_size":24,"font_family":"Franklin Gothic","color":"#ffffff","colorName":"White","x":-3,"y":233.99999999999994,"rotation":0,"flipx":1,"flipy":1,"height":16,"itemID":31},{"productid":"16","name":"Black Granite Inscription (free)","type":"Inscription","part":"Headstone","side":"Front","price":0,"quantity":51,"label":"KUPA, CAMBELL, ALAFUA, VATKACY, AMMON, TARAATUA, BLANDUS,","font":"19.449088990112195px Franklin Gothic","font_size":21,"font_family":"Franklin Gothic","color":"#ffffff","colorName":"White","x":-2,"y":43,"rotation":0,"flipx":1,"flipy":1,"height":17,"itemID":6},{"productid":"16","name":"Black Granite Inscription (free)","type":"Inscription","part":"Headstone","side":"Front","price":0,"quantity":64,"label":"GLASSIE, LORNA & CELINTO.  ADORED PAPA TO ALL HIS GRAND CHILDREN, GREAT GRAND","font":"18.52294189534495px Franklin Gothic","font_size":20,"font_family":"Franklin Gothic","color":"#ffffff","colorName":"White","x":0,"y":70,"rotation":0,"flipx":1,"flipy":1,"height":17,"itemID":27},{"productid":"16","name":"Black Granite Inscription (free)","type":"Inscription","part":"Headstone","side":"Front","price":0,"quantity":13,"label":"MOSIAH 4: 14-15","font":"24.079824463948434px Franklin Gothic","font_size":26,"font_family":"Franklin Gothic","color":"#ffffff","colorName":"White","x":14,"y":-188,"rotation":0,"flipx":1,"flipy":1,"height":17,"itemID":1},{"productid":7,"id":7,"uid":1742474521963,"path":"../upload/2025/03/","name":"Ceramic Image","type":"Photo","item":"1742474521963dad1234removebgpreview_1.jpg","color":0,"mask":0,"x":-257,"y":-116,"flipx":1,"flipy":1,"rotation":0,"ratio":0.5193348194956527,"shape_url":"shapes/photos/oval_vertical.svg","part":"Headstone","side":"Front","src":"dad1234-removebg-preview (10).png","price":570,"quantity":1,"size":"180 x 240 mm","itemID":44}]