[{"productid":4,"type":"Headstone","shape":"Square","color":"#000000","fixed":0,"texture":"src/granites/forever2/l/18.jpg","name":"Laser Etched Black Granite Headstone","price":2537.33,"quantity":1,"width":711.1999999999999,"height":501.65,"_length":80,"init_width":2320,"init_height":1207,"device":"desktop","dpr":1.5,"orientation":"landscape","version":"1.45","version_date":20250220,"mode":"2d","navigator":"Chrome (desktop), 2560x1440"},{"productid":4,"type":"Base","name":"Rectangle","flower_pot_holes":true,"base_flower_pots":4,"shape":"Rectangle","color":"#000000","fixed":0,"texture":"src/granites/forever2/l/18.jpg","price":936,"quantity":1,"width":881.05,"height":101.6,"_length":130,"init_width":2320,"init_height":1207,"mode":"2d"},{"productid":"16","name":"Black Granite Inscription (free)","type":"Inscription","part":"Base","side":"Front","price":0,"quantity":14,"label":"Makarini Puhata","font":"164.35109234246514px Garamond","font_size":77,"font_family":"Garamond","color":"#ffffff","colorName":"White","x":-37.5,"y":658.318144159072,"rotation":0,"flipx":1,"flipy":1,"height":55,"itemID":1},{"productid":"16","name":"Black Granite Inscription (free)","type":"Inscription","part":"Headstone","side":"Front","price":0,"quantity":20,"label":"Matemauroa Mose Harvey","font":"83.24276105657324px Garamond","font_size":39,"font_family":"Garamond","color":"#ffffff","colorName":"White","x":-39,"y":-280.42253521126753,"rotation":0,"flipx":1,"flipy":1,"height":37,"itemID":2}]