[{"productid":4,"type":"Headstone","shape":"Serpentine","color":"#000000","fixed":0,"texture":"src/granites/forever2/l/18.jpg","name":"Laser Etched Black Granite Headstone","price":1688.14,"quantity":1,"width":406.4,"height":533.4,"_length":80,"init_width":608,"init_height":353,"device":"desktop","dpr":2.25,"orientation":"landscape","version":"1.45","version_date":20250220,"mode":"2d","navigator":"Edge (chromium based) (desktop), 1280x720"},{"productid":4,"type":"Base","name":"Rectangle","shape":"Square","color":"#000000","fixed":0,"texture":"src/granites/forever2/l/18.jpg","price":736,"quantity":1,"width":506.6792,"height":100,"_length":130,"init_width":608,"init_height":353,"mode":"2d"},{"productid":"16","name":"Black Granite Inscription (free)","type":"Inscription","part":"Headstone","side":"Front","price":0,"quantity":10,"label":"Ernest Gray","font":"61.12991395642564px Garamond","font_size":50,"font_family":"Garamond","color":"#ffffff","colorName":"White","x":0,"y":-123,"rotation":0,"flipx":1,"flipy":1,"height":47,"itemID":1},{"productid":"16","name":"Black Granite Inscription (free)","type":"Inscription","part":"Headstone","side":"Front","price":0,"quantity":13,"label":"Jennifer Wells","font":"61.12991395642564px Garamond","font_size":50,"font_family":"Garamond","color":"#ffffff","colorName":"White","x":3,"y":14,"rotation":0,"flipx":1,"flipy":1,"height":46,"itemID":2},{"productid":"16","name":"Black Granite Inscription (free)","type":"Inscription","part":"Headstone","side":"Front","price":0,"quantity":4,"label":"Gray","font":"61.12991395642564px Garamond","font_size":50,"font_family":"Garamond","color":"#ffffff","colorName":"White","x":-4,"y":75,"rotation":0,"flipx":1,"flipy":1,"height":47,"itemID":3},{"productid":"16","name":"Black Granite Inscription (free)","type":"Inscription","part":"Headstone","side":"Front","price":0,"quantity":16,"label":"Just A Thought Away","font":"36.677948373855386px Garamond","font_size":30,"font_family":"Garamond","color":"#ffffff","colorName":"White","x":-3,"y":279,"rotation":0,"flipx":1,"flipy":1,"height":29,"itemID":4},{"productid":71,"name":"Black Granite Motif (free)","type":"Motif","part":"Headstone","side":"Front","src":"1_155_08","item":"1_155_08","price":0,"quantity":1,"color":"#ffffff","colorName":"White","colorName2":"undefined","x":-207,"y":-190,"flipx":"1","flipy":"1","rotation":0,"height":124,"ratio":0.164021164021164,"itemID":5},{"productid":"16","name":"Black Granite Inscription (free)","type":"Inscription","part":"Headstone","side":"Front","price":0,"quantity":20,"label":"19.2.1918 - 23.11.1990","font":"24.451965582570256px Garamond","font_size":20,"font_family":"Garamond","color":"#ffffff","colorName":"White","x":-1,"y":-73,"rotation":0,"flipx":1,"flipy":1,"height":14,"itemID":6},{"productid":"16","name":"Black Granite Inscription (free)","type":"Inscription","part":"Headstone","side":"Front","price":0,"quantity":19,"label":"17.10.1930 - 4.2.2022","font":"24.451965582570256px Garamond","font_size":20,"font_family":"Garamond","color":"#ffffff","colorName":"White","x":-3,"y":129,"rotation":0,"flipx":1,"flipy":1,"height":14,"itemID":7},{"productid":71,"name":"Black Granite Motif (free)","type":"Motif","part":"Headstone","side":"Front","src":"cross_002","item":"cross_002","price":0,"quantity":1,"color":"#ffffff","colorName":"White","colorName2":"undefined","x":-1,"y":-280,"flipx":"1","flipy":"1","rotation":0,"height":40,"ratio":0.14388489208633093,"itemID":8},{"productid":"16","name":"Black Granite Inscription (free)","type":"Inscription","part":"Base","side":"Front","price":0,"quantity":27,"label":"God Be With You Till We Meet Again","font":"36.677948373855386px Adorable","font_size":30,"font_family":"Adorable","color":"#ffffff","colorName":"White","x":0,"y":392,"rotation":0,"flipx":1,"flipy":1,"height":29,"itemID":9},{"productid":"16","name":"Black Granite Inscription (free)","type":"Inscription","part":"Headstone","side":"Front","price":0,"quantity":26,"label":"Loving Parents, Grandparents","font":"34.23275181559836px Adorable","font_size":28,"font_family":"Adorable","color":"#ffffff","colorName":"White","x":0,"y":179,"rotation":0,"flipx":1,"flipy":1,"height":27,"itemID":10},{"productid":71,"name":"Black Granite Motif (free)","type":"Motif","part":"Headstone","side":"Front","src":"1_154_13","item":"1_154_13","price":0,"quantity":1,"color":"#ffffff","colorName":"White","colorName2":"undefined","x":200,"y":265,"flipx":"1","flipy":"1","rotation":0,"height":78,"ratio":0.08369098712446352,"itemID":11},{"productid":"16","name":"Black Granite Inscription (free)","type":"Inscription","part":"Headstone","side":"Front","price":0,"quantity":18,"label":"& Great Grandparents","font":"31.78755525734133px Adorable","font_size":26,"font_family":"Adorable","color":"#ffffff","colorName":"White","x":2,"y":222,"rotation":0,"flipx":1,"flipy":1,"height":25,"itemID":12},{"productid":"16","name":"Black Granite Inscription (free)","type":"Inscription","part":"Headstone","side":"Front","price":0,"quantity":15,"label":"Also His Dear Wife","font":"29.342358699084308px Adorable","font_size":24,"font_family":"Adorable","color":"#ffffff","colorName":"White","x":0,"y":-34,"rotation":0,"flipx":1,"flipy":1,"height":23,"itemID":13},{"productid":"16","name":"Black Granite Inscription (free)","type":"Inscription","part":"Headstone","side":"Front","price":0,"quantity":17,"label":"Treasured Memories","font":"42.790939769497946px Chopin Script","font_size":35,"font_family":"Chopin Script","color":"#ffffff","colorName":"White","x":-1,"y":-214,"rotation":0,"flipx":1,"flipy":1,"height":32,"itemID":14},{"productid":"16","name":"Black Granite Inscription (free)","type":"Inscription","part":"Headstone","side":"Front","price":0,"quantity":2,"label":"of","font":"42.790939769497946px Chopin Script","font_size":35,"font_family":"Chopin Script","color":"#ffffff","colorName":"White","x":-7,"y":-173,"rotation":0,"flipx":1,"flipy":1,"height":34,"itemID":15}]