[{"productid":4,"type":"Headstone","shape":"Serpentine","color":"#000000","fixed":0,"texture":"src/granites/forever2/l/18.jpg","name":"Laser Etched Black Granite Headstone","price":2909.46,"quantity":1,"width":609.5999999999999,"height":685.8,"_length":80,"init_width":1230,"init_height":776,"device":"desktop","dpr":2,"orientation":"landscape","version":"1.45","version_date":20250220,"mode":"2d","navigator":"Safari (desktop), 1470x840"},{"productid":"16","name":"Black Granite Inscription (free)","type":"Inscription","part":"Headstone","side":"Front","price":0,"quantity":14,"label":"In loving memory","font":"110.32370953630797px Garamond","font_size":50,"font_family":"Garamond","color":"#ffffff","colorName":"White","x":-2,"y":-572,"rotation":0,"flipx":1,"flipy":1,"height":50,"itemID":1},{"productid":"16","name":"Black Granite Inscription (free)","type":"Inscription","part":"Headstone","side":"Front","price":0,"quantity":16,"label":"Ronald Hugh Hirons","font":"114.73665791776028px Garamond","font_size":52,"font_family":"Garamond","color":"#ffffff","colorName":"White","x":-2,"y":-316.84375,"rotation":0,"flipx":1,"flipy":1,"height":52,"itemID":3},{"productid":"16","name":"Black Granite Inscription (free)","type":"Inscription","part":"Headstone","side":"Front","price":0,"quantity":19,"label":"Margaret Joyce Hirons","font":"127.97550306211724px Garamond","font_size":58,"font_family":"Garamond","color":"#ffffff","colorName":"White","x":10,"y":3.296875,"rotation":0,"flipx":1,"flipy":1,"height":55,"itemID":6},{"productid":"16","name":"Black Granite Inscription (free)","type":"Inscription","part":"Headstone","side":"Front","price":0,"quantity":3,"label":"and","font":"86.05249343832021px Garamond","font_size":39,"font_family":"Garamond","color":"#ffffff","colorName":"White","x":-4,"y":-108.703125,"rotation":0,"flipx":1,"flipy":1,"height":28,"itemID":5},{"productid":"71","name":"Black Granite Motif (free)","type":"Motif","part":"Headstone","side":"Front","src":"1_154_13","item":"1_154_13","price":0,"quantity":1,"color":"#ffffff","colorName":"White","x":-444,"y":462,"flipx":1,"flipy":1,"rotation":0,"height":198,"ratio":0.21244635193133046,"itemID":9},{"productid":"16","name":"Black Granite Inscription (free)","type":"Inscription","part":"Headstone","side":"Front","price":0,"quantity":11,"label":"of my parents","font":"88.25896762904637px Garamond","font_size":40,"font_family":"Garamond","color":"#ffffff","colorName":"White","x":0,"y":-460.25,"rotation":0,"flipx":1,"flipy":1,"height":40,"itemID":2},{"productid":"16","name":"Black Granite Inscription (free)","type":"Inscription","part":"Headstone","side":"Front","price":0,"quantity":24,"label":"Died 21 December 1977   Aged 63","font":"63.98775153105862px Garamond","font_size":29,"font_family":"Garamond","color":"#ffffff","colorName":"White","x":14,"y":-208.703125,"rotation":0,"flipx":1,"flipy":1,"height":29,"itemID":4},{"productid":"16","name":"Black Granite Inscription (free)","type":"Inscription","part":"Headstone","side":"Front","price":0,"quantity":21,"label":"Died 8 August 1981   Aged 58","font":"63.98775153105862px Garamond","font_size":29,"font_family":"Garamond","color":"#ffffff","colorName":"White","x":8,"y":132.953125,"rotation":0,"flipx":1,"flipy":1,"height":29,"itemID":7}]