[{"productid":4,"type":"Headstone","shape":"Curved Top","color":"#000000","fixed":0,"texture":"src/granites/forever2/l/18.jpg","name":"Laser Etched Black Granite Headstone","price":2565.95,"quantity":1,"width":609.5999999999999,"height":609.5999999999999,"_length":80,"init_width":1296,"init_height":666,"device":"desktop","dpr":1.25,"orientation":"landscape","version":"1.45","version_date":20250220,"mode":"2d","navigator":"Chrome (desktop), 1536x864"},{"productid":4,"type":"Base","name":"Rectangle","shape":"Square","color":"#000000","fixed":0,"texture":"src/granites/forever2/l/18.jpg","price":650,"quantity":1,"width":709.5999999999999,"height":101.6,"_length":250,"init_width":1296,"init_height":666,"mode":"2d"},{"productid":"16","name":"Black Granite Inscription (free)","type":"Inscription","part":"Headstone","side":"Front","price":0,"quantity":10,"label":"In Memory of","font":"57.06464426321709px Garamond","font_size":50,"font_family":"Garamond","color":"#ffffff","colorName":"White","x":-10,"y":-160,"rotation":0,"flipx":1,"flipy":1,"height":51,"itemID":1},{"productid":"16","name":"Black Granite Inscription (free)","type":"Inscription","part":"Headstone","side":"Front","price":0,"quantity":18,"label":"Jonathan Ashley Hall","font":"57.06464426321709px Garamond","font_size":50,"font_family":"Garamond","color":"#ffffff","colorName":"White","x":9,"y":-10,"rotation":0,"flipx":1,"flipy":1,"height":51,"itemID":2},{"productid":"16","name":"Black Granite Inscription (free)","type":"Inscription","part":"Headstone","side":"Front","price":0,"quantity":9,"label":"1969- 2025","font":"57.06464426321709px Garamond","font_size":50,"font_family":"Garamond","color":"#ffffff","colorName":"White","x":3,"y":93,"rotation":0,"flipx":1,"flipy":1,"height":34,"itemID":3},{"productid":"16","name":"Black Granite Inscription (free)","type":"Inscription","part":"Headstone","side":"Front","price":0,"quantity":22,"label":"\"Well! that was horrible\"","font":"57.06464426321709px Garamond","font_size":50,"font_family":"Garamond","color":"#ffffff","colorName":"White","x":0,"y":219,"rotation":0,"flipx":1,"flipy":1,"height":37,"itemID":4}]