[{"productid":4,"type":"Headstone","corner":2,"hole":3,"shape":"Half Round","color":"#000000","fixed":0,"texture":"src/granites/forever2/l/18.jpg","name":"Laser Etched Black Granite Headstone","price":3882.74,"quantity":1,"width":901.6999999999999,"height":609.5999999999999,"_length":80,"init_width":940,"init_height":682,"device":"desktop","dpr":2,"orientation":"landscape","version":"1.45","version_date":20250220,"mode":"2d","navigator":"Safari (desktop), 820x1180"},{"productid":4,"type":"Base","name":"Rectangle","shape":"Square","color":"#000000","fixed":0,"texture":"src/granites/forever2/l/18.jpg","price":800,"quantity":1,"width":1001.6999999999999,"height":101.6,"_length":250,"init_width":940,"init_height":682,"mode":"2d"},{"productid":"71","name":"Black Granite Motif (free)","type":"Motif","part":"Headstone","side":"Front","src":"1_132_06","item":"1_132_06","price":0,"quantity":1,"color":"#ffffff","colorName":"White","x":-434.66275659824055,"y":255.9413489736071,"flipx":-1,"flipy":-1,"rotation":180,"height":191,"ratio":0.22004608294930875,"itemID":4},{"productid":"71","name":"Black Granite Motif (free)","type":"Motif","part":"Headstone","side":"Front","src":"1_126_26","item":"1_126_26","price":0,"quantity":1,"color":"#ffffff","colorName":"White","x":12,"y":-316,"flipx":1,"flipy":1,"rotation":0,"height":73,"ratio":0.11094224924012158,"itemID":5},{"productid":"16","name":"Black Granite Inscription (free)","type":"Inscription","part":"Headstone","side":"Front","price":0,"quantity":19,"label":"12/1/1954 -  3/26/2025","font":"69.8912892427682px Garamond","font_size":54,"font_family":"Garamond","color":"#ffffff","colorName":"White","x":22,"y":-72,"rotation":0,"flipx":1,"flipy":1,"height":39,"itemID":6},{"productid":"16","name":"Black Granite Inscription (free)","type":"Inscription","part":"Headstone","side":"Front","price":0,"quantity":12,"label":"David Arthurs","font":"108.7197832665283px Garamond","font_size":84,"font_family":"Garamond","color":"#ffffff","colorName":"White","x":6,"y":-175,"rotation":0,"flipx":1,"flipy":1,"height":61,"itemID":7},{"productid":"16","name":"Black Granite Inscription (free)","type":"Inscription","part":"Headstone","side":"Front","price":0,"quantity":27,"label":"Rest peacefully, sweet cousin.","font":"64.71415670626685px Lucida Calligraphy","font_size":50,"font_family":"Lucida Calligraphy","color":"#ffffff","colorName":"White","x":18,"y":0.1875,"rotation":0,"flipx":1,"flipy":1,"height":59,"itemID":8},{"productid":"16","name":"Black Granite Inscription (free)","type":"Inscription","part":"Headstone","side":"Front","price":0,"quantity":31,"label":"You were a true blessing to our family","font":"49.1827590967628px Lucida Calligraphy","font_size":38,"font_family":"Lucida Calligraphy","color":"#ffffff","colorName":"White","x":26,"y":84.3125,"rotation":0,"flipx":1,"flipy":1,"height":45,"itemID":9}]