[{"productid":4,"type":"Headstone","shape":"Square","color":"#000000","fixed":0,"texture":"src/granites/forever2/l/18.jpg","name":"Laser Etched Black Granite Headstone","price":4627.01,"quantity":1,"width":1168.3999999999999,"height":507.99999999999955,"_length":80,"init_width":1680,"init_height":855,"device":"desktop","dpr":1,"orientation":"landscape","version":"1.45","version_date":20250220,"mode":"2d","navigator":"Chrome (desktop), 1920x1080"},{"productid":4,"type":"Base","name":"Rectangle","shape":"Square","color":"#000000","fixed":0,"texture":"src/granites/forever2/l/18.jpg","price":1098,"quantity":1,"width":1200,"height":101.6,"_length":250,"init_width":1680,"init_height":855,"mode":"2d"},{"productid":21,"id":21,"uid":1743653082272,"path":"../upload/2025/04/","name":"Laser-etched Image","type":"Photo","item":"1743653082272jacin_cropped.jpg","color":1,"mask":1,"x":255,"y":-49,"flipx":1,"flipy":1,"rotation":0,"ratio":0.43351242473132046,"shape_url":"shapes/photos/rectangle_vertical.svg","part":"Headstone","side":"Front","src":"Jacin.jpg","price":0,"quantity":1,"size":"302","width":"159","height":"186","itemID":4},{"productid":71,"name":"Black Granite Motif (free)","type":"Motif","part":"Headstone","side":"Front","src":"cross_035","item":"cross_035","price":0,"quantity":1,"color":"#ffffff","colorName":"White","colorName2":"undefined","x":-31,"y":-103,"flipx":"1","flipy":"1","rotation":0,"height":110,"ratio":0.421455938697318,"itemID":5},{"productid":"16","name":"Black Granite Inscription (free)","type":"Inscription","part":"Headstone","side":"Front","price":0,"quantity":5,"label":"Jacin","font":"85.39907672885998px Garamond","font_size":139,"font_family":"Garamond","color":"#ffffff","colorName":"White","x":88,"y":-40,"rotation":0,"flipx":1,"flipy":1,"height":117,"itemID":1},{"productid":"16","name":"Black Granite Inscription (free)","type":"Inscription","part":"Headstone","side":"Front","price":0,"quantity":4,"label":"Marc","font":"50.37931145155769px Garamond","font_size":82,"font_family":"Garamond","color":"#ffffff","colorName":"White","x":96,"y":16,"rotation":0,"flipx":1,"flipy":1,"height":55,"itemID":7},{"productid":"16","name":"Black Granite Inscription (free)","type":"Inscription","part":"Headstone","side":"Front","price":0,"quantity":10,"label":"May 12, 1991","font":"20.274600950017117px Garamond","font_size":33,"font_family":"Garamond","color":"#ffffff","colorName":"White","x":189,"y":109,"rotation":0,"flipx":1,"flipy":1,"height":33,"itemID":3},{"productid":"16","name":"Black Granite Inscription (free)","type":"Inscription","part":"Headstone","side":"Front","price":0,"quantity":11,"label":"March 4, 2022","font":"21.50336464395755px Garamond","font_size":35,"font_family":"Garamond","color":"#ffffff","colorName":"White","x":186,"y":134,"rotation":0,"flipx":1,"flipy":1,"height":31,"itemID":6},{"productid":"16","name":"Black Granite Inscription (free)","type":"Inscription","part":"Headstone","side":"Front","price":0,"quantity":27,"label":"Beloved Son, Grandson & Brother","font":"23.346510184868198px Garamond","font_size":38,"font_family":"Garamond","color":"#ffffff","colorName":"White","x":188,"y":74,"rotation":0,"flipx":1,"flipy":1,"height":34,"itemID":8},{"productid":"16","name":"Black Granite Inscription (free)","type":"Inscription","part":"Base","side":"Front","price":0,"quantity":13,"label":"Hebrew Letters","font":"17.20269171516604px Garamond","font_size":28,"font_family":"Garamond","color":"#ffffff","colorName":"White","x":16,"y":187.00000000000006,"rotation":0,"flipx":1,"flipy":1,"height":20,"itemID":9}]