[{"productid":4,"type":"Headstone","shape":"Curved Top","color":"#000000","fixed":0,"texture":"src/granites/forever2/l/18.jpg","name":"Laser Etched Black Granite Headstone","price":7889,"quantity":1,"width":1200,"height":1200,"_length":100,"init_width":320,"init_height":456,"device":"mobile","dpr":1.5,"orientation":"portrait","version":"1.45","version_date":20250220,"mode":"2d","navigator":"Chrome (mobile(android)), 320x640"},{"productid":"16","name":"Black Granite Inscription (free)","type":"Inscription","part":"Headstone","side":"Front","price":0,"quantity":12,"label":"EMILY MALOMBO","font":"42.120000000000005px Franklin Gothic","font_size":108,"font_family":"Franklin Gothic","color":"#ffffff","colorName":"White","x":-5,"y":-72,"rotation":0,"flipx":1,"flipy":1,"height":72,"itemID":1},{"productid":"16","name":"Black Granite Inscription (free)","type":"Inscription","part":"Headstone","side":"Front","price":0,"quantity":7,"label":"Dearest","font":"51.480000000000004px Adorable","font_size":132,"font_family":"Adorable","color":"#ffffff","colorName":"White","x":-6.056121826171875,"y":-149,"rotation":0,"flipx":1,"flipy":1,"height":82,"itemID":2},{"productid":"16","name":"Black Granite Inscription (free)","type":"Inscription","part":"Headstone","side":"Front","price":0,"quantity":22,"label":"Those we love don&apos;t go away","font":"21.45px Arial","font_size":55,"font_family":"Arial","color":"#ffffff","colorName":"White","x":0,"y":0,"rotation":0,"flipx":1,"flipy":1,"height":54,"itemID":3},{"productid":"16","name":"Black Granite Inscription (free)","type":"Inscription","part":"Headstone","side":"Front","price":0,"quantity":24,"label":"They walk beside us everyday","font":"22.62px Arial","font_size":58,"font_family":"Arial","color":"#ffffff","colorName":"White","x":0,"y":37,"rotation":0,"flipx":1,"flipy":1,"height":51,"itemID":4},{"productid":"16","name":"Black Granite Inscription (free)","type":"Inscription","part":"Headstone","side":"Front","price":0,"quantity":31,"label":"You were unseen and unheard from 1970","font":"21.45px Arial","font_size":55,"font_family":"Arial","color":"#ffffff","colorName":"White","x":-1,"y":71,"rotation":0,"flipx":1,"flipy":1,"height":41,"itemID":5},{"productid":"16","name":"Black Granite Inscription (free)","type":"Inscription","part":"Headstone","side":"Front","price":0,"quantity":26,"label":"Yet always near and held so dear","font":"21.45px Arial","font_size":55,"font_family":"Arial","color":"#ffffff","colorName":"White","x":-9,"y":103,"rotation":0,"flipx":1,"flipy":1,"height":54,"itemID":6},{"productid":"16","name":"Black Granite Inscription (free)","type":"Inscription","part":"Headstone","side":"Front","price":0,"quantity":32,"label":"Lala ngoxolo ndlovukazi yaka Malombo","font":"21.060000000000002px Adorable","font_size":54,"font_family":"Adorable","color":"#ffffff","colorName":"White","x":-11,"y":151,"rotation":0,"flipx":1,"flipy":1,"height":54,"itemID":7}]