[{"productid":4,"type":"Headstone","corner":2,"hole":3,"shape":"Headstone 30","color":"#000000","fixed":4,"texture":"src/granites/forever2/l/18.jpg","name":"Laser Etched Black Granite Headstone","price":1742.97,"quantity":1,"width":356,"height":609.5999999999999,"_length":80,"init_width":411,"init_height":693,"device":"mobile","dpr":2.625,"orientation":"portrait","version":"1.45","version_date":20250220,"mode":"2d","navigator":"Chrome (mobile(android)), 412x883"},{"productid":4,"type":"Base","name":"Rectangle","shape":"Square","color":"#000000","fixed":0,"texture":"src/granites/forever2/l/18.jpg","price":510,"quantity":1,"width":450,"height":100,"_length":250,"init_width":411,"init_height":693,"mode":"2d"},{"productid":21,"id":21,"uid":1745276783640,"path":"../upload/2025/04/","name":"Laser-etched Image","type":"Photo","item":"17452767836401000020484_cropped.jpg","color":1,"mask":0,"x":-1,"y":-68,"flipx":1,"flipy":1,"rotation":0,"ratio":2.0847428148829232,"shape_url":"shapes/photos/oval_vertical.svg","part":"Headstone","side":"Front","src":"1000020484.jpg","price":0,"quantity":1,"size":"488","width":"507","height":"723","itemID":1},{"productid":"16","name":"Black Granite Inscription (free)","type":"Inscription","part":"Headstone","side":"Front","price":0,"quantity":16,"label":"Trisha Ann Valerio","font":"53.3659984498309px Garamond","font_size":36,"font_family":"Garamond","color":"#ffffff","colorName":"White","x":5,"y":326,"rotation":0,"flipx":1,"flipy":1,"height":26,"itemID":2},{"productid":"16","name":"Black Granite Inscription (free)","type":"Inscription","part":"Headstone","side":"Front","price":0,"quantity":23,"label":"May 25, 1990 - April 20, 2025","font":"23.718221533258177px Garamond","font_size":16,"font_family":"Garamond","color":"#ffffff","colorName":"White","x":2,"y":378,"rotation":0,"flipx":1,"flipy":1,"height":17,"itemID":3}]