[{"productid":4,"type":"Headstone","shape":"Serpentine","color":"#000000","fixed":0,"texture":"src/granites/forever2/l/18.jpg","name":"Laser Etched Black Granite Headstone","price":4627.01,"quantity":1,"width":1066.8,"height":609.5999999999999,"_length":80,"init_width":1296,"init_height":620,"device":"desktop","dpr":1.25,"orientation":"landscape","version":"1.45","version_date":20250220,"mode":"2d","navigator":"Mozilla Firefox (desktop), 1536x864"},{"productid":4,"type":"Base","name":"Rectangle","shape":"Square","color":"#000000","fixed":0,"texture":"src/granites/forever2/l/18.jpg","price":884,"quantity":1,"width":1166.8,"height":101.6,"_length":250,"init_width":1296,"init_height":620,"mode":"2d"},{"productid":"16","name":"Black Granite Inscription (free)","type":"Inscription","part":"Headstone","side":"Front","price":0,"quantity":11,"label":"CHRISTIAN S.","font":"31.07890372121852px Garamond","font_size":50,"font_family":"Garamond","color":"#ffffff","colorName":"White","x":187,"y":89,"rotation":0,"flipx":1,"flipy":1,"height":36,"itemID":1},{"productid":"16","name":"Black Granite Inscription (free)","type":"Inscription","part":"Headstone","side":"Front","price":0,"quantity":5,"label":"1952 -","font":"31.07890372121852px Garamond","font_size":50,"font_family":"Garamond","color":"#ffffff","colorName":"White","x":-228,"y":127,"rotation":0,"flipx":1,"flipy":1,"height":34,"itemID":3},{"productid":"16","name":"Black Granite Inscription (free)","type":"Inscription","part":"Headstone","side":"Front","price":0,"quantity":5,"label":"1952 -","font":"31.07890372121852px Garamond","font_size":50,"font_family":"Garamond","color":"#ffffff","colorName":"White","x":153,"y":124,"rotation":0,"flipx":1,"flipy":1,"height":34,"itemID":4},{"productid":"16","name":"Black Granite Inscription (free)","type":"Inscription","part":"Headstone","side":"Front","price":0,"quantity":6,"label":"ENOS R.","font":"31.07890372121852px Garamond","font_size":50,"font_family":"Garamond","color":"#ffffff","colorName":"White","x":-214,"y":92,"rotation":0,"flipx":1,"flipy":1,"height":34,"itemID":5},{"productid":"16","name":"Black Granite Inscription (free)","type":"Inscription","part":"Headstone","side":"Front","price":0,"quantity":3,"label":"GEE","font":"70.23832240995385px Garamond","font_size":113,"font_family":"Garamond","color":"#ffffff","colorName":"White","x":-12,"y":-40,"rotation":0,"flipx":1,"flipy":1,"height":76,"itemID":6},{"productid":"71","name":"Black Granite Motif (free)","type":"Motif","part":"Headstone","side":"Front","src":"cross_005","item":"cross_005","price":0,"quantity":1,"color":"#ffffff","colorName":"White","x":-208.75,"y":-22.5,"flipx":1,"flipy":1,"rotation":0,"height":234,"ratio":0.9915254237288136,"itemID":7}]