[{"productid":4,"type":"Headstone","shape":"Square","color":"#000000","fixed":0,"texture":"src/granites/forever2/l/18.jpg","name":"Laser Etched Black Granite Headstone","price":1715.13,"quantity":1,"width":571.5000000000001,"height":381,"_length":80,"init_width":1018,"init_height":557.0045394897461,"device":"desktop","dpr":1.5149999856948853,"orientation":"landscape","version":"1.45","version_date":20250220,"mode":"2d","navigator":"Chrome (desktop), 1268x793"},{"productid":21,"id":21,"uid":1746217539517,"name":"Laser-etched Image","type":"Photo","item":"1746217539517mum_and_dad_cropped.jpg","color":1,"mask":0,"x":16.658917182418122,"y":-52.971001875424236,"flipx":-1,"flipy":1,"rotation":0,"ratio":1.109414916818723,"shape_url":"shapes/photos/oval_horizontal.svg","part":"Headstone","side":"Front","src":"mum and dad.jpg","price":0,"quantity":1,"size":215,"width":"300","height":"310","itemID":2}]