[{"productid":4,"type":"Headstone","shape":"Serpentine","color":"#000000","fixed":0,"texture":"src/granites/forever2/l/18.jpg","name":"Laser Etched Black Granite Headstone","price":3256.27,"quantity":1,"width":990.5999999999999,"height":914.4,"_length":100,"init_width":2079,"init_height":1376,"device":"desktop","dpr":2,"orientation":"landscape","version":"1.45","version_date":20241015,"mode":"3d","navigator":"Safari (desktop), 2560x1440"},{"productid":4,"type":"Base","name":"Rectangle","flower_pot_holes":true,"base_flower_pots":"3","shape":"Square","color":"#000000","fixed":0,"texture":"src/granites/forever2/l/18.jpg","price":2035.15,"quantity":1,"width":1090.6000000000006,"height":101.6,"_length":250,"init_width":2079,"init_height":1376,"mode":"3d"},{"productid":"16","name":"Black Granite Inscription (free)","type":"Inscription","part":"Headstone","side":"Front","price":0,"quantity":16,"label":"Precious Memories","font":"492.9763779527559px Lucida Calligraphy","font_size":40,"font_family":"Lucida Calligraphy","color":"#ffffff","colorName":"White","x":0,"y":0,"rotation":0,"flipx":1,"flipy":1,"height":40,"itemID":1},{"productid":"16","name":"Black Granite Inscription (free)","type":"Inscription","part":"Headstone","side":"Front","price":0,"quantity":2,"label":"Of","font":"492.9763779527559px Lucida Calligraphy","font_size":40,"font_family":"Lucida Calligraphy","color":"#ffffff","colorName":"White","x":14,"y":-298,"rotation":0,"flipx":1,"flipy":1,"height":40,"itemID":2},{"productid":"16","name":"Black Granite Inscription (free)","type":"Inscription","part":"Headstone","side":"Front","price":0,"quantity":11,"label":"Thomas Croke","font":"492.9763779527559px Lucida Calligraphy","font_size":40,"font_family":"Lucida Calligraphy","color":"#ffffff","colorName":"White","x":0,"y":-258,"rotation":0,"flipx":1,"flipy":1,"height":40,"itemID":4},{"productid":"16","name":"Black Granite Inscription (free)","type":"Inscription","part":"Headstone","side":"Front","price":0,"quantity":13,"label":"Kathleen Croke","font":"492.9763779527559px Lucida Calligraphy","font_size":40,"font_family":"Lucida Calligraphy","color":"#ffffff","colorName":"White","x":0,"y":-258,"rotation":0,"flipx":1,"flipy":1,"height":40,"itemID":5},{"productid":"16","name":"Black Granite Inscription (free)","type":"Inscription","part":"Headstone","side":"Front","price":0,"quantity":11,"label":"Dad & Grandad","font":"492.9763779527559px Lucida Calligraphy","font_size":27,"font_family":"Lucida Calligraphy","color":"#ffffff","colorName":"White","x":119,"y":-104,"rotation":0,"flipx":1,"flipy":1,"height":27,"itemID":8},{"productid":"16","name":"Black Granite Inscription (free)","type":"Inscription","part":"Headstone","side":"Front","price":0,"quantity":7,"label":"Mum & Nan","font":"492.9763779527559px Lucida Calligraphy","font_size":21,"font_family":"Lucida Calligraphy","color":"#ffffff","colorName":"White","x":255,"y":-65,"rotation":0,"flipx":1,"flipy":1,"height":21,"itemID":10},{"productid":"16","name":"Black Granite Inscription (free)","type":"Inscription","part":"Headstone","side":"Front","price":0,"quantity":16,"label":"13th November 2023","font":"492.9763779527559px Lucida Calligraphy","font_size":31,"font_family":"Lucida Calligraphy","color":"#ffffff","colorName":"White","x":249,"y":0,"rotation":0,"flipx":1,"flipy":1,"height":31,"itemID":12},{"productid":"16","name":"Black Granite Inscription (free)","type":"Inscription","part":"Headstone","side":"Front","price":0,"quantity":15,"label":"6th December 2023","font":"492.9763779527559px Lucida Calligraphy","font_size":27,"font_family":"Lucida Calligraphy","color":"#ffffff","colorName":"White","x":0,"y":0,"rotation":0,"flipx":1,"flipy":1,"height":27,"itemID":14},{"productid":"16","name":"Black Granite Inscription (free)","type":"Inscription","part":"Headstone","side":"Front","price":0,"quantity":26,"label":"It broke our hearts to see you go","font":"492.9763779527559px Lucida Calligraphy","font_size":31,"font_family":"Lucida Calligraphy","color":"#ffffff","colorName":"White","x":-234,"y":38,"rotation":0,"flipx":1,"flipy":1,"height":31,"itemID":15},{"productid":"16","name":"Black Granite Inscription (free)","type":"Inscription","part":"Headstone","side":"Front","price":0,"quantity":19,"label":"But you did not go alone","font":"492.9763779527559px Lucida Calligraphy","font_size":31,"font_family":"Lucida Calligraphy","color":"#ffffff","colorName":"White","x":-20,"y":158,"rotation":0,"flipx":1,"flipy":1,"height":31,"itemID":16},{"productid":"16","name":"Black Granite Inscription (free)","type":"Inscription","part":"Headstone","side":"Front","price":0,"quantity":20,"label":"A part of us went with you","font":"492.9763779527559px Lucida Calligraphy","font_size":30.520909757887015,"font_family":"Lucida Calligraphy","color":"#ffffff","colorName":"White","x":-20,"y":189,"rotation":0,"flipx":1,"flipy":1,"height":31,"itemID":17},{"productid":"16","name":"Black Granite Inscription (free)","type":"Inscription","part":"Headstone","side":"Front","price":0,"quantity":22,"label":"When God took you both home","font":"492.9763779527559px Lucida Calligraphy","font_size":30.520909757887015,"font_family":"Lucida Calligraphy","color":"#ffffff","colorName":"White","x":-20,"y":220,"rotation":0,"flipx":1,"flipy":1,"height":31,"itemID":18},{"productid":"16","name":"Black Granite Inscription (free)","type":"Inscription","part":"Headstone","side":"Front","price":0,"quantity":11,"label":"Rest in Peace","font":"492.9763779527559px Lucida Calligraphy","font_size":48,"font_family":"Lucida Calligraphy","color":"#ffffff","colorName":"White","x":0,"y":220,"rotation":0,"flipx":1,"flipy":1,"height":48,"itemID":19},{"productid":"16","name":"Black Granite Inscription (free)","type":"Inscription","part":"Headstone","side":"Front","price":0,"quantity":4,"label":"Eire","font":"492.9763779527559px Lucida Calligraphy","font_size":26.902059688944938,"font_family":"Lucida Calligraphy","color":"#ffffff","colorName":"White","x":0,"y":54,"rotation":0,"flipx":1,"flipy":1,"height":27,"itemID":23},{"productid":"16","name":"Black Granite Inscription (free)","type":"Inscription","part":"Headstone","side":"Front","price":0,"quantity":10,"label":"Fell Asleep","font":"492.9763779527559px Lucida Calligraphy","font_size":31,"font_family":"Lucida Calligraphy","color":"#ffffff","colorName":"White","x":0,"y":-65,"rotation":0,"flipx":1,"flipy":1,"height":31,"itemID":11},{"productid":"16","name":"Black Granite Inscription (free)","type":"Inscription","part":"Headstone","side":"Front","price":0,"quantity":13,"label":"Waterford City","font":"492.9763779527559px Lucida Calligraphy","font_size":30.902059688944938,"font_family":"Lucida Calligraphy","color":"#ffffff","colorName":"White","x":0,"y":27,"rotation":0,"flipx":1,"flipy":1,"height":31,"itemID":22},{"productid":"16","name":"Black Granite Inscription (free)","type":"Inscription","part":"Headstone","side":"Front","price":0,"quantity":6,"label":"Aged 84","font":"492.9763779527559px Lucida Calligraphy","font_size":27,"font_family":"Lucida Calligraphy","color":"#ffffff","colorName":"White","x":-300,"y":-38,"rotation":0,"flipx":1,"flipy":1,"height":27,"itemID":24},{"productid":"16","name":"Black Granite Inscription (free)","type":"Inscription","part":"Headstone","side":"Front","price":0,"quantity":10,"label":"Fell Asleep","font":"492.9763779527559px Lucida Calligraphy","font_size":31,"font_family":"Lucida Calligraphy","color":"#ffffff","colorName":"White","x":0,"y":0,"rotation":0,"flipx":1,"flipy":1,"height":31,"itemID":13},{"productid":"16","name":"Black Granite Inscription (free)","type":"Inscription","part":"Headstone","side":"Front","price":0,"quantity":4,"label":"Born","font":"492.9763779527559px Lucida Calligraphy","font_size":23,"font_family":"Lucida Calligraphy","color":"#ffffff","colorName":"White","x":-312,"y":108,"rotation":0,"flipx":1,"flipy":1,"height":23,"itemID":26},{"productid":"16","name":"Black Granite Inscription (free)","type":"Inscription","part":"Headstone","side":"Front","price":0,"quantity":6,"label":"Aged 82","font":"492.9763779527559px Lucida Calligraphy","font_size":27,"font_family":"Lucida Calligraphy","color":"#ffffff","colorName":"White","x":285,"y":-7,"rotation":0,"flipx":1,"flipy":1,"height":27,"itemID":25},{"productid":71,"name":"Black Granite Motif (free)","type":"Motif","part":"Headstone","side":"Front","src":"clover_001","item":"clover_001","price":0,"quantity":1,"color":"#ffffff","colorName":"White","colorName2":"undefined","x":0,"y":0,"flipx":"1","flipy":"1","rotation":0,"height":58,"ratio":0.1638418079096045,"itemID":28},{"productid":71,"name":"Black Granite Motif (free)","type":"Motif","part":"Headstone","side":"Front","src":"clover_001","item":"clover_001","price":0,"quantity":1,"color":"#ffffff","colorName":"White","colorName2":"undefined","x":0,"y":0,"flipx":"1","flipy":"1","rotation":0,"height":54,"ratio":0.15254237288135594,"itemID":29},{"productid":"16","name":"Black Granite Inscription (free)","type":"Inscription","part":"Headstone","side":"Front","price":0,"quantity":14,"label":"Loving Husband,","font":"492.9763779527559px Lucida Calligraphy","font_size":29.132686084142392,"font_family":"Lucida Calligraphy","color":"#ffffff","colorName":"White","x":-252,"y":-142,"rotation":0,"flipx":1,"flipy":1,"height":29,"itemID":7},{"productid":"16","name":"Black Granite Inscription (free)","type":"Inscription","part":"Headstone","side":"Front","price":0,"quantity":10,"label":"Loving Wife","font":"492.9763779527559px Lucida Calligraphy","font_size":31,"font_family":"Lucida Calligraphy","color":"#ffffff","colorName":"White","x":255,"y":-65,"rotation":0,"flipx":1,"flipy":1,"height":31,"itemID":9},{"productid":"16","name":"Black Granite Inscription (free)","type":"Inscription","part":"Headstone","side":"Front","price":0,"quantity":10,"label":"(nee Keogh)","font":"492.9763779527559px Lucida Calligraphy","font_size":39.87220447284345,"font_family":"Lucida Calligraphy","color":"#ffffff","colorName":"White","x":-252,"y":-182,"rotation":0,"flipx":1,"flipy":1,"height":40,"itemID":6},{"productid":"71","name":"Black Granite Motif (free)","type":"Motif","part":"Headstone","side":"Front","src":"1_169_04","item":"1_169_04","price":0,"quantity":1,"color":"#ffffff","colorName":"White","x":0,"y":0,"flipx":1,"flipy":1,"rotation":0,"height":205,"ratio":0.24848484848484848,"itemID":31}]