[{"productid":124,"type":"Headstone","shape":"Square","color":"#000000","fixed":0,"texture":"src/granites/forever2/l/African-Black.jpg","name":"Traditional Engraved Headstone","price":963.19,"quantity":1,"width":508,"height":406.4,"_length":80,"init_width":1075,"init_height":658,"device":"desktop","dpr":2,"orientation":"landscape","version":"1.45","version_date":20250220,"mode":"2d","navigator":"Chrome (desktop), 1470x956"},{"productid":"125","name":"Inscription (Traditional Engraved)","type":"Inscription","part":"Headstone","side":"Front","price":4.1,"quantity":22,"label":"Loving daughter, sister,","font":"58.09311023622047px Lucida Calligraphy","font_size":23,"font_family":"Lucida Calligraphy","color":"#eeeeee","colorName":"Silver Gilding","x":0,"y":-391,"rotation":0,"flipx":1,"flipy":1,"height":27,"itemID":1},{"productid":"125","name":"Inscription (Traditional Engraved)","type":"Inscription","part":"Headstone","side":"Front","price":4.1,"quantity":21,"label":"mother, and grandmother","font":"58.09311023622047px Lucida Calligraphy","font_size":23,"font_family":"Lucida Calligraphy","color":"#eeeeee","colorName":"Silver Gilding","x":4,"y":-294,"rotation":0,"flipx":1,"flipy":1,"height":27,"itemID":2},{"productid":"125","name":"Inscription (Traditional Engraved)","type":"Inscription","part":"Headstone","side":"Front","price":4.1,"quantity":17,"label":"aka Peepa and Poncho","font":"65.67047244094488px Lucida Calligraphy","font_size":26,"font_family":"Lucida Calligraphy","color":"#eeeeee","colorName":"Silver Gilding","x":-4,"y":-32,"rotation":0,"flipx":1,"flipy":1,"height":31,"itemID":3},{"productid":"125","name":"Inscription (Traditional Engraved)","type":"Inscription","part":"Headstone","side":"Front","price":7.4,"quantity":18,"label":"Edith Ann Myers Casey","font":"90.9283464566929px Lucida Calligraphy","font_size":36,"font_family":"Lucida Calligraphy","color":"#eeeeee","colorName":"Silver Gilding","x":4,"y":-153,"rotation":0,"flipx":1,"flipy":1,"height":43,"itemID":4},{"productid":"125","name":"Inscription (Traditional Engraved)","type":"Inscription","part":"Headstone","side":"Front","price":4.1,"quantity":29,"label":"forever loved, forever missed ...","font":"53.04153543307086px Lucida Calligraphy","font_size":21,"font_family":"Lucida Calligraphy","color":"#eeeeee","colorName":"Silver Gilding","x":-130,"y":272,"rotation":0,"flipx":1,"flipy":1,"height":25,"itemID":5},{"productid":126,"name":"Motif (Traditional Engraved)","type":"Motif","part":"Headstone","side":"Front","src":"1_228_20","item":"1_228_20","price":258.19454,"quantity":1,"color":"#eeeeee","colorName":"Silver Gilding","colorName2":"undefined","x":327,"y":406,"flipx":"1","flipy":"-1","rotation":90,"height":177,"ratio":0.19644839067702552,"itemID":6},{"productid":126,"name":"Motif (Traditional Engraved)","type":"Motif","part":"Headstone","side":"Front","src":"1_228_20","item":"1_228_20","price":258.19454,"quantity":1,"color":"#eeeeee","colorName":"Silver Gilding","colorName2":"undefined","x":-319,"y":404,"flipx":"1","flipy":"-1","rotation":90,"height":177,"ratio":0.19644839067702552,"itemID":7},{"productid":"125","name":"Inscription (Traditional Engraved)","type":"Inscription","part":"Headstone","side":"Front","price":4.1,"quantity":23,"label":"June 9, 1940 - August 9, 2024","font":"70.72204724409448px Lucida Calligraphy","font_size":28,"font_family":"Lucida Calligraphy","color":"#eeeeee","colorName":"Silver Gilding","x":2,"y":102,"rotation":0,"flipx":1,"flipy":1,"height":30,"itemID":8},{"productid":126,"name":"Motif (Traditional Engraved)","type":"Motif","part":"Headstone","side":"Front","src":"1_157_13","item":"1_157_13","price":228.43822,"quantity":1,"color":"#eeeeee","colorName":"Silver Gilding","colorName2":"undefined","x":-506,"y":-376,"flipx":"1","flipy":"1","rotation":28,"height":56,"ratio":0.08284023668639054,"itemID":9},{"productid":126,"name":"Motif (Traditional Engraved)","type":"Motif","part":"Headstone","side":"Front","src":"1_157_13","item":"1_157_13","price":228.43822,"quantity":1,"color":"#eeeeee","colorName":"Silver Gilding","colorName2":"undefined","x":494,"y":-374,"flipx":"-1","flipy":"1","rotation":-28,"height":56,"ratio":0.08284023668639054,"itemID":10},{"productid":126,"name":"Motif (Traditional Engraved)","type":"Motif","part":"Headstone","side":"Front","src":"dolphin_008","item":"dolphin_008","price":228.43822,"quantity":1,"color":"#eeeeee","colorName":"Silver Gilding","colorName2":"undefined","x":442,"y":249,"flipx":"1","flipy":"1","rotation":-15,"height":56,"ratio":0.3888888888888889,"itemID":11},{"productid":126,"name":"Motif (Traditional Engraved)","type":"Motif","part":"Headstone","side":"Front","src":"dragonfly_02","item":"dragonfly_02","price":224.5035,"quantity":1,"color":"#eeeeee","colorName":"Silver Gilding","colorName2":"undefined","x":-514,"y":-25,"flipx":"1","flipy":"1","rotation":-32,"height":40,"ratio":0.2962962962962963,"itemID":12},{"productid":126,"name":"Motif (Traditional Engraved)","type":"Motif","part":"Headstone","side":"Front","src":"shell_003 [przekonwertowany]","item":"shell_003 [przekonwertowany]","price":226.9627,"quantity":1,"color":"#eeeeee","colorName":"Silver Gilding","colorName2":"undefined","x":-2,"y":414,"flipx":"1","flipy":"1","rotation":-91,"height":50,"ratio":0.09380863039399624,"itemID":13}]