[{"productid":4,"type":"Headstone","shape":"Gable","color":"#000000","fixed":0,"texture":"src/granites/forever2/l/18.jpg","name":"Laser Etched Black Granite Headstone","price":2565.95,"quantity":1,"width":609.5999999999999,"height":609.5999999999999,"_length":80,"init_width":1680,"init_height":889,"device":"desktop","dpr":1,"orientation":"landscape","version":"1.45","version_date":20250220,"mode":"2d","navigator":"Chrome (desktop), 1920x1080"},{"productid":"16","name":"Black Granite Inscription (free)","type":"Inscription","part":"Headstone","side":"Front","price":0,"quantity":14,"label":"Harold C. Wilson","font":"69.67187500000001px Lucida Calligraphy","font_size":49,"font_family":"Lucida Calligraphy","color":"#ffffff","colorName":"White","x":5,"y":288,"rotation":0,"flipx":1,"flipy":1,"height":43,"itemID":1},{"productid":"16","name":"Black Granite Inscription (free)","type":"Inscription","part":"Headstone","side":"Front","price":0,"quantity":17,"label":"Catherine E. Wilson","font":"75.35937500000001px Lucida Calligraphy","font_size":53,"font_family":"Lucida Calligraphy","color":"#ffffff","colorName":"White","x":4,"y":65,"rotation":0,"flipx":1,"flipy":1,"height":46,"itemID":2},{"productid":"16","name":"Black Granite Inscription (free)","type":"Inscription","part":"Headstone","side":"Front","price":0,"quantity":31,"label":"February 2, 1950 - September 18, 2021","font":"35.54687500000001px Great Vibes","font_size":25,"font_family":"Great Vibes","color":"#ffffff","colorName":"White","x":14,"y":121,"rotation":0,"flipx":1,"flipy":1,"height":30,"itemID":3},{"productid":71,"name":"Black Granite Motif (free)","type":"Motif","part":"Headstone","side":"Front","src":"1_143_20","item":"1_143_20","price":0,"quantity":1,"color":"#ffffff","colorName":"White","colorName2":"undefined","x":-9,"y":-205,"flipx":"1","flipy":"1","rotation":0,"height":245,"ratio":0.3253652058432935,"itemID":5},{"productid":"16","name":"Black Granite Inscription (free)","type":"Inscription","part":"Headstone","side":"Front","price":0,"quantity":25,"label":"May 24, 1951 - January 16, 2025","font":"29.859375000000004px Great Vibes","font_size":21,"font_family":"Great Vibes","color":"#ffffff","colorName":"White","x":24,"y":345,"rotation":0,"flipx":1,"flipy":1,"height":26,"itemID":4}]