[{"productid":4,"type":"Headstone","corner":2,"hole":3,"shape":"Serpentine","color":"#000000","fixed":0,"texture":"src/granites/forever2/l/18.jpg","name":"Laser Etched Black Granite Headstone","price":3825.49,"quantity":1,"width":609.5999999999999,"height":889,"_length":100,"init_width":375,"init_height":579,"device":"mobile","dpr":3,"orientation":"portrait","version":"1.45","version_date":20250220,"mode":"2d","navigator":"Safari (mobile(ios)), 375x812"},{"productid":4,"type":"Base","name":"Rectangle","shape":"Square","color":"#000000","fixed":0,"texture":"src/granites/forever2/l/18.jpg","price":650,"quantity":1,"width":709.5999999999999,"height":101.6,"_length":250,"init_width":375,"init_height":579,"mode":"2d"},{"productid":71,"name":"Black Granite Motif (free)","type":"Motif","part":"Headstone","side":"Front","src":"1_023_22","item":"1_023_22","price":0,"quantity":1,"color":"#ffffff","colorName":"White","colorName2":"undefined","x":-6,"y":9.599999999999998,"flipx":"1","flipy":"1","rotation":0,"height":71,"ratio":0.3837837837837838,"itemID":1},{"productid":21,"id":21,"uid":1749185014869,"path":"../upload/2025/06/","name":"Laser-etched Image","type":"Photo","item":"1749185014869photo770867421272_inner_.jpg","color":1,"mask":2,"x":-3,"y":3,"flipx":1,"flipy":1,"rotation":0,"ratio":0.9965551181102362,"shape_url":"shapes/photos/oval_horizontal.svg","part":"Headstone","side":"Front","src":"Photo770867421272_inner_65-104-671-121-61-896-654-889.jpeg","price":0,"quantity":1,"size":261,"width":"376","height":"289","itemID":10},{"productid":"16","name":"Black Granite Inscription (free)","type":"Inscription","part":"Headstone","side":"Front","price":0,"quantity":5,"label":"HENRY","font":"117.37204724409449px Garamond","font_size":106,"font_family":"Garamond","color":"#ffffff","colorName":"White","x":-3,"y":-228.42857142857144,"rotation":0,"flipx":1,"flipy":1,"height":72,"itemID":2},{"productid":"16","name":"Black Granite Inscription (free)","type":"Inscription","part":"Headstone","side":"Front","price":0,"quantity":9,"label":"John M. Jr.","font":"50.93503937007874px Garamond","font_size":46,"font_family":"Garamond","color":"#ffffff","colorName":"White","x":-135,"y":224.4000000000001,"rotation":0,"flipx":1,"flipy":1,"height":42,"itemID":3},{"productid":"16","name":"Black Granite Inscription (free)","type":"Inscription","part":"Headstone","side":"Front","price":0,"quantity":9,"label":"May 1, 1234","font":"34.32578740157481px Garamond","font_size":31,"font_family":"Garamond","color":"#ffffff","colorName":"White","x":-156,"y":276,"rotation":0,"flipx":1,"flipy":1,"height":29,"itemID":4},{"productid":"16","name":"Black Granite Inscription (free)","type":"Inscription","part":"Headstone","side":"Front","price":0,"quantity":10,"label":"May 11, 2345","font":"34.32578740157481px Garamond","font_size":31,"font_family":"Garamond","color":"#ffffff","colorName":"White","x":-156,"y":322.11428571428564,"rotation":0,"flipx":1,"flipy":1,"height":29,"itemID":5},{"productid":"16","name":"Black Granite Inscription (free)","type":"Inscription","part":"Headstone","side":"Front","price":0,"quantity":9,"label":"Lenette M.","font":"52.042322834645674px Garamond","font_size":47,"font_family":"Garamond","color":"#ffffff","colorName":"White","x":156,"y":223.02857142857147,"rotation":0,"flipx":1,"flipy":1,"height":32,"itemID":6},{"productid":"16","name":"Black Granite Inscription (free)","type":"Inscription","part":"Headstone","side":"Front","price":0,"quantity":13,"label":"August 11, 1234","font":"32.11122047244095px Garamond","font_size":29,"font_family":"Garamond","color":"#ffffff","colorName":"White","x":153,"y":273,"rotation":0,"flipx":1,"flipy":1,"height":28,"itemID":7},{"productid":"16","name":"Black Granite Inscription (free)","type":"Inscription","part":"Headstone","side":"Front","price":0,"quantity":22,"label":"WHAT A WONDERFUL, PERFECT","font":"26.5748031496063px Garamond","font_size":24,"font_family":"Garamond","color":"#ffffff","colorName":"White","x":6,"y":400.6285714285714,"rotation":0,"flipx":1,"flipy":1,"height":20,"itemID":8},{"productid":"16","name":"Black Granite Inscription (free)","type":"Inscription","part":"Headstone","side":"Front","price":0,"quantity":25,"label":"LIFE WITH YOU. I LOVE YOU MORE.","font":"26.5748031496063px Garamond","font_size":24,"font_family":"Garamond","color":"#ffffff","colorName":"White","x":0,"y":441,"rotation":0,"flipx":1,"flipy":1,"height":17,"itemID":11}]