[{"productid":4,"type":"Headstone","shape":"Right Wave","color":"#000000","fixed":0,"texture":"src/granites/forever2/l/18.jpg","name":"Laser Etched Black Granite Headstone","price":2565.95,"quantity":1,"width":609.5999999999999,"height":609.5999999999999,"_length":80,"init_width":817,"init_height":914,"device":"desktop","dpr":2,"orientation":"landscape","version":"1.45","version_date":20250220,"mode":"2d","navigator":"Safari (desktop), 2240x1260"},{"productid":"16","name":"Black Granite Inscription (free)","type":"Inscription","part":"Headstone","side":"Front","price":0,"quantity":15,"label":"Arthur Lee Bustos","font":"151.57923228346456px Garamond","font_size":58,"font_family":"Garamond","color":"#ffffff","colorName":"White","x":-234,"y":-406,"rotation":0,"flipx":1,"flipy":1,"height":42,"itemID":1},{"productid":"16","name":"Black Granite Inscription (free)","type":"Inscription","part":"Headstone","side":"Front","price":0,"quantity":44,"label":"Beloved Dad, Pampo, Papa, Sweetheart, Son, Brother","font":"62.72244094488189px Garamond","font_size":24,"font_family":"Garamond","color":"#ffffff","colorName":"White","x":-32,"y":-151.5,"rotation":0,"flipx":1,"flipy":1,"height":24,"itemID":3},{"productid":2300,"id":2300,"uid":1750549868225,"path":"../upload/2025/06/","name":"Vitreous Enamel","type":"Photo","item":"1750549868225175054986822520140610_10.jpg","color":0,"mask":0,"x":528,"y":-526,"flipx":1,"flipy":1,"rotation":0,"ratio":1.029361722290184,"shape_url":"shapes/photos/oval_vertical.svg","part":"Headstone","side":"Front","src":"20140610_104313.JPEG","price":490,"quantity":1,"size":"130 x 180 mm","itemID":5},{"productid":"16","name":"Black Granite Inscription (free)","type":"Inscription","part":"Headstone","side":"Front","price":0,"quantity":27,"label":"June 5, 1952 - September 20, 2023","font":"70.56274606299212px Garamond","font_size":27,"font_family":"Garamond","color":"#ffffff","colorName":"White","x":-16,"y":-260.96875,"rotation":0,"flipx":1,"flipy":1,"height":27,"itemID":2},{"productid":"16","name":"Black Granite Inscription (free)","type":"Inscription","part":"Headstone","side":"Front","price":0,"quantity":26,"label":"In my heart you&apos;re always found","font":"120.21801181102362px Great Vibes","font_size":46,"font_family":"Great Vibes","color":"#ffffff","colorName":"White","x":-46,"y":664.875,"rotation":0,"flipx":1,"flipy":1,"height":54,"itemID":6},{"productid":2300,"id":2300,"uid":1750550850405,"path":"../upload/2025/06/","name":"Vitreous Enamel","type":"Photo","item":"1750550850405c082e335a0af4c36a53be351.jpg","color":0,"mask":0,"x":-556,"y":216,"flipx":1,"flipy":1,"rotation":0,"ratio":1.029361722290184,"shape_url":"shapes/photos/oval_vertical.svg","part":"Headstone","side":"Front","src":"C082E335-A0AF-4C36-A53B-E35116C380D6.JPEG","price":490,"quantity":1,"size":"130 x 180 mm","itemID":7},{"productid":21,"id":21,"uid":1750551178608,"path":"../upload/2025/06/","name":"Laser-etched Image","type":"Photo","item":"17505511786082db2d3e8310b470f9c0aa911.jpg","color":1,"mask":3,"x":182,"y":226,"flipx":1,"flipy":1,"rotation":0,"ratio":0.7777399679525836,"shape_url":"shapes/photos/rectangle_horizontal.svg","part":"Headstone","side":"Front","src":"2DB2D3E8-310B-470F-9C0A-A911B954F8B4.JPEG","price":0,"quantity":1,"size":136,"width":"887","height":"355","itemID":8}]