[{"productid":4,"type":"Headstone","shape":"Square","color":"#000000","fixed":0,"texture":"src/granites/forever2/l/18.jpg","name":"Laser Etched Black Granite Headstone","price":6601.05,"quantity":1,"width":914.4,"height":1199.896,"_length":100,"init_width":432,"init_height":758,"device":"mobile","dpr":2.5,"orientation":"portrait","version":"1.45","version_date":20250220,"mode":"2d","navigator":"Chrome (mobile(android)), 432x960"},{"productid":4,"type":"Base","name":"Rectangle","flower_pot_holes":true,"base_flower_pots":"3","shape":"Square","color":"#000000","fixed":0,"texture":"src/granites/forever2/l/18.jpg","price":793,"quantity":1,"width":1014.4,"height":100,"_length":250,"init_width":432,"init_height":758,"mode":"2d"},{"productid":71,"name":"Black Granite Motif (free)","type":"Motif","part":"Headstone","side":"Front","src":"2_116_05","item":"2_116_05","price":0,"quantity":1,"color":"#ffffff","colorName":"White","colorName2":"undefined","x":-268.9972457885742,"y":-186.97676879527572,"flipx":"1","flipy":"1","rotation":0,"height":414,"ratio":0.5686813186813187,"itemID":1},{"productid":71,"name":"Black Granite Motif (free)","type":"Motif","part":"Headstone","side":"Front","src":"1_169_08","item":"1_169_08","price":0,"quantity":1,"color":"#ffffff","colorName":"White","colorName2":"undefined","x":-262.9963150024414,"y":264.0119525887071,"flipx":"1","flipy":"1","rotation":0,"height":228,"ratio":0.3568075117370892,"itemID":2},{"productid":21,"id":21,"uid":1750184850596,"path":"../upload/2025/06/","name":"Laser-etched Image","type":"Photo","item":"1750184850596without_name_cropped.jpg","color":1,"mask":1,"x":117.99910736083984,"y":-20.687984858231985,"flipx":1,"flipy":1,"rotation":0,"ratio":1.489749786843106,"shape_url":"shapes/photos/rectangle_vertical.svg","part":"Headstone","side":"Front","src":"without name.JPG","price":0,"quantity":1,"size":697,"width":"431","height":"565","itemID":3},{"productid":71,"name":"Black Granite Motif (free)","type":"Motif","part":"Headstone","side":"Front","src":"2_116_01","item":"2_116_01","price":0,"quantity":1,"color":"#ffffff","colorName":"White","colorName2":"undefined","x":270.99806213378906,"y":307.1979384255702,"flipx":"1","flipy":"1","rotation":0,"height":115,"ratio":0.20646319569120286,"itemID":4},{"productid":"16","name":"Black Granite Inscription (free)","type":"Inscription","part":"Headstone","side":"Front","price":0,"quantity":18,"label":"J. STEPHEN RODRIGUES","font":"40.50324025922074px Garamond","font_size":50,"font_family":"Garamond","color":"#ffffff","colorName":"White","x":101.00279235839844,"y":236.50554924984164,"rotation":0,"flipx":1,"flipy":1,"height":46,"itemID":5},{"productid":"16","name":"Black Granite Inscription (free)","type":"Inscription","part":"Headstone","side":"Front","price":0,"quantity":21,"label":"30-06-1941  -  07-07-2024","font":"25.922073765901274px Garamond","font_size":32,"font_family":"Garamond","color":"#ffffff","colorName":"White","x":46.98987579345703,"y":301.6850385126746,"rotation":0,"flipx":1,"flipy":1,"height":25,"itemID":6},{"productid":"16","name":"Black Granite Inscription (free)","type":"Inscription","part":"Headstone","side":"Front","price":0,"quantity":11,"label":"Psalm 116:15","font":"24.301944155532446px Garamond","font_size":30,"font_family":"Garamond","color":"#ffffff","colorName":"White","x":260.99169921875,"y":-262.09629240396634,"rotation":0,"flipx":1,"flipy":1,"height":23,"itemID":7},{"productid":"16","name":"Black Granite Inscription (free)","type":"Inscription","part":"Headstone","side":"Front","price":0,"quantity":49,"label":"Precious in the sight of the LORD is the death of his saints.","font":"25.11200896071686px Garamond","font_size":31,"font_family":"Garamond","color":"#ffffff","colorName":"White","x":64.9991455078125,"y":-299.51280986050483,"rotation":0,"flipx":1,"flipy":1,"height":33,"itemID":8}]