[{"productid":4,"type":"Headstone","shape":"Serpentine","color":"#000000","fixed":0,"texture":"src/granites/forever2/l/18.jpg","name":"Laser Etched Black Granite Headstone","price":3939.99,"quantity":1,"width":914.4,"height":609.5999999999999,"_length":80,"init_width":320,"init_height":507,"device":"mobile","dpr":3.375,"orientation":"portrait","version":"1.45","version_date":20250220,"mode":"2d","navigator":"Chrome (mobile(android)), 320x694"},{"productid":71,"name":"Black Granite Motif (free)","type":"Motif","part":"Headstone","side":"Front","src":"1_171_08","item":"1_171_08","price":0,"quantity":1,"color":"#ffffff","colorName":"White","colorName2":"undefined","x":417.0000114440918,"y":171.9992574657913,"flipx":"1","flipy":"1","rotation":0,"height":197,"ratio":0.21816168327796234,"itemID":1},{"productid":71,"name":"Black Granite Motif (free)","type":"Motif","part":"Headstone","side":"Front","src":"1_172_18","item":"1_172_18","price":0,"quantity":1,"color":"#ffffff","colorName":"White","colorName2":"undefined","x":402.9999809265137,"y":43.000307463094714,"flipx":"1","flipy":"1","rotation":0,"height":101,"ratio":0.13593539703903096,"itemID":2},{"productid":71,"name":"Black Granite Motif (free)","type":"Motif","part":"Headstone","side":"Front","src":"1_172_18","item":"1_172_18","price":0,"quantity":1,"color":"#ffffff","colorName":"White","colorName2":"undefined","x":439,"y":-128,"flipx":"1","flipy":"1","rotation":0,"height":101,"ratio":0.13593539703903096,"itemID":3},{"productid":71,"name":"Black Granite Motif (free)","type":"Motif","part":"Headstone","side":"Front","src":"cross_010","item":"cross_010","price":0,"quantity":1,"color":"#ffffff","colorName":"White","colorName2":"undefined","x":1,"y":-288,"flipx":"1","flipy":"1","rotation":0,"height":76,"ratio":0.3179916317991632,"itemID":4},{"productid":"71","name":"Black Granite Motif (free)","type":"Motif","part":"Headstone","side":"Front","src":"1_172_23","item":"1_172_23","price":0,"quantity":1,"color":"#ffffff","colorName":"White","x":-395.00001561641693,"y":211.9845283703928,"flipx":1,"flipy":1,"rotation":0,"height":76,"ratio":0.12277867528271405,"itemID":7},{"productid":71,"name":"Black Granite Motif (free)","type":"Motif","part":"Headstone","side":"Front","src":"1_172_18","item":"1_172_18","price":0,"quantity":1,"color":"#ffffff","colorName":"White","colorName2":"undefined","x":-428.16261580788785,"y":48.00002612352819,"flipx":"1","flipy":"1","rotation":-20,"height":101,"ratio":0.13593539703903096,"itemID":8},{"productid":71,"name":"Black Granite Motif (free)","type":"Motif","part":"Headstone","side":"Front","src":"1_172_18","item":"1_172_18","price":0,"quantity":1,"color":"#ffffff","colorName":"White","colorName2":"undefined","x":-454.3252449672161,"y":-132.98678209654702,"flipx":"1","flipy":"1","rotation":-20,"height":101,"ratio":0.13593539703903096,"itemID":9},{"productid":2300,"id":2300,"uid":1750093885098,"path":"../upload/2025/06/","name":"Vitreous Enamel","type":"Photo","item":"17500938850981000000034_cropped.jpg","color":0,"mask":0,"x":150.99999046325684,"y":60.99562015571075,"flipx":1,"flipy":1,"rotation":0,"ratio":0.8160766321532644,"shape_url":"shapes/photos/oval_vertical.svg","part":"Headstone","side":"Front","src":"1000000034.jpg","price":490,"quantity":1,"size":"130 x 180 mm","itemID":10},{"productid":"16","name":"Black Granite Inscription (free)","type":"Inscription","part":"Headstone","side":"Front","price":0,"quantity":9,"label":"RODRIGUEZ","font":"115.15748031496065px Garamond","font_size":100,"font_family":"Garamond","color":"#ffffff","colorName":"White","x":-10,"y":-131,"rotation":0,"flipx":1,"flipy":1,"height":70,"itemID":5},{"productid":"16","name":"Black Granite Inscription (free)","type":"Inscription","part":"Headstone","side":"Front","price":0,"quantity":22,"label":"Add a saying here12345678","font":"62.18503937007875px Garamond","font_size":54,"font_family":"Garamond","color":"#ffffff","colorName":"White","x":6.9999895095825195,"y":306.9992313422631,"rotation":0,"flipx":1,"flipy":1,"height":54,"itemID":6}]