[{"productid":4,"type":"Headstone","shape":"Serpentine","color":"#000000","fixed":0,"texture":"src/granites/forever2/l/18.jpg","name":"Laser Etched Black Granite Headstone","price":2565.95,"quantity":1,"width":609.5999999999999,"height":609.5999999999999,"_length":80,"init_width":375,"init_height":539,"device":"mobile","dpr":3,"orientation":"portrait","version":"1.45","version_date":20250220,"mode":"2d","navigator":"Safari (mobile(ios)), 375x812"},{"productid":"16","name":"Black Granite Inscription (free)","type":"Inscription","part":"Headstone","side":"Front","price":0,"quantity":9,"label":"1991-2025","font":"179.933562992126px Garamond","font_size":100,"font_family":"Garamond","color":"#ffffff","colorName":"White","x":-6,"y":-130.390625,"rotation":0,"flipx":1,"flipy":1,"height":67,"itemID":2},{"productid":"16","name":"Black Granite Inscription (free)","type":"Inscription","part":"Headstone","side":"Front","price":0,"quantity":20,"label":"Thomas Shiobara Nevill","font":"86.36811023622049px Garamond","font_size":48,"font_family":"Garamond","color":"#ffffff","colorName":"White","x":-9,"y":-246,"rotation":0,"flipx":1,"flipy":1,"height":35,"itemID":1},{"productid":"16","name":"Black Granite Inscription (free)","type":"Inscription","part":"Headstone","side":"Front","price":0,"quantity":41,"label":"He was boring and his wife refused to get him water","font":"46.78272637795276px Garamond","font_size":26,"font_family":"Garamond","color":"#ffffff","colorName":"White","x":-5,"y":-18.453125,"rotation":0,"flipx":1,"flipy":1,"height":26,"itemID":3},{"productid":21,"id":21,"uid":1751131789767,"path":"../upload/2025/06/","name":"Laser-etched Image","type":"Photo","item":"175113178976720200810_120813632_ios_c.jpg","color":1,"mask":0,"x":12,"y":234,"flipx":1,"flipy":1,"rotation":0,"ratio":1.566088418635171,"shape_url":"shapes/photos/oval_vertical.svg","part":"Headstone","side":"Front","src":"20200810_120813632_iOS.jpeg","price":0,"quantity":1,"size":235,"width":"252","height":"423","itemID":4}]