[{"productid":124,"type":"Headstone","shape":"Square","color":"#000000","fixed":0,"texture":"src/granites/forever2/l/Noble-Red.jpg","name":"Traditional Engraved Headstone","price":1050.56,"quantity":1,"width":609.5999999999999,"height":380.9999999999991,"_length":80,"init_width":1126,"init_height":886,"device":"desktop","dpr":2,"orientation":"landscape","version":"1.45","version_date":20250220,"mode":"2d","navigator":"Safari (desktop), 1024x1366"},{"productid":2300,"id":2300,"uid":1751483889277,"path":"../upload/2025/07/","name":"Vitreous Enamel","type":"Photo","item":"1751483889277img_1467_cropped.jpg","color":0,"mask":0,"x":-618,"y":18,"flipx":1,"flipy":1,"rotation":0,"ratio":1.1515748031496065,"shape_url":"shapes/photos/oval_vertical.svg","part":"Headstone","side":"Front","src":"IMG_1467.jpeg","price":490,"quantity":1,"size":"130 x 180 mm","itemID":8},{"productid":7,"id":7,"uid":1751484096207,"path":"../upload/2025/07/","name":"Ceramic Image","type":"Photo","item":"1751484096207img_1662_cropped.jpg","color":0,"mask":1,"x":622,"y":40,"flipx":1,"flipy":1,"rotation":0,"ratio":0.9596456692913388,"shape_url":"shapes/photos/rectangle_vertical.svg","part":"Headstone","side":"Front","src":"IMG_1662.jpeg","price":350,"quantity":1,"size":"110 x 150 mm","itemID":9},{"productid":"125","name":"Inscription (Traditional Engraved)","type":"Inscription","part":"Headstone","side":"Front","price":7.15,"quantity":6,"label":"Klazon","font":"192.72244094488192px Lucida Calligraphy","font_size":68,"font_family":"Lucida Calligraphy","color":"#000000","colorName":"Black","x":-20,"y":-193.4375,"rotation":0,"flipx":1,"flipy":1,"height":59,"itemID":2},{"productid":"125","name":"Inscription (Traditional Engraved)","type":"Inscription","part":"Headstone","side":"Front","price":3.85,"quantity":10,"label":"May 28, 2025","font":"96.36122047244096px Lucida Calligraphy","font_size":34,"font_family":"Lucida Calligraphy","color":"#000000","colorName":"Black","x":-2,"y":2.5625,"rotation":0,"flipx":1,"flipy":1,"height":36,"itemID":3},{"productid":"125","name":"Inscription (Traditional Engraved)","type":"Inscription","part":"Headstone","side":"Front","price":3.85,"quantity":10,"label":"June 4, 2025","font":"102.02952755905514px Lucida Calligraphy","font_size":36,"font_family":"Lucida Calligraphy","color":"#000000","colorName":"Black","x":-18,"y":186.625,"rotation":0,"flipx":1,"flipy":1,"height":32,"itemID":4},{"productid":"125","name":"Inscription (Traditional Engraved)","type":"Inscription","part":"Headstone","side":"Front","price":3.85,"quantity":2,"label":"To","font":"85.0246062992126px Lucida Calligraphy","font_size":30,"font_family":"Lucida Calligraphy","color":"#000000","colorName":"Black","x":-12,"y":108.625,"rotation":0,"flipx":1,"flipy":1,"height":26,"itemID":5},{"productid":"125","name":"Inscription (Traditional Engraved)","type":"Inscription","part":"Headstone","side":"Front","price":3.85,"quantity":34,"label":"I love you forever. I like you for always.","font":"93.52706692913387px French Script","font_size":33,"font_family":"French Script","color":"#000000","colorName":"Black","x":-12,"y":346.625,"rotation":0,"flipx":1,"flipy":1,"height":31,"itemID":6},{"productid":"125","name":"Inscription (Traditional Engraved)","type":"Inscription","part":"Headstone","side":"Front","price":3.85,"quantity":32,"label":"as long as I’m living my baby you’ll be.","font":"93.52706692913387px French Script","font_size":33,"font_family":"French Script","color":"#000000","colorName":"Black","x":-8,"y":441.578125,"rotation":0,"flipx":1,"flipy":1,"height":31,"itemID":7},{"productid":"125","name":"Inscription (Traditional Engraved)","type":"Inscription","part":"Headstone","side":"Front","price":16.5,"quantity":12,"label":"Andrew Joseph","font":"181.38582677165357px Lucida Calligraphy","font_size":64,"font_family":"Lucida Calligraphy","color":"#000000","colorName":"Black","x":-1,"y":-395,"rotation":0,"flipx":1,"flipy":1,"height":76,"itemID":1}]