[{"productid":4,"type":"Headstone","shape":"Serpentine","color":"#000000","fixed":0,"texture":"src/granites/forever2/l/18.jpg","name":"Laser Etched Black Granite Headstone","price":2565.95,"quantity":1,"width":609.5999999999999,"height":609.5999999999999,"_length":80,"init_width":1296,"init_height":631,"device":"desktop","dpr":1.25,"orientation":"landscape","version":"1.45","version_date":20250220,"mode":"2d","navigator":"Chrome (desktop), 1536x864"},{"productid":4,"type":"Base","name":"Rectangle","flower_pot_holes":true,"base_flower_pots":"2","shape":"Square","color":"#000000","fixed":0,"texture":"src/granites/forever2/l/18.jpg","price":650,"quantity":1,"width":709.5999999999999,"height":101.6,"_length":250,"init_width":1296,"init_height":631,"mode":"2d"},{"productid":"16","name":"Black Granite Inscription (free)","type":"Inscription","part":"Headstone","side":"Front","price":0,"quantity":18,"label":"May 8 1995 - Nov 20 2020","font":"37.84602608267716px Garamond","font_size":35,"font_family":"Garamond","color":"#ffffff","colorName":"White","x":8,"y":245,"rotation":0,"flipx":1,"flipy":1,"height":33,"itemID":1},{"productid":"16","name":"Black Granite Inscription (free)","type":"Inscription","part":"Headstone","side":"Front","price":0,"quantity":5,"label":"HOLLE","font":"154.62804942350957px Garamond","font_size":143,"font_family":"Garamond","color":"#ffffff","colorName":"White","x":-9,"y":-95,"rotation":0,"flipx":1,"flipy":1,"height":98,"itemID":2},{"productid":"16","name":"Black Granite Inscription (free)","type":"Inscription","part":"Headstone","side":"Front","price":0,"quantity":6,"label":"Ken Ray","font":"71.36679204161979px Garamond","font_size":66,"font_family":"Garamond","color":"#ffffff","colorName":"White","x":-162,"y":0,"rotation":0,"flipx":1,"flipy":1,"height":63,"itemID":3},{"productid":"16","name":"Black Granite Inscription (free)","type":"Inscription","part":"Headstone","side":"Front","price":0,"quantity":8,"label":"Andrea Jo","font":"74.61073713442069px Garamond","font_size":69,"font_family":"Garamond","color":"#ffffff","colorName":"White","x":149,"y":0,"rotation":0,"flipx":1,"flipy":1,"height":63,"itemID":4},{"productid":"16","name":"Black Granite Inscription (free)","type":"Inscription","part":"Headstone","side":"Front","price":0,"quantity":14,"label":"death date space","font":"68.12284694881889px Garamond","font_size":63,"font_family":"Garamond","color":"#ffffff","colorName":"White","x":-19,"y":98,"rotation":0,"flipx":1,"flipy":1,"height":64,"itemID":5},{"productid":"16","name":"Black Granite Inscription (free)","type":"Inscription","part":"Headstone","side":"Front","price":0,"quantity":8,"label":"9/8/1964","font":"45.41523129921259px Garamond","font_size":42,"font_family":"Garamond","color":"#ffffff","colorName":"White","x":133,"y":42,"rotation":0,"flipx":1,"flipy":1,"height":31,"itemID":6},{"productid":21,"id":21,"uid":1751253121131,"path":"../upload/2025/06/","name":"Laser-etched Image","type":"Photo","item":"1751253121131washington_co_constables.jpg","color":1,"mask":2,"x":-9,"y":-245,"flipx":1,"flipy":1,"rotation":0,"ratio":0.410625961114038,"shape_url":"shapes/photos/oval_horizontal.svg","part":"Headstone","side":"Front","src":"Washington Co Constables Logo.jpg","price":0,"quantity":1,"size":"120","width":"140","height":"130","itemID":7},{"productid":"16","name":"Black Granite Inscription (free)","type":"Inscription","part":"Headstone","side":"Front","price":0,"quantity":9,"label":"3/29/1967","font":"45.41523129921259px Garamond","font_size":42,"font_family":"Garamond","color":"#ffffff","colorName":"White","x":-186,"y":42,"rotation":0,"flipx":1,"flipy":1,"height":31,"itemID":8},{"productid":21,"id":21,"uid":1751253525828,"path":"../upload/2025/06/","name":"Laser-etched Image","type":"Photo","item":"1751253525828dsc00039_1_cropped.jpg","color":1,"mask":1,"x":265,"y":236,"flipx":1,"flipy":1,"rotation":0,"ratio":0.5782982285689368,"shape_url":"shapes/photos/rectangle_vertical.svg","part":"Headstone","side":"Front","src":"DSC00039 (1).JPG","price":0,"quantity":1,"size":"169","width":"127","height":"183","itemID":9},{"productid":21,"id":21,"uid":1751254662429,"path":"../upload/2025/06/","name":"Laser-etched Image","type":"Photo","item":"1751254662429dsc00030_cropped.jpg","color":1,"mask":1,"x":-261,"y":234,"flipx":1,"flipy":1,"rotation":0,"ratio":0.5440793984761003,"shape_url":"shapes/photos/rectangle_vertical.svg","part":"Headstone","side":"Front","src":"DSC00030.JPG","price":80,"quantity":1,"size":"159","width":"135","height":"172","itemID":10},{"productid":"16","name":"Black Granite Inscription (free)","type":"Inscription","part":"Headstone","side":"Front","price":0,"quantity":10,"label":"Samantha Jo","font":"67.04153191788527px Garamond","font_size":62,"font_family":"Garamond","color":"#ffffff","colorName":"White","x":4,"y":174,"rotation":0,"flipx":1,"flipy":1,"height":57,"itemID":11}]