[{"productid":4,"type":"Headstone","shape":"Headstone 8","color":"#000000","fixed":4,"texture":"src/granites/forever2/l/18.jpg","name":"Laser Etched Black Granite Headstone","price":1887.38,"quantity":1,"width":381,"height":652.5499999999998,"_length":80,"init_width":1255,"init_height":826,"device":"desktop","dpr":1,"orientation":"landscape","version":"1.45","version_date":20250220,"mode":"2d","navigator":"Chrome (desktop), 1920x1080"},{"productid":4,"type":"Base","name":"Rectangle","shape":"Rectangle","color":"#000000","fixed":0,"texture":"src/granites/forever2/l/18.jpg","price":513,"quantity":1,"width":"457.2","height":100,"_length":250,"init_width":1255,"init_height":826,"mode":"2d"},{"productid":21,"id":21,"uid":1751478302068,"path":"../upload/2025/07/","name":"Laser-etched Image","type":"Photo","item":"1751478302068matty_cropped.jpg","color":1,"mask":0,"x":-122,"y":-242,"flipx":1,"flipy":1,"rotation":0,"ratio":0.47159657165636854,"shape_url":"shapes/photos/oval_vertical.svg","part":"Headstone","side":"Front","src":"Matty.jpg","price":0,"quantity":1,"size":182,"width":"153","height":"195","itemID":1},{"productid":21,"id":21,"uid":1751478383023,"path":"../upload/2025/07/","name":"Laser-etched Image","type":"Photo","item":"1751478383023matt_girls_cropped.jpg","color":1,"mask":3,"x":119,"y":-113.99999999999994,"flipx":1,"flipy":1,"rotation":0,"ratio":0.3135339844528604,"shape_url":"shapes/photos/rectangle_horizontal.svg","part":"Headstone","side":"Front","src":"MATT GIRLS.jpg","price":0,"quantity":1,"size":121,"width":"169","height":"129","itemID":2},{"productid":21,"id":21,"uid":1751478445798,"path":"../upload/2025/07/","name":"Laser-etched Image","type":"Photo","item":"1751478445798collage_20250629_12_56_4.jpg","color":1,"mask":1,"x":-113,"y":262.00000000000006,"flipx":1,"flipy":1,"rotation":0,"ratio":0.42495515248156285,"shape_url":"shapes/photos/rectangle_vertical.svg","part":"Headstone","side":"Front","src":"Collage_2025-06-29_12_56_44.jpg","price":80,"quantity":1,"size":164,"width":"142","height":"176","itemID":3},{"productid":"16","name":"Black Granite Inscription (free)","type":"Inscription","part":"Headstone","side":"Front","price":0,"quantity":8,"label":"HUTCHENS","font":"68.49033286824799px Garamond","font_size":64,"font_family":"Garamond","color":"#ffffff","colorName":"White","x":4,"y":35,"rotation":0,"flipx":1,"flipy":1,"height":46,"itemID":5},{"productid":"16","name":"Black Granite Inscription (free)","type":"Inscription","part":"Headstone","side":"Front","price":0,"quantity":25,"label":"BELOVED FATHER, SON, BROTHER","font":"23.543551923460246px Garamond","font_size":22,"font_family":"Garamond","color":"#ffffff","colorName":"White","x":5,"y":120,"rotation":0,"flipx":1,"flipy":1,"height":19,"itemID":11},{"productid":"16","name":"Black Granite Inscription (free)","type":"Inscription","part":"Headstone","side":"Front","price":0,"quantity":21,"label":"GRANDSON, UNCLE & NEPHEW","font":"23.543551923460246px Garamond","font_size":22,"font_family":"Garamond","color":"#ffffff","colorName":"White","x":7,"y":152.00000000000006,"rotation":0,"flipx":1,"flipy":1,"height":19,"itemID":13},{"productid":"16","name":"Black Granite Inscription (free)","type":"Inscription","part":"Headstone","side":"Front","price":0,"quantity":7,"label":"REV 21:4","font":"31.03468208092487px Garamond","font_size":29,"font_family":"Garamond","color":"#ffffff","colorName":"White","x":28,"y":-210,"rotation":0,"flipx":1,"flipy":1,"height":20,"itemID":10},{"productid":"16","name":"Black Granite Inscription (free)","type":"Inscription","part":"Headstone","side":"Front","price":0,"quantity":13,"label":"MATTHEW JOSEPH","font":"42.806458042654995px Garamond","font_size":40,"font_family":"Garamond","color":"#ffffff","colorName":"White","x":7,"y":-14,"rotation":0,"flipx":1,"flipy":1,"height":37,"itemID":4},{"productid":"16","name":"Black Granite Inscription (free)","type":"Inscription","part":"Headstone","side":"Front","price":0,"quantity":19,"label":"JAN 4,  1995 - JAN 9, 2024","font":"28.894359178792122px Garamond","font_size":27,"font_family":"Garamond","color":"#ffffff","colorName":"White","x":10,"y":77,"rotation":0,"flipx":1,"flipy":1,"height":24,"itemID":6},{"productid":"16","name":"Black Granite Inscription (free)","type":"Inscription","part":"Headstone","side":"Front","price":0,"quantity":7,"label":"GONE TOO","font":"34.245166434123995px Garamond","font_size":32,"font_family":"Garamond","color":"#ffffff","colorName":"White","x":-84,"y":-110,"rotation":0,"flipx":1,"flipy":1,"height":22,"itemID":7},{"productid":"16","name":"Black Granite Inscription (free)","type":"Inscription","part":"Headstone","side":"Front","price":0,"quantity":4,"label":"SOON","font":"36.38548933625675px Garamond","font_size":34,"font_family":"Garamond","color":"#ffffff","colorName":"White","x":-82,"y":-77,"rotation":0,"flipx":1,"flipy":1,"height":22,"itemID":9},{"productid":"16","name":"Black Granite Inscription (free)","type":"Inscription","part":"Headstone","side":"Front","price":0,"quantity":15,"label":"YOU INTO PARADISE","font":"21.403229021327498px Garamond","font_size":20,"font_family":"Garamond","color":"#ffffff","colorName":"White","x":77,"y":209.00000000000006,"rotation":0,"flipx":1,"flipy":1,"height":14,"itemID":15},{"productid":"16","name":"Black Granite Inscription (free)","type":"Inscription","part":"Headstone","side":"Front","price":0,"quantity":9,"label":"OF OURS XOX","font":"18.192744668128373px Garamond","font_size":17,"font_family":"Garamond","color":"#ffffff","colorName":"White","x":77,"y":317.00000000000006,"rotation":0,"flipx":1,"flipy":1,"height":12,"itemID":19},{"productid":"16","name":"Black Granite Inscription (free)","type":"Inscription","part":"Headstone","side":"Front","price":0,"quantity":14,"label":"MISS YOU THE REST","font":"21.403229021327498px Garamond","font_size":20,"font_family":"Garamond","color":"#ffffff","colorName":"White","x":80,"y":299.00000000000006,"rotation":0,"flipx":1,"flipy":1,"height":15,"itemID":18},{"productid":"16","name":"Black Granite Inscription (free)","type":"Inscription","part":"Headstone","side":"Front","price":0,"quantity":16,"label":"WHOLE LIFE, WE WILL","font":"18.192744668128373px Garamond","font_size":17,"font_family":"Garamond","color":"#ffffff","colorName":"White","x":79,"y":281.00000000000006,"rotation":0,"flipx":1,"flipy":1,"height":15,"itemID":17},{"productid":"16","name":"Black Granite Inscription (free)","type":"Inscription","part":"Headstone","side":"Front","price":0,"quantity":14,"label":"WE LOVED YOU YOUR","font":"19.262906119194746px Garamond","font_size":18,"font_family":"Garamond","color":"#ffffff","colorName":"White","x":79,"y":260.00000000000006,"rotation":0,"flipx":1,"flipy":1,"height":12,"itemID":16},{"productid":"16","name":"Black Granite Inscription (free)","type":"Inscription","part":"Headstone","side":"Front","price":0,"quantity":16,"label":"MAY THE ANGELS LEAD","font":"21.403229021327498px Garamond","font_size":20,"font_family":"Garamond","color":"#ffffff","colorName":"White","x":79,"y":187.00000000000006,"rotation":0,"flipx":1,"flipy":1,"height":15,"itemID":14}]