[{"productid":4,"type":"Headstone","shape":"Serpentine","color":"#000000","fixed":0,"texture":"src/granites/forever2/l/18.jpg","name":"Laser Etched Black Granite Headstone","price":3252.97,"quantity":1,"width":762.0000000000005,"height":609.5999999999999,"_length":80,"init_width":1288,"init_height":770,"device":"desktop","dpr":1.25,"orientation":"landscape","version":"1.45","version_date":20250629,"mode":"2d","navigator":"Edge (chromium based) (desktop), 1536x960"},{"productid":4,"type":"Base","name":"Rectangle","flower_pot_holes":true,"base_flower_pots":"3","shape":"Square","color":"#000000","fixed":0,"texture":"src/granites/forever2/l/18.jpg","price":727,"quantity":1,"width":862.0000000000005,"height":101.6,"_length":250,"init_width":1288,"init_height":770,"mode":"2d"},{"productid":"16","name":"Black Granite Inscription (free)","type":"Inscription","part":"Headstone","side":"Front","price":0,"quantity":19,"label":"Gracie Louise Johnson","font":"90.78248031496058px French Script","font_size":84,"font_family":"French Script","color":"#ffffff","colorName":"White","x":-2,"y":-106,"rotation":0,"flipx":1,"flipy":1,"height":81,"itemID":1},{"productid":"16","name":"Black Granite Inscription (free)","type":"Inscription","part":"Headstone","side":"Front","price":0,"quantity":15,"label":"12/20/24 - 7/5/25","font":"71.32909167604046px French Script","font_size":66,"font_family":"French Script","color":"#ffffff","colorName":"White","x":-7,"y":-6,"rotation":0,"flipx":1,"flipy":1,"height":47,"itemID":2},{"productid":71,"name":"Black Granite Motif (free)","type":"Motif","part":"Headstone","side":"Front","src":"1_153_10","item":"1_153_10","price":0,"quantity":1,"color":"#ffffff","colorName":"White","colorName2":"undefined","x":293,"y":209,"flipx":"-1","flipy":"1","rotation":0,"height":203,"ratio":0.2937771345875543,"itemID":3},{"productid":71,"name":"Black Granite Motif (free)","type":"Motif","part":"Headstone","side":"Front","src":"1_153_10","item":"1_153_10","price":0,"quantity":1,"color":"#ffffff","colorName":"White","colorName2":"undefined","x":-292,"y":209,"flipx":"1","flipy":"1","rotation":0,"height":203,"ratio":0.2937771345875543,"itemID":4},{"productid":71,"name":"Black Granite Motif (free)","type":"Motif","part":"Headstone","side":"Front","src":"1_037_13","item":"1_037_13","price":0,"quantity":1,"color":"#ffffff","colorName":"White","colorName2":"undefined","x":-340,"y":-155,"flipx":"1","flipy":"1","rotation":0,"height":146,"ratio":0.15852334419109662,"itemID":5},{"productid":71,"name":"Black Granite Motif (free)","type":"Motif","part":"Headstone","side":"Front","src":"1_037_13","item":"1_037_13","price":0,"quantity":1,"color":"#ffffff","colorName":"White","colorName2":"undefined","x":333,"y":-156,"flipx":"-1","flipy":"1","rotation":0,"height":146,"ratio":0.15852334419109662,"itemID":6},{"productid":71,"name":"Black Granite Motif (free)","type":"Motif","part":"Headstone","side":"Front","src":"1_169_04","item":"1_169_04","price":0,"quantity":1,"color":"#ffffff","colorName":"White","colorName2":"undefined","x":1,"y":-232,"flipx":"1","flipy":"1","rotation":0,"height":156,"ratio":0.1890909090909091,"itemID":7},{"productid":21,"id":21,"uid":1752102763972,"path":"../upload/2025/07/","name":"Laser-etched Image","type":"Photo","item":"1752102763972gracie_and_jesus_cropped.jpg","color":1,"mask":1,"x":-12.5,"y":162.41558441558442,"flipx":1,"flipy":1,"rotation":0,"ratio":0.6428320343885582,"shape_url":"shapes/photos/rectangle_vertical.svg","part":"Headstone","side":"Front","src":"gracie and jesus.jpg","price":0,"quantity":1,"size":229,"width":"193","height":"247","itemID":8}]