[{"productid":4,"type":"Headstone","promo_code":"undefined","corner":2,"hole":3,"shape":"Serpentine","color":"#000000","fixed":0,"texture":"src/granites/forever2/l/18.jpg","name":"Laser Etched Black Granite Headstone","price":3939.99,"quantity":1,"width":914.4000000000001,"height":609.5999999999999,"_length":80,"init_width":784,"init_height":581,"device":"tablet","dpr":2,"orientation":"landscape","version":"1.45","version_date":20250629,"mode":"2d","navigator":"Safari (tablet(ios)), 768x1024"},{"productid":21,"id":21,"uid":1752178135107,"path":"../upload/2025/07/","name":"Laser-etched Image","type":"Photo","item":"17521781351070d9f272f7b4c44a28b4c2101.jpg","color":1,"mask":1,"x":-176,"y":-96,"flipx":-1,"flipy":1,"rotation":0,"ratio":0.4896428056029078,"shape_url":"shapes/photos/rectangle_vertical.svg","part":"Headstone","side":"Front","src":"0D9F272F-7B4C-44A2-8B4C-210136EDEACC.jpeg","price":0,"quantity":1,"size":115,"width":"100","height":"142","itemID":2},{"productid":21,"id":21,"uid":1752179610732,"path":"../upload/2025/07/","name":"Laser-etched Image","type":"Photo","item":"17521796107324f2823cfd0a946528650695b.jpg","color":1,"mask":3,"x":184,"y":-84,"flipx":-1,"flipy":1,"rotation":0,"ratio":0.3917142444823262,"shape_url":"shapes/photos/rectangle_horizontal.svg","part":"Headstone","side":"Front","src":"4F2823CF-D0A9-4652-8650-695B28EFA51B.jpeg","price":0,"quantity":1,"size":92,"width":"130","height":"114","itemID":4},{"productid":21,"id":21,"uid":1752180157445,"path":"../upload/2025/07/","name":"Laser-etched Image","type":"Photo","item":"1752180157445a285d5b7d0be454097850fef.jpg","color":1,"mask":0,"x":8,"y":16,"flipx":1,"flipy":1,"rotation":0,"ratio":0.6812421643170892,"shape_url":"shapes/photos/oval_vertical.svg","part":"Headstone","side":"Front","src":"A285D5B7-D0BE-4540-9785-0FEFFFFA7F2D.jpeg","price":80,"quantity":1,"size":160,"width":"139","height":"198","itemID":6},{"productid":21,"id":21,"uid":1752354509327,"path":"../upload/2025/07/","name":"Laser-etched Image","type":"Photo","item":"1752354509327361ab7a15a3f4049a6ce359a.jpg","color":1,"mask":3,"x":-184,"y":118,"flipx":1,"flipy":1,"rotation":0,"ratio":0.3917142444823262,"shape_url":"shapes/photos/rectangle_horizontal.svg","part":"Headstone","side":"Front","src":"361AB7A1-5A3F-4049-A6CE-359AC2FC57F3.jpeg","price":80,"quantity":1,"size":92,"width":"136","height":"114","itemID":7},{"productid":21,"id":21,"uid":1752359667878,"path":"../upload/2025/07/","name":"Laser-etched Image","type":"Photo","item":"17523596678782caa6c738ed840809b82ff01.jpg","color":1,"mask":0,"x":6,"y":12,"flipx":1,"flipy":1,"rotation":0,"ratio":0.8983881041931613,"shape_url":"shapes/photos/oval_vertical.svg","part":"Headstone","side":"Front","src":"2CAA6C73-8ED8-4080-9B82-FF0185E7200C.jpeg","price":80,"quantity":1,"size":211,"width":"247","height":"261","itemID":8},{"productid":21,"id":21,"uid":1752359667878,"name":"Laser-etched Image","type":"Photo","item":"17523596678782caa6c738ed840809b82ff01.jpg","color":1,"mask":0,"x":183.0567286531193,"y":124,"flipx":1,"flipy":1,"rotation":0,"ratio":0.8983881041931613,"shape_url":"shapes/photos/oval_vertical.svg","part":"Headstone","side":"Front","src":"2CAA6C73-8ED8-4080-9B82-FF0185E7200C.jpeg","price":80,"quantity":1,"size":211,"width":"247","height":"261","itemID":9},{"productid":21,"id":21,"uid":1752359667878,"name":"Laser-etched Image","type":"Photo","item":"17523596678782caa6c738ed840809b82ff01.jpg","color":1,"mask":0,"x":184.11345730623862,"y":-88,"flipx":1,"flipy":1,"rotation":0,"ratio":0.8983881041931613,"shape_url":"shapes/photos/oval_vertical.svg","part":"Headstone","side":"Front","src":"2CAA6C73-8ED8-4080-9B82-FF0185E7200C.jpeg","price":80,"quantity":1,"size":211,"width":"247","height":"261","itemID":10},{"productid":21,"id":21,"uid":1752359667878,"name":"Laser-etched Image","type":"Photo","item":"17523596678782caa6c738ed840809b82ff01.jpg","color":1,"mask":0,"x":15.17018595935815,"y":-194,"flipx":1,"flipy":1,"rotation":0,"ratio":0.8983881041931613,"shape_url":"shapes/photos/oval_vertical.svg","part":"Headstone","side":"Front","src":"2CAA6C73-8ED8-4080-9B82-FF0185E7200C.jpeg","price":80,"quantity":1,"size":211,"width":"247","height":"261","itemID":11},{"productid":21,"id":21,"uid":1752359667878,"name":"Laser-etched Image","type":"Photo","item":"17523596678782caa6c738ed840809b82ff01.jpg","color":1,"mask":0,"x":994.2269146124775,"y":12,"flipx":1,"flipy":1,"rotation":0,"ratio":0.8983881041931613,"shape_url":"shapes/photos/oval_vertical.svg","part":"Headstone","side":"Front","src":"2CAA6C73-8ED8-4080-9B82-FF0185E7200C.jpeg","price":80,"quantity":1,"size":211,"width":"247","height":"261","itemID":12},{"productid":21,"id":21,"uid":1752359667878,"name":"Laser-etched Image","type":"Photo","item":"17523596678782caa6c738ed840809b82ff01.jpg","color":1,"mask":0,"x":1241.2836432655968,"y":12,"flipx":1,"flipy":1,"rotation":0,"ratio":0.8983881041931613,"shape_url":"shapes/photos/oval_vertical.svg","part":"Headstone","side":"Front","src":"2CAA6C73-8ED8-4080-9B82-FF0185E7200C.jpeg","price":80,"quantity":1,"size":211,"width":"247","height":"261","itemID":13},{"productid":21,"id":21,"uid":1752359667878,"name":"Laser-etched Image","type":"Photo","item":"17523596678782caa6c738ed840809b82ff01.jpg","color":1,"mask":0,"x":1488.340371918716,"y":12,"flipx":1,"flipy":1,"rotation":0,"ratio":0.8983881041931613,"shape_url":"shapes/photos/oval_vertical.svg","part":"Headstone","side":"Front","src":"2CAA6C73-8ED8-4080-9B82-FF0185E7200C.jpeg","price":80,"quantity":1,"size":211,"width":"247","height":"261","itemID":14},{"productid":21,"id":21,"uid":1752359667878,"name":"Laser-etched Image","type":"Photo","item":"17523596678782caa6c738ed840809b82ff01.jpg","color":1,"mask":0,"x":0.11345730623861527,"y":222,"flipx":1,"flipy":1,"rotation":0,"ratio":0.8983881041931613,"shape_url":"shapes/photos/oval_vertical.svg","part":"Headstone","side":"Front","src":"2CAA6C73-8ED8-4080-9B82-FF0185E7200C.jpeg","price":80,"quantity":1,"size":211,"width":"247","height":"261","itemID":15},{"productid":21,"id":21,"uid":1752359667878,"name":"Laser-etched Image","type":"Photo","item":"17523596678782caa6c738ed840809b82ff01.jpg","color":1,"mask":0,"x":-176.82981404064208,"y":120,"flipx":1,"flipy":1,"rotation":0,"ratio":0.8983881041931613,"shape_url":"shapes/photos/oval_vertical.svg","part":"Headstone","side":"Front","src":"2CAA6C73-8ED8-4080-9B82-FF0185E7200C.jpeg","price":80,"quantity":1,"size":211,"width":"247","height":"261","itemID":16},{"productid":21,"id":21,"uid":1752359667878,"name":"Laser-etched Image","type":"Photo","item":"17523596678782caa6c738ed840809b82ff01.jpg","color":1,"mask":0,"x":-169.77308538752277,"y":-96,"flipx":1,"flipy":1,"rotation":0,"ratio":0.8983881041931613,"shape_url":"shapes/photos/oval_vertical.svg","part":"Headstone","side":"Front","src":"2CAA6C73-8ED8-4080-9B82-FF0185E7200C.jpeg","price":80,"quantity":1,"size":211,"width":"247","height":"261","itemID":17},{"productid":21,"id":21,"uid":1752359846924,"path":"../upload/2025/07/","name":"Laser-etched Image","type":"Photo","item":"17523598469243ffd483ce1d244ceb6e4c303.jpg","color":1,"mask":3,"x":2,"y":232,"flipx":1,"flipy":1,"rotation":0,"ratio":0.34913660921250816,"shape_url":"shapes/photos/rectangle_horizontal.svg","part":"Headstone","side":"Front","src":"3FFD483C-E1D2-44CE-B6E4-C3038F15B8AC.jpeg","price":80,"quantity":1,"size":82,"width":"124","height":"102","itemID":18},{"productid":21,"id":21,"uid":1752359960613,"path":"../upload/2025/07/","name":"Laser-etched Image","type":"Photo","item":"1752359960613a627cf938c7a471eb99628b6.jpg","color":1,"mask":0,"x":184,"y":120,"flipx":1,"flipy":1,"rotation":0,"ratio":0.4172608256442171,"shape_url":"shapes/photos/oval_vertical.svg","part":"Headstone","side":"Front","src":"A627CF93-8C7A-471E-B996-28B69F94F418.jpeg","price":80,"quantity":1,"size":98,"width":"110","height":"121","itemID":19},{"productid":21,"id":21,"uid":1752360063953,"path":"../upload/2025/07/","name":"Laser-etched Image","type":"Photo","item":"175236006395310280e8adee04aac9f93c113.jpg","color":1,"mask":3,"x":16,"y":-198,"flipx":1,"flipy":1,"rotation":0,"ratio":0.5151893867647986,"shape_url":"shapes/photos/rectangle_horizontal.svg","part":"Headstone","side":"Front","src":"10280E8A-DEE0-4AAC-9F93-C11398786D0E.jpeg","price":80,"quantity":1,"size":121,"width":"193","height":"150","itemID":20}]