[{"productid":4,"type":"Headstone","shape":"Serpentine","color":"#000000","fixed":0,"texture":"src/granites/forever2/l/18.jpg","name":"Laser Etched Black Granite Headstone","price":2565.95,"quantity":1,"width":609.5999999999999,"height":609.5999999999999,"_length":80,"init_width":1200,"init_height":675,"device":"desktop","dpr":1,"orientation":"landscape","version":"1.45","version_date":20250629,"mode":"2d","navigator":"Chrome (desktop), 1440x900"},{"productid":21,"id":21,"uid":1752617295835,"path":"../upload/2025/07/","name":"Laser-etched Image","type":"Photo","item":"1752617295835mad_stace_bon_cropped.jpg","color":1,"mask":3,"x":-2,"y":-133,"flipx":1,"flipy":1,"rotation":0,"ratio":0.6260410357359176,"shape_url":"shapes/photos/rectangle_vertical.svg","part":"Headstone","side":"Front","src":"mad stace bon.jpg","price":0,"quantity":1,"size":196,"width":"214","height":"212","itemID":1},{"productid":21,"id":21,"uid":1752617340991,"path":"../upload/2025/07/","name":"Laser-etched Image","type":"Photo","item":"1752617340991stace_madi_cropped.jpg","color":1,"mask":2,"x":-5,"y":196,"flipx":1,"flipy":1,"rotation":0,"ratio":0.6324292095699576,"shape_url":"shapes/photos/oval_horizontal.svg","part":"Headstone","side":"Front","src":"stace madi.jpg","price":0,"quantity":1,"size":198,"width":"247","height":"214","itemID":2},{"productid":"16","name":"Black Granite Inscription (free)","type":"Inscription","part":"Headstone","side":"Front","price":0,"quantity":12,"label":"Dad To Madison","font":"53.9800688976378px Garamond","font_size":50,"font_family":"Garamond","color":"#ffffff","colorName":"White","x":-3,"y":11,"rotation":0,"flipx":1,"flipy":1,"height":35,"itemID":3},{"productid":"16","name":"Black Granite Inscription (free)","type":"Inscription","part":"Headstone","side":"Front","price":0,"quantity":11,"label":"\"His Girlie\"","font":"53.9800688976378px Garamond","font_size":50,"font_family":"Garamond","color":"#ffffff","colorName":"White","x":-4,"y":58,"rotation":0,"flipx":1,"flipy":1,"height":35,"itemID":4}]