[{"productid":4,"type":"Headstone","promo_code":"undefined","corner":2,"hole":3,"shape":"Serpentine","color":"#000000","fixed":0,"texture":"src/granites/forever2/l/18.jpg","name":"Laser Etched Black Granite Headstone","price":3710.99,"quantity":1,"width":762.0000000000005,"height":711.2000000000003,"_length":90,"init_width":1040,"init_height":495,"device":"desktop","dpr":1.5,"orientation":"landscape","version":"1.45","version_date":20250716,"mode":"2d","navigator":"Chrome (desktop), 1280x720"},{"productid":"16","name":"Black Granite Inscription (free)","type":"Inscription","part":"Headstone","side":"Front","price":0,"quantity":46,"label":"Anyone who believes in me will live, even after dying.\"","font":"30.401574803149586px Garamond","font_size":32,"font_family":"Garamond","color":"#ffffff","colorName":"White","x":-4,"y":128.01010101010098,"rotation":0,"flipx":1,"flipy":1,"height":34,"itemID":1},{"productid":"16","name":"Black Granite Inscription (free)","type":"Inscription","part":"Headstone","side":"Front","price":0,"quantity":4,"label":"VICK","font":"60.80314960629917px Garamond","font_size":64,"font_family":"Garamond","color":"#ffffff","colorName":"White","x":139,"y":-88,"rotation":0,"flipx":1,"flipy":1,"height":43,"itemID":2},{"productid":"16","name":"Black Granite Inscription (free)","type":"Inscription","part":"Headstone","side":"Front","price":0,"quantity":7,"label":"BRONWYN","font":"50.352608267716505px Lucida Calligraphy","font_size":53,"font_family":"Lucida Calligraphy","color":"#ffffff","colorName":"White","x":119,"y":-217,"rotation":0,"flipx":1,"flipy":1,"height":56,"itemID":3},{"productid":"16","name":"Black Granite Inscription (free)","type":"Inscription","part":"Headstone","side":"Front","price":0,"quantity":4,"label":"HOPE","font":"47.50246062992123px Lucida Calligraphy","font_size":50,"font_family":"Lucida Calligraphy","color":"#ffffff","colorName":"White","x":125,"y":-151,"rotation":0,"flipx":1,"flipy":1,"height":44,"itemID":4},{"productid":"16","name":"Black Granite Inscription (free)","type":"Inscription","part":"Headstone","side":"Front","price":0,"quantity":13,"label":"August 19, 1993","font":"32.30167322834644px Garamond","font_size":34,"font_family":"Garamond","color":"#ffffff","colorName":"White","x":148,"y":-22,"rotation":0,"flipx":1,"flipy":1,"height":35,"itemID":5},{"productid":"16","name":"Black Granite Inscription (free)","type":"Inscription","part":"Headstone","side":"Front","price":0,"quantity":10,"label":"May 26, 2025","font":"34.20177165354328px Garamond","font_size":36,"font_family":"Garamond","color":"#ffffff","colorName":"White","x":154,"y":29,"rotation":0,"flipx":1,"flipy":1,"height":35,"itemID":6},{"productid":"16","name":"Black Granite Inscription (free)","type":"Inscription","part":"Headstone","side":"Front","price":0,"quantity":40,"label":"Jesus said, \"I am the resurrection and the life.","font":"32.30167322834644px Garamond","font_size":34,"font_family":"Garamond","color":"#ffffff","colorName":"White","x":6,"y":90.00808080808082,"rotation":0,"flipx":1,"flipy":1,"height":33,"itemID":7},{"productid":21,"id":21,"uid":1752681703709,"path":"../upload/2025/07/","name":"Laser-etched Image","type":"Photo","item":"1752681703709bronwyn_headstone_right_.jpg","color":1,"mask":3,"x":221,"y":253,"flipx":1,"flipy":1,"rotation":0,"ratio":0.8964174022098038,"shape_url":"shapes/photos/rectangle_horizontal.svg","part":"Headstone","side":"Front","src":"Bronwyn headstone right picture option a butterfly flip the image.jpg","price":0,"quantity":1,"size":"234","width":"266","height":"222","itemID":8},{"productid":"16","name":"Black Granite Inscription (free)","type":"Inscription","part":"Headstone","side":"Front","price":0,"quantity":17,"label":"We love you, Bronwyn","font":"24.701279527559038px Lucida Calligraphy","font_size":26,"font_family":"Lucida Calligraphy","color":"#ffffff","colorName":"White","x":11,"y":208,"rotation":0,"flipx":1,"flipy":1,"height":31,"itemID":9},{"productid":21,"id":21,"uid":1752685259901,"path":"../upload/2025/07/","name":"Laser-etched Image","type":"Photo","item":"1752685259901bronwyn_portrait_aaa_cro.jpg","color":1,"mask":0,"x":-196.5,"y":-103.9878787878788,"flipx":1,"flipy":1,"rotation":0,"ratio":1.1645764541529076,"shape_url":"shapes/photos/oval_vertical.svg","part":"Headstone","side":"Front","src":"bronwyn portrait AAA.jpg","price":0,"quantity":1,"size":304,"width":"211","height":"289","itemID":10},{"productid":"16","name":"Black Granite Inscription (free)","type":"Inscription","part":"Headstone","side":"Front","price":0,"quantity":11,"label":"See you soon.","font":"26.60137795275589px Lucida Calligraphy","font_size":28,"font_family":"Lucida Calligraphy","color":"#ffffff","colorName":"White","x":23,"y":248,"rotation":0,"flipx":1,"flipy":1,"height":31,"itemID":11},{"productid":21,"id":21,"uid":1752786898255,"path":"../upload/2025/07/","name":"Laser-etched Image","type":"Photo","item":"1752786898255left_picture_cropped.jpg","color":1,"mask":3,"x":-176,"y":263,"flipx":1,"flipy":1,"rotation":0,"ratio":0.8236313738252471,"shape_url":"shapes/photos/rectangle_horizontal.svg","part":"Headstone","side":"Front","src":"left picture.jpg","price":80,"quantity":1,"size":"215","width":"359","height":"204","itemID":12},{"productid":"16","name":"Black Granite Inscription (free)","type":"Inscription","part":"Headstone","side":"Front","price":0,"quantity":9,"label":"John 11:25","font":"24.701279527559038px Garamond","font_size":26,"font_family":"Garamond","color":"#ffffff","colorName":"White","x":24,"y":157.39393939393938,"rotation":0,"flipx":1,"flipy":1,"height":24,"itemID":13}]