[{"productid":4,"type":"Headstone","shape":"Serpentine","color":"#000000","fixed":0,"texture":"src/granites/forever2/l/18.jpg","name":"Laser Etched Black Granite Headstone","price":2565.95,"quantity":1,"width":609.5999999999999,"height":609.5999999999999,"_length":80,"init_width":411,"init_height":720,"device":"mobile","dpr":2.625,"orientation":"portrait","version":"1.45","version_date":20250716,"mode":"2d","navigator":"Chrome (mobile(android)), 412x915"},{"productid":21,"id":21,"uid":1753398119708,"path":"../upload/2025/07/","name":"Laser-etched Image","type":"Photo","item":"17533981197081000006418_cropped.jpg","color":1,"mask":2,"x":20.81311569770753,"y":14.220436181914941,"flipx":1,"flipy":1,"rotation":0,"ratio":1.49548781988189,"shape_url":"shapes/photos/oval_vertical.svg","part":"Headstone","side":"Front","src":"1000006418.jpg","price":0,"quantity":1,"size":312,"width":"549","height":"538","itemID":1},{"productid":21,"id":21,"uid":1753398222862,"name":"Laser-etched Image","type":"Photo","item":"17533982228621000006418_cropped.jpg","color":1,"mask":2,"x":2110.938576525591,"y":0,"flipx":1,"flipy":1,"rotation":0,"ratio":5.751876230314962,"shape_url":"shapes/photos/oval_vertical.svg","part":"Headstone","side":"Front","src":"1000006418.jpg","price":0,"quantity":1,"size":1200,"width":"2111","height":"2071","itemID":3},{"productid":"16","name":"Black Granite Inscription (free)","type":"Inscription","part":"Headstone","side":"Front","price":0,"quantity":9,"label":"Macdonald","font":"172.55628690944883px Chopin Script","font_size":100,"font_family":"Chopin Script","color":"#ffffff","colorName":"White","x":-19.759500842314992,"y":-337.7370199996434,"rotation":0,"flipx":1,"flipy":1,"height":70,"itemID":6}]