[{"productid":4,"type":"Headstone","shape":"Serpentine","color":"#000000","fixed":0,"texture":"src/granites/forever2/l/18.jpg","name":"Laser Etched Black Granite Headstone","price":2651.83,"quantity":1,"width":615.9499999999999,"height":622.3,"_length":80,"init_width":384,"init_height":637,"device":"mobile","dpr":2.8125,"orientation":"portrait","version":"1.45","version_date":20250716,"mode":"2d","navigator":"Chrome (mobile(android)), 384x832"},{"productid":7,"id":7,"uid":1754821628794,"path":"../upload/2025/08/","name":"Ceramic Image","type":"Photo","item":"17548216287941000001944_cropped.jpg","color":0,"mask":0,"x":0,"y":0,"flipx":1,"flipy":1,"rotation":0,"ratio":0.2121767918284733,"shape_url":"shapes/photos/oval_vertical.svg","part":"Headstone","side":"Front","src":"1000001944.jpg","price":180,"quantity":1,"size":"30 x 40 mm","itemID":8},{"productid":7,"id":7,"uid":1754821732825,"path":"../upload/2025/08/","name":"Ceramic Image","type":"Photo","item":"17548217328251000001944_cropped.jpg","color":0,"mask":0,"x":0,"y":0,"flipx":-1,"flipy":1,"rotation":0,"ratio":1.2730607509708398,"shape_url":"shapes/photos/oval_vertical.svg","part":"Headstone","side":"Front","src":"1000001944.jpg","price":570,"quantity":1,"size":"180 x 240 mm","itemID":9},{"productid":"16","name":"Black Granite Inscription (free)","type":"Inscription","part":"Headstone","side":"Front","price":0,"quantity":15,"label":"Rest With The Best","font":"50.76329744496224px Adorable","font_size":30,"font_family":"Adorable","color":"#ffffff","colorName":"White","x":8.999991416931152,"y":-410.9574735384703,"rotation":0,"flipx":1,"flipy":1,"height":28,"itemID":1},{"productid":"16","name":"Black Granite Inscription (free)","type":"Inscription","part":"Headstone","side":"Front","price":0,"quantity":14,"label":"Turipapa  Tukere","font":"71.06861642294713px Adorable","font_size":42,"font_family":"Adorable","color":"#ffffff","colorName":"White","x":2.9999327659606934,"y":-316.22925263399446,"rotation":0,"flipx":1,"flipy":1,"height":41,"itemID":2},{"productid":"16","name":"Black Granite Inscription (free)","type":"Inscription","part":"Headstone","side":"Front","price":0,"quantity":18,"label":"20.11.82. -  27.12.24","font":"54.14751727462639px Adorable","font_size":32,"font_family":"Adorable","color":"#ffffff","colorName":"White","x":-18.000015020370483,"y":-241.02343400978347,"rotation":0,"flipx":1,"flipy":1,"height":21,"itemID":3},{"productid":"16","name":"Black Granite Inscription (free)","type":"Inscription","part":"Headstone","side":"Front","price":0,"quantity":37,"label":"Beloved,  Mum,Nana,Aunty,Sister Daughter","font":"54.14751727462639px Adorable","font_size":32,"font_family":"Adorable","color":"#ffffff","colorName":"White","x":-9.00004506111145,"y":241.78087438960853,"rotation":0,"flipx":1,"flipy":1,"height":32,"itemID":4},{"productid":"16","name":"Black Granite Inscription (free)","type":"Inscription","part":"Headstone","side":"Front","price":0,"quantity":35,"label":"Thinking of you brings a smile to our faces","font":"47.37907761529809px Adorable","font_size":28,"font_family":"Adorable","color":"#ffffff","colorName":"White","x":23.000028133392334,"y":335.46364461855563,"rotation":0,"flipx":1,"flipy":1,"height":28,"itemID":5},{"productid":"16","name":"Black Granite Inscription (free)","type":"Inscription","part":"Headstone","side":"Front","price":0,"quantity":40,"label":"Your presence we miss,your memories we cherish","font":"47.37907761529809px Adorable","font_size":28,"font_family":"Adorable","color":"#ffffff","colorName":"White","x":-1.9999945163726807,"y":391.7808126510026,"rotation":0,"flipx":1,"flipy":1,"height":28,"itemID":6},{"productid":"16","name":"Black Granite Inscription (free)","type":"Inscription","part":"Headstone","side":"Front","price":0,"quantity":28,"label":"Loving you Always 2Crazy Forever","font":"67.68439659328298px Adorable","font_size":40,"font_family":"Adorable","color":"#ffffff","colorName":"White","x":-26.999974250793457,"y":448.98555280972744,"rotation":0,"flipx":1,"flipy":1,"height":38,"itemID":7}]