[{"productid":124,"type":"Headstone","shape":"Curved Top","color":"#000000","fixed":0,"texture":"src/granites/forever2/l/Noble-Black.jpg","name":"Traditional Engraved Headstone","price":963.19,"quantity":1,"width":609.5999999999999,"height":304.7999999999997,"_length":80,"init_width":384,"init_height":491,"device":"mobile","dpr":2.8125,"orientation":"portrait","version":"1.45","version_date":20250716,"mode":"2d","navigator":"Chrome (mobile(android)), 384x832"},{"productid":"126","name":"Motif (Traditional Engraved)","type":"Motif","part":"Headstone","side":"Front","src":"1_037_10","item":"1_037_10","price":231.38926,"quantity":1,"color":"#eeeeee","colorName":"Silver Gilding","x":470.126953125,"y":244.66498021036398,"flipx":1,"flipy":-1,"rotation":0,"height":68,"ratio":0.07431693989071038,"itemID":6},{"productid":"126","name":"Motif (Traditional Engraved)","type":"Motif","part":"Headstone","side":"Front","src":"1_037_10","item":"1_037_10","price":231.38926,"quantity":1,"color":"#eeeeee","colorName":"Silver Gilding","x":-486.8766077292016,"y":232.10100296884767,"flipx":-1,"flipy":-1,"rotation":0,"height":68,"ratio":0.07431693989071038,"itemID":7},{"productid":"126","name":"Motif (Traditional Engraved)","type":"Motif","part":"Headstone","side":"Front","src":"2_195_06","item":"2_195_06","price":224.5035,"quantity":1,"color":"#eeeeee","colorName":"Silver Gilding","x":-6.064453125,"y":-283.9624571800233,"flipx":1,"flipy":1,"rotation":0,"height":40,"ratio":0.38461538461538464,"itemID":8},{"productid":"125","name":"Inscription (Traditional Engraved)","type":"Inscription","part":"Headstone","side":"Front","price":7.4,"quantity":14,"label":"Bobby Marie Dory","font":"69.09448818897638px Garamond","font_size":40,"font_family":"Garamond","color":"#eeeeee","colorName":"Silver Gilding","x":-5.80600142045455,"y":-169.35252309562122,"rotation":0,"flipx":1,"flipy":1,"height":40,"itemID":1},{"productid":"125","name":"Inscription (Traditional Engraved)","type":"Inscription","part":"Headstone","side":"Front","price":4.1,"quantity":11,"label":"Birth-death","font":"55.275590551181104px Adorable","font_size":32,"font_family":"Adorable","color":"#eeeeee","colorName":"Silver Gilding","x":-24.82244318181813,"y":-75.12556856500683,"rotation":0,"flipx":1,"flipy":1,"height":24,"itemID":2},{"productid":"125","name":"Inscription (Traditional Engraved)","type":"Inscription","part":"Headstone","side":"Front","price":4.1,"quantity":54,"label":"Beloved daughter, sister,wife, mother, grandmother and aunt.","font":"41.45669291338583px Adorable","font_size":24,"font_family":"Adorable","color":"#eeeeee","colorName":"Silver Gilding","x":-5.537109375,"y":6.417898738484976,"rotation":0,"flipx":1,"flipy":1,"height":23,"itemID":3},{"productid":"125","name":"Inscription (Traditional Engraved)","type":"Inscription","part":"Headstone","side":"Front","price":4.1,"quantity":16,"label":"The song may be over","font":"57.00295275590551px Adorable","font_size":33,"font_family":"Adorable","color":"#eeeeee","colorName":"Silver Gilding","x":17.9296875,"y":182.4264938440809,"rotation":0,"flipx":1,"flipy":1,"height":32,"itemID":4},{"productid":"125","name":"Inscription (Traditional Engraved)","type":"Inscription","part":"Headstone","side":"Front","price":4.1,"quantity":24,"label":"But the melody still lingers","font":"44.911417322834644px Adorable","font_size":26,"font_family":"Adorable","color":"#eeeeee","colorName":"Silver Gilding","x":16.875,"y":262.4159824025204,"rotation":0,"flipx":1,"flipy":1,"height":26,"itemID":5}]