[{"productid":124,"type":"Headstone","shape":"Serpentine","color":"#000000","fixed":0,"texture":"src/granites/forever2/l/Balmoral-Red.jpg","name":"Traditional Engraved Headstone","price":1879.28,"quantity":1,"width":"762","height":609.5999999999999,"_length":80,"init_width":1104,"init_height":615,"device":"desktop","dpr":1.25,"orientation":"landscape","version":"1.45","version_date":20250716,"mode":"2d","navigator":"Chrome (desktop), 1344x841"},{"productid":124,"type":"Base","name":"Rectangle","shape":"Rectangle","color":"#000000","fixed":0,"texture":"src/granites/forever2/l/Balmoral-Red.jpg","price":618,"quantity":1,"width":"762","height":101.6,"_length":250,"init_width":1104,"init_height":615,"mode":"2d"},{"productid":"125","name":"Inscription (Traditional Engraved)","type":"Inscription","part":"Headstone","side":"Front","price":7.4,"quantity":5,"label":"RUTKA","font":"70.78170195243452px Garamond","font_size":82,"font_family":"Garamond","color":"#eeeeee","colorName":"Silver Gilding","x":5,"y":-74.92682926829269,"rotation":0,"flipx":1,"flipy":1,"height":58,"itemID":1},{"productid":"125","name":"Inscription (Traditional Engraved)","type":"Inscription","part":"Headstone","side":"Front","price":4.1,"quantity":15,"label":"iIn Loving Memory","font":"25.895744616744338px Lucida Calligraphy","font_size":30,"font_family":"Lucida Calligraphy","color":"#eeeeee","colorName":"Silver Gilding","x":2.5,"y":-173.58048780487806,"rotation":0,"flipx":1,"flipy":1,"height":34,"itemID":2},{"productid":"125","name":"Inscription (Traditional Engraved)","type":"Inscription","part":"Headstone","side":"Front","price":4.1,"quantity":9,"label":"ALEXANDER","font":"43.15957436124056px Garamond","font_size":50,"font_family":"Garamond","color":"#eeeeee","colorName":"Silver Gilding","x":-156.25,"y":13.73658536585367,"rotation":0,"flipx":1,"flipy":1,"height":35,"itemID":3},{"productid":"125","name":"Inscription (Traditional Engraved)","type":"Inscription","part":"Headstone","side":"Front","price":4.1,"quantity":9,"label":"1924 - 2022","font":"42.29638287401575px Garamond","font_size":49,"font_family":"Garamond","color":"#eeeeee","colorName":"Silver Gilding","x":-176.25,"y":99.93170731707318,"rotation":0,"flipx":1,"flipy":1,"height":35,"itemID":4},{"productid":"125","name":"Inscription (Traditional Engraved)","type":"Inscription","part":"Headstone","side":"Front","price":4.1,"quantity":9,"label":"(BARTKIW)","font":"32.80127651454283px Garamond","font_size":38,"font_family":"Garamond","color":"#eeeeee","colorName":"Silver Gilding","x":191.25,"y":57.51219512195121,"rotation":0,"flipx":1,"flipy":1,"height":36,"itemID":6},{"productid":"125","name":"Inscription (Traditional Engraved)","type":"Inscription","part":"Headstone","side":"Front","price":7.4,"quantity":5,"label":"JANET","font":"47.47553179736462px Garamond","font_size":55,"font_family":"Garamond","color":"#eeeeee","colorName":"Silver Gilding","x":193.75,"y":15.014634146341507,"rotation":0,"flipx":1,"flipy":1,"height":50,"itemID":5},{"productid":"125","name":"Inscription (Traditional Engraved)","type":"Inscription","part":"Headstone","side":"Front","price":7.4,"quantity":9,"label":"1928 - 2024","font":"44.88595733569018px Garamond","font_size":52,"font_family":"Garamond","color":"#eeeeee","colorName":"Silver Gilding","x":196.25,"y":105.00487804878048,"rotation":0,"flipx":1,"flipy":1,"height":37,"itemID":7},{"productid":"126","name":"Motif (Traditional Engraved)","type":"Motif","part":"Headstone","side":"Front","src":"1_154_26","item":"1_154_26","price":255.153745,"quantity":1,"color":"#ffce00","colorName":"Tangerine yellow","x":35,"y":76.17560975609757,"flipx":1,"flipy":1,"rotation":0,"height":214,"ratio":0.23672566371681417,"itemID":8},{"productid":"125","name":"Inscription (Traditional Engraved)","type":"Inscription","part":"Headstone","side":"Front","price":4.1,"quantity":15,"label":"72 YEARS TOGETHER","font":"25.032553129519524px Garamond","font_size":29,"font_family":"Garamond","color":"#eeeeee","colorName":"Silver Gilding","x":7.5,"y":221.14146341463425,"rotation":0,"flipx":1,"flipy":1,"height":21,"itemID":9},{"productid":"125","name":"Inscription (Traditional Engraved)","type":"Inscription","part":"Base","side":"Front","price":4.1,"quantity":21,"label":"MARGARET ANN RUTKA    1960 -","font":"25.895744616744338px Garamond","font_size":30,"font_family":"Garamond","color":"#eeeeee","colorName":"Silver Gilding","x":-20,"y":318.3268292682926,"rotation":0,"flipx":1,"flipy":1,"height":23,"itemID":11},{"productid":"125","name":"Inscription (Traditional Engraved)","type":"Inscription","part":"Base","side":"Front","price":4.1,"quantity":13,"label":"THEIR DAUGHTER","font":"24.169361642294714px Garamond","font_size":28,"font_family":"Garamond","color":"#eeeeee","colorName":"Silver Gilding","x":12.5,"y":287.3268292682926,"rotation":0,"flipx":1,"flipy":1,"height":20,"itemID":10}]