[{"productid":124,"type":"Headstone","shape":"Curved Top","color":"#000000","fixed":0,"texture":"src/granites/forever2/l/African-Black.jpg","name":"Traditional Engraved Headstone","price":1137.93,"quantity":1,"width":457.19999999999993,"height":609.5999999999999,"_length":80,"init_width":1126,"init_height":577,"device":"desktop","dpr":1,"orientation":"landscape","version":"1.45","version_date":20250716,"mode":"2d","navigator":"Chrome (desktop), 1366x768"},{"productid":124,"type":"Base","name":"Rectangle","shape":"Rectangle","color":"#000000","fixed":0,"texture":"src/granites/forever2/l/African-Black.jpg","price":522,"quantity":1,"width":557.1999999999999,"height":101.6,"_length":250,"init_width":1126,"init_height":577,"mode":"2d"},{"productid":"125","name":"Inscription (Traditional Engraved)","type":"Inscription","part":"Headstone","side":"Front","price":4.1,"quantity":26,"label":"There is the land of the living,","font":"22.939644263217097px Adorable","font_size":29,"font_family":"Adorable","color":"#c99d44","colorName":"Gold Gilding","x":4,"y":-97,"rotation":0,"flipx":1,"flipy":1,"height":29,"itemID":1},{"productid":"125","name":"Inscription (Traditional Engraved)","type":"Inscription","part":"Headstone","side":"Front","price":4.1,"quantity":19,"label":"and the land of the dead","font":"22.939644263217097px Adorable","font_size":29,"font_family":"Adorable","color":"#c99d44","colorName":"Gold Gilding","x":0,"y":-75,"rotation":0,"flipx":1,"flipy":1,"height":29,"itemID":2},{"productid":"125","name":"Inscription (Traditional Engraved)","type":"Inscription","part":"Headstone","side":"Front","price":4.1,"quantity":19,"label":"and the bridge is love,","font":"23.730666479190102px Adorable","font_size":30,"font_family":"Adorable","color":"#c99d44","colorName":"Gold Gilding","x":1,"y":-51,"rotation":0,"flipx":1,"flipy":1,"height":29,"itemID":3},{"productid":"125","name":"Inscription (Traditional Engraved)","type":"Inscription","part":"Headstone","side":"Front","price":4.1,"quantity":16,"label":"the only survival,","font":"23.730666479190102px Adorable","font_size":30,"font_family":"Adorable","color":"#c99d44","colorName":"Gold Gilding","x":0,"y":-29,"rotation":0,"flipx":1,"flipy":1,"height":29,"itemID":4},{"productid":"125","name":"Inscription (Traditional Engraved)","type":"Inscription","part":"Headstone","side":"Front","price":4.1,"quantity":15,"label":"the only meaning.","font":"23.730666479190102px Adorable","font_size":30,"font_family":"Adorable","color":"#c99d44","colorName":"Gold Gilding","x":0,"y":-6,"rotation":0,"flipx":1,"flipy":1,"height":29,"itemID":5}]