[{"productid":124,"type":"Headstone","shape":"Serpentine","color":"#000000","fixed":0,"texture":"src/granites/forever2/l/White-Carrara-600-x-600.jpg","name":"Traditional Engraved Headstone","price":1632.64,"quantity":1,"width":609.5999999999999,"height":666.75,"_length":80,"init_width":1440,"init_height":859,"device":"desktop","dpr":1,"orientation":"landscape","version":"1.45","version_date":20250716,"mode":"2d","navigator":"Chrome (desktop), 1680x1050"},{"productid":7,"id":7,"uid":1755209849318,"path":"../upload/2025/08/","name":"Ceramic Image","type":"Photo","item":"1755209849318mom__pic_for_obit_croppe.jpg","color":0,"mask":0,"x":300,"y":-81.94612244897958,"flipx":1,"flipy":1,"rotation":0,"ratio":0.3505480419598713,"shape_url":"shapes/photos/oval_vertical.svg","part":"Headstone","side":"Front","src":"Mom - pic for Obit.jpg","price":335,"quantity":1,"size":"90 x 120 mm","itemID":1},{"productid":"126","name":"Motif (Traditional Engraved)","type":"Motif","part":"Headstone","side":"Front","src":"1_169_04","item":"1_169_04","price":239.659915,"quantity":1,"color":"#000000","colorName":"Black","x":-298,"y":-233.19999999999996,"flipx":1,"flipy":1,"rotation":0,"height":148,"ratio":0.17939393939393938,"itemID":7},{"productid":"126","name":"Motif (Traditional Engraved)","type":"Motif","part":"Headstone","side":"Front","src":"2_116_04","item":"2_116_04","price":231.67824499999998,"quantity":1,"color":"#000000","colorName":"Black","x":286,"y":-253.39999999999998,"flipx":1,"flipy":1,"rotation":0,"height":114,"ratio":0.20035149384885764,"itemID":8},{"productid":"125","name":"Inscription (Traditional Engraved)","type":"Inscription","part":"Headstone","side":"Front","price":7.15,"quantity":5,"label":"BRADY","font":"77.88008998875141px Garamond","font_size":62,"font_family":"Garamond","color":"#000000","colorName":"Black","x":8,"y":-249.95836734693873,"rotation":0,"flipx":1,"flipy":1,"height":44,"itemID":2},{"productid":"125","name":"Inscription (Traditional Engraved)","type":"Inscription","part":"Headstone","side":"Front","price":7.15,"quantity":11,"label":"Jane Loretta","font":"62.80652418447694px Garamond","font_size":50,"font_family":"Garamond","color":"#000000","colorName":"Black","x":4,"y":-109.7142857142857,"rotation":0,"flipx":1,"flipy":1,"height":43,"itemID":3},{"productid":"125","name":"Inscription (Traditional Engraved)","type":"Inscription","part":"Headstone","side":"Front","price":7.15,"quantity":14,"label":"\"Dancing Queen\"","font":"57.782002249718786px Garamond","font_size":46,"font_family":"Garamond","color":"#000000","colorName":"Black","x":-4,"y":-46.315102040816306,"rotation":0,"flipx":1,"flipy":1,"height":45,"itemID":4},{"productid":"125","name":"Inscription (Traditional Engraved)","type":"Inscription","part":"Headstone","side":"Front","price":7.15,"quantity":24,"label":"July 23, 1936 - April 12, 2025","font":"52.75748031496063px Garamond","font_size":42,"font_family":"Garamond","color":"#000000","colorName":"Black","x":7,"y":20.19265306122449,"rotation":0,"flipx":1,"flipy":1,"height":42,"itemID":5},{"productid":"125","name":"Inscription (Traditional Engraved)","type":"Inscription","part":"Headstone","side":"Front","price":7.15,"quantity":22,"label":"In Memory of Jane&apos;s Mother","font":"52.75748031496063px Garamond","font_size":42,"font_family":"Garamond","color":"#000000","colorName":"Black","x":5,"y":288.9142857142856,"rotation":0,"flipx":1,"flipy":1,"height":42,"itemID":9},{"productid":"125","name":"Inscription (Traditional Engraved)","type":"Inscription","part":"Headstone","side":"Front","price":3.85,"quantity":21,"label":"Helen Farrell 1916 - 1996","font":"52.75748031496063px Garamond","font_size":42,"font_family":"Garamond","color":"#000000","colorName":"Black","x":4,"y":349.2571428571428,"rotation":0,"flipx":1,"flipy":1,"height":32,"itemID":10}]