[{"productid":4,"type":"Headstone","corner":2,"hole":3,"shape":"Serpentine","color":"#000000","fixed":0,"texture":"src/granites/forever2/l/18.jpg","name":"Laser Etched Black Granite Headstone","price":3825.49,"quantity":1,"width":863.6000000000004,"height":635,"_length":80,"init_width":1126,"init_height":535,"device":"desktop","dpr":1,"orientation":"landscape","version":"1.45","version_date":20250716,"mode":"2d","navigator":"Chrome (desktop), 1366x768"},{"productid":"16","name":"Black Granite Inscription (free)","type":"Inscription","part":"Headstone","side":"Front","price":0,"quantity":5,"label":"Barth","font":"64.62931333950901px Lucida Calligraphy","font_size":107,"font_family":"Lucida Calligraphy","color":"#ffffff","colorName":"White","x":-13,"y":-86,"rotation":0,"flipx":1,"flipy":1,"height":94,"itemID":1},{"productid":"16","name":"Black Granite Inscription (free)","type":"Inscription","part":"Headstone","side":"Front","price":0,"quantity":12,"label":"Joseph Edward","font":"24.16049096804075px Arial","font_size":40,"font_family":"Arial","color":"#ffffff","colorName":"White","x":-149,"y":127,"rotation":0,"flipx":1,"flipy":1,"height":36,"itemID":2},{"productid":"16","name":"Black Granite Inscription (free)","type":"Inscription","part":"Headstone","side":"Front","price":0,"quantity":5,"label":"1951 -","font":"30.200613710050938px Arial","font_size":50,"font_family":"Arial","color":"#ffffff","colorName":"White","x":-184,"y":159,"rotation":0,"flipx":1,"flipy":1,"height":36,"itemID":6},{"productid":21,"id":21,"uid":1755028727263,"path":"../upload/2025/08/","name":"Laser-etched Image","type":"Photo","item":"1755028727263img_5466_cropped.jpg","color":1,"mask":3,"x":0,"y":0,"flipx":1,"flipy":1,"rotation":0,"ratio":0.6761331427623344,"shape_url":"shapes/photos/rectangle_horizontal.svg","part":"Headstone","side":"Front","src":"IMG_5466.JPG","price":0,"quantity":1,"size":300,"width":"516","height":"181","itemID":8},{"productid":"16","name":"Black Granite Inscription (free)","type":"Inscription","part":"Headstone","side":"Front","price":0,"quantity":9,"label":"Sandi Lynn","font":"24.16049096804075px Arial","font_size":40,"font_family":"Arial","color":"#ffffff","colorName":"White","x":162,"y":114,"rotation":0,"flipx":1,"flipy":1,"height":36,"itemID":4},{"productid":"16","name":"Black Granite Inscription (free)","type":"Inscription","part":"Headstone","side":"Front","price":0,"quantity":14,"label":"7/4/51 - 5/28/25","font":"24.16049096804075px Arial","font_size":40,"font_family":"Arial","color":"#ffffff","colorName":"White","x":168,"y":139,"rotation":0,"flipx":1,"flipy":1,"height":28,"itemID":7}]