[{"productid":4,"type":"Headstone","corner":2,"hole":3,"shape":"Serpentine","color":"#000000","fixed":0,"texture":"src/granites/forever2/l/18.jpg","name":"Laser Etched Black Granite Headstone","price":4856.02,"quantity":1,"width":1117.6,"height":609.5999999999999,"_length":80,"init_width":998,"init_height":507,"device":"desktop","dpr":2.5,"orientation":"landscape","version":"1.45","version_date":20250805,"mode":"2d","navigator":"Edge (chromium based) (desktop), 1280x720"},{"productid":"16","name":"Black Granite Inscription (free)","type":"Inscription","part":"Headstone","side":"Front","price":0,"quantity":11,"label":"KLOPPENBURG","font":"87.3561090730136px Garamond","font_size":79,"font_family":"Garamond","color":"#ffffff","colorName":"White","x":6,"y":-77,"rotation":0,"flipx":1,"flipy":1,"height":53,"itemID":1},{"productid":"16","name":"Black Granite Inscription (free)","type":"Inscription","part":"Headstone","side":"Front","price":0,"quantity":9,"label":"GARRY ALAN","font":"48.65403543307087px Garamond","font_size":44,"font_family":"Garamond","color":"#ffffff","colorName":"White","x":8,"y":142,"rotation":0,"flipx":1,"flipy":1,"height":31,"itemID":2},{"productid":"16","name":"Black Granite Inscription (free)","type":"Inscription","part":"Headstone","side":"Front","price":0,"quantity":11,"label":"RUTH LILLIAN","font":"48.65403543307087px Garamond","font_size":44,"font_family":"Garamond","color":"#ffffff","colorName":"White","x":346,"y":95,"rotation":0,"flipx":1,"flipy":1,"height":31,"itemID":3},{"productid":"16","name":"Black Granite Inscription (free)","type":"Inscription","part":"Headstone","side":"Front","price":0,"quantity":15,"label":"DECEMBER 27, 2024","font":"33.17320597709377px Garamond","font_size":30,"font_family":"Garamond","color":"#ffffff","colorName":"White","x":361,"y":183,"rotation":0,"flipx":1,"flipy":1,"height":24,"itemID":4},{"productid":"16","name":"Black Granite Inscription (free)","type":"Inscription","part":"Headstone","side":"Front","price":0,"quantity":15,"label":"FEBRUARY 20, 1937","font":"30.96165891195419px Garamond","font_size":28,"font_family":"Garamond","color":"#ffffff","colorName":"White","x":353,"y":144,"rotation":0,"flipx":1,"flipy":1,"height":24,"itemID":5},{"productid":"16","name":"Black Granite Inscription (free)","type":"Inscription","part":"Headstone","side":"Front","price":0,"quantity":15,"label":"DECEMBER 23, 1111","font":"33.17320597709377px Garamond","font_size":30,"font_family":"Garamond","color":"#ffffff","colorName":"White","x":18,"y":219,"rotation":0,"flipx":1,"flipy":1,"height":24,"itemID":6},{"productid":"16","name":"Black Granite Inscription (free)","type":"Inscription","part":"Headstone","side":"Front","price":0,"quantity":15,"label":"FEBRUARY 13, 2025","font":"33.17320597709377px Garamond","font_size":30,"font_family":"Garamond","color":"#ffffff","colorName":"White","x":-339,"y":189,"rotation":0,"flipx":1,"flipy":1,"height":25,"itemID":7},{"productid":"16","name":"Black Granite Inscription (free)","type":"Inscription","part":"Headstone","side":"Front","price":0,"quantity":12,"label":"MARCH 16, 1933","font":"33.17320597709377px Garamond","font_size":30,"font_family":"Garamond","color":"#ffffff","colorName":"White","x":-338,"y":154,"rotation":0,"flipx":1,"flipy":1,"height":25,"itemID":8},{"productid":"16","name":"Black Granite Inscription (free)","type":"Inscription","part":"Headstone","side":"Front","price":0,"quantity":14,"label":"OCTOBER 18, 1961","font":"33.17320597709377px Garamond","font_size":30,"font_family":"Garamond","color":"#ffffff","colorName":"White","x":10,"y":185,"rotation":0,"flipx":1,"flipy":1,"height":26,"itemID":9},{"productid":"16","name":"Black Granite Inscription (free)","type":"Inscription","part":"Headstone","side":"Front","price":0,"quantity":6,"label":"Father","font":"35.384753042233356px Garamond","font_size":32,"font_family":"Garamond","color":"#ffffff","colorName":"White","x":-352,"y":282,"rotation":0,"flipx":1,"flipy":1,"height":24,"itemID":11},{"productid":"16","name":"Black Granite Inscription (free)","type":"Inscription","part":"Headstone","side":"Front","price":0,"quantity":6,"label":"Mother","font":"39.807847172512524px Garamond","font_size":36,"font_family":"Garamond","color":"#ffffff","colorName":"White","x":361,"y":275,"rotation":0,"flipx":1,"flipy":1,"height":27,"itemID":12},{"productid":"16","name":"Black Granite Inscription (free)","type":"Inscription","part":"Headstone","side":"Front","price":0,"quantity":7,"label":"PRAYING","font":"35.384753042233356px Garamond","font_size":32,"font_family":"Garamond","color":"#ffffff","colorName":"White","x":433,"y":-130,"rotation":0,"flipx":1,"flipy":1,"height":23,"itemID":13},{"productid":"16","name":"Black Granite Inscription (free)","type":"Inscription","part":"Headstone","side":"Front","price":0,"quantity":5,"label":"HANDS","font":"35.384753042233356px Garamond","font_size":32,"font_family":"Garamond","color":"#ffffff","colorName":"White","x":435,"y":-103,"rotation":0,"flipx":1,"flipy":1,"height":23,"itemID":14},{"productid":"16","name":"Black Granite Inscription (free)","type":"Inscription","part":"Headstone","side":"Front","price":0,"quantity":4,"label":"HERE","font":"37.59630010737294px Garamond","font_size":34,"font_family":"Garamond","color":"#ffffff","colorName":"White","x":-445,"y":-79,"rotation":0,"flipx":1,"flipy":1,"height":23,"itemID":15},{"productid":"16","name":"Black Granite Inscription (free)","type":"Inscription","part":"Headstone","side":"Front","price":0,"quantity":4,"label":"HERE","font":"37.59630010737294px Garamond","font_size":34,"font_family":"Garamond","color":"#ffffff","colorName":"White","x":438,"y":-75,"rotation":0,"flipx":1,"flipy":1,"height":23,"itemID":16},{"productid":"16","name":"Black Granite Inscription (free)","type":"Inscription","part":"Headstone","side":"Front","price":0,"quantity":5,"label":"HANDS","font":"35.384753042233356px Garamond","font_size":32,"font_family":"Garamond","color":"#ffffff","colorName":"White","x":-435,"y":-106,"rotation":0,"flipx":1,"flipy":1,"height":23,"itemID":17},{"productid":"16","name":"Black Granite Inscription (free)","type":"Inscription","part":"Headstone","side":"Front","price":0,"quantity":7,"label":"PRAYING","font":"35.384753042233356px Garamond","font_size":32,"font_family":"Garamond","color":"#ffffff","colorName":"White","x":-430,"y":-133,"rotation":0,"flipx":1,"flipy":1,"height":23,"itemID":18},{"productid":"16","name":"Black Granite Inscription (free)","type":"Inscription","part":"Headstone","side":"Front","price":0,"quantity":10,"label":"KARL GEORGE","font":"48.65403543307087px Garamond","font_size":44,"font_family":"Garamond","color":"#ffffff","colorName":"White","x":-334,"y":100,"rotation":0,"flipx":1,"flipy":1,"height":31,"itemID":19},{"productid":"16","name":"Black Granite Inscription (free)","type":"Inscription","part":"Base","side":"Front","price":0,"quantity":10,"label":"Son   Brother","font":"39.807847172512524px Garamond","font_size":36,"font_family":"Garamond","color":"#ffffff","colorName":"White","x":6,"y":297,"rotation":0,"flipx":1,"flipy":1,"height":26,"itemID":10}]