[{"productid":4,"type":"Headstone","promo_code":"undefined","shape":"Serpentine","color":"#000000","fixed":0,"texture":"src/granites/forever2/l/18.jpg","name":"Laser Etched Black Granite Headstone","price":1958.04,"quantity":1,"width":457.19999999999936,"height":609.5999999999999,"_length":80,"init_width":1672,"init_height":898,"device":"desktop","dpr":1,"orientation":"landscape","version":"1.45","version_date":20250805,"mode":"2d","navigator":"Edge (chromium based) (desktop), 1920x1080"},{"productid":4,"type":"Base","name":"Rectangle","shape":"Square","color":"#000000","fixed":0,"texture":"src/granites/forever2/l/18.jpg","price":770,"quantity":1,"width":557.1999999999994,"height":101.6,"_length":250,"init_width":1672,"init_height":898,"mode":"2d"},{"productid":71,"name":"Black Granite Motif (free)","type":"Motif","part":"Headstone","side":"Front","src":"cross_001","item":"cross_001","price":0,"quantity":1,"color":"#ffffff","colorName":"White","colorName2":"undefined","x":-3,"y":-206,"flipx":"1","flipy":"1","rotation":0,"height":194,"ratio":0.3249581239530988,"itemID":3},{"productid":71,"name":"Black Granite Motif (free)","type":"Motif","part":"Headstone","side":"Front","src":"cross_001","item":"cross_001","price":0,"quantity":1,"color":"#ffffff","colorName":"White","colorName2":"undefined","x":-240,"y":298,"flipx":"1","flipy":"1","rotation":0,"height":54,"ratio":0.09045226130653267,"itemID":4},{"productid":21,"id":21,"uid":1755037977796,"path":"../upload/2025/08/","name":"Laser-etched Image","type":"Photo","item":"1755037977796mom_image_cropped.jpg","color":1,"mask":0,"x":168,"y":149,"flipx":1,"flipy":1,"rotation":0,"ratio":0.6032058492688415,"shape_url":"shapes/photos/oval_vertical.svg","part":"Headstone","side":"Front","src":"mom image.jpeg","price":0,"quantity":1,"size":"220","width":"204","height":"271","itemID":9},{"productid":"16","name":"Black Granite Inscription (free)","type":"Inscription","part":"Base","side":"Front","price":0,"quantity":12,"label":"Desanka  1 1/16","font":"40.62591394825647px Lucida Calligraphy","font_size":33,"font_family":"Lucida Calligraphy","color":"#ffffff","colorName":"White","x":536,"y":-134,"rotation":0,"flipx":1,"flipy":1,"height":33,"itemID":10},{"productid":71,"name":"Black Granite Motif (free)","type":"Motif","part":"Headstone","side":"Front","src":"1_065_25","item":"1_065_25","price":0,"quantity":1,"color":"#ffffff","colorName":"White","colorName2":"undefined","x":177,"y":-219,"flipx":"-1","flipy":"1","rotation":0,"height":130,"ratio":0.18705035971223022,"itemID":11},{"productid":"16","name":"Black Granite Inscription (free)","type":"Inscription","part":"Base","side":"Front","price":0,"quantity":10,"label":"Dates 11/16","font":"40.62591394825647px Lucida Calligraphy","font_size":33,"font_family":"Lucida Calligraphy","color":"#ffffff","colorName":"White","x":536,"y":-93,"rotation":0,"flipx":1,"flipy":1,"height":33,"itemID":12},{"productid":"16","name":"Black Granite Inscription (free)","type":"Inscription","part":"Base","side":"Front","price":0,"quantity":13,"label":"bottom line 1 in","font":"40.62591394825647px Lucida Calligraphy","font_size":33,"font_family":"Lucida Calligraphy","color":"#ffffff","colorName":"White","x":536,"y":-9,"rotation":0,"flipx":1,"flipy":1,"height":28,"itemID":13},{"productid":"16","name":"Black Granite Inscription (free)","type":"Inscription","part":"Base","side":"Front","price":0,"quantity":8,"label":"Quote 1 in","font":"40.62591394825647px Lucida Calligraphy","font_size":33,"font_family":"Lucida Calligraphy","color":"#ffffff","colorName":"White","x":536,"y":-52,"rotation":0,"flipx":1,"flipy":1,"height":33,"itemID":17},{"productid":"16","name":"Black Granite Inscription (free)","type":"Inscription","part":"Base","side":"Front","price":0,"quantity":14,"label":"Milanovic 2 3/16","font":"40.62591394825647px Lucida Calligraphy","font_size":33,"font_family":"Lucida Calligraphy","color":"#ffffff","colorName":"White","x":536,"y":-175,"rotation":0,"flipx":1,"flipy":1,"height":33,"itemID":19},{"productid":"16","name":"Black Granite Inscription (free)","type":"Inscription","part":"Headstone","side":"Front","price":0,"quantity":9,"label":"MILANOVIC","font":"78.7896512935883px Garamond","font_size":64,"font_family":"Garamond","color":"#ffffff","colorName":"White","x":0,"y":-20,"rotation":0,"flipx":1,"flipy":1,"height":45,"itemID":18},{"productid":"16","name":"Black Granite Inscription (free)","type":"Inscription","part":"Headstone","side":"Front","price":0,"quantity":7,"label":"DESANKA","font":"39.39482564679415px Garamond","font_size":32,"font_family":"Garamond","color":"#ffffff","colorName":"White","x":-95,"y":45,"rotation":0,"flipx":1,"flipy":1,"height":23,"itemID":6},{"productid":71,"name":"Black Granite Motif (free)","type":"Motif","part":"Headstone","side":"Front","src":"1_065_25","item":"1_065_25","price":0,"quantity":1,"color":"#ffffff","colorName":"White","colorName2":"undefined","x":-179.9585208098988,"y":-221,"flipx":1,"flipy":"1","rotation":0,"height":130,"ratio":0.18705035971223022,"itemID":20},{"productid":"16","name":"Black Granite Inscription (free)","type":"Inscription","part":"Headstone","side":"Front","price":0,"quantity":15,"label":"HER LEGACY OF LOVE","font":"29.546119235095617px Garamond","font_size":24,"font_family":"Garamond","color":"#ffffff","colorName":"White","x":-102,"y":173,"rotation":0,"flipx":1,"flipy":1,"height":17,"itemID":14},{"productid":"16","name":"Black Granite Inscription (free)","type":"Inscription","part":"Headstone","side":"Front","price":0,"quantity":14,"label":"LIVES ON IN EVERY","font":"32.00829583802025px Garamond","font_size":26,"font_family":"Garamond","color":"#ffffff","colorName":"White","x":-105,"y":203,"rotation":0,"flipx":1,"flipy":1,"height":17,"itemID":15},{"productid":"16","name":"Black Granite Inscription (free)","type":"Inscription","part":"Headstone","side":"Front","price":0,"quantity":15,"label":"HEART SHE TOUCHED","font":"29.546119235095617px Garamond","font_size":24,"font_family":"Garamond","color":"#ffffff","colorName":"White","x":-104,"y":235,"rotation":0,"flipx":1,"flipy":1,"height":17,"itemID":16},{"productid":"16","name":"Black Granite Inscription (free)","type":"Inscription","part":"Headstone","side":"Front","price":0,"quantity":21,"label":"POCIVAJ U MIRU DRAGA MAMA","font":"29.546119235095617px Garamond","font_size":24,"font_family":"Garamond","color":"#ffffff","colorName":"White","x":0,"y":314,"rotation":0,"flipx":1,"flipy":1,"height":22,"itemID":1},{"productid":71,"name":"Black Granite Motif (free)","type":"Motif","part":"Headstone","side":"Front","src":"cross_001","item":"cross_001","price":0,"quantity":1,"color":"#ffffff","colorName":"White","colorName2":"undefined","x":246.45026595293666,"y":304,"flipx":"1","flipy":"1","rotation":0,"height":54,"ratio":0.09045226130653267,"itemID":21},{"productid":"16","name":"Black Granite Inscription (free)","type":"Inscription","part":"Headstone","side":"Front","price":0,"quantity":12,"label":"AUGUST 3,2025","font":"28.3150309336333px Garamond","font_size":23,"font_family":"Garamond","color":"#ffffff","colorName":"White","x":-94,"y":111,"rotation":0,"flipx":1,"flipy":1,"height":19,"itemID":22},{"productid":"16","name":"Black Granite Inscription (free)","type":"Inscription","part":"Headstone","side":"Front","price":0,"quantity":11,"label":"JUNE  20   ,1924","font":"28.3150309336333px Garamond","font_size":23,"font_family":"Garamond","color":"#ffffff","colorName":"White","x":-93,"y":82,"rotation":0,"flipx":1,"flipy":1,"height":20,"itemID":7}]