[{"productid":4,"type":"Headstone","shape":"Headstone 38","color":"#000000","fixed":4,"texture":"src/granites/forever2/l/18.jpg","name":"Laser Etched Black Granite Headstone","price":2567.76,"quantity":1,"width":610,"height":609.5999999999999,"_length":80,"init_width":414,"init_height":660,"device":"mobile","dpr":2,"orientation":"portrait","version":"1.45","version_date":20250805,"mode":"2d","navigator":"Safari (mobile(ios)), 414x896"},{"productid":4,"type":"Base","name":"Rectangle","shape":"Rectangle","color":"#000000","fixed":0,"texture":"src/granites/forever2/l/18.jpg","price":848,"quantity":1,"width":710,"height":101.6,"_length":250,"init_width":414,"init_height":660,"mode":"2d"},{"productid":21,"id":21,"uid":1759523528564,"path":"../upload/2025/10/","name":"Laser-etched Image","type":"Photo","item":"1759523528564img_0433_cropped.jpg","color":1,"mask":1,"x":0,"y":-102,"flipx":1,"flipy":1,"rotation":0,"ratio":0.41937662337662335,"shape_url":"shapes/photos/rectangle_vertical.svg","part":"Headstone","side":"Front","src":"IMG_0433.jpeg","price":0,"quantity":1,"size":122,"width":"102","height":"138","itemID":4},{"productid":"16","name":"Black Granite Inscription (free)","type":"Inscription","part":"Headstone","side":"Front","price":0,"quantity":18,"label":"Karyn Denise Rideout","font":"58.98772833723653px Adorable","font_size":52,"font_family":"Adorable","color":"#ffffff","colorName":"White","x":0,"y":112,"rotation":0,"flipx":1,"flipy":1,"height":51,"itemID":1},{"productid":"16","name":"Black Granite Inscription (free)","type":"Inscription","part":"Base","side":"Front","price":0,"quantity":23,"label":"Don’t cry because it’s over","font":"38.56889929742388px Adorable","font_size":34,"font_family":"Adorable","color":"#ffffff","colorName":"White","x":-10,"y":374,"rotation":0,"flipx":1,"flipy":1,"height":33,"itemID":2},{"productid":"16","name":"Black Granite Inscription (free)","type":"Inscription","part":"Base","side":"Front","price":0,"quantity":22,"label":"Smile Because it Happened","font":"49.91269320843091px Adorable","font_size":44,"font_family":"Adorable","color":"#ffffff","colorName":"White","x":-22,"y":426,"rotation":0,"flipx":1,"flipy":1,"height":43,"itemID":3},{"productid":"16","name":"Black Granite Inscription (free)","type":"Inscription","part":"Headstone","side":"Front","price":0,"quantity":16,"label":"November, 28, 1976","font":"38.56889929742388px Arial","font_size":34,"font_family":"Arial","color":"#ffffff","colorName":"White","x":-8,"y":178,"rotation":0,"flipx":1,"flipy":1,"height":29,"itemID":5},{"productid":"71","name":"Black Granite Motif (free)","type":"Motif","part":"Headstone","side":"Front","src":"1_156_12","item":"1_156_12","price":0,"quantity":1,"color":"#ffffff","colorName":"White","x":-188,"y":-178,"flipx":1,"flipy":1,"rotation":0,"height":154,"ratio":0.17559863169897377,"itemID":6},{"productid":"71","name":"Black Granite Motif (free)","type":"Motif","part":"Headstone","side":"Front","src":"1_156_12","item":"1_156_12","price":0,"quantity":1,"color":"#ffffff","colorName":"White","x":170,"y":-170,"flipx":-1,"flipy":1,"rotation":0,"height":159,"ratio":0.18129988597491448,"itemID":7}]