[{"productid":30,"type":"Headstone","corner":2,"hole":3,"shape":"Rectangle (Landscape)","color":"#000000","fixed":0,"texture":"src/granites/forever2/l/18.jpg","name":"Laser Etched Black Granite Plaque","price":4415.93,"quantity":1,"width":1200,"height":1200,"_length":25.4,"init_width":428,"init_height":695,"device":"mobile","dpr":3,"orientation":"portrait","version":"1.45","version_date":20250805,"mode":"2d","navigator":"Safari (mobile(ios)), 428x926"},{"productid":"16","name":"Black Granite Inscription (free)","type":"Inscription","part":"Headstone","side":"Front","price":0,"quantity":17,"label":"Iakopo Vesipasiano","font":"162.74699999999996px Chopin Script","font_size":156,"font_family":"Chopin Script","color":"#ffffff","colorName":"White","x":-27,"y":-513,"rotation":0,"flipx":1,"flipy":1,"height":162,"itemID":1},{"productid":"16","name":"Black Granite Inscription (free)","type":"Inscription","part":"Headstone","side":"Front","price":0,"quantity":6,"label":"TAUMUA","font":"158.57399999999996px Garamond","font_size":152,"font_family":"Garamond","color":"#ffffff","colorName":"White","x":-36,"y":-331.734375,"rotation":0,"flipx":1,"flipy":1,"height":108,"itemID":2},{"productid":21,"id":21,"uid":1759377130799,"path":"../upload/2025/10/","name":"Laser-etched Image","type":"Photo","item":"1759377130799img_3692_cropped.jpg","color":1,"mask":0,"x":9,"y":117,"flipx":1,"flipy":1,"rotation":0,"ratio":3.0068383620689647,"shape_url":"shapes/photos/oval_vertical.svg","part":"Headstone","side":"Front","src":"IMG_3692.jpeg","price":0,"quantity":1,"size":1003,"width":"773","height":"1046","itemID":5},{"productid":21,"id":21,"uid":1759377278071,"path":"../upload/2025/10/","name":"Laser-etched Image","type":"Photo","item":"1759377278071img_4138_cropped.jpg","color":1,"mask":1,"x":0,"y":0,"flipx":1,"flipy":1,"rotation":0,"ratio":0.14989224137931031,"shape_url":"shapes/photos/rectangle_vertical.svg","part":"Headstone","side":"Front","src":"IMG_4138.jpeg","price":0,"quantity":1,"size":50,"width":"49","height":"52","itemID":6},{"productid":21,"id":21,"uid":1759377574116,"path":"../upload/2025/10/","name":"Laser-etched Image","type":"Photo","item":"1759377574116img_4139_cropped.jpg","color":1,"mask":1,"x":-510,"y":453,"flipx":1,"flipy":1,"rotation":0,"ratio":0.9383254310344826,"shape_url":"shapes/photos/rectangle_vertical.svg","part":"Headstone","side":"Front","src":"IMG_4139.jpeg","price":80,"quantity":1,"size":313,"width":"229","height":"327","itemID":7},{"productid":21,"id":21,"uid":1759377574116,"name":"Laser-etched Image","type":"Photo","item":"1759377574116img_4139_cropped.jpg","color":1,"mask":1,"x":-506.04859482758627,"y":123,"flipx":1,"flipy":1,"rotation":0,"ratio":0.9383254310344826,"shape_url":"shapes/photos/rectangle_vertical.svg","part":"Headstone","side":"Front","src":"IMG_4139.jpeg","price":80,"quantity":1,"size":313,"width":"229","height":"327","itemID":8},{"productid":21,"id":21,"uid":1759377574116,"name":"Laser-etched Image","type":"Photo","item":"1759377574116img_4139_cropped.jpg","color":1,"mask":1,"x":-505.09718965517254,"y":-201,"flipx":1,"flipy":1,"rotation":0,"ratio":0.9383254310344826,"shape_url":"shapes/photos/rectangle_vertical.svg","part":"Headstone","side":"Front","src":"IMG_4139.jpeg","price":80,"quantity":1,"size":313,"width":"229","height":"327","itemID":9},{"productid":21,"id":21,"uid":1759377574116,"name":"Laser-etched Image","type":"Photo","item":"1759377574116img_4139_cropped.jpg","color":1,"mask":1,"x":-507.1457844827588,"y":-510,"flipx":1,"flipy":1,"rotation":0,"ratio":0.9383254310344826,"shape_url":"shapes/photos/rectangle_vertical.svg","part":"Headstone","side":"Front","src":"IMG_4139.jpeg","price":80,"quantity":1,"size":313,"width":"229","height":"327","itemID":10},{"productid":21,"id":21,"uid":1759377574116,"name":"Laser-etched Image","type":"Photo","item":"1759377574116img_4139_cropped.jpg","color":1,"mask":1,"x":519.8056206896549,"y":459,"flipx":1,"flipy":1,"rotation":0,"ratio":0.9383254310344826,"shape_url":"shapes/photos/rectangle_vertical.svg","part":"Headstone","side":"Front","src":"IMG_4139.jpeg","price":80,"quantity":1,"size":313,"width":"229","height":"327","itemID":11},{"productid":21,"id":21,"uid":1759377574116,"name":"Laser-etched Image","type":"Photo","item":"1759377574116img_4139_cropped.jpg","color":1,"mask":1,"x":519,"y":141,"flipx":1,"flipy":1,"rotation":0,"ratio":0.9383254310344826,"shape_url":"shapes/photos/rectangle_vertical.svg","part":"Headstone","side":"Front","src":"IMG_4139.jpeg","price":80,"quantity":1,"size":313,"width":"229","height":"327","itemID":12},{"productid":21,"id":21,"uid":1759377574116,"name":"Laser-etched Image","type":"Photo","item":"1759377574116img_4139_cropped.jpg","color":1,"mask":1,"x":956.7084310344824,"y":459,"flipx":1,"flipy":1,"rotation":0,"ratio":0.9383254310344826,"shape_url":"shapes/photos/rectangle_vertical.svg","part":"Headstone","side":"Front","src":"IMG_4139.jpeg","price":80,"quantity":1,"size":313,"width":"229","height":"327","itemID":13},{"productid":21,"id":21,"uid":1759377574116,"name":"Laser-etched Image","type":"Photo","item":"1759377574116img_4139_cropped.jpg","color":1,"mask":1,"x":516,"y":-180,"flipx":1,"flipy":1,"rotation":0,"ratio":0.9383254310344826,"shape_url":"shapes/photos/rectangle_vertical.svg","part":"Headstone","side":"Front","src":"IMG_4139.jpeg","price":80,"quantity":1,"size":313,"width":"229","height":"327","itemID":14},{"productid":21,"id":21,"uid":1759377574116,"name":"Laser-etched Image","type":"Photo","item":"1759377574116img_4139_cropped.jpg","color":1,"mask":1,"x":510,"y":-471,"flipx":1,"flipy":1,"rotation":0,"ratio":0.9383254310344826,"shape_url":"shapes/photos/rectangle_vertical.svg","part":"Headstone","side":"Front","src":"IMG_4139.jpeg","price":80,"quantity":1,"size":313,"width":"229","height":"327","itemID":15},{"productid":21,"id":21,"uid":1759377574116,"name":"Laser-etched Image","type":"Photo","item":"1759377574116img_4139_cropped.jpg","color":1,"mask":1,"x":946.9028103448275,"y":-189,"flipx":1,"flipy":1,"rotation":0,"ratio":0.9383254310344826,"shape_url":"shapes/photos/rectangle_vertical.svg","part":"Headstone","side":"Front","src":"IMG_4139.jpeg","price":80,"quantity":1,"size":313,"width":"229","height":"327","itemID":16},{"productid":"16","name":"Black Granite Inscription (free)","type":"Inscription","part":"Headstone","side":"Front","price":0,"quantity":51,"label":"In memory of our beloved son,brother,father,uncle &  friend","font":"45.90299999999999px Franklin Gothic","font_size":44,"font_family":"Franklin Gothic","color":"#ffffff","colorName":"White","x":-15,"y":492,"rotation":0,"flipx":1,"flipy":1,"height":38,"itemID":17},{"productid":"16","name":"Black Granite Inscription (free)","type":"Inscription","part":"Headstone","side":"Front","price":0,"quantity":12,"label":"APRIL 21, 1986","font":"73.02749999999999px Adorable","font_size":70,"font_family":"Adorable","color":"#ffffff","colorName":"White","x":-396,"y":-131.890625,"rotation":0,"flipx":1,"flipy":1,"height":60,"itemID":3},{"productid":"16","name":"Black Granite Inscription (free)","type":"Inscription","part":"Headstone","side":"Front","price":0,"quantity":14,"label":"January 24, 2025","font":"77.20049999999999px Adorable","font_size":74,"font_family":"Adorable","color":"#ffffff","colorName":"White","x":327,"y":-135,"rotation":0,"flipx":1,"flipy":1,"height":64,"itemID":4}]