[{"productid":124,"type":"Headstone","shape":"Serpentine","color":"#000000","fixed":0,"texture":"src/granites/forever2/l/White-Carrara-600-x-600.jpg","name":"Traditional Engraved Headstone","price":1879.28,"quantity":1,"width":762,"height":609.5999999999999,"_length":80,"init_width":440,"init_height":699,"device":"mobile","dpr":3,"orientation":"portrait","version":"1.45","version_date":20250805,"mode":"2d","navigator":"Safari (mobile(ios)), 440x956"},{"productid":124,"type":"Base","name":"Rectangle","flower_pot_holes":true,"base_flower_pots":2,"shape":"Square","color":"#000000","fixed":0,"texture":"src/granites/forever2/l/African-Black.jpg","price":664,"quantity":1,"width":862,"height":101.6,"_length":"250","init_width":440,"init_height":699,"mode":"2d"},{"productid":7,"id":7,"uid":1759855794862,"path":"../upload/2025/10/","name":"Ceramic Image","type":"Photo","item":"1759855794862img_4247_cropped.jpg","color":0,"mask":1,"x":-9,"y":-153,"flipx":1,"flipy":1,"rotation":0,"ratio":0.7445283625261129,"shape_url":"shapes/photos/rectangle_vertical.svg","part":"Headstone","side":"Front","src":"IMG_4247.jpeg","price":440,"quantity":1,"size":"130 x 180 mm","itemID":1},{"productid":126,"name":"Motif (Traditional Engraved)","type":"Motif","part":"Headstone","side":"Front","src":"155-24","item":"155-24","price":225.105105,"quantity":1,"color":"#000000","colorName":"Black","colorName2":"undefined","x":-422,"y":-189,"flipx":"1","flipy":"1","rotation":0,"height":86,"ratio":0.1589648798521257,"itemID":2},{"productid":126,"name":"Motif (Traditional Engraved)","type":"Motif","part":"Headstone","side":"Front","src":"1_008_21","item":"1_008_21","price":227.2179,"quantity":1,"color":"#000000","colorName":"Black","colorName2":"undefined","x":63,"y":-264,"flipx":"-1","flipy":"-1","rotation":0,"height":95,"ratio":0.14136904761904762,"itemID":3},{"productid":126,"name":"Motif (Traditional Engraved)","type":"Motif","part":"Headstone","side":"Front","src":"155-24","item":"155-24","price":225.105105,"quantity":1,"color":"#000000","colorName":"Black","colorName2":"undefined","x":407,"y":-195,"flipx":"1","flipy":"1","rotation":0,"height":86,"ratio":0.1589648798521257,"itemID":4},{"productid":126,"name":"Motif (Traditional Engraved)","type":"Motif","part":"Headstone","side":"Front","src":"1_017_18","item":"1_017_18","price":327.69304,"quantity":1,"color":"#000000","colorName":"Black","colorName2":"undefined","x":-3,"y":6,"flipx":"1","flipy":"1","rotation":0,"height":523,"ratio":1.1469298245614035,"itemID":5},{"productid":126,"name":"Motif (Traditional Engraved)","type":"Motif","part":"Headstone","side":"Front","src":"1_008_21","item":"1_008_21","price":227.2179,"quantity":1,"color":"#000000","colorName":"Black","colorName2":"undefined","x":-82,"y":-264,"flipx":"1","flipy":"-1","rotation":0,"height":95,"ratio":0.14136904761904762,"itemID":6},{"productid":"125","name":"Inscription (Traditional Engraved)","type":"Inscription","part":"Headstone","side":"Front","price":7.15,"quantity":13,"label":"Leslie W. Paine","font":"63.698537682789656px Chopin Script","font_size":44,"font_family":"Chopin Script","color":"#000000","colorName":"Black","x":-294,"y":132,"rotation":0,"flipx":1,"flipy":1,"height":38,"itemID":7},{"productid":"125","name":"Inscription (Traditional Engraved)","type":"Inscription","part":"Headstone","side":"Front","price":3.85,"quantity":23,"label":"B: 8/16/1938, D: 1/25/2024","font":"41.983127109111365px Chopin Script","font_size":29,"font_family":"Chopin Script","color":"#000000","colorName":"Black","x":-252,"y":175,"rotation":0,"flipx":1,"flipy":1,"height":26,"itemID":8},{"productid":"125","name":"Inscription (Traditional Engraved)","type":"Inscription","part":"Headstone","side":"Front","price":3.85,"quantity":23,"label":"B: 4/9/1938, D: xx/xx/xxxx","font":"41.983127109111365px Chopin Script","font_size":29,"font_family":"Chopin Script","color":"#000000","colorName":"Black","x":-255,"y":307,"rotation":0,"flipx":1,"flipy":1,"height":26,"itemID":9},{"productid":"125","name":"Inscription (Traditional Engraved)","type":"Inscription","part":"Headstone","side":"Front","price":7.15,"quantity":14,"label":"Husband and Wife","font":"62.25084364454444px Chopin Script","font_size":43,"font_family":"Chopin Script","color":"#000000","colorName":"Black","x":-267,"y":43,"rotation":0,"flipx":1,"flipy":1,"height":50,"itemID":10},{"productid":"125","name":"Inscription (Traditional Engraved)","type":"Inscription","part":"Headstone","side":"Front","price":7.15,"quantity":8,"label":"Children","font":"73.8323959505062px Chopin Script","font_size":51,"font_family":"Chopin Script","color":"#000000","colorName":"Black","x":225,"y":40,"rotation":0,"flipx":1,"flipy":1,"height":50,"itemID":11},{"productid":"125","name":"Inscription (Traditional Engraved)","type":"Inscription","part":"Headstone","side":"Front","price":3.85,"quantity":24,"label":"B: 8/16/1962, D: xx/xx/xxxx","font":"41.983127109111365px Chopin Script","font_size":29,"font_family":"Chopin Script","color":"#000000","colorName":"Black","x":261,"y":177,"rotation":0,"flipx":1,"flipy":1,"height":26,"itemID":12},{"productid":"125","name":"Inscription (Traditional Engraved)","type":"Inscription","part":"Headstone","side":"Front","price":7.15,"quantity":12,"label":"Brian C. Paine","font":"73.8323959505062px Chopin Script","font_size":51,"font_family":"Chopin Script","color":"#000000","colorName":"Black","x":246,"y":252,"rotation":0,"flipx":1,"flipy":1,"height":51,"itemID":13},{"productid":"125","name":"Inscription (Traditional Engraved)","type":"Inscription","part":"Headstone","side":"Front","price":3.85,"quantity":25,"label":"B: 10/14/1963, D: xx/xx/xxxx","font":"41.983127109111365px Chopin Script","font_size":29,"font_family":"Chopin Script","color":"#000000","colorName":"Black","x":246,"y":311,"rotation":0,"flipx":1,"flipy":1,"height":26,"itemID":14},{"productid":"125","name":"Inscription (Traditional Engraved)","type":"Inscription","part":"Headstone","side":"Front","price":7.15,"quantity":13,"label":"Curtis F. Paine","font":"65.14623172103488px Chopin Script","font_size":45,"font_family":"Chopin Script","color":"#000000","colorName":"Black","x":-294,"y":246,"rotation":0,"flipx":1,"flipy":1,"height":46,"itemID":15},{"productid":"125","name":"Inscription (Traditional Engraved)","type":"Inscription","part":"Headstone","side":"Front","price":7.15,"quantity":14,"label":"Cynthia L. Paine","font":"66.5939257592801px Chopin Script","font_size":46,"font_family":"Chopin Script","color":"#000000","colorName":"Black","x":255,"y":121,"rotation":0,"flipx":1,"flipy":1,"height":51,"itemID":16}]