[{"productid":4,"type":"Headstone","corner":2,"hole":3,"shape":"Serpentine","color":"#000000","fixed":0,"texture":"src/granites/forever2/l/18.jpg","name":"Laser Etched Black Granite Headstone","price":2565.95,"quantity":1,"width":609.5999999999999,"height":609.5999999999999,"_length":80,"init_width":411,"init_height":714.9999961853027,"device":"mobile","dpr":1.75,"orientation":"portrait","version":"1.45","version_date":20250805,"mode":"2d","navigator":"Chrome (mobile(android)), 412x922"},{"productid":71,"name":"Black Granite Motif (free)","type":"Motif","part":"Headstone","side":"Front","src":"1_141_18","item":"1_141_18","price":0,"quantity":1,"color":"#ffffff","colorName":"White","colorName2":"undefined","x":243,"y":-237,"flipx":"1","flipy":"1","rotation":0,"height":75,"ratio":0.21994134897360704,"itemID":1},{"productid":71,"name":"Black Granite Motif (free)","type":"Motif","part":"Headstone","side":"Front","src":"1_141_17","item":"1_141_17","price":0,"quantity":1,"color":"#ffffff","colorName":"White","colorName2":"undefined","x":-256,"y":-225,"flipx":"1","flipy":"1","rotation":0,"height":94,"ratio":0.21709006928406466,"itemID":2},{"productid":71,"name":"Black Granite Motif (free)","type":"Motif","part":"Headstone","side":"Front","src":"1_155_14","item":"1_155_14","price":0,"quantity":1,"color":"#ffffff","colorName":"White","colorName2":"undefined","x":-271,"y":278,"flipx":"1","flipy":"1","rotation":0,"height":123,"ratio":0.1971153846153846,"itemID":3},{"productid":7,"id":7,"uid":1760810213453,"path":"../upload/2025/10/","name":"Ceramic Image","type":"Photo","item":"17608102134531000004798_cropped.jpg","color":0,"mask":1,"x":252.91963749574984,"y":20.539523162668843,"flipx":1,"flipy":1,"rotation":0,"ratio":0.7712012822768662,"shape_url":"shapes/photos/rectangle_vertical.svg","part":"Headstone","side":"Front","src":"1000004798.jpg","price":570,"quantity":1,"size":"180 x 240 mm","itemID":4},{"productid":"16","name":"Black Granite Inscription (free)","type":"Inscription","part":"Headstone","side":"Front","price":0,"quantity":15,"label":"Preston Carl pack","font":"60.969888041338585px French Script","font_size":53,"font_family":"French Script","color":"#ffffff","colorName":"White","x":3,"y":-264,"rotation":0,"flipx":1,"flipy":1,"height":50,"itemID":5},{"productid":"16","name":"Black Granite Inscription (free)","type":"Inscription","part":"Headstone","side":"Front","price":0,"quantity":11,"label":"Jan,18,2007","font":"69.02251476377953px French Script","font_size":60,"font_family":"French Script","color":"#ffffff","colorName":"White","x":1,"y":-196,"rotation":0,"flipx":1,"flipy":1,"height":57,"itemID":6},{"productid":"16","name":"Black Granite Inscription (free)","type":"Inscription","part":"Headstone","side":"Front","price":0,"quantity":11,"label":"Sept,6,2025","font":"67.87213951771653px French Script","font_size":59,"font_family":"French Script","color":"#ffffff","colorName":"White","x":16,"y":-124,"rotation":0,"flipx":1,"flipy":1,"height":59,"itemID":7},{"productid":"16","name":"Black Granite Inscription (free)","type":"Inscription","part":"Headstone","side":"Front","price":0,"quantity":11,"label":"Rest in peace","font":"95.48114542322834px French Script","font_size":83,"font_family":"French Script","color":"#ffffff","colorName":"White","x":-155.1959745349764,"y":-57.7384032145975,"rotation":0,"flipx":1,"flipy":1,"height":79,"itemID":8},{"productid":"16","name":"Black Granite Inscription (free)","type":"Inscription","part":"Headstone","side":"Front","price":0,"quantity":9,"label":"Forever 18","font":"88.5788939468504px French Script","font_size":77,"font_family":"French Script","color":"#ffffff","colorName":"White","x":-201.42995252920534,"y":31.24365441436521,"rotation":0,"flipx":1,"flipy":1,"height":51,"itemID":9},{"productid":"16","name":"Black Granite Inscription (free)","type":"Inscription","part":"Headstone","side":"Front","price":0,"quantity":23,"label":"In love and memory of family","font":"72.4736405019685px French Script","font_size":63,"font_family":"French Script","color":"#ffffff","colorName":"White","x":-37.23696773282393,"y":186.4629044144292,"rotation":0,"flipx":1,"flipy":1,"height":62,"itemID":10}]