[{"productid":34,"type":"Headstone","corner":2,"hole":3,"shape":"Rectangle (Landscape)","color":"#000000","fixed":0,"texture":"src/granites/forever2/l/African-Black.jpg","name":"Traditional Engraved Plaque","price":534.11,"quantity":1,"width":609.5999999999999,"height":304.79999999999995,"_length":25.4,"init_width":1296,"init_height":634,"device":"desktop","dpr":1.25,"orientation":"landscape","version":"1.45","version_date":20250805,"mode":"2d","navigator":"Edge (chromium based) (desktop), 1536x864"},{"productid":"125","name":"Inscription (Traditional Engraved)","type":"Inscription","part":"Headstone","side":"Front","price":7.15,"quantity":26,"label":"Loving Mother, Wife and Friend","font":"40.56102362204725px Lucida Calligraphy","font_size":32,"font_family":"Lucida Calligraphy","color":"#ffffff","colorName":"White","x":5,"y":130,"rotation":0,"flipx":1,"flipy":1,"height":38,"itemID":2},{"productid":"125","name":"Inscription (Traditional Engraved)","type":"Inscription","part":"Headstone","side":"Front","price":3.85,"quantity":18,"label":"Forever In Our Hearts","font":"40.56102362204725px Lucida Calligraphy","font_size":32,"font_family":"Lucida Calligraphy","color":"#ffffff","colorName":"White","x":34,"y":-145,"rotation":0,"flipx":1,"flipy":1,"height":34,"itemID":3},{"productid":126,"name":"Motif (Traditional Engraved)","type":"Motif","part":"Headstone","side":"Front","src":"2_116_05","item":"2_116_05","price":246.46781,"quantity":1,"color":"#ffffff","colorName":"White","colorName2":"undefined","x":-319,"y":-70,"flipx":"1","flipy":"1","rotation":0,"height":177,"ratio":0.24313186813186813,"itemID":4},{"productid":"125","name":"Inscription (Traditional Engraved)","type":"Inscription","part":"Headstone","side":"Front","price":3.85,"quantity":11,"label":"June 22, 2025","font":"50.701279527559066px Lucida Calligraphy","font_size":40,"font_family":"Lucida Calligraphy","color":"#ffffff","colorName":"White","x":12.5,"y":65.25236593059935,"rotation":0,"flipx":1,"flipy":1,"height":35,"itemID":5},{"productid":"125","name":"Inscription (Traditional Engraved)","type":"Inscription","part":"Headstone","side":"Front","price":7.15,"quantity":13,"label":"August 23, 1960","font":"45.631151574803155px Lucida Calligraphy","font_size":36,"font_family":"Lucida Calligraphy","color":"#ffffff","colorName":"White","x":26,"y":13,"rotation":0,"flipx":1,"flipy":1,"height":39,"itemID":6},{"productid":"125","name":"Inscription (Traditional Engraved)","type":"Inscription","part":"Headstone","side":"Front","price":7.15,"quantity":14,"label":"Joyce K. Lehmann","font":"60.841535433070874px Lucida Calligraphy","font_size":48,"font_family":"Lucida Calligraphy","color":"#ffffff","colorName":"White","x":56,"y":-60.74447949526814,"rotation":0,"flipx":1,"flipy":1,"height":57,"itemID":1}]