[{"productid":30,"type":"Headstone","corner":2,"hole":3,"shape":"Rectangle (Landscape)","color":"#000000","fixed":0,"texture":"src/granites/forever2/l/18.jpg","name":"Laser Etched Black Granite Plaque","price":1514.04,"quantity":1,"width":762,"height":508,"_length":25.4,"init_width":1440,"init_height":859,"device":"desktop","dpr":1,"orientation":"landscape","version":"1.45","version_date":20250805,"mode":"2d","navigator":"Chrome (desktop), 1680x1050"},{"productid":71,"name":"Black Granite Motif (free)","type":"Motif","part":"Headstone","side":"Front","src":"cross_002","item":"cross_002","price":0,"quantity":1,"color":"#ffffff","colorName":"White","colorName2":"undefined","x":13,"y":24,"flipx":"1","flipy":"1","rotation":0,"height":280,"ratio":1.0071942446043165,"itemID":1},{"productid":71,"name":"Black Granite Motif (free)","type":"Motif","part":"Headstone","side":"Front","src":"1_065_18","item":"1_065_18","price":0,"quantity":1,"color":"#ffffff","colorName":"White","colorName2":"undefined","x":-396,"y":-258,"flipx":"1","flipy":"1","rotation":0,"height":40,"ratio":0.057803468208092484,"itemID":2},{"productid":71,"name":"Black Granite Motif (free)","type":"Motif","part":"Headstone","side":"Front","src":"1_065_18","item":"1_065_18","price":0,"quantity":1,"color":"#ffffff","colorName":"White","colorName2":"undefined","x":397,"y":258,"flipx":"-1","flipy":"-1","rotation":0,"height":40,"ratio":0.057803468208092484,"itemID":3},{"productid":71,"name":"Black Granite Motif (free)","type":"Motif","part":"Headstone","side":"Front","src":"1_065_18","item":"1_065_18","price":0,"quantity":1,"color":"#ffffff","colorName":"White","colorName2":"undefined","x":-396,"y":257,"flipx":"1","flipy":"-1","rotation":0,"height":40,"ratio":0.057803468208092484,"itemID":4},{"productid":71,"name":"Black Granite Motif (free)","type":"Motif","part":"Headstone","side":"Front","src":"1_065_18","item":"1_065_18","price":0,"quantity":1,"color":"#ffffff","colorName":"White","colorName2":"undefined","x":397,"y":-258,"flipx":"-1","flipy":"1","rotation":0,"height":40,"ratio":0.057803468208092484,"itemID":5},{"productid":"16","name":"Black Granite Inscription (free)","type":"Inscription","part":"Headstone","side":"Front","price":0,"quantity":6,"label":"George","font":"84.63179133858266px Lucida Calligraphy","font_size":77,"font_family":"Lucida Calligraphy","color":"#ffffff","colorName":"White","x":-226,"y":65,"rotation":0,"flipx":1,"flipy":1,"height":82,"itemID":6},{"productid":"16","name":"Black Granite Inscription (free)","type":"Inscription","part":"Headstone","side":"Front","price":0,"quantity":16,"label":"30 Years of Service","font":"21.982283464566926px Lucida Calligraphy","font_size":20,"font_family":"Lucida Calligraphy","color":"#ffffff","colorName":"White","x":-256,"y":-53,"rotation":0,"flipx":1,"flipy":1,"height":24,"itemID":7},{"productid":"16","name":"Black Granite Inscription (free)","type":"Inscription","part":"Headstone","side":"Front","price":0,"quantity":18,"label":"In our Hearts Forever","font":"21.982283464566926px Lucida Calligraphy","font_size":20,"font_family":"Lucida Calligraphy","color":"#ffffff","colorName":"White","x":-258,"y":-28,"rotation":0,"flipx":1,"flipy":1,"height":22,"itemID":8},{"productid":"16","name":"Black Granite Inscription (free)","type":"Inscription","part":"Headstone","side":"Front","price":0,"quantity":20,"label":"Son, Brother and Father","font":"21.982283464566926px Lucida Calligraphy","font_size":20,"font_family":"Lucida Calligraphy","color":"#ffffff","colorName":"White","x":-263,"y":-1,"rotation":0,"flipx":1,"flipy":1,"height":22,"itemID":9},{"productid":"16","name":"Black Granite Inscription (free)","type":"Inscription","part":"Headstone","side":"Front","price":0,"quantity":12,"label":"May 25th, 1973","font":"18.684940944881888px Lucida Calligraphy","font_size":17,"font_family":"Lucida Calligraphy","color":"#ffffff","colorName":"White","x":-333,"y":153,"rotation":0,"flipx":1,"flipy":1,"height":20,"itemID":10},{"productid":"16","name":"Black Granite Inscription (free)","type":"Inscription","part":"Headstone","side":"Front","price":0,"quantity":19,"label":"Heroes get remembered","font":"21.982283464566926px Lucida Calligraphy","font_size":20,"font_family":"Lucida Calligraphy","color":"#ffffff","colorName":"White","x":-237,"y":214,"rotation":0,"flipx":1,"flipy":1,"height":24,"itemID":11},{"productid":"16","name":"Black Granite Inscription (free)","type":"Inscription","part":"Headstone","side":"Front","price":0,"quantity":21,"label":"but Legends never die...","font":"21.982283464566926px Lucida Calligraphy","font_size":20,"font_family":"Lucida Calligraphy","color":"#ffffff","colorName":"White","x":-233,"y":246,"rotation":0,"flipx":1,"flipy":1,"height":24,"itemID":12},{"productid":"16","name":"Black Granite Inscription (free)","type":"Inscription","part":"Headstone","side":"Front","price":0,"quantity":4,"label":"MEZA","font":"115.40698818897636px Lucida Calligraphy","font_size":105,"font_family":"Lucida Calligraphy","color":"#ffffff","colorName":"White","x":-5,"y":-205,"rotation":0,"flipx":1,"flipy":1,"height":79,"itemID":13},{"productid":21,"id":21,"uid":1761675790358,"path":"../upload/2025/10/","name":"Laser-etched Image","type":"Photo","item":"1761675790358georgie_cropped.jpg","color":1,"mask":1,"x":-291,"y":-168,"flipx":1,"flipy":1,"rotation":0,"ratio":0.44220174876396257,"shape_url":"shapes/photos/rectangle_vertical.svg","part":"Headstone","side":"Front","src":"georgie.jpg","price":0,"quantity":1,"size":"173","width":"170","height":"190","itemID":14},{"productid":"16","name":"Black Granite Inscription (free)","type":"Inscription","part":"Headstone","side":"Front","price":0,"quantity":12,"label":"Dec. 1st, 2024","font":"20.88316929133858px Lucida Calligraphy","font_size":19,"font_family":"Lucida Calligraphy","color":"#ffffff","colorName":"White","x":-120,"y":154,"rotation":0,"flipx":1,"flipy":1,"height":16,"itemID":15},{"productid":"16","name":"Black Granite Inscription (free)","type":"Inscription","part":"Headstone","side":"Front","price":0,"quantity":11,"label":"Date of Birth","font":"21.982283464566926px Garamond","font_size":20,"font_family":"Garamond","color":"#ffffff","colorName":"White","x":-332,"y":128,"rotation":0,"flipx":1,"flipy":1,"height":15,"itemID":18},{"productid":"16","name":"Black Granite Inscription (free)","type":"Inscription","part":"Headstone","side":"Front","price":0,"quantity":10,"label":"End of Watch","font":"21.982283464566926px Garamond","font_size":20,"font_family":"Garamond","color":"#ffffff","colorName":"White","x":-119,"y":132,"rotation":0,"flipx":1,"flipy":1,"height":15,"itemID":16},{"productid":21,"id":21,"uid":1761690413347,"path":"../upload/2025/10/","name":"Laser-etched Image","type":"Photo","item":"1761690413347badge1422_cropped.jpg","color":1,"mask":1,"x":-104,"y":-112,"flipx":1,"flipy":1,"rotation":0,"ratio":0.2965052188243911,"shape_url":"shapes/photos/rectangle_vertical.svg","part":"Headstone","side":"Front","src":"badge1422.png","price":0,"quantity":1,"size":116,"width":"112","height":"127","itemID":20},{"productid":21,"id":21,"uid":1761691138803,"path":"../upload/2025/10/","name":"Laser-etched Image","type":"Photo","item":"1761691138803arrowhead_cropped.jpg","color":1,"mask":1,"x":-224,"y":146,"flipx":1,"flipy":1,"rotation":0,"ratio":0.20193027833730082,"shape_url":"shapes/photos/rectangle_vertical.svg","part":"Headstone","side":"Front","src":"arrowhead.png","price":80,"quantity":1,"size":79,"width":"70","height":"87","itemID":21}]