[{"productid":124,"type":"Headstone","shape":"Left Wave","color":"#000000","fixed":0,"texture":"src/granites/forever2/l/Noble-Black.jpg","name":"Traditional Engraved Headstone","price":1484.66,"quantity":1,"width":609.5999999999999,"height":609.5999999999999,"_length":80,"init_width":1296,"init_height":674,"device":"desktop","dpr":1.25,"orientation":"landscape","version":"1.45","version_date":20250805,"mode":"2d","navigator":"Chrome (desktop), 1536x864"},{"productid":126,"name":"Motif (Traditional Engraved)","type":"Motif","part":"Headstone","side":"Front","src":"1_184_07","item":"1_184_07","price":220.879515,"quantity":1,"color":"#c26b13","colorName":"Chocolate","colorName2":"undefined","x":332,"y":-50,"flipx":"1","flipy":"1","rotation":0,"height":68,"ratio":0.15560640732265446,"itemID":11},{"productid":126,"name":"Motif (Traditional Engraved)","type":"Motif","part":"Headstone","side":"Front","src":"1_184_07","item":"1_184_07","price":220.879515,"quantity":1,"color":"#c26b13","colorName":"Chocolate","colorName2":"undefined","x":-316,"y":-53,"flipx":"-1","flipy":"1","rotation":1,"height":68,"ratio":0.15560640732265446,"itemID":12},{"productid":126,"name":"Motif (Traditional Engraved)","type":"Motif","part":"Headstone","side":"Front","src":"1_167_03","item":"1_167_03","price":214.306375,"quantity":1,"color":"#c26b13","colorName":"Chocolate","colorName2":"undefined","x":181,"y":383,"flipx":"1","flipy":"1","rotation":0,"height":40,"ratio":0.05943536404160475,"itemID":13},{"productid":126,"name":"Motif (Traditional Engraved)","type":"Motif","part":"Headstone","side":"Front","src":"cross_004","item":"cross_004","price":226.98314499999998,"quantity":1,"color":"#c26b13","colorName":"Chocolate","colorName2":"undefined","x":-150,"y":-292,"flipx":"1","flipy":"1","rotation":0,"height":94,"ratio":0.47474747474747475,"itemID":14},{"productid":"125","name":"Inscription (Traditional Engraved)","type":"Inscription","part":"Headstone","side":"Front","price":3.85,"quantity":12,"label":"Thomas  Turasi","font":"67.37512303149607px Garamond","font_size":50,"font_family":"Garamond","color":"#c26b13","colorName":"Chocolate","x":13,"y":-115,"rotation":0,"flipx":1,"flipy":1,"height":36,"itemID":1},{"productid":"125","name":"Inscription (Traditional Engraved)","type":"Inscription","part":"Headstone","side":"Front","price":3.85,"quantity":20,"label":"1944 - 17th January 2017","font":"49.857591043307096px Garamond","font_size":37,"font_family":"Garamond","color":"#c26b13","colorName":"Chocolate","x":6,"y":-64,"rotation":0,"flipx":1,"flipy":1,"height":36,"itemID":4},{"productid":"125","name":"Inscription (Traditional Engraved)","type":"Inscription","part":"Headstone","side":"Front","price":3.85,"quantity":69,"label":"Cherished Husband, Father, Brother, Uncle, Grandfather, and Great Grand Father","font":"24.25504429133859px Garamond","font_size":18,"font_family":"Garamond","color":"#c26b13","colorName":"Chocolate","x":17,"y":5,"rotation":0,"flipx":1,"flipy":1,"height":16,"itemID":5},{"productid":"125","name":"Inscription (Traditional Engraved)","type":"Inscription","part":"Headstone","side":"Front","price":3.85,"quantity":63,"label":"\"A steadfast leader whose wisdom guided his people through thick and thin,","font":"20.212536909448822px Lucida Calligraphy","font_size":15,"font_family":"Lucida Calligraphy","color":"#c26b13","colorName":"Chocolate","x":-4,"y":69,"rotation":0,"flipx":1,"flipy":1,"height":18,"itemID":10},{"productid":"125","name":"Inscription (Traditional Engraved)","type":"Inscription","part":"Headstone","side":"Front","price":3.85,"quantity":46,"label":"His spirit remains the beacon for future generations\"","font":"24.25504429133859px Lucida Calligraphy","font_size":18,"font_family":"Lucida Calligraphy","color":"#c26b13","colorName":"Chocolate","x":13,"y":105,"rotation":0,"flipx":1,"flipy":1,"height":22,"itemID":8},{"productid":"125","name":"Inscription (Traditional Engraved)","type":"Inscription","part":"Headstone","side":"Front","price":3.85,"quantity":9,"label":"Psalm 23:1","font":"32.34005905511812px Lucida Calligraphy","font_size":24,"font_family":"Lucida Calligraphy","color":"#c26b13","colorName":"Chocolate","x":8,"y":211,"rotation":0,"flipx":1,"flipy":1,"height":24,"itemID":7},{"productid":"125","name":"Inscription (Traditional Engraved)","type":"Inscription","part":"Headstone","side":"Front","price":3.85,"quantity":36,"label":"\"The Lord is my shepherd; I shall not want,\"","font":"24.25504429133859px Lucida Calligraphy","font_size":18,"font_family":"Lucida Calligraphy","color":"#c26b13","colorName":"Chocolate","x":13,"y":256,"rotation":0,"flipx":1,"flipy":1,"height":22,"itemID":6},{"productid":"125","name":"Inscription (Traditional Engraved)","type":"Inscription","part":"Headstone","side":"Front","price":3.85,"quantity":38,"label":"Forever in God’s Peace, Forever in Our Hearts","font":"24.25504429133859px Lucida Calligraphy","font_size":18,"font_family":"Lucida Calligraphy","color":"#c26b13","colorName":"Chocolate","x":36,"y":340,"rotation":0,"flipx":1,"flipy":1,"height":19,"itemID":3},{"productid":"125","name":"Inscription (Traditional Engraved)","type":"Inscription","part":"Headstone","side":"Front","price":3.85,"quantity":15,"label":"Rest awhile Daddy","font":"30.992556594488196px Adorable","font_size":23,"font_family":"Adorable","color":"#c26b13","colorName":"Chocolate","x":18,"y":382,"rotation":0,"flipx":1,"flipy":1,"height":23,"itemID":9},{"productid":"125","name":"Inscription (Traditional Engraved)","type":"Inscription","part":"Headstone","side":"Front","price":3.85,"quantity":32,"label":"In Loving Memory Of Our Beloved Father","font":"40.425073818897644px Garamond","font_size":30,"font_family":"Garamond","color":"#c26b13","colorName":"Chocolate","x":18,"y":-184,"rotation":0,"flipx":1,"flipy":1,"height":30,"itemID":2}]