[{"productid":4,"type":"Headstone","shape":"Left Wave","color":"#000000","fixed":0,"texture":"src/granites/forever2/l/18.jpg","name":"Laser Etched Black Granite Headstone","price":2565.95,"quantity":1,"width":609.5999999999999,"height":609.5999999999999,"_length":80,"init_width":428,"init_height":724,"device":"mobile","dpr":3,"orientation":"portrait","version":"1.45","version_date":20250805,"mode":"2d","navigator":"Safari (mobile(ios)), 428x926"},{"productid":4,"type":"Base","name":"Rectangle","flower_pot_holes":true,"base_flower_pots":4,"shape":"Rectangle","color":"#000000","fixed":0,"texture":"src/granites/forever2/l/18.jpg","price":650,"quantity":1,"width":709.5999999999999,"height":101.6,"_length":250,"init_width":428,"init_height":724,"mode":"2d"},{"productid":21,"id":21,"uid":1761187798380,"path":"../upload/2025/10/","name":"Laser-etched Image","type":"Photo","item":"1761187798380img_6568_cropped.jpg","color":1,"mask":0,"x":-375,"y":-318,"flipx":1,"flipy":1,"rotation":0,"ratio":1.1086747789123044,"shape_url":"shapes/photos/oval_vertical.svg","part":"Headstone","side":"Front","src":"IMG_6568.jpeg","price":0,"quantity":1,"size":228,"width":"282","height":"401","itemID":1},{"productid":"16","name":"Black Granite Inscription (free)","type":"Inscription","part":"Headstone","side":"Front","price":0,"quantity":16,"label":"Rebecca Jane Luman","font":"77.45163104611925px Adorable","font_size":44,"font_family":"Adorable","color":"#ffffff","colorName":"White","x":123,"y":-252,"rotation":0,"flipx":1,"flipy":1,"height":40,"itemID":2}]