weight,minus_loglike,omega_b,omega_cdm,100theta_s,tau_reio,epsilon,c,Lambda,A_cib_217,xi_sz_cib,A_sz,ps_A_100_100,ps_A_143_143,ps_A_143_217,ps_A_217_217,ksz_norm,gal545_A_100,gal545_A_143,gal545_A_143_217,gal545_A_217,galf_EE_A_100,galf_EE_A_100_143,galf_EE_A_100_217,galf_EE_A_143,galf_EE_A_143_217,galf_EE_A_217,galf_TE_A_100,galf_TE_A_100_143,galf_TE_A_100_217,galf_TE_A_143,galf_TE_A_143_217,galf_TE_A_217,calib_100T,calib_217T,A_planck
4,124084000.0,2.402327,0.1499551,1.043099,0.1189787,0.00314276,1.89733,4.652795e-11,0.04176867,0.9847576,4.93409,108.9552,160.8745,39.30788,2.181216,2.373913,2.616554,9.541584,64.23169,0.5441487,0.1059089,0.03649274,0.1487063,0.1305273,0.4141612,0.0594202,0.1901691,0.06799573,1.210416,0.2864519,0.4008301,0.03948471,99.8944,99.49625,109.1301
1,124084000.0,2.402327,0.1499551,1.043099,0.1189787,0.003101887,1.833376,4.074517e-11,0.04176867,0.9847576,4.93409,108.9552,160.8745,39.30788,2.181216,2.373913,2.616554,9.541584,64.23169,0.5441487,0.1059089,0.03649274,0.1487063,0.1305273,0.4141612,0.0594202,0.1901691,0.06799573,1.210416,0.2864519,0.4008301,0.03948471,99.8944,99.49625,109.1301
1,124084000.0,2.402327,0.1499551,1.043099,0.1189787,0.003005657,1.85169,4.133946e-11,0.04176867,0.9847576,4.93409,108.9552,160.8745,39.30788,2.181216,2.373913,2.616554,9.541584,64.23169,0.5441487,0.1059089,0.03649274,0.1487063,0.1305273,0.4141612,0.0594202,0.1901691,0.06799573,1.210416,0.2864519,0.4008301,0.03948471,99.8944,99.49625,109.1301
32,124084000.0,2.402327,0.1499551,1.043099,0.1189787,0.003001336,1.934494,4.193177e-11,0.04176867,0.9847576,4.93409,108.9552,160.8745,39.30788,2.181216,2.373913,2.616554,9.541584,64.23169,0.5441487,0.1059089,0.03649274,0.1487063,0.1305273,0.4141612,0.0594202,0.1901691,0.06799573,1.210416,0.2864519,0.4008301,0.03948471,99.8944,99.49625,109.1301
1,124084000.0,2.402327,0.1499551,1.043099,0.1189787,0.002918776,1.974451,4.659866e-11,0.04176867,0.9847576,4.93409,108.9552,160.8745,39.30788,2.181216,2.373913,2.616554,9.541584,64.23169,0.5441487,0.1059089,0.03649274,0.1487063,0.1305273,0.4141612,0.0594202,0.1901691,0.06799573,1.210416,0.2864519,0.4008301,0.03948471,99.8944,99.49625,109.1301
1,124084000.0,2.402327,0.1499551,1.043099,0.1189787,0.00294629,1.980483,4.941696e-11,0.04176867,0.9847576,4.93409,108.9552,160.8745,39.30788,2.181216,2.373913,2.616554,9.541584,64.23169,0.5441487,0.1059089,0.03649274,0.1487063,0.1305273,0.4141612,0.0594202,0.1901691,0.06799573,1.210416,0.2864519,0.4008301,0.03948471,99.8944,99.49625,109.1301
32,124084000.0,2.402327,0.1499551,1.043099,0.1189787,0.002869962,1.884123,4.660392e-11,0.04176867,0.9847576,4.93409,108.9552,160.8745,39.30788,2.181216,2.373913,2.616554,9.541584,64.23169,0.5441487,0.1059089,0.03649274,0.1487063,0.1305273,0.4141612,0.0594202,0.1901691,0.06799573,1.210416,0.2864519,0.4008301,0.03948471,99.8944,99.49625,109.1301
1,124084000.0,2.402327,0.1499551,1.043099,0.1189787,0.002852203,1.789055,3.481363e-11,0.04176867,0.9847576,4.93409,108.9552,160.8745,39.30788,2.181216,2.373913,2.616554,9.541584,64.23169,0.5441487,0.1059089,0.03649274,0.1487063,0.1305273,0.4141612,0.0594202,0.1901691,0.06799573,1.210416,0.2864519,0.4008301,0.03948471,99.8944,99.49625,109.1301
1,124084000.0,2.402327,0.1499551,1.043099,0.1189787,0.002961483,1.855998,4.269248e-11,0.04176867,0.9847576,4.93409,108.9552,160.8745,39.30788,2.181216,2.373913,2.616554,9.541584,64.23169,0.5441487,0.1059089,0.03649274,0.1487063,0.1305273,0.4141612,0.0594202,0.1901691,0.06799573,1.210416,0.2864519,0.4008301,0.03948471,99.8944,99.49625,109.1301
32,124084000.0,2.402327,0.1499551,1.043099,0.1189787,0.003066208,1.788847,4.682226e-11,0.04176867,0.9847576,4.93409,108.9552,160.8745,39.30788,2.181216,2.373913,2.616554,9.541584,64.23169,0.5441487,0.1059089,0.03649274,0.1487063,0.1305273,0.4141612,0.0594202,0.1901691,0.06799573,1.210416,0.2864519,0.4008301,0.03948471,99.8944,99.49625,109.1301
1,124084000.0,2.402327,0.1499551,1.043099,0.1189787,0.002950206,1.769266,5.158671e-11,0.04176867,0.9847576,4.93409,108.9552,160.8745,39.30788,2.181216,2.373913,2.616554,9.541584,64.23169,0.5441487,0.1059089,0.03649274,0.1487063,0.1305273,0.4141612,0.0594202,0.1901691,0.06799573,1.210416,0.2864519,0.4008301,0.03948471,99.8944,99.49625,109.1301
1,124084000.0,2.402327,0.1499551,1.043099,0.1189787,0.00291977,1.769841,5.02042e-11,0.04176867,0.9847576,4.93409,108.9552,160.8745,39.30788,2.181216,2.373913,2.616554,9.541584,64.23169,0.5441487,0.1059089,0.03649274,0.1487063,0.1305273,0.4141612,0.0594202,0.1901691,0.06799573,1.210416,0.2864519,0.4008301,0.03948471,99.8944,99.49625,109.1301
32,124084000.0,2.402327,0.1499551,1.043099,0.1189787,0.0029984,1.60496,6.185463e-11,0.04176867,0.9847576,4.93409,108.9552,160.8745,39.30788,2.181216,2.373913,2.616554,9.541584,64.23169,0.5441487,0.1059089,0.03649274,0.1487063,0.1305273,0.4141612,0.0594202,0.1901691,0.06799573,1.210416,0.2864519,0.4008301,0.03948471,99.8944,99.49625,109.1301
1,124084000.0,2.402327,0.1499551,1.043099,0.1189787,0.002880219,1.587175,5.402217e-11,0.04176867,0.9847576,4.93409,108.9552,160.8745,39.30788,2.181216,2.373913,2.616554,9.541584,64.23169,0.5441487,0.1059089,0.03649274,0.1487063,0.1305273,0.4141612,0.0594202,0.1901691,0.06799573,1.210416,0.2864519,0.4008301,0.03948471,99.8944,99.49625,109.1301
1,124084000.0,2.402327,0.1499551,1.043099,0.1189787,0.002948908,1.518096,5.56332e-11,0.04176867,0.9847576,4.93409,108.9552,160.8745,39.30788,2.181216,2.373913,2.616554,9.541584,64.23169,0.5441487,0.1059089,0.03649274,0.1487063,0.1305273,0.4141612,0.0594202,0.1901691,0.06799573,1.210416,0.2864519,0.4008301,0.03948471,99.8944,99.49625,109.1301
32,124084000.0,2.402327,0.1499551,1.043099,0.1189787,0.002925935,1.517386,6.857065e-11,0.04176867,0.9847576,4.93409,108.9552,160.8745,39.30788,2.181216,2.373913,2.616554,9.541584,64.23169,0.5441487,0.1059089,0.03649274,0.1487063,0.1305273,0.4141612,0.0594202,0.1901691,0.06799573,1.210416,0.2864519,0.4008301,0.03948471,99.8944,99.49625,109.1301
1,124084000.0,2.402327,0.1499551,1.043099,0.1189787,0.002856188,1.531524,7.244856e-11,0.04176867,0.9847576,4.93409,108.9552,160.8745,39.30788,2.181216,2.373913,2.616554,9.541584,64.23169,0.5441487,0.1059089,0.03649274,0.1487063,0.1305273,0.4141612,0.0594202,0.1901691,0.06799573,1.210416,0.2864519,0.4008301,0.03948471,99.8944,99.49625,109.1301
1,124084000.0,2.402327,0.1499551,1.043099,0.1189787,0.002901105,1.517461,7.440456e-11,0.04176867,0.9847576,4.93409,108.9552,160.8745,39.30788,2.181216,2.373913,2.616554,9.541584,64.23169,0.5441487,0.1059089,0.03649274,0.1487063,0.1305273,0.4141612,0.0594202,0.1901691,0.06799573,1.210416,0.2864519,0.4008301,0.03948471,99.8944,99.49625,109.1301
28,124084000.0,2.402327,0.1499551,1.043099,0.1189787,0.002953362,1.529997,8.318797e-11,0.04176867,0.9847576,4.93409,108.9552,160.8745,39.30788,2.181216,2.373913,2.616554,9.541584,64.23169,0.5441487,0.1059089,0.03649274,0.1487063,0.1305273,0.4141612,0.0594202,0.1901691,0.06799573,1.210416,0.2864519,0.4008301,0.03948471,99.8944,99.49625,109.1301
4,123774000.0,2.399796,0.1498891,1.042899,0.1198122,0.002953362,1.529997,8.318797e-11,0.04176867,0.9847576,4.93409,108.9552,160.8745,39.30788,2.181216,2.373913,2.616554,9.541584,64.23169,0.5441487,0.1059089,0.03649274,0.1487063,0.1305273,0.4141612,0.0594202,0.1901691,0.06799573,1.210416,0.2864519,0.4008301,0.03948471,99.8944,99.49625,109.1301
1,123774000.0,2.399796,0.1498891,1.042899,0.1198122,0.002917402,1.603207,7.103233e-11,0.04176867,0.9847576,4.93409,108.9552,160.8745,39.30788,2.181216,2.373913,2.616554,9.541584,64.23169,0.5441487,0.1059089,0.03649274,0.1487063,0.1305273,0.4141612,0.0594202,0.1901691,0.06799573,1.210416,0.2864519,0.4008301,0.03948471,99.8944,99.49625,109.1301
1,123774000.0,2.399796,0.1498891,1.042899,0.1198122,0.002879631,1.57488,8.164923e-11,0.04176867,0.9847576,4.93409,108.9552,160.8745,39.30788,2.181216,2.373913,2.616554,9.541584,64.23169,0.5441487,0.1059089,0.03649274,0.1487063,0.1305273,0.4141612,0.0594202,0.1901691,0.06799573,1.210416,0.2864519,0.4008301,0.03948471,99.8944,99.49625,109.1301
32,123774000.0,2.399796,0.1498891,1.042899,0.1198122,0.002914983,1.481214,9.388188e-11,0.04176867,0.9847576,4.93409,108.9552,160.8745,39.30788,2.181216,2.373913,2.616554,9.541584,64.23169,0.5441487,0.1059089,0.03649274,0.1487063,0.1305273,0.4141612,0.0594202,0.1901691,0.06799573,1.210416,0.2864519,0.4008301,0.03948471,99.8944,99.49625,109.1301
1,123774000.0,2.399796,0.1498891,1.042899,0.1198122,0.003023081,1.426539,1.051509e-10,0.04176867,0.9847576,4.93409,108.9552,160.8745,39.30788,2.181216,2.373913,2.616554,9.541584,64.23169,0.5441487,0.1059089,0.03649274,0.1487063,0.1305273,0.4141612,0.0594202,0.1901691,0.06799573,1.210416,0.2864519,0.4008301,0.03948471,99.8944,99.49625,109.1301
1,123774000.0,2.399796,0.1498891,1.042899,0.1198122,0.003076008,1.380607,9.08559e-11,0.04176867,0.9847576,4.93409,108.9552,160.8745,39.30788,2.181216,2.373913,2.616554,9.541584,64.23169,0.5441487,0.1059089,0.03649274,0.1487063,0.1305273,0.4141612,0.0594202,0.1901691,0.06799573,1.210416,0.2864519,0.4008301,0.03948471,99.8944,99.49625,109.1301
32,123774000.0,2.399796,0.1498891,1.042899,0.1198122,0.003082373,1.383456,8.365156e-11,0.04176867,0.9847576,4.93409,108.9552,160.8745,39.30788,2.181216,2.373913,2.616554,9.541584,64.23169,0.5441487,0.1059089,0.03649274,0.1487063,0.1305273,0.4141612,0.0594202,0.1901691,0.06799573,1.210416,0.2864519,0.4008301,0.03948471,99.8944,99.49625,109.1301
1,123774000.0,2.399796,0.1498891,1.042899,0.1198122,0.003119104,1.341872,8.635722e-11,0.04176867,0.9847576,4.93409,108.9552,160.8745,39.30788,2.181216,2.373913,2.616554,9.541584,64.23169,0.5441487,0.1059089,0.03649274,0.1487063,0.1305273,0.4141612,0.0594202,0.1901691,0.06799573,1.210416,0.2864519,0.4008301,0.03948471,99.8944,99.49625,109.1301
1,123774000.0,2.399796,0.1498891,1.042899,0.1198122,0.00322048,1.406224,7.576701e-11,0.04176867,0.9847576,4.93409,108.9552,160.8745,39.30788,2.181216,2.373913,2.616554,9.541584,64.23169,0.5441487,0.1059089,0.03649274,0.1487063,0.1305273,0.4141612,0.0594202,0.1901691,0.06799573,1.210416,0.2864519,0.4008301,0.03948471,99.8944,99.49625,109.1301
32,123774000.0,2.399796,0.1498891,1.042899,0.1198122,0.003127218,1.391306,8.956197e-11,0.04176867,0.9847576,4.93409,108.9552,160.8745,39.30788,2.181216,2.373913,2.616554,9.541584,64.23169,0.5441487,0.1059089,0.03649274,0.1487063,0.1305273,0.4141612,0.0594202,0.1901691,0.06799573,1.210416,0.2864519,0.4008301,0.03948471,99.8944,99.49625,109.1301
1,123774000.0,2.399796,0.1498891,1.042899,0.1198122,0.003054537,1.392535,8.958232e-11,0.04176867,0.9847576,4.93409,108.9552,160.8745,39.30788,2.181216,2.373913,2.616554,9.541584,64.23169,0.5441487,0.1059089,0.03649274,0.1487063,0.1305273,0.4141612,0.0594202,0.1901691,0.06799573,1.210416,0.2864519,0.4008301,0.03948471,99.8944,99.49625,109.1301
1,123774000.0,2.399796,0.1498891,1.042899,0.1198122,0.003083328,1.344492,9.500471e-11,0.04176867,0.9847576,4.93409,108.9552,160.8745,39.30788,2.181216,2.373913,2.616554,9.541584,64.23169,0.5441487,0.1059089,0.03649274,0.1487063,0.1305273,0.4141612,0.0594202,0.1901691,0.06799573,1.210416,0.2864519,0.4008301,0.03948471,99.8944,99.49625,109.1301
32,123774000.0,2.399796,0.1498891,1.042899,0.1198122,0.0031157,1.235935,9.892449e-11,0.04176867,0.9847576,4.93409,108.9552,160.8745,39.30788,2.181216,2.373913,2.616554,9.541584,64.23169,0.5441487,0.1059089,0.03649274,0.1487063,0.1305273,0.4141612,0.0594202,0.1901691,0.06799573,1.210416,0.2864519,0.4008301,0.03948471,99.8944,99.49625,109.1301
1,123774000.0,2.399796,0.1498891,1.042899,0.1198122,0.00308669,1.216948,1.025979e-10,0.04176867,0.9847576,4.93409,108.9552,160.8745,39.30788,2.181216,2.373913,2.616554,9.541584,64.23169,0.5441487,0.1059089,0.03649274,0.1487063,0.1305273,0.4141612,0.0594202,0.1901691,0.06799573,1.210416,0.2864519,0.4008301,0.03948471,99.8944,99.49625,109.1301
1,123774000.0,2.399796,0.1498891,1.042899,0.1198122,0.00313864,1.309874,1.272234e-10,0.04176867,0.9847576,4.93409,108.9552,160.8745,39.30788,2.181216,2.373913,2.616554,9.541584,64.23169,0.5441487,0.1059089,0.03649274,0.1487063,0.1305273,0.4141612,0.0594202,0.1901691,0.06799573,1.210416,0.2864519,0.4008301,0.03948471,99.8944,99.49625,109.1301
32,123774000.0,2.399796,0.1498891,1.042899,0.1198122,0.003021323,1.209501,1.217529e-10,0.04176867,0.9847576,4.93409,108.9552,160.8745,39.30788,2.181216,2.373913,2.616554,9.541584,64.23169,0.5441487,0.1059089,0.03649274,0.1487063,0.1305273,0.4141612,0.0594202,0.1901691,0.06799573,1.210416,0.2864519,0.4008301,0.03948471,99.8944,99.49625,109.1301
1,123774000.0,2.399796,0.1498891,1.042899,0.1198122,0.003098565,1.257994,1.241706e-10,0.04176867,0.9847576,4.93409,108.9552,160.8745,39.30788,2.181216,2.373913,2.616554,9.541584,64.23169,0.5441487,0.1059089,0.03649274,0.1487063,0.1305273,0.4141612,0.0594202,0.1901691,0.06799573,1.210416,0.2864519,0.4008301,0.03948471,99.8944,99.49625,109.1301
1,123774000.0,2.399796,0.1498891,1.042899,0.1198122,0.003123154,1.259631,1.244688e-10,0.04176867,0.9847576,4.93409,108.9552,160.8745,39.30788,2.181216,2.373913,2.616554,9.541584,64.23169,0.5441487,0.1059089,0.03649274,0.1487063,0.1305273,0.4141612,0.0594202,0.1901691,0.06799573,1.210416,0.2864519,0.4008301,0.03948471,99.8944,99.49625,109.1301
32,123774000.0,2.399796,0.1498891,1.042899,0.1198122,0.003037496,1.370402,1.310294e-10,0.04176867,0.9847576,4.93409,108.9552,160.8745,39.30788,2.181216,2.373913,2.616554,9.541584,64.23169,0.5441487,0.1059089,0.03649274,0.1487063,0.1305273,0.4141612,0.0594202,0.1901691,0.06799573,1.210416,0.2864519,0.4008301,0.03948471,99.8944,99.49625,109.1301
1,123774000.0,2.399796,0.1498891,1.042899,0.1198122,0.00307598,1.492755,1.34524e-10,0.04176867,0.9847576,4.93409,108.9552,160.8745,39.30788,2.181216,2.373913,2.616554,9.541584,64.23169,0.5441487,0.1059089,0.03649274,0.1487063,0.1305273,0.4141612,0.0594202,0.1901691,0.06799573,1.210416,0.2864519,0.4008301,0.03948471,99.8944,99.49625,109.1301
1,123774000.0,2.399796,0.1498891,1.042899,0.1198122,0.00297146,1.475019,1.218029e-10,0.04176867,0.9847576,4.93409,108.9552,160.8745,39.30788,2.181216,2.373913,2.616554,9.541584,64.23169,0.5441487,0.1059089,0.03649274,0.1487063,0.1305273,0.4141612,0.0594202,0.1901691,0.06799573,1.210416,0.2864519,0.4008301,0.03948471,99.8944,99.49625,109.1301
32,123774000.0,2.399796,0.1498891,1.042899,0.1198122,0.003051738,1.445796,1.432926e-10,0.04176867,0.9847576,4.93409,108.9552,160.8745,39.30788,2.181216,2.373913,2.616554,9.541584,64.23169,0.5441487,0.1059089,0.03649274,0.1487063,0.1305273,0.4141612,0.0594202,0.1901691,0.06799573,1.210416,0.2864519,0.4008301,0.03948471,99.8944,99.49625,109.1301
1,123774000.0,2.399796,0.1498891,1.042899,0.1198122,0.003033942,1.493571,1.428202e-10,0.04176867,0.9847576,4.93409,108.9552,160.8745,39.30788,2.181216,2.373913,2.616554,9.541584,64.23169,0.5441487,0.1059089,0.03649274,0.1487063,0.1305273,0.4141612,0.0594202,0.1901691,0.06799573,1.210416,0.2864519,0.4008301,0.03948471,99.8944,99.49625,109.1301
1,123774000.0,2.399796,0.1498891,1.042899,0.1198122,0.002997719,1.368615,1.366624e-10,0.04176867,0.9847576,4.93409,108.9552,160.8745,39.30788,2.181216,2.373913,2.616554,9.541584,64.23169,0.5441487,0.1059089,0.03649274,0.1487063,0.1305273,0.4141612,0.0594202,0.1901691,0.06799573,1.210416,0.2864519,0.4008301,0.03948471,99.8944,99.49625,109.1301
32,123774000.0,2.399796,0.1498891,1.042899,0.1198122,0.00310334,1.429698,1.347296e-10,0.04176867,0.9847576,4.93409,108.9552,160.8745,39.30788,2.181216,2.373913,2.616554,9.541584,64.23169,0.5441487,0.1059089,0.03649274,0.1487063,0.1305273,0.4141612,0.0594202,0.1901691,0.06799573,1.210416,0.2864519,0.4008301,0.03948471,99.8944,99.49625,109.1301
1,123774000.0,2.399796,0.1498891,1.042899,0.1198122,0.003162451,1.474611,1.316328e-10,0.04176867,0.9847576,4.93409,108.9552,160.8745,39.30788,2.181216,2.373913,2.616554,9.541584,64.23169,0.5441487,0.1059089,0.03649274,0.1487063,0.1305273,0.4141612,0.0594202,0.1901691,0.06799573,1.210416,0.2864519,0.4008301,0.03948471,99.8944,99.49625,109.1301
1,123774000.0,2.399796,0.1498891,1.042899,0.1198122,0.003248059,1.603006,1.211895e-10,0.04176867,0.9847576,4.93409,108.9552,160.8745,39.30788,2.181216,2.373913,2.616554,9.541584,64.23169,0.5441487,0.1059089,0.03649274,0.1487063,0.1305273,0.4141612,0.0594202,0.1901691,0.06799573,1.210416,0.2864519,0.4008301,0.03948471,99.8944,99.49625,109.1301
32,123774000.0,2.399796,0.1498891,1.042899,0.1198122,0.003175067,1.715536,1.275667e-10,0.04176867,0.9847576,4.93409,108.9552,160.8745,39.30788,2.181216,2.373913,2.616554,9.541584,64.23169,0.5441487,0.1059089,0.03649274,0.1487063,0.1305273,0.4141612,0.0594202,0.1901691,0.06799573,1.210416,0.2864519,0.4008301,0.03948471,99.8944,99.49625,109.1301
1,123774000.0,2.399796,0.1498891,1.042899,0.1198122,0.003303379,1.62655,1.186906e-10,0.04176867,0.9847576,4.93409,108.9552,160.8745,39.30788,2.181216,2.373913,2.616554,9.541584,64.23169,0.5441487,0.1059089,0.03649274,0.1487063,0.1305273,0.4141612,0.0594202,0.1901691,0.06799573,1.210416,0.2864519,0.4008301,0.03948471,99.8944,99.49625,109.1301
1,123774000.0,2.399796,0.1498891,1.042899,0.1198122,0.003345324,1.705782,9.854644e-11,0.04176867,0.9847576,4.93409,108.9552,160.8745,39.30788,2.181216,2.373913,2.616554,9.541584,64.23169,0.5441487,0.1059089,0.03649274,0.1487063,0.1305273,0.4141612,0.0594202,0.1901691,0.06799573,1.210416,0.2864519,0.4008301,0.03948471,99.8944,99.49625,109.1301
4,123774000.0,2.399796,0.1498891,1.042899,0.1198122,0.003351655,1.651042,9.24503e-11,0.04176867,0.9847576,4.93409,108.9552,160.8745,39.30788,2.181216,2.373913,2.616554,9.541584,64.23169,0.5441487,0.1059089,0.03649274,0.1487063,0.1305273,0.4141612,0.0594202,0.1901691,0.06799573,1.210416,0.2864519,0.4008301,0.03948471,99.8944,99.49625,109.1301
28,123636000.0,2.399796,0.1498891,1.042899,0.1198122,0.003351655,1.651042,9.24503e-11,0.4020761,0.9188461,5.453872,98.40559,158.4648,38.7976,10.89316,2.118514,2.477297,9.428855,65.28134,0.001440911,0.1056159,0.0360869,0.1599886,0.1349785,0.3979214,0.02829725,0.1945971,0.0717139,1.274994,0.3033897,0.3630482,0.005681788,99.895,99.49608,109.2051
1,123636000.0,2.399796,0.1498891,1.042899,0.1198122,0.00353994,1.55921,9.583906e-11,0.4020761,0.9188461,5.453872,98.40559,158.4648,38.7976,10.89316,2.118514,2.477297,9.428855,65.28134,0.001440911,0.1056159,0.0360869,0.1599886,0.1349785,0.3979214,0.02829725,0.1945971,0.0717139,1.274994,0.3033897,0.3630482,0.005681788,99.895,99.49608,109.2051
1,123636000.0,2.399796,0.1498891,1.042899,0.1198122,0.003577392,1.614645,9.066091e-11,0.4020761,0.9188461,5.453872,98.40559,158.4648,38.7976,10.89316,2.118514,2.477297,9.428855,65.28134,0.001440911,0.1056159,0.0360869,0.1599886,0.1349785,0.3979214,0.02829725,0.1945971,0.0717139,1.274994,0.3033897,0.3630482,0.005681788,99.895,99.49608,109.2051
32,123636000.0,2.399796,0.1498891,1.042899,0.1198122,0.003495982,1.612892,9.357922e-11,0.4020761,0.9188461,5.453872,98.40559,158.4648,38.7976,10.89316,2.118514,2.477297,9.428855,65.28134,0.001440911,0.1056159,0.0360869,0.1599886,0.1349785,0.3979214,0.02829725,0.1945971,0.0717139,1.274994,0.3033897,0.3630482,0.005681788,99.895,99.49608,109.2051
1,123636000.0,2.399796,0.1498891,1.042899,0.1198122,0.003535901,1.636207,8.42616e-11,0.4020761,0.9188461,5.453872,98.40559,158.4648,38.7976,10.89316,2.118514,2.477297,9.428855,65.28134,0.001440911,0.1056159,0.0360869,0.1599886,0.1349785,0.3979214,0.02829725,0.1945971,0.0717139,1.274994,0.3033897,0.3630482,0.005681788,99.895,99.49608,109.2051
1,123636000.0,2.399796,0.1498891,1.042899,0.1198122,0.003643178,1.591288,7.380033e-11,0.4020761,0.9188461,5.453872,98.40559,158.4648,38.7976,10.89316,2.118514,2.477297,9.428855,65.28134,0.001440911,0.1056159,0.0360869,0.1599886,0.1349785,0.3979214,0.02829725,0.1945971,0.0717139,1.274994,0.3033897,0.3630482,0.005681788,99.895,99.49608,109.2051
32,123636000.0,2.399796,0.1498891,1.042899,0.1198122,0.003527805,1.55403,7.810074e-11,0.4020761,0.9188461,5.453872,98.40559,158.4648,38.7976,10.89316,2.118514,2.477297,9.428855,65.28134,0.001440911,0.1056159,0.0360869,0.1599886,0.1349785,0.3979214,0.02829725,0.1945971,0.0717139,1.274994,0.3033897,0.3630482,0.005681788,99.895,99.49608,109.2051
1,123636000.0,2.399796,0.1498891,1.042899,0.1198122,0.003559721,1.729723,7.656041e-11,0.4020761,0.9188461,5.453872,98.40559,158.4648,38.7976,10.89316,2.118514,2.477297,9.428855,65.28134,0.001440911,0.1056159,0.0360869,0.1599886,0.1349785,0.3979214,0.02829725,0.1945971,0.0717139,1.274994,0.3033897,0.3630482,0.005681788,99.895,99.49608,109.2051
1,123636000.0,2.399796,0.1498891,1.042899,0.1198122,0.003525082,1.727671,7.88188e-11,0.4020761,0.9188461,5.453872,98.40559,158.4648,38.7976,10.89316,2.118514,2.477297,9.428855,65.28134,0.001440911,0.1056159,0.0360869,0.1599886,0.1349785,0.3979214,0.02829725,0.1945971,0.0717139,1.274994,0.3033897,0.3630482,0.005681788,99.895,99.49608,109.2051
19,123636000.0,2.399796,0.1498891,1.042899,0.1198122,0.003596181,1.691088,8.67567e-11,0.4020761,0.9188461,5.453872,98.40559,158.4648,38.7976,10.89316,2.118514,2.477297,9.428855,65.28134,0.001440911,0.1056159,0.0360869,0.1599886,0.1349785,0.3979214,0.02829725,0.1945971,0.0717139,1.274994,0.3033897,0.3630482,0.005681788,99.895,99.49608,109.2051
13,123304000.0,2.399796,0.1498891,1.042899,0.1198122,0.003596181,1.691088,8.67567e-11,1.328164,0.947769,5.459691,95.01322,170.3971,39.05157,6.955238,2.095604,3.017743,9.618977,62.68116,4.529315,0.102168,0.03080426,0.1530197,0.1314322,0.4067726,0.0154756,0.2121159,0.06475014,1.293819,0.3182376,0.3450332,0.06376538,99.89469,99.49697,109.3868
1,123304000.0,2.399796,0.1498891,1.042899,0.1198122,0.003540667,1.662877,8.62606e-11,1.328164,0.947769,5.459691,95.01322,170.3971,39.05157,6.955238,2.095604,3.017743,9.618977,62.68116,4.529315,0.102168,0.03080426,0.1530197,0.1314322,0.4067726,0.0154756,0.2121159,0.06475014,1.293819,0.3182376,0.3450332,0.06376538,99.89469,99.49697,109.3868
1,123304000.0,2.399796,0.1498891,1.042899,0.1198122,0.00354513,1.713794,8.532008e-11,1.328164,0.947769,5.459691,95.01322,170.3971,39.05157,6.955238,2.095604,3.017743,9.618977,62.68116,4.529315,0.102168,0.03080426,0.1530197,0.1314322,0.4067726,0.0154756,0.2121159,0.06475014,1.293819,0.3182376,0.3450332,0.06376538,99.89469,99.49697,109.3868
25,123304000.0,2.399796,0.1498891,1.042899,0.1198122,0.003620526,1.504559,7.861156e-11,1.328164,0.947769,5.459691,95.01322,170.3971,39.05157,6.955238,2.095604,3.017743,9.618977,62.68116,4.529315,0.102168,0.03080426,0.1530197,0.1314322,0.4067726,0.0154756,0.2121159,0.06475014,1.293819,0.3182376,0.3450332,0.06376538,99.89469,99.49697,109.3868
1,123160000.0,2.399796,0.1498891,1.042899,0.1198122,0.003620526,1.504559,7.861156e-11,1.86257,0.982141,5.406923,77.39169,169.5126,36.20051,8.274401,1.791317,2.320838,10.2558,62.98688,3.574027,0.09915553,0.0304538,0.153046,0.1441294,0.4178253,0.07895477,0.2078014,0.07187477,1.306428,0.2962132,0.3494438,0.2352395,99.89465,99.49644,109.4103
1,122866000.0,2.399796,0.1498891,1.042899,0.1198122,0.003620526,1.504559,7.861156e-11,0.890836,0.8845461,5.727645,76.43424,169.8917,36.5619,10.52596,1.362679,2.532195,9.692857,62.06959,3.068607,0.09751047,0.03670111,0.1575902,0.1527666,0.418791,0.08814338,0.2165789,0.07516302,1.332087,0.3041189,0.4127717,0.06969083,99.89411,99.49724,109.4522
5,122728000.0,2.399796,0.1498891,1.042899,0.1198122,0.003620526,1.504559,7.861156e-11,3.83828,0.9413873,5.417361,70.21893,162.0406,35.14196,9.041571,1.577856,3.0716,9.158405,61.17741,0.02529569,0.09317412,0.03662094,0.1512884,0.1569873,0.4192391,0.06467494,0.2353721,0.06568195,1.366886,0.3186162,0.3437231,0.05911837,99.89412,99.49679,109.5108
1,122728000.0,2.399796,0.1498891,1.042899,0.1198122,0.003565342,1.349239,9.540825e-11,3.83828,0.9413873,5.417361,70.21893,162.0406,35.14196,9.041571,1.577856,3.0716,9.158405,61.17741,0.02529569,0.09317412,0.03662094,0.1512884,0.1569873,0.4192391,0.06467494,0.2353721,0.06568195,1.366886,0.3186162,0.3437231,0.05911837,99.89412,99.49679,109.5108
1,122728000.0,2.399796,0.1498891,1.042899,0.1198122,0.00362148,1.181093,9.854459e-11,3.83828,0.9413873,5.417361,70.21893,162.0406,35.14196,9.041571,1.577856,3.0716,9.158405,61.17741,0.02529569,0.09317412,0.03662094,0.1512884,0.1569873,0.4192391,0.06467494,0.2353721,0.06568195,1.366886,0.3186162,0.3437231,0.05911837,99.89412,99.49679,109.5108
4,122728000.0,2.399796,0.1498891,1.042899,0.1198122,0.003662292,1.244813,9.679624e-11,3.83828,0.9413873,5.417361,70.21893,162.0406,35.14196,9.041571,1.577856,3.0716,9.158405,61.17741,0.02529569,0.09317412,0.03662094,0.1512884,0.1569873,0.4192391,0.06467494,0.2353721,0.06568195,1.366886,0.3186162,0.3437231,0.05911837,99.89412,99.49679,109.5108
3,122392000.0,2.399796,0.1498891,1.042899,0.1198122,0.003662292,1.244813,9.679624e-11,3.054057,0.8407938,5.13351,55.73038,157.3496,29.45559,7.984936,1.371233,3.254171,10.04971,62.05828,3.550537,0.08942445,0.03205961,0.1513741,0.1666815,0.4069389,0.07196353,0.2398235,0.07575278,1.338774,0.3445979,0.3472693,0.1153985,99.8945,99.49659,109.6133
25,122309000.0,2.399796,0.1498891,1.042899,0.1198122,0.003662292,1.244813,9.679624e-11,2.358382,0.7868086,5.446241,55.4,159.2645,28.69568,7.844774,1.46744,4.01635,9.423333,62.58674,1.891295,0.09033846,0.03645078,0.1516094,0.173804,0.389501,0.07450458,0.2231829,0.07190302,1.342526,0.3351042,0.3864827,0.09237511,99.89445,99.49648,109.586
1,122309000.0,2.399796,0.1498891,1.042899,0.1198122,0.003826731,1.043215,9.833085e-11,2.358382,0.7868086,5.446241,55.4,159.2645,28.69568,7.844774,1.46744,4.01635,9.423333,62.58674,1.891295,0.09033846,0.03645078,0.1516094,0.173804,0.389501,0.07450458,0.2231829,0.07190302,1.342526,0.3351042,0.3864827,0.09237511,99.89445,99.49648,109.586
1,122309000.0,2.399796,0.1498891,1.042899,0.1198122,0.003867184,1.11226,8.728134e-11,2.358382,0.7868086,5.446241,55.4,159.2645,28.69568,7.844774,1.46744,4.01635,9.423333,62.58674,1.891295,0.09033846,0.03645078,0.1516094,0.173804,0.389501,0.07450458,0.2231829,0.07190302,1.342526,0.3351042,0.3864827,0.09237511,99.89445,99.49648,109.586
3,122309000.0,2.399796,0.1498891,1.042899,0.1198122,0.003775404,1.14864,6.498778e-11,2.358382,0.7868086,5.446241,55.4,159.2645,28.69568,7.844774,1.46744,4.01635,9.423333,62.58674,1.891295,0.09033846,0.03645078,0.1516094,0.173804,0.389501,0.07450458,0.2231829,0.07190302,1.342526,0.3351042,0.3864827,0.09237511,99.89445,99.49648,109.586
13,122277000.0,2.399796,0.1498891,1.042899,0.1198122,0.003775404,1.14864,6.498778e-11,0.6197529,0.7599727,5.964735,47.51251,160.4054,26.58427,11.58909,1.342922,3.196241,9.087702,63.22529,2.583135,0.09703064,0.0387782,0.156578,0.1824357,0.3871454,0.05906051,0.2203683,0.0825958,1.345259,0.3279416,0.4417047,0.2045344,99.89479,99.49654,109.5767
16,122256000.0,2.399796,0.1498891,1.042899,0.1198122,0.003775404,1.14864,6.498778e-11,2.097532,0.7757649,5.624702,47.06262,158.0887,21.69011,9.397111,1.450758,3.018005,9.503323,63.17018,0.328872,0.09782991,0.03875326,0.1527711,0.1760039,0.3714688,0.05721212,0.2247351,0.06661645,1.367247,0.3036929,0.3964745,0.04401145,99.89455,99.49678,109.5766
1,122256000.0,2.399796,0.1498891,1.042899,0.1198122,0.00366321,1.153698,7.188455e-11,2.097532,0.7757649,5.624702,47.06262,158.0887,21.69011,9.397111,1.450758,3.018005,9.503323,63.17018,0.328872,0.09782991,0.03875326,0.1527711,0.1760039,0.3714688,0.05721212,0.2247351,0.06661645,1.367247,0.3036929,0.3964745,0.04401145,99.89455,99.49678,109.5766
1,122256000.0,2.399796,0.1498891,1.042899,0.1198122,0.003624263,1.232496,7.277393e-11,2.097532,0.7757649,5.624702,47.06262,158.0887,21.69011,9.397111,1.450758,3.018005,9.503323,63.17018,0.328872,0.09782991,0.03875326,0.1527711,0.1760039,0.3714688,0.05721212,0.2247351,0.06661645,1.367247,0.3036929,0.3964745,0.04401145,99.89455,99.49678,109.5766
32,122256000.0,2.399796,0.1498891,1.042899,0.1198122,0.003569613,1.345709,8.082248e-11,2.097532,0.7757649,5.624702,47.06262,158.0887,21.69011,9.397111,1.450758,3.018005,9.503323,63.17018,0.328872,0.09782991,0.03875326,0.1527711,0.1760039,0.3714688,0.05721212,0.2247351,0.06661645,1.367247,0.3036929,0.3964745,0.04401145,99.89455,99.49678,109.5766
1,122256000.0,2.399796,0.1498891,1.042899,0.1198122,0.003606938,1.242496,6.969072e-11,2.097532,0.7757649,5.624702,47.06262,158.0887,21.69011,9.397111,1.450758,3.018005,9.503323,63.17018,0.328872,0.09782991,0.03875326,0.1527711,0.1760039,0.3714688,0.05721212,0.2247351,0.06661645,1.367247,0.3036929,0.3964745,0.04401145,99.89455,99.49678,109.5766
1,122256000.0,2.399796,0.1498891,1.042899,0.1198122,0.003494375,1.31258,5.422485e-11,2.097532,0.7757649,5.624702,47.06262,158.0887,21.69011,9.397111,1.450758,3.018005,9.503323,63.17018,0.328872,0.09782991,0.03875326,0.1527711,0.1760039,0.3714688,0.05721212,0.2247351,0.06661645,1.367247,0.3036929,0.3964745,0.04401145,99.89455,99.49678,109.5766
2,122256000.0,2.399796,0.1498891,1.042899,0.1198122,0.003437815,1.21309,5.035992e-11,2.097532,0.7757649,5.624702,47.06262,158.0887,21.69011,9.397111,1.450758,3.018005,9.503323,63.17018,0.328872,0.09782991,0.03875326,0.1527711,0.1760039,0.3714688,0.05721212,0.2247351,0.06661645,1.367247,0.3036929,0.3964745,0.04401145,99.89455,99.49678,109.5766
30,122070000.0,2.399796,0.1498891,1.042899,0.1198122,0.003437815,1.21309,5.035992e-11,0.5637089,0.8233636,5.894433,51.67294,164.5359,23.30681,16.37758,1.303352,3.075746,9.675489,63.37653,0.8624223,0.09312429,0.04152955,0.1565551,0.1745465,0.3620782,0.03443024,0.2103712,0.05883859,1.402458,0.2899741,0.3686833,0.04348166,99.89473,99.49718,109.6293
1,122070000.0,2.399796,0.1498891,1.042899,0.1198122,0.003566227,1.176354,4.577441e-11,0.5637089,0.8233636,5.894433,51.67294,164.5359,23.30681,16.37758,1.303352,3.075746,9.675489,63.37653,0.8624223,0.09312429,0.04152955,0.1565551,0.1745465,0.3620782,0.03443024,0.2103712,0.05883859,1.402458,0.2899741,0.3686833,0.04348166,99.89473,99.49718,109.6293
1,122070000.0,2.399796,0.1498891,1.042899,0.1198122,0.003595928,1.103432,2.99199e-11,0.5637089,0.8233636,5.894433,51.67294,164.5359,23.30681,16.37758,1.303352,3.075746,9.675489,63.37653,0.8624223,0.09312429,0.04152955,0.1565551,0.1745465,0.3620782,0.03443024,0.2103712,0.05883859,1.402458,0.2899741,0.3686833,0.04348166,99.89473,99.49718,109.6293
32,122070000.0,2.399796,0.1498891,1.042899,0.1198122,0.003439249,0.9968366,4.014781e-11,0.5637089,0.8233636,5.894433,51.67294,164.5359,23.30681,16.37758,1.303352,3.075746,9.675489,63.37653,0.8624223,0.09312429,0.04152955,0.1565551,0.1745465,0.3620782,0.03443024,0.2103712,0.05883859,1.402458,0.2899741,0.3686833,0.04348166,99.89473,99.49718,109.6293
1,122070000.0,2.399796,0.1498891,1.042899,0.1198122,0.003564459,1.000725,4.337353e-11,0.5637089,0.8233636,5.894433,51.67294,164.5359,23.30681,16.37758,1.303352,3.075746,9.675489,63.37653,0.8624223,0.09312429,0.04152955,0.1565551,0.1745465,0.3620782,0.03443024,0.2103712,0.05883859,1.402458,0.2899741,0.3686833,0.04348166,99.89473,99.49718,109.6293
1,122070000.0,2.399796,0.1498891,1.042899,0.1198122,0.003602827,1.098993,5.503666e-11,0.5637089,0.8233636,5.894433,51.67294,164.5359,23.30681,16.37758,1.303352,3.075746,9.675489,63.37653,0.8624223,0.09312429,0.04152955,0.1565551,0.1745465,0.3620782,0.03443024,0.2103712,0.05883859,1.402458,0.2899741,0.3686833,0.04348166,99.89473,99.49718,109.6293
17,122070000.0,2.399796,0.1498891,1.042899,0.1198122,0.003880868,1.131047,5.153326e-11,0.5637089,0.8233636,5.894433,51.67294,164.5359,23.30681,16.37758,1.303352,3.075746,9.675489,63.37653,0.8624223,0.09312429,0.04152955,0.1565551,0.1745465,0.3620782,0.03443024,0.2103712,0.05883859,1.402458,0.2899741,0.3686833,0.04348166,99.89473,99.49718,109.6293
6,121522000.0,2.399796,0.1498891,1.042899,0.1198122,0.003880868,1.131047,5.153326e-11,0.1091824,0.79893,5.530476,40.99241,162.771,27.02027,14.50356,0.8660025,2.993596,10.01557,65.65243,0.872675,0.09948271,0.04541642,0.1573765,0.1850514,0.3455905,0.0937572,0.211432,0.05074916,1.370902,0.2847804,0.3844173,0.1331749,99.89521,99.49719,109.6757
3,121511000.0,2.399796,0.1498891,1.042899,0.1198122,0.003880868,1.131047,5.153326e-11,2.734969,0.8480744,5.513658,27.47468,160.9439,26.08578,15.04283,0.8728187,3.171165,11.02524,64.94768,0.2927537,0.09785577,0.04279831,0.156479,0.1921895,0.3606566,0.06253551,0.2098731,0.06664057,1.390936,0.3000784,0.4548812,0.1923568,99.89512,99.49731,109.7491
6,121296000.0,2.399796,0.1498891,1.042899,0.1198122,0.003880868,1.131047,5.153326e-11,2.492602,0.87399,5.607118,12.7768,168.4174,26.48348,19.59901,0.9131053,3.72954,11.18993,65.48448,1.245141,0.1000233,0.0408167,0.1612697,0.1862962,0.3632471,0.05070889,0.212978,0.06347908,1.407881,0.2803433,0.4327752,0.3114042,99.89533,99.49785,109.8329
1,121296000.0,2.399796,0.1498891,1.042899,0.1198122,0.00397522,1.183056,4.497897e-11,2.492602,0.87399,5.607118,12.7768,168.4174,26.48348,19.59901,0.9131053,3.72954,11.18993,65.48448,1.245141,0.1000233,0.0408167,0.1612697,0.1862962,0.3632471,0.05070889,0.212978,0.06347908,1.407881,0.2803433,0.4327752,0.3114042,99.89533,99.49785,109.8329
1,121296000.0,2.399796,0.1498891,1.042899,0.1198122,0.004016708,1.219973,2.743082e-11,2.492602,0.87399,5.607118,12.7768,168.4174,26.48348,19.59901,0.9131053,3.72954,11.18993,65.48448,1.245141,0.1000233,0.0408167,0.1612697,0.1862962,0.3632471,0.05070889,0.212978,0.06347908,1.407881,0.2803433,0.4327752,0.3114042,99.89533,99.49785,109.8329
2,121296000.0,2.399796,0.1498891,1.042899,0.1198122,0.003946031,1.150017,3.416007e-11,2.492602,0.87399,5.607118,12.7768,168.4174,26.48348,19.59901,0.9131053,3.72954,11.18993,65.48448,1.245141,0.1000233,0.0408167,0.1612697,0.1862962,0.3632471,0.05070889,0.212978,0.06347908,1.407881,0.2803433,0.4327752,0.3114042,99.89533,99.49785,109.8329
30,120952000.0,2.399796,0.1498891,1.042899,0.1198122,0.003946031,1.150017,3.416007e-11,2.655221,0.9250133,5.91752,9.584838,168.8052,25.70067,25.51218,1.361008,3.645693,11.32786,66.69655,1.482338,0.1034769,0.03423167,0.1588592,0.1966091,0.3673097,0.1468087,0.2091592,0.07156308,1.415793,0.2661249,0.4654593,0.3400771,99.89499,99.49788,109.9652
1,120952000.0,2.399796,0.1498891,1.042899,0.1198122,0.0039393,1.226396,1.808569e-11,2.655221,0.9250133,5.91752,9.584838,168.8052,25.70067,25.51218,1.361008,3.645693,11.32786,66.69655,1.482338,0.1034769,0.03423167,0.1588592,0.1966091,0.3673097,0.1468087,0.2091592,0.07156308,1.415793,0.2661249,0.4654593,0.3400771,99.89499,99.49788,109.9652
1,120952000.0,2.399796,0.1498891,1.042899,0.1198122,0.003928895,1.014415,1.736604e-11,2.655221,0.9250133,5.91752,9.584838,168.8052,25.70067,25.51218,1.361008,3.645693,11.32786,66.69655,1.482338,0.1034769,0.03423167,0.1588592,0.1966091,0.3673097,0.1468087,0.2091592,0.07156308,1.415793,0.2661249,0.4654593,0.3400771,99.89499,99.49788,109.9652
18,120952000.0,2.399796,0.1498891,1.042899,0.1198122,0.003831226,1.005973,3.019324e-11,2.655221,0.9250133,5.91752,9.584838,168.8052,25.70067,25.51218,1.361008,3.645693,11.32786,66.69655,1.482338,0.1034769,0.03423167,0.1588592,0.1966091,0.3673097,0.1468087,0.2091592,0.07156308,1.415793,0.2661249,0.4654593,0.3400771,99.89499,99.49788,109.9652
14,120343000.0,2.399796,0.1498891,1.042899,0.1198122,0.003831226,1.005973,3.019324e-11,0.1403617,0.7472147,5.962979,6.288175,167.1581,21.5352,26.73335,1.063341,3.503306,10.73132,69.82061,0.5045382,0.1070958,0.03822997,0.1631122,0.1912032,0.360846,0.1372753,0.2141397,0.07896452,1.408502,0.2783553,0.4900565,0.223495,99.8952,99.49767,109.9924
1,120343000.0,2.399796,0.1498891,1.042899,0.1198122,0.003876116,0.8796902,2.959747e-11,0.1403617,0.7472147,5.962979,6.288175,167.1581,21.5352,26.73335,1.063341,3.503306,10.73132,69.82061,0.5045382,0.1070958,0.03822997,0.1631122,0.1912032,0.360846,0.1372753,0.2141397,0.07896452,1.408502,0.2783553,0.4900565,0.223495,99.8952,99.49767,109.9924
1,120343000.0,2.399796,0.1498891,1.042899,0.1198122,0.003928978,0.8721723,3.072875e-11,0.1403617,0.7472147,5.962979,6.288175,167.1581,21.5352,26.73335,1.063341,3.503306,10.73132,69.82061,0.5045382,0.1070958,0.03822997,0.1631122,0.1912032,0.360846,0.1372753,0.2141397,0.07896452,1.408502,0.2783553,0.4900565,0.223495,99.8952,99.49767,109.9924
32,120343000.0,2.399796,0.1498891,1.042899,0.1198122,0.003909172,0.8598205,3.392629e-11,0.1403617,0.7472147,5.962979,6.288175,167.1581,21.5352,26.73335,1.063341,3.503306,10.73132,69.82061,0.5045382,0.1070958,0.03822997,0.1631122,0.1912032,0.360846,0.1372753,0.2141397,0.07896452,1.408502,0.2783553,0.4900565,0.223495,99.8952,99.49767,109.9924
1,120343000.0,2.399796,0.1498891,1.042899,0.1198122,0.004038967,0.8686699,4.813387e-11,0.1403617,0.7472147,5.962979,6.288175,167.1581,21.5352,26.73335,1.063341,3.503306,10.73132,69.82061,0.5045382,0.1070958,0.03822997,0.1631122,0.1912032,0.360846,0.1372753,0.2141397,0.07896452,1.408502,0.2783553,0.4900565,0.223495,99.8952,99.49767,109.9924
1,120343000.0,2.399796,0.1498891,1.042899,0.1198122,0.004078277,0.7795189,5.39425e-11,0.1403617,0.7472147,5.962979,6.288175,167.1581,21.5352,26.73335,1.063341,3.503306,10.73132,69.82061,0.5045382,0.1070958,0.03822997,0.1631122,0.1912032,0.360846,0.1372753,0.2141397,0.07896452,1.408502,0.2783553,0.4900565,0.223495,99.8952,99.49767,109.9924
30,120343000.0,2.399796,0.1498891,1.042899,0.1198122,0.004066014,0.8641872,4.946353e-11,0.1403617,0.7472147,5.962979,6.288175,167.1581,21.5352,26.73335,1.063341,3.503306,10.73132,69.82061,0.5045382,0.1070958,0.03822997,0.1631122,0.1912032,0.360846,0.1372753,0.2141397,0.07896452,1.408502,0.2783553,0.4900565,0.223495,99.8952,99.49767,109.9924
2,120268000.0,2.421256,0.1497797,1.042554,0.1197185,0.004066014,0.8641872,4.946353e-11,0.1403617,0.7472147,5.962979,6.288175,167.1581,21.5352,26.73335,1.063341,3.503306,10.73132,69.82061,0.5045382,0.1070958,0.03822997,0.1631122,0.1912032,0.360846,0.1372753,0.2141397,0.07896452,1.408502,0.2783553,0.4900565,0.223495,99.8952,99.49767,109.9924
1,120268000.0,2.421256,0.1497797,1.042554,0.1197185,0.004088209,0.8514016,5.247249e-11,0.1403617,0.7472147,5.962979,6.288175,167.1581,21.5352,26.73335,1.063341,3.503306,10.73132,69.82061,0.5045382,0.1070958,0.03822997,0.1631122,0.1912032,0.360846,0.1372753,0.2141397,0.07896452,1.408502,0.2783553,0.4900565,0.223495,99.8952,99.49767,109.9924
1,120268000.0,2.421256,0.1497797,1.042554,0.1197185,0.004060664,0.9504816,6.232286e-11,0.1403617,0.7472147,5.962979,6.288175,167.1581,21.5352,26.73335,1.063341,3.503306,10.73132,69.82061,0.5045382,0.1070958,0.03822997,0.1631122,0.1912032,0.360846,0.1372753,0.2141397,0.07896452,1.408502,0.2783553,0.4900565,0.223495,99.8952,99.49767,109.9924
32,120268000.0,2.421256,0.1497797,1.042554,0.1197185,0.004058295,0.9736679,6.60924e-11,0.1403617,0.7472147,5.962979,6.288175,167.1581,21.5352,26.73335,1.063341,3.503306,10.73132,69.82061,0.5045382,0.1070958,0.03822997,0.1631122,0.1912032,0.360846,0.1372753,0.2141397,0.07896452,1.408502,0.2783553,0.4900565,0.223495,99.8952,99.49767,109.9924
1,120268000.0,2.421256,0.1497797,1.042554,0.1197185,0.003964903,1.071342,6.753922e-11,0.1403617,0.7472147,5.962979,6.288175,167.1581,21.5352,26.73335,1.063341,3.503306,10.73132,69.82061,0.5045382,0.1070958,0.03822997,0.1631122,0.1912032,0.360846,0.1372753,0.2141397,0.07896452,1.408502,0.2783553,0.4900565,0.223495,99.8952,99.49767,109.9924
1,120268000.0,2.421256,0.1497797,1.042554,0.1197185,0.003992848,1.016762,5.960375e-11,0.1403617,0.7472147,5.962979,6.288175,167.1581,21.5352,26.73335,1.063341,3.503306,10.73132,69.82061,0.5045382,0.1070958,0.03822997,0.1631122,0.1912032,0.360846,0.1372753,0.2141397,0.07896452,1.408502,0.2783553,0.4900565,0.223495,99.8952,99.49767,109.9924
32,120268000.0,2.421256,0.1497797,1.042554,0.1197185,0.003984384,1.039792,4.954456e-11,0.1403617,0.7472147,5.962979,6.288175,167.1581,21.5352,26.73335,1.063341,3.503306,10.73132,69.82061,0.5045382,0.1070958,0.03822997,0.1631122,0.1912032,0.360846,0.1372753,0.2141397,0.07896452,1.408502,0.2783553,0.4900565,0.223495,99.8952,99.49767,109.9924
1,120268000.0,2.421256,0.1497797,1.042554,0.1197185,0.003924264,1.076345,5.020481e-11,0.1403617,0.7472147,5.962979,6.288175,167.1581,21.5352,26.73335,1.063341,3.503306,10.73132,69.82061,0.5045382,0.1070958,0.03822997,0.1631122,0.1912032,0.360846,0.1372753,0.2141397,0.07896452,1.408502,0.2783553,0.4900565,0.223495,99.8952,99.49767,109.9924
1,120268000.0,2.421256,0.1497797,1.042554,0.1197185,0.00389861,1.107432,4.319106e-11,0.1403617,0.7472147,5.962979,6.288175,167.1581,21.5352,26.73335,1.063341,3.503306,10.73132,69.82061,0.5045382,0.1070958,0.03822997,0.1631122,0.1912032,0.360846,0.1372753,0.2141397,0.07896452,1.408502,0.2783553,0.4900565,0.223495,99.8952,99.49767,109.9924
32,120268000.0,2.421256,0.1497797,1.042554,0.1197185,0.003862843,1.072732,5.560847e-11,0.1403617,0.7472147,5.962979,6.288175,167.1581,21.5352,26.73335,1.063341,3.503306,10.73132,69.82061,0.5045382,0.1070958,0.03822997,0.1631122,0.1912032,0.360846,0.1372753,0.2141397,0.07896452,1.408502,0.2783553,0.4900565,0.223495,99.8952,99.49767,109.9924
1,120268000.0,2.421256,0.1497797,1.042554,0.1197185,0.003765427,1.139762,5.736983e-11,0.1403617,0.7472147,5.962979,6.288175,167.1581,21.5352,26.73335,1.063341,3.503306,10.73132,69.82061,0.5045382,0.1070958,0.03822997,0.1631122,0.1912032,0.360846,0.1372753,0.2141397,0.07896452,1.408502,0.2783553,0.4900565,0.223495,99.8952,99.49767,109.9924
1,120268000.0,2.421256,0.1497797,1.042554,0.1197185,0.003753774,1.234523,6.965169e-11,0.1403617,0.7472147,5.962979,6.288175,167.1581,21.5352,26.73335,1.063341,3.503306,10.73132,69.82061,0.5045382,0.1070958,0.03822997,0.1631122,0.1912032,0.360846,0.1372753,0.2141397,0.07896452,1.408502,0.2783553,0.4900565,0.223495,99.8952,99.49767,109.9924
32,120268000.0,2.421256,0.1497797,1.042554,0.1197185,0.00378679,1.216747,6.66259e-11,0.1403617,0.7472147,5.962979,6.288175,167.1581,21.5352,26.73335,1.063341,3.503306,10.73132,69.82061,0.5045382,0.1070958,0.03822997,0.1631122,0.1912032,0.360846,0.1372753,0.2141397,0.07896452,1.408502,0.2783553,0.4900565,0.223495,99.8952,99.49767,109.9924
1,120268000.0,2.421256,0.1497797,1.042554,0.1197185,0.003738548,1.307192,7.104641e-11,0.1403617,0.7472147,5.962979,6.288175,167.1581,21.5352,26.73335,1.063341,3.503306,10.73132,69.82061,0.5045382,0.1070958,0.03822997,0.1631122,0.1912032,0.360846,0.1372753,0.2141397,0.07896452,1.408502,0.2783553,0.4900565,0.223495,99.8952,99.49767,109.9924
1,120268000.0,2.421256,0.1497797,1.042554,0.1197185,0.003754927,1.318868,7.018029e-11,0.1403617,0.7472147,5.962979,6.288175,167.1581,21.5352,26.73335,1.063341,3.503306,10.73132,69.82061,0.5045382,0.1070958,0.03822997,0.1631122,0.1912032,0.360846,0.1372753,0.2141397,0.07896452,1.408502,0.2783553,0.4900565,0.223495,99.8952,99.49767,109.9924
32,120268000.0,2.421256,0.1497797,1.042554,0.1197185,0.00372764,1.219237,5.369929e-11,0.1403617,0.7472147,5.962979,6.288175,167.1581,21.5352,26.73335,1.063341,3.503306,10.73132,69.82061,0.5045382,0.1070958,0.03822997,0.1631122,0.1912032,0.360846,0.1372753,0.2141397,0.07896452,1.408502,0.2783553,0.4900565,0.223495,99.8952,99.49767,109.9924
1,120268000.0,2.421256,0.1497797,1.042554,0.1197185,0.003756886,1.24768,4.838823e-11,0.1403617,0.7472147,5.962979,6.288175,167.1581,21.5352,26.73335,1.063341,3.503306,10.73132,69.82061,0.5045382,0.1070958,0.03822997,0.1631122,0.1912032,0.360846,0.1372753,0.2141397,0.07896452,1.408502,0.2783553,0.4900565,0.223495,99.8952,99.49767,109.9924
1,120268000.0,2.421256,0.1497797,1.042554,0.1197185,0.003755701,1.263767,3.181058e-11,0.1403617,0.7472147,5.962979,6.288175,167.1581,21.5352,26.73335,1.063341,3.503306,10.73132,69.82061,0.5045382,0.1070958,0.03822997,0.1631122,0.1912032,0.360846,0.1372753,0.2141397,0.07896452,1.408502,0.2783553,0.4900565,0.223495,99.8952,99.49767,109.9924
32,120268000.0,2.421256,0.1497797,1.042554,0.1197185,0.00379256,1.304242,3.883006e-11,0.1403617,0.7472147,5.962979,6.288175,167.1581,21.5352,26.73335,1.063341,3.503306,10.73132,69.82061,0.5045382,0.1070958,0.03822997,0.1631122,0.1912032,0.360846,0.1372753,0.2141397,0.07896452,1.408502,0.2783553,0.4900565,0.223495,99.8952,99.49767,109.9924
1,120268000.0,2.421256,0.1497797,1.042554,0.1197185,0.003801818,1.311015,4.250904e-11,0.1403617,0.7472147,5.962979,6.288175,167.1581,21.5352,26.73335,1.063341,3.503306,10.73132,69.82061,0.5045382,0.1070958,0.03822997,0.1631122,0.1912032,0.360846,0.1372753,0.2141397,0.07896452,1.408502,0.2783553,0.4900565,0.223495,99.8952,99.49767,109.9924
1,120268000.0,2.421256,0.1497797,1.042554,0.1197185,0.003877408,1.20733,3.074559e-11,0.1403617,0.7472147,5.962979,6.288175,167.1581,21.5352,26.73335,1.063341,3.503306,10.73132,69.82061,0.5045382,0.1070958,0.03822997,0.1631122,0.1912032,0.360846,0.1372753,0.2141397,0.07896452,1.408502,0.2783553,0.4900565,0.223495,99.8952,99.49767,109.9924
32,120268000.0,2.421256,0.1497797,1.042554,0.1197185,0.00384416,1.352634,2.966757e-11,0.1403617,0.7472147,5.962979,6.288175,167.1581,21.5352,26.73335,1.063341,3.503306,10.73132,69.82061,0.5045382,0.1070958,0.03822997,0.1631122,0.1912032,0.360846,0.1372753,0.2141397,0.07896452,1.408502,0.2783553,0.4900565,0.223495,99.8952,99.49767,109.9924
1,120268000.0,2.421256,0.1497797,1.042554,0.1197185,0.003726306,1.305192,3.590774e-11,0.1403617,0.7472147,5.962979,6.288175,167.1581,21.5352,26.73335,1.063341,3.503306,10.73132,69.82061,0.5045382,0.1070958,0.03822997,0.1631122,0.1912032,0.360846,0.1372753,0.2141397,0.07896452,1.408502,0.2783553,0.4900565,0.223495,99.8952,99.49767,109.9924
1,120268000.0,2.421256,0.1497797,1.042554,0.1197185,0.003715309,1.122788,2.507917e-11,0.1403617,0.7472147,5.962979,6.288175,167.1581,21.5352,26.73335,1.063341,3.503306,10.73132,69.82061,0.5045382,0.1070958,0.03822997,0.1631122,0.1912032,0.360846,0.1372753,0.2141397,0.07896452,1.408502,0.2783553,0.4900565,0.223495,99.8952,99.49767,109.9924
32,120268000.0,2.421256,0.1497797,1.042554,0.1197185,0.003718385,1.295415,2.718684e-11,0.1403617,0.7472147,5.962979,6.288175,167.1581,21.5352,26.73335,1.063341,3.503306,10.73132,69.82061,0.5045382,0.1070958,0.03822997,0.1631122,0.1912032,0.360846,0.1372753,0.2141397,0.07896452,1.408502,0.2783553,0.4900565,0.223495,99.8952,99.49767,109.9924
1,120268000.0,2.421256,0.1497797,1.042554,0.1197185,0.00372391,1.418358,2.342695e-11,0.1403617,0.7472147,5.962979,6.288175,167.1581,21.5352,26.73335,1.063341,3.503306,10.73132,69.82061,0.5045382,0.1070958,0.03822997,0.1631122,0.1912032,0.360846,0.1372753,0.2141397,0.07896452,1.408502,0.2783553,0.4900565,0.223495,99.8952,99.49767,109.9924
1,120268000.0,2.421256,0.1497797,1.042554,0.1197185,0.003656755,1.485809,3.6498e-11,0.1403617,0.7472147,5.962979,6.288175,167.1581,21.5352,26.73335,1.063341,3.503306,10.73132,69.82061,0.5045382,0.1070958,0.03822997,0.1631122,0.1912032,0.360846,0.1372753,0.2141397,0.07896452,1.408502,0.2783553,0.4900565,0.223495,99.8952,99.49767,109.9924
32,120268000.0,2.421256,0.1497797,1.042554,0.1197185,0.0036183,1.575725,3.269234e-11,0.1403617,0.7472147,5.962979,6.288175,167.1581,21.5352,26.73335,1.063341,3.503306,10.73132,69.82061,0.5045382,0.1070958,0.03822997,0.1631122,0.1912032,0.360846,0.1372753,0.2141397,0.07896452,1.408502,0.2783553,0.4900565,0.223495,99.8952,99.49767,109.9924
1,120268000.0,2.421256,0.1497797,1.042554,0.1197185,0.003553057,1.600011,3.475427e-11,0.1403617,0.7472147,5.962979,6.288175,167.1581,21.5352,26.73335,1.063341,3.503306,10.73132,69.82061,0.5045382,0.1070958,0.03822997,0.1631122,0.1912032,0.360846,0.1372753,0.2141397,0.07896452,1.408502,0.2783553,0.4900565,0.223495,99.8952,99.49767,109.9924
1,120268000.0,2.421256,0.1497797,1.042554,0.1197185,0.00373953,1.582157,1.915939e-11,0.1403617,0.7472147,5.962979,6.288175,167.1581,21.5352,26.73335,1.063341,3.503306,10.73132,69.82061,0.5045382,0.1070958,0.03822997,0.1631122,0.1912032,0.360846,0.1372753,0.2141397,0.07896452,1.408502,0.2783553,0.4900565,0.223495,99.8952,99.49767,109.9924
32,120268000.0,2.421256,0.1497797,1.042554,0.1197185,0.003601346,1.677853,2.285889e-11,0.1403617,0.7472147,5.962979,6.288175,167.1581,21.5352,26.73335,1.063341,3.503306,10.73132,69.82061,0.5045382,0.1070958,0.03822997,0.1631122,0.1912032,0.360846,0.1372753,0.2141397,0.07896452,1.408502,0.2783553,0.4900565,0.223495,99.8952,99.49767,109.9924
1,120268000.0,2.421256,0.1497797,1.042554,0.1197185,0.003659084,1.64444,2.095737e-11,0.1403617,0.7472147,5.962979,6.288175,167.1581,21.5352,26.73335,1.063341,3.503306,10.73132,69.82061,0.5045382,0.1070958,0.03822997,0.1631122,0.1912032,0.360846,0.1372753,0.2141397,0.07896452,1.408502,0.2783553,0.4900565,0.223495,99.8952,99.49767,109.9924
1,120268000.0,2.421256,0.1497797,1.042554,0.1197185,0.003504359,1.564836,4.126708e-11,0.1403617,0.7472147,5.962979,6.288175,167.1581,21.5352,26.73335,1.063341,3.503306,10.73132,69.82061,0.5045382,0.1070958,0.03822997,0.1631122,0.1912032,0.360846,0.1372753,0.2141397,0.07896452,1.408502,0.2783553,0.4900565,0.223495,99.8952,99.49767,109.9924
32,120268000.0,2.421256,0.1497797,1.042554,0.1197185,0.003558235,1.69983,5.528634e-11,0.1403617,0.7472147,5.962979,6.288175,167.1581,21.5352,26.73335,1.063341,3.503306,10.73132,69.82061,0.5045382,0.1070958,0.03822997,0.1631122,0.1912032,0.360846,0.1372753,0.2141397,0.07896452,1.408502,0.2783553,0.4900565,0.223495,99.8952,99.49767,109.9924
1,120268000.0,2.421256,0.1497797,1.042554,0.1197185,0.00337596,1.580308,5.478199e-11,0.1403617,0.7472147,5.962979,6.288175,167.1581,21.5352,26.73335,1.063341,3.503306,10.73132,69.82061,0.5045382,0.1070958,0.03822997,0.1631122,0.1912032,0.360846,0.1372753,0.2141397,0.07896452,1.408502,0.2783553,0.4900565,0.223495,99.8952,99.49767,109.9924
1,120268000.0,2.421256,0.1497797,1.042554,0.1197185,0.00332357,1.503587,5.123202e-11,0.1403617,0.7472147,5.962979,6.288175,167.1581,21.5352,26.73335,1.063341,3.503306,10.73132,69.82061,0.5045382,0.1070958,0.03822997,0.1631122,0.1912032,0.360846,0.1372753,0.2141397,0.07896452,1.408502,0.2783553,0.4900565,0.223495,99.8952,99.49767,109.9924
32,120268000.0,2.421256,0.1497797,1.042554,0.1197185,0.003312235,1.553474,3.510875e-11,0.1403617,0.7472147,5.962979,6.288175,167.1581,21.5352,26.73335,1.063341,3.503306,10.73132,69.82061,0.5045382,0.1070958,0.03822997,0.1631122,0.1912032,0.360846,0.1372753,0.2141397,0.07896452,1.408502,0.2783553,0.4900565,0.223495,99.8952,99.49767,109.9924
1,120268000.0,2.421256,0.1497797,1.042554,0.1197185,0.003348888,1.617651,2.656649e-11,0.1403617,0.7472147,5.962979,6.288175,167.1581,21.5352,26.73335,1.063341,3.503306,10.73132,69.82061,0.5045382,0.1070958,0.03822997,0.1631122,0.1912032,0.360846,0.1372753,0.2141397,0.07896452,1.408502,0.2783553,0.4900565,0.223495,99.8952,99.49767,109.9924
1,120268000.0,2.421256,0.1497797,1.042554,0.1197185,0.003238664,1.489613,2.249334e-11,0.1403617,0.7472147,5.962979,6.288175,167.1581,21.5352,26.73335,1.063341,3.503306,10.73132,69.82061,0.5045382,0.1070958,0.03822997,0.1631122,0.1912032,0.360846,0.1372753,0.2141397,0.07896452,1.408502,0.2783553,0.4900565,0.223495,99.8952,99.49767,109.9924
32,120268000.0,2.421256,0.1497797,1.042554,0.1197185,0.00327898,1.320537,2.925453e-11,0.1403617,0.7472147,5.962979,6.288175,167.1581,21.5352,26.73335,1.063341,3.503306,10.73132,69.82061,0.5045382,0.1070958,0.03822997,0.1631122,0.1912032,0.360846,0.1372753,0.2141397,0.07896452,1.408502,0.2783553,0.4900565,0.223495,99.8952,99.49767,109.9924
1,120268000.0,2.421256,0.1497797,1.042554,0.1197185,0.003381144,1.407998,3.143426e-11,0.1403617,0.7472147,5.962979,6.288175,167.1581,21.5352,26.73335,1.063341,3.503306,10.73132,69.82061,0.5045382,0.1070958,0.03822997,0.1631122,0.1912032,0.360846,0.1372753,0.2141397,0.07896452,1.408502,0.2783553,0.4900565,0.223495,99.8952,99.49767,109.9924
1,120268000.0,2.421256,0.1497797,1.042554,0.1197185,0.003439002,1.44869,2.683778e-11,0.1403617,0.7472147,5.962979,6.288175,167.1581,21.5352,26.73335,1.063341,3.503306,10.73132,69.82061,0.5045382,0.1070958,0.03822997,0.1631122,0.1912032,0.360846,0.1372753,0.2141397,0.07896452,1.408502,0.2783553,0.4900565,0.223495,99.8952,99.49767,109.9924
32,120268000.0,2.421256,0.1497797,1.042554,0.1197185,0.003484088,1.394661,2.045927e-11,0.1403617,0.7472147,5.962979,6.288175,167.1581,21.5352,26.73335,1.063341,3.503306,10.73132,69.82061,0.5045382,0.1070958,0.03822997,0.1631122,0.1912032,0.360846,0.1372753,0.2141397,0.07896452,1.408502,0.2783553,0.4900565,0.223495,99.8952,99.49767,109.9924
1,120268000.0,2.421256,0.1497797,1.042554,0.1197185,0.00352606,1.395778,4.022724e-11,0.1403617,0.7472147,5.962979,6.288175,167.1581,21.5352,26.73335,1.063341,3.503306,10.73132,69.82061,0.5045382,0.1070958,0.03822997,0.1631122,0.1912032,0.360846,0.1372753,0.2141397,0.07896452,1.408502,0.2783553,0.4900565,0.223495,99.8952,99.49767,109.9924
1,120268000.0,2.421256,0.1497797,1.042554,0.1197185,0.003402466,1.471428,2.945014e-11,0.1403617,0.7472147,5.962979,6.288175,167.1581,21.5352,26.73335,1.063341,3.503306,10.73132,69.82061,0.5045382,0.1070958,0.03822997,0.1631122,0.1912032,0.360846,0.1372753,0.2141397,0.07896452,1.408502,0.2783553,0.4900565,0.223495,99.8952,99.49767,109.9924
32,120268000.0,2.421256,0.1497797,1.042554,0.1197185,0.003399181,1.565039,3.588467e-11,0.1403617,0.7472147,5.962979,6.288175,167.1581,21.5352,26.73335,1.063341,3.503306,10.73132,69.82061,0.5045382,0.1070958,0.03822997,0.1631122,0.1912032,0.360846,0.1372753,0.2141397,0.07896452,1.408502,0.2783553,0.4900565,0.223495,99.8952,99.49767,109.9924
1,120268000.0,2.421256,0.1497797,1.042554,0.1197185,0.003385313,1.599809,2.926226e-11,0.1403617,0.7472147,5.962979,6.288175,167.1581,21.5352,26.73335,1.063341,3.503306,10.73132,69.82061,0.5045382,0.1070958,0.03822997,0.1631122,0.1912032,0.360846,0.1372753,0.2141397,0.07896452,1.408502,0.2783553,0.4900565,0.223495,99.8952,99.49767,109.9924
1,120268000.0,2.421256,0.1497797,1.042554,0.1197185,0.003446017,1.627932,3.275941e-11,0.1403617,0.7472147,5.962979,6.288175,167.1581,21.5352,26.73335,1.063341,3.503306,10.73132,69.82061,0.5045382,0.1070958,0.03822997,0.1631122,0.1912032,0.360846,0.1372753,0.2141397,0.07896452,1.408502,0.2783553,0.4900565,0.223495,99.8952,99.49767,109.9924
18,120268000.0,2.421256,0.1497797,1.042554,0.1197185,0.003503072,1.644648,3.795367e-11,0.1403617,0.7472147,5.962979,6.288175,167.1581,21.5352,26.73335,1.063341,3.503306,10.73132,69.82061,0.5045382,0.1070958,0.03822997,0.1631122,0.1912032,0.360846,0.1372753,0.2141397,0.07896452,1.408502,0.2783553,0.4900565,0.223495,99.8952,99.49767,109.9924
14,120256000.0,2.421256,0.1497797,1.042554,0.1197185,0.003503072,1.644648,3.795367e-11,1.85668,0.7239827,6.407063,0.6363284,168.6088,14.5728,18.05089,0.6177438,3.062107,11.38627,72.81177,1.285339,0.1146473,0.03586959,0.166688,0.2014941,0.3507327,0.1885223,0.214754,0.06866345,1.385073,0.2795358,0.5285443,0.1743588,99.89507,99.49761,109.9764
1,120256000.0,2.421256,0.1497797,1.042554,0.1197185,0.003502651,1.674066,3.007156e-11,1.85668,0.7239827,6.407063,0.6363284,168.6088,14.5728,18.05089,0.6177438,3.062107,11.38627,72.81177,1.285339,0.1146473,0.03586959,0.166688,0.2014941,0.3507327,0.1885223,0.214754,0.06866345,1.385073,0.2795358,0.5285443,0.1743588,99.89507,99.49761,109.9764
1,120256000.0,2.421256,0.1497797,1.042554,0.1197185,0.003456735,1.66524,3.154369e-11,1.85668,0.7239827,6.407063,0.6363284,168.6088,14.5728,18.05089,0.6177438,3.062107,11.38627,72.81177,1.285339,0.1146473,0.03586959,0.166688,0.2014941,0.3507327,0.1885223,0.214754,0.06866345,1.385073,0.2795358,0.5285443,0.1743588,99.89507,99.49761,109.9764
32,120256000.0,2.421256,0.1497797,1.042554,0.1197185,0.003526846,1.644505,3.117072e-11,1.85668,0.7239827,6.407063,0.6363284,168.6088,14.5728,18.05089,0.6177438,3.062107,11.38627,72.81177,1.285339,0.1146473,0.03586959,0.166688,0.2014941,0.3507327,0.1885223,0.214754,0.06866345,1.385073,0.2795358,0.5285443,0.1743588,99.89507,99.49761,109.9764
1,120256000.0,2.421256,0.1497797,1.042554,0.1197185,0.003511708,1.586779,3.609015e-11,1.85668,0.7239827,6.407063,0.6363284,168.6088,14.5728,18.05089,0.6177438,3.062107,11.38627,72.81177,1.285339,0.1146473,0.03586959,0.166688,0.2014941,0.3507327,0.1885223,0.214754,0.06866345,1.385073,0.2795358,0.5285443,0.1743588,99.89507,99.49761,109.9764
1,120256000.0,2.421256,0.1497797,1.042554,0.1197185,0.003631532,1.645247,9.256647e-12,1.85668,0.7239827,6.407063,0.6363284,168.6088,14.5728,18.05089,0.6177438,3.062107,11.38627,72.81177,1.285339,0.1146473,0.03586959,0.166688,0.2014941,0.3507327,0.1885223,0.214754,0.06866345,1.385073,0.2795358,0.5285443,0.1743588,99.89507,99.49761,109.9764
32,120256000.0,2.421256,0.1497797,1.042554,0.1197185,0.003504425,1.687264,1.151096e-11,1.85668,0.7239827,6.407063,0.6363284,168.6088,14.5728,18.05089,0.6177438,3.062107,11.38627,72.81177,1.285339,0.1146473,0.03586959,0.166688,0.2014941,0.3507327,0.1885223,0.214754,0.06866345,1.385073,0.2795358,0.5285443,0.1743588,99.89507,99.49761,109.9764
1,120256000.0,2.421256,0.1497797,1.042554,0.1197185,0.003460146,1.621733,2.859244e-11,1.85668,0.7239827,6.407063,0.6363284,168.6088,14.5728,18.05089,0.6177438,3.062107,11.38627,72.81177,1.285339,0.1146473,0.03586959,0.166688,0.2014941,0.3507327,0.1885223,0.214754,0.06866345,1.385073,0.2795358,0.5285443,0.1743588,99.89507,99.49761,109.9764
1,120256000.0,2.421256,0.1497797,1.042554,0.1197185,0.003360109,1.662202,3.182061e-11,1.85668,0.7239827,6.407063,0.6363284,168.6088,14.5728,18.05089,0.6177438,3.062107,11.38627,72.81177,1.285339,0.1146473,0.03586959,0.166688,0.2014941,0.3507327,0.1885223,0.214754,0.06866345,1.385073,0.2795358,0.5285443,0.1743588,99.89507,99.49761,109.9764
32,120256000.0,2.421256,0.1497797,1.042554,0.1197185,0.003332491,1.650224,3.878668e-11,1.85668,0.7239827,6.407063,0.6363284,168.6088,14.5728,18.05089,0.6177438,3.062107,11.38627,72.81177,1.285339,0.1146473,0.03586959,0.166688,0.2014941,0.3507327,0.1885223,0.214754,0.06866345,1.385073,0.2795358,0.5285443,0.1743588,99.89507,99.49761,109.9764
1,120256000.0,2.421256,0.1497797,1.042554,0.1197185,0.003255933,1.686006,3.71188e-11,1.85668,0.7239827,6.407063,0.6363284,168.6088,14.5728,18.05089,0.6177438,3.062107,11.38627,72.81177,1.285339,0.1146473,0.03586959,0.166688,0.2014941,0.3507327,0.1885223,0.214754,0.06866345,1.385073,0.2795358,0.5285443,0.1743588,99.89507,99.49761,109.9764
1,120256000.0,2.421256,0.1497797,1.042554,0.1197185,0.003052159,1.721394,4.480773e-11,1.85668,0.7239827,6.407063,0.6363284,168.6088,14.5728,18.05089,0.6177438,3.062107,11.38627,72.81177,1.285339,0.1146473,0.03586959,0.166688,0.2014941,0.3507327,0.1885223,0.214754,0.06866345,1.385073,0.2795358,0.5285443,0.1743588,99.89507,99.49761,109.9764
32,120256000.0,2.421256,0.1497797,1.042554,0.1197185,0.003026066,1.694953,5.243924e-11,1.85668,0.7239827,6.407063,0.6363284,168.6088,14.5728,18.05089,0.6177438,3.062107,11.38627,72.81177,1.285339,0.1146473,0.03586959,0.166688,0.2014941,0.3507327,0.1885223,0.214754,0.06866345,1.385073,0.2795358,0.5285443,0.1743588,99.89507,99.49761,109.9764
1,120256000.0,2.421256,0.1497797,1.042554,0.1197185,0.002950404,1.630029,6.146188e-11,1.85668,0.7239827,6.407063,0.6363284,168.6088,14.5728,18.05089,0.6177438,3.062107,11.38627,72.81177,1.285339,0.1146473,0.03586959,0.166688,0.2014941,0.3507327,0.1885223,0.214754,0.06866345,1.385073,0.2795358,0.5285443,0.1743588,99.89507,99.49761,109.9764
1,120256000.0,2.421256,0.1497797,1.042554,0.1197185,0.002955386,1.754687,4.761853e-11,1.85668,0.7239827,6.407063,0.6363284,168.6088,14.5728,18.05089,0.6177438,3.062107,11.38627,72.81177,1.285339,0.1146473,0.03586959,0.166688,0.2014941,0.3507327,0.1885223,0.214754,0.06866345,1.385073,0.2795358,0.5285443,0.1743588,99.89507,99.49761,109.9764
32,120256000.0,2.421256,0.1497797,1.042554,0.1197185,0.00303255,1.722988,4.712025e-11,1.85668,0.7239827,6.407063,0.6363284,168.6088,14.5728,18.05089,0.6177438,3.062107,11.38627,72.81177,1.285339,0.1146473,0.03586959,0.166688,0.2014941,0.3507327,0.1885223,0.214754,0.06866345,1.385073,0.2795358,0.5285443,0.1743588,99.89507,99.49761,109.9764
1,120256000.0,2.421256,0.1497797,1.042554,0.1197185,0.003020274,1.814557,5.748392e-11,1.85668,0.7239827,6.407063,0.6363284,168.6088,14.5728,18.05089,0.6177438,3.062107,11.38627,72.81177,1.285339,0.1146473,0.03586959,0.166688,0.2014941,0.3507327,0.1885223,0.214754,0.06866345,1.385073,0.2795358,0.5285443,0.1743588,99.89507,99.49761,109.9764
1,120256000.0,2.421256,0.1497797,1.042554,0.1197185,0.003078897,1.807545,5.38185e-11,1.85668,0.7239827,6.407063,0.6363284,168.6088,14.5728,18.05089,0.6177438,3.062107,11.38627,72.81177,1.285339,0.1146473,0.03586959,0.166688,0.2014941,0.3507327,0.1885223,0.214754,0.06866345,1.385073,0.2795358,0.5285443,0.1743588,99.89507,99.49761,109.9764
32,120256000.0,2.421256,0.1497797,1.042554,0.1197185,0.003109903,1.737868,6.937072e-11,1.85668,0.7239827,6.407063,0.6363284,168.6088,14.5728,18.05089,0.6177438,3.062107,11.38627,72.81177,1.285339,0.1146473,0.03586959,0.166688,0.2014941,0.3507327,0.1885223,0.214754,0.06866345,1.385073,0.2795358,0.5285443,0.1743588,99.89507,99.49761,109.9764
1,120256000.0,2.421256,0.1497797,1.042554,0.1197185,0.003039574,1.811324,5.78078e-11,1.85668,0.7239827,6.407063,0.6363284,168.6088,14.5728,18.05089,0.6177438,3.062107,11.38627,72.81177,1.285339,0.1146473,0.03586959,0.166688,0.2014941,0.3507327,0.1885223,0.214754,0.06866345,1.385073,0.2795358,0.5285443,0.1743588,99.89507,99.49761,109.9764
1,120256000.0,2.421256,0.1497797,1.042554,0.1197185,0.002942178,1.795451,5.101426e-11,1.85668,0.7239827,6.407063,0.6363284,168.6088,14.5728,18.05089,0.6177438,3.062107,11.38627,72.81177,1.285339,0.1146473,0.03586959,0.166688,0.2014941,0.3507327,0.1885223,0.214754,0.06866345,1.385073,0.2795358,0.5285443,0.1743588,99.89507,99.49761,109.9764
9,120256000.0,2.421256,0.1497797,1.042554,0.1197185,0.003115636,1.712261,6.389592e-11,1.85668,0.7239827,6.407063,0.6363284,168.6088,14.5728,18.05089,0.6177438,3.062107,11.38627,72.81177,1.285339,0.1146473,0.03586959,0.166688,0.2014941,0.3507327,0.1885223,0.214754,0.06866345,1.385073,0.2795358,0.5285443,0.1743588,99.89507,99.49761,109.9764
23,120196000.0,2.421256,0.1497797,1.042554,0.1197185,0.003115636,1.712261,6.389592e-11,2.753257,0.7850696,6.59725,7.534999,172.7931,14.39686,13.20764,0.545201,2.924252,10.90019,73.28915,1.915952,0.1063452,0.03778697,0.1677089,0.2096508,0.3868014,0.1483105,0.2267075,0.06314926,1.392142,0.2966981,0.5550949,0.2431818,99.8953,99.49775,109.9924
1,120196000.0,2.421256,0.1497797,1.042554,0.1197185,0.003175113,1.790328,7.220963e-11,2.753257,0.7850696,6.59725,7.534999,172.7931,14.39686,13.20764,0.545201,2.924252,10.90019,73.28915,1.915952,0.1063452,0.03778697,0.1677089,0.2096508,0.3868014,0.1483105,0.2267075,0.06314926,1.392142,0.2966981,0.5550949,0.2431818,99.8953,99.49775,109.9924
1,120196000.0,2.421256,0.1497797,1.042554,0.1197185,0.003246682,1.605541,7.710187e-11,2.753257,0.7850696,6.59725,7.534999,172.7931,14.39686,13.20764,0.545201,2.924252,10.90019,73.28915,1.915952,0.1063452,0.03778697,0.1677089,0.2096508,0.3868014,0.1483105,0.2267075,0.06314926,1.392142,0.2966981,0.5550949,0.2431818,99.8953,99.49775,109.9924
32,120196000.0,2.421256,0.1497797,1.042554,0.1197185,0.003180482,1.600103,7.251834e-11,2.753257,0.7850696,6.59725,7.534999,172.7931,14.39686,13.20764,0.545201,2.924252,10.90019,73.28915,1.915952,0.1063452,0.03778697,0.1677089,0.2096508,0.3868014,0.1483105,0.2267075,0.06314926,1.392142,0.2966981,0.5550949,0.2431818,99.8953,99.49775,109.9924
1,120196000.0,2.421256,0.1497797,1.042554,0.1197185,0.00305977,1.57264,6.968954e-11,2.753257,0.7850696,6.59725,7.534999,172.7931,14.39686,13.20764,0.545201,2.924252,10.90019,73.28915,1.915952,0.1063452,0.03778697,0.1677089,0.2096508,0.3868014,0.1483105,0.2267075,0.06314926,1.392142,0.2966981,0.5550949,0.2431818,99.8953,99.49775,109.9924
1,120196000.0,2.421256,0.1497797,1.042554,0.1197185,0.003100829,1.542081,8.584366e-11,2.753257,0.7850696,6.59725,7.534999,172.7931,14.39686,13.20764,0.545201,2.924252,10.90019,73.28915,1.915952,0.1063452,0.03778697,0.1677089,0.2096508,0.3868014,0.1483105,0.2267075,0.06314926,1.392142,0.2966981,0.5550949,0.2431818,99.8953,99.49775,109.9924
12,120196000.0,2.421256,0.1497797,1.042554,0.1197185,0.003056749,1.46912,9.167353e-11,2.753257,0.7850696,6.59725,7.534999,172.7931,14.39686,13.20764,0.545201,2.924252,10.90019,73.28915,1.915952,0.1063452,0.03778697,0.1677089,0.2096508,0.3868014,0.1483105,0.2267075,0.06314926,1.392142,0.2966981,0.5550949,0.2431818,99.8953,99.49775,109.9924
20,120055000.0,2.421256,0.1497797,1.042554,0.1197185,0.003056749,1.46912,9.167353e-11,0.3790785,0.739497,7.007509,4.667135,165.7957,20.56222,19.02751,0.6717081,3.979827,11.51262,74.6608,0.9431661,0.10693,0.03833498,0.1638643,0.2025794,0.3881238,0.191383,0.2217147,0.07621583,1.384041,0.3009104,0.4755881,0.263008,99.89545,99.49819,109.9604
1,120055000.0,2.421256,0.1497797,1.042554,0.1197185,0.00296268,1.419699,9.443858e-11,0.3790785,0.739497,7.007509,4.667135,165.7957,20.56222,19.02751,0.6717081,3.979827,11.51262,74.6608,0.9431661,0.10693,0.03833498,0.1638643,0.2025794,0.3881238,0.191383,0.2217147,0.07621583,1.384041,0.3009104,0.4755881,0.263008,99.89545,99.49819,109.9604
1,120055000.0,2.421256,0.1497797,1.042554,0.1197185,0.002809033,1.190338,9.74866e-11,0.3790785,0.739497,7.007509,4.667135,165.7957,20.56222,19.02751,0.6717081,3.979827,11.51262,74.6608,0.9431661,0.10693,0.03833498,0.1638643,0.2025794,0.3881238,0.191383,0.2217147,0.07621583,1.384041,0.3009104,0.4755881,0.263008,99.89545,99.49819,109.9604
32,120055000.0,2.421256,0.1497797,1.042554,0.1197185,0.002636152,1.230214,1.006544e-10,0.3790785,0.739497,7.007509,4.667135,165.7957,20.56222,19.02751,0.6717081,3.979827,11.51262,74.6608,0.9431661,0.10693,0.03833498,0.1638643,0.2025794,0.3881238,0.191383,0.2217147,0.07621583,1.384041,0.3009104,0.4755881,0.263008,99.89545,99.49819,109.9604
1,120055000.0,2.421256,0.1497797,1.042554,0.1197185,0.002711813,1.236748,9.491342e-11,0.3790785,0.739497,7.007509,4.667135,165.7957,20.56222,19.02751,0.6717081,3.979827,11.51262,74.6608,0.9431661,0.10693,0.03833498,0.1638643,0.2025794,0.3881238,0.191383,0.2217147,0.07621583,1.384041,0.3009104,0.4755881,0.263008,99.89545,99.49819,109.9604
1,120055000.0,2.421256,0.1497797,1.042554,0.1197185,0.002613166,1.310242,1.089704e-10,0.3790785,0.739497,7.007509,4.667135,165.7957,20.56222,19.02751,0.6717081,3.979827,11.51262,74.6608,0.9431661,0.10693,0.03833498,0.1638643,0.2025794,0.3881238,0.191383,0.2217147,0.07621583,1.384041,0.3009104,0.4755881,0.263008,99.89545,99.49819,109.9604
32,120055000.0,2.421256,0.1497797,1.042554,0.1197185,0.002638279,1.24023,1.084607e-10,0.3790785,0.739497,7.007509,4.667135,165.7957,20.56222,19.02751,0.6717081,3.979827,11.51262,74.6608,0.9431661,0.10693,0.03833498,0.1638643,0.2025794,0.3881238,0.191383,0.2217147,0.07621583,1.384041,0.3009104,0.4755881,0.263008,99.89545,99.49819,109.9604
1,120055000.0,2.421256,0.1497797,1.042554,0.1197185,0.002597318,1.225969,1.1257e-10,0.3790785,0.739497,7.007509,4.667135,165.7957,20.56222,19.02751,0.6717081,3.979827,11.51262,74.6608,0.9431661,0.10693,0.03833498,0.1638643,0.2025794,0.3881238,0.191383,0.2217147,0.07621583,1.384041,0.3009104,0.4755881,0.263008,99.89545,99.49819,109.9604
1,120055000.0,2.421256,0.1497797,1.042554,0.1197185,0.002670849,1.280029,9.973897e-11,0.3790785,0.739497,7.007509,4.667135,165.7957,20.56222,19.02751,0.6717081,3.979827,11.51262,74.6608,0.9431661,0.10693,0.03833498,0.1638643,0.2025794,0.3881238,0.191383,0.2217147,0.07621583,1.384041,0.3009104,0.4755881,0.263008,99.89545,99.49819,109.9604
22,120055000.0,2.421256,0.1497797,1.042554,0.1197185,0.002723867,1.13534,1.095892e-10,0.3790785,0.739497,7.007509,4.667135,165.7957,20.56222,19.02751,0.6717081,3.979827,11.51262,74.6608,0.9431661,0.10693,0.03833498,0.1638643,0.2025794,0.3881238,0.191383,0.2217147,0.07621583,1.384041,0.3009104,0.4755881,0.263008,99.89545,99.49819,109.9604
10,120047000.0,2.421256,0.1497797,1.042554,0.1197185,0.002723867,1.13534,1.095892e-10,3.748669,0.7482497,6.519857,2.18463,164.3151,23.58573,15.27168,0.2936328,4.010775,11.024,75.71767,0.9518627,0.09873875,0.04515155,0.1681514,0.1973811,0.3873781,0.04539357,0.2177046,0.07302228,1.394042,0.3167977,0.3816573,0.250927,99.89564,99.4976,109.998
1,120047000.0,2.421256,0.1497797,1.042554,0.1197185,0.002758289,1.07933,1.000258e-10,3.748669,0.7482497,6.519857,2.18463,164.3151,23.58573,15.27168,0.2936328,4.010775,11.024,75.71767,0.9518627,0.09873875,0.04515155,0.1681514,0.1973811,0.3873781,0.04539357,0.2177046,0.07302228,1.394042,0.3167977,0.3816573,0.250927,99.89564,99.4976,109.998
1,120047000.0,2.421256,0.1497797,1.042554,0.1197185,0.002861152,0.9830504,8.933706e-11,3.748669,0.7482497,6.519857,2.18463,164.3151,23.58573,15.27168,0.2936328,4.010775,11.024,75.71767,0.9518627,0.09873875,0.04515155,0.1681514,0.1973811,0.3873781,0.04539357,0.2177046,0.07302228,1.394042,0.3167977,0.3816573,0.250927,99.89564,99.4976,109.998
32,120047000.0,2.421256,0.1497797,1.042554,0.1197185,0.002815018,0.9929681,8.763944e-11,3.748669,0.7482497,6.519857,2.18463,164.3151,23.58573,15.27168,0.2936328,4.010775,11.024,75.71767,0.9518627,0.09873875,0.04515155,0.1681514,0.1973811,0.3873781,0.04539357,0.2177046,0.07302228,1.394042,0.3167977,0.3816573,0.250927,99.89564,99.4976,109.998
1,120047000.0,2.421256,0.1497797,1.042554,0.1197185,0.002781235,0.9422547,8.574741e-11,3.748669,0.7482497,6.519857,2.18463,164.3151,23.58573,15.27168,0.2936328,4.010775,11.024,75.71767,0.9518627,0.09873875,0.04515155,0.1681514,0.1973811,0.3873781,0.04539357,0.2177046,0.07302228,1.394042,0.3167977,0.3816573,0.250927,99.89564,99.4976,109.998
1,120047000.0,2.421256,0.1497797,1.042554,0.1197185,0.002658242,0.8135306,8.74087e-11,3.748669,0.7482497,6.519857,2.18463,164.3151,23.58573,15.27168,0.2936328,4.010775,11.024,75.71767,0.9518627,0.09873875,0.04515155,0.1681514,0.1973811,0.3873781,0.04539357,0.2177046,0.07302228,1.394042,0.3167977,0.3816573,0.250927,99.89564,99.4976,109.998
32,120047000.0,2.421256,0.1497797,1.042554,0.1197185,0.002783076,0.7730634,1.102425e-10,3.748669,0.7482497,6.519857,2.18463,164.3151,23.58573,15.27168,0.2936328,4.010775,11.024,75.71767,0.9518627,0.09873875,0.04515155,0.1681514,0.1973811,0.3873781,0.04539357,0.2177046,0.07302228,1.394042,0.3167977,0.3816573,0.250927,99.89564,99.4976,109.998
1,120047000.0,2.421256,0.1497797,1.042554,0.1197185,0.002626916,0.829629,1.037855e-10,3.748669,0.7482497,6.519857,2.18463,164.3151,23.58573,15.27168,0.2936328,4.010775,11.024,75.71767,0.9518627,0.09873875,0.04515155,0.1681514,0.1973811,0.3873781,0.04539357,0.2177046,0.07302228,1.394042,0.3167977,0.3816573,0.250927,99.89564,99.4976,109.998
1,120047000.0,2.421256,0.1497797,1.042554,0.1197185,0.002745745,0.7465225,9.600755e-11,3.748669,0.7482497,6.519857,2.18463,164.3151,23.58573,15.27168,0.2936328,4.010775,11.024,75.71767,0.9518627,0.09873875,0.04515155,0.1681514,0.1973811,0.3873781,0.04539357,0.2177046,0.07302228,1.394042,0.3167977,0.3816573,0.250927,99.89564,99.4976,109.998
3,120047000.0,2.421256,0.1497797,1.042554,0.1197185,0.002804677,0.6832892,8.738971e-11,3.748669,0.7482497,6.519857,2.18463,164.3151,23.58573,15.27168,0.2936328,4.010775,11.024,75.71767,0.9518627,0.09873875,0.04515155,0.1681514,0.1973811,0.3873781,0.04539357,0.2177046,0.07302228,1.394042,0.3167977,0.3816573,0.250927,99.89564,99.4976,109.998
29,119892000.0,2.421256,0.1497797,1.042554,0.1197185,0.002804677,0.6832892,8.738971e-11,2.487484,0.7786608,6.227919,4.946801,157.2027,28.38709,9.669786,0.2886798,5.671403,11.1859,73.57232,1.864403,0.1009399,0.04879428,0.1665781,0.197035,0.3999084,0.05275908,0.208077,0.085172,1.416418,0.3071163,0.381094,0.5414907,99.89551,99.4966,109.9902
1,119892000.0,2.421256,0.1497797,1.042554,0.1197185,0.002836611,0.5827102,8.911654e-11,2.487484,0.7786608,6.227919,4.946801,157.2027,28.38709,9.669786,0.2886798,5.671403,11.1859,73.57232,1.864403,0.1009399,0.04879428,0.1665781,0.197035,0.3999084,0.05275908,0.208077,0.085172,1.416418,0.3071163,0.381094,0.5414907,99.89551,99.4966,109.9902
1,119892000.0,2.421256,0.1497797,1.042554,0.1197185,0.002970096,0.5525622,9.26598e-11,2.487484,0.7786608,6.227919,4.946801,157.2027,28.38709,9.669786,0.2886798,5.671403,11.1859,73.57232,1.864403,0.1009399,0.04879428,0.1665781,0.197035,0.3999084,0.05275908,0.208077,0.085172,1.416418,0.3071163,0.381094,0.5414907,99.89551,99.4966,109.9902
16,119892000.0,2.421256,0.1497797,1.042554,0.1197185,0.002926933,0.5501217,9.857691e-11,2.487484,0.7786608,6.227919,4.946801,157.2027,28.38709,9.669786,0.2886798,5.671403,11.1859,73.57232,1.864403,0.1009399,0.04879428,0.1665781,0.197035,0.3999084,0.05275908,0.208077,0.085172,1.416418,0.3071163,0.381094,0.5414907,99.89551,99.4966,109.9902
8,119823000.0,2.421256,0.1497797,1.042554,0.1197185,0.002926933,0.5501217,9.857691e-11,0.2717456,0.7945119,5.402079,7.506798,148.1885,22.97549,9.365496,0.4847015,5.276823,11.73419,72.40455,3.481476,0.09988221,0.04364677,0.1531602,0.1904833,0.3760589,0.153244,0.1909004,0.0765423,1.38784,0.336737,0.2836752,0.6069823,99.89522,99.49662,109.992
8,119759000.0,2.421256,0.1497797,1.042554,0.1197185,0.002926933,0.5501217,9.857691e-11,0.6179078,0.7380353,5.114434,9.143229,145.2619,22.00951,11.50836,0.6996066,3.957928,11.53711,74.54411,2.049256,0.09774544,0.04539257,0.1574678,0.1853139,0.393819,0.1752576,0.1870025,0.06544849,1.394422,0.3389064,0.3108179,0.3768591,99.89551,99.49706,109.9855
1,119759000.0,2.421256,0.1497797,1.042554,0.1197185,0.002924308,0.5153331,8.392926e-11,0.6179078,0.7380353,5.114434,9.143229,145.2619,22.00951,11.50836,0.6996066,3.957928,11.53711,74.54411,2.049256,0.09774544,0.04539257,0.1574678,0.1853139,0.393819,0.1752576,0.1870025,0.06544849,1.394422,0.3389064,0.3108179,0.3768591,99.89551,99.49706,109.9855
1,119759000.0,2.421256,0.1497797,1.042554,0.1197185,0.002954889,0.5637554,8.506122e-11,0.6179078,0.7380353,5.114434,9.143229,145.2619,22.00951,11.50836,0.6996066,3.957928,11.53711,74.54411,2.049256,0.09774544,0.04539257,0.1574678,0.1853139,0.393819,0.1752576,0.1870025,0.06544849,1.394422,0.3389064,0.3108179,0.3768591,99.89551,99.49706,109.9855
16,119759000.0,2.421256,0.1497797,1.042554,0.1197185,0.002947468,0.5147689,9.561721e-11,0.6179078,0.7380353,5.114434,9.143229,145.2619,22.00951,11.50836,0.6996066,3.957928,11.53711,74.54411,2.049256,0.09774544,0.04539257,0.1574678,0.1853139,0.393819,0.1752576,0.1870025,0.06544849,1.394422,0.3389064,0.3108179,0.3768591,99.89551,99.49706,109.9855
16,119571000.0,2.421256,0.1497797,1.042554,0.1197185,0.002947468,0.5147689,9.561721e-11,0.112143,0.7259573,5.003258,14.10622,146.4704,24.43513,11.54925,0.3963229,5.000097,11.51256,76.59982,0.5946279,0.09659214,0.05036596,0.1527401,0.1835695,0.3732881,0.1536678,0.1837886,0.07833071,1.367171,0.3292285,0.2909917,0.4315252,99.89551,99.49643,109.9598
1,119571000.0,2.421256,0.1497797,1.042554,0.1197185,0.002897621,0.4576363,9.282639e-11,0.112143,0.7259573,5.003258,14.10622,146.4704,24.43513,11.54925,0.3963229,5.000097,11.51256,76.59982,0.5946279,0.09659214,0.05036596,0.1527401,0.1835695,0.3732881,0.1536678,0.1837886,0.07833071,1.367171,0.3292285,0.2909917,0.4315252,99.89551,99.49643,109.9598
1,119571000.0,2.421256,0.1497797,1.042554,0.1197185,0.002918542,0.4465803,9.258316e-11,0.112143,0.7259573,5.003258,14.10622,146.4704,24.43513,11.54925,0.3963229,5.000097,11.51256,76.59982,0.5946279,0.09659214,0.05036596,0.1527401,0.1835695,0.3732881,0.1536678,0.1837886,0.07833071,1.367171,0.3292285,0.2909917,0.4315252,99.89551,99.49643,109.9598
32,119571000.0,2.421256,0.1497797,1.042554,0.1197185,0.002795164,0.5433189,1.061735e-10,0.112143,0.7259573,5.003258,14.10622,146.4704,24.43513,11.54925,0.3963229,5.000097,11.51256,76.59982,0.5946279,0.09659214,0.05036596,0.1527401,0.1835695,0.3732881,0.1536678,0.1837886,0.07833071,1.367171,0.3292285,0.2909917,0.4315252,99.89551,99.49643,109.9598
1,119571000.0,2.421256,0.1497797,1.042554,0.1197185,0.002722966,0.5254924,1.059876e-10,0.112143,0.7259573,5.003258,14.10622,146.4704,24.43513,11.54925,0.3963229,5.000097,11.51256,76.59982,0.5946279,0.09659214,0.05036596,0.1527401,0.1835695,0.3732881,0.1536678,0.1837886,0.07833071,1.367171,0.3292285,0.2909917,0.4315252,99.89551,99.49643,109.9598
1,119571000.0,2.421256,0.1497797,1.042554,0.1197185,0.00265986,0.6241616,9.09507e-11,0.112143,0.7259573,5.003258,14.10622,146.4704,24.43513,11.54925,0.3963229,5.000097,11.51256,76.59982,0.5946279,0.09659214,0.05036596,0.1527401,0.1835695,0.3732881,0.1536678,0.1837886,0.07833071,1.367171,0.3292285,0.2909917,0.4315252,99.89551,99.49643,109.9598
32,119571000.0,2.421256,0.1497797,1.042554,0.1197185,0.002694563,0.6551682,8.671142e-11,0.112143,0.7259573,5.003258,14.10622,146.4704,24.43513,11.54925,0.3963229,5.000097,11.51256,76.59982,0.5946279,0.09659214,0.05036596,0.1527401,0.1835695,0.3732881,0.1536678,0.1837886,0.07833071,1.367171,0.3292285,0.2909917,0.4315252,99.89551,99.49643,109.9598
1,119571000.0,2.421256,0.1497797,1.042554,0.1197185,0.002540903,0.6600388,7.341437e-11,0.112143,0.7259573,5.003258,14.10622,146.4704,24.43513,11.54925,0.3963229,5.000097,11.51256,76.59982,0.5946279,0.09659214,0.05036596,0.1527401,0.1835695,0.3732881,0.1536678,0.1837886,0.07833071,1.367171,0.3292285,0.2909917,0.4315252,99.89551,99.49643,109.9598
1,119571000.0,2.421256,0.1497797,1.042554,0.1197185,0.00249436,0.7433437,7.008413e-11,0.112143,0.7259573,5.003258,14.10622,146.4704,24.43513,11.54925,0.3963229,5.000097,11.51256,76.59982,0.5946279,0.09659214,0.05036596,0.1527401,0.1835695,0.3732881,0.1536678,0.1837886,0.07833071,1.367171,0.3292285,0.2909917,0.4315252,99.89551,99.49643,109.9598
32,119571000.0,2.421256,0.1497797,1.042554,0.1197185,0.002374118,0.757114,6.250418e-11,0.112143,0.7259573,5.003258,14.10622,146.4704,24.43513,11.54925,0.3963229,5.000097,11.51256,76.59982,0.5946279,0.09659214,0.05036596,0.1527401,0.1835695,0.3732881,0.1536678,0.1837886,0.07833071,1.367171,0.3292285,0.2909917,0.4315252,99.89551,99.49643,109.9598
1,119571000.0,2.421256,0.1497797,1.042554,0.1197185,0.002419628,0.7819431,4.547634e-11,0.112143,0.7259573,5.003258,14.10622,146.4704,24.43513,11.54925,0.3963229,5.000097,11.51256,76.59982,0.5946279,0.09659214,0.05036596,0.1527401,0.1835695,0.3732881,0.1536678,0.1837886,0.07833071,1.367171,0.3292285,0.2909917,0.4315252,99.89551,99.49643,109.9598
1,119571000.0,2.421256,0.1497797,1.042554,0.1197185,0.002279024,0.7959879,4.216047e-11,0.112143,0.7259573,5.003258,14.10622,146.4704,24.43513,11.54925,0.3963229,5.000097,11.51256,76.59982,0.5946279,0.09659214,0.05036596,0.1527401,0.1835695,0.3732881,0.1536678,0.1837886,0.07833071,1.367171,0.3292285,0.2909917,0.4315252,99.89551,99.49643,109.9598
32,119571000.0,2.421256,0.1497797,1.042554,0.1197185,0.00215576,0.8490947,6.049511e-11,0.112143,0.7259573,5.003258,14.10622,146.4704,24.43513,11.54925,0.3963229,5.000097,11.51256,76.59982,0.5946279,0.09659214,0.05036596,0.1527401,0.1835695,0.3732881,0.1536678,0.1837886,0.07833071,1.367171,0.3292285,0.2909917,0.4315252,99.89551,99.49643,109.9598
1,119571000.0,2.421256,0.1497797,1.042554,0.1197185,0.00233237,0.5899944,5.747377e-11,0.112143,0.7259573,5.003258,14.10622,146.4704,24.43513,11.54925,0.3963229,5.000097,11.51256,76.59982,0.5946279,0.09659214,0.05036596,0.1527401,0.1835695,0.3732881,0.1536678,0.1837886,0.07833071,1.367171,0.3292285,0.2909917,0.4315252,99.89551,99.49643,109.9598
1,119571000.0,2.421256,0.1497797,1.042554,0.1197185,0.002334189,0.5641147,6.439581e-11,0.112143,0.7259573,5.003258,14.10622,146.4704,24.43513,11.54925,0.3963229,5.000097,11.51256,76.59982,0.5946279,0.09659214,0.05036596,0.1527401,0.1835695,0.3732881,0.1536678,0.1837886,0.07833071,1.367171,0.3292285,0.2909917,0.4315252,99.89551,99.49643,109.9598
32,119571000.0,2.421256,0.1497797,1.042554,0.1197185,0.002448256,0.6545138,4.319247e-11,0.112143,0.7259573,5.003258,14.10622,146.4704,24.43513,11.54925,0.3963229,5.000097,11.51256,76.59982,0.5946279,0.09659214,0.05036596,0.1527401,0.1835695,0.3732881,0.1536678,0.1837886,0.07833071,1.367171,0.3292285,0.2909917,0.4315252,99.89551,99.49643,109.9598
1,119571000.0,2.421256,0.1497797,1.042554,0.1197185,0.002534761,0.5669947,3.341908e-11,0.112143,0.7259573,5.003258,14.10622,146.4704,24.43513,11.54925,0.3963229,5.000097,11.51256,76.59982,0.5946279,0.09659214,0.05036596,0.1527401,0.1835695,0.3732881,0.1536678,0.1837886,0.07833071,1.367171,0.3292285,0.2909917,0.4315252,99.89551,99.49643,109.9598
1,119571000.0,2.421256,0.1497797,1.042554,0.1197185,0.002602115,0.6307035,3.563824e-11,0.112143,0.7259573,5.003258,14.10622,146.4704,24.43513,11.54925,0.3963229,5.000097,11.51256,76.59982,0.5946279,0.09659214,0.05036596,0.1527401,0.1835695,0.3732881,0.1536678,0.1837886,0.07833071,1.367171,0.3292285,0.2909917,0.4315252,99.89551,99.49643,109.9598
32,119571000.0,2.421256,0.1497797,1.042554,0.1197185,0.002537139,0.6266816,3.078687e-11,0.112143,0.7259573,5.003258,14.10622,146.4704,24.43513,11.54925,0.3963229,5.000097,11.51256,76.59982,0.5946279,0.09659214,0.05036596,0.1527401,0.1835695,0.3732881,0.1536678,0.1837886,0.07833071,1.367171,0.3292285,0.2909917,0.4315252,99.89551,99.49643,109.9598
1,119571000.0,2.421256,0.1497797,1.042554,0.1197185,0.002578679,0.5600453,3.576435e-11,0.112143,0.7259573,5.003258,14.10622,146.4704,24.43513,11.54925,0.3963229,5.000097,11.51256,76.59982,0.5946279,0.09659214,0.05036596,0.1527401,0.1835695,0.3732881,0.1536678,0.1837886,0.07833071,1.367171,0.3292285,0.2909917,0.4315252,99.89551,99.49643,109.9598
1,119571000.0,2.421256,0.1497797,1.042554,0.1197185,0.002492384,0.5732157,3.936734e-11,0.112143,0.7259573,5.003258,14.10622,146.4704,24.43513,11.54925,0.3963229,5.000097,11.51256,76.59982,0.5946279,0.09659214,0.05036596,0.1527401,0.1835695,0.3732881,0.1536678,0.1837886,0.07833071,1.367171,0.3292285,0.2909917,0.4315252,99.89551,99.49643,109.9598
32,119571000.0,2.421256,0.1497797,1.042554,0.1197185,0.00240812,0.4993619,3.104487e-11,0.112143,0.7259573,5.003258,14.10622,146.4704,24.43513,11.54925,0.3963229,5.000097,11.51256,76.59982,0.5946279,0.09659214,0.05036596,0.1527401,0.1835695,0.3732881,0.1536678,0.1837886,0.07833071,1.367171,0.3292285,0.2909917,0.4315252,99.89551,99.49643,109.9598
1,119571000.0,2.421256,0.1497797,1.042554,0.1197185,0.002515385,0.4401131,5.582867e-12,0.112143,0.7259573,5.003258,14.10622,146.4704,24.43513,11.54925,0.3963229,5.000097,11.51256,76.59982,0.5946279,0.09659214,0.05036596,0.1527401,0.1835695,0.3732881,0.1536678,0.1837886,0.07833071,1.367171,0.3292285,0.2909917,0.4315252,99.89551,99.49643,109.9598
1,119571000.0,2.421256,0.1497797,1.042554,0.1197185,0.002650739,0.3716505,6.414404e-12,0.112143,0.7259573,5.003258,14.10622,146.4704,24.43513,11.54925,0.3963229,5.000097,11.51256,76.59982,0.5946279,0.09659214,0.05036596,0.1527401,0.1835695,0.3732881,0.1536678,0.1837886,0.07833071,1.367171,0.3292285,0.2909917,0.4315252,99.89551,99.49643,109.9598
32,119571000.0,2.421256,0.1497797,1.042554,0.1197185,0.002648995,0.5351487,1.688588e-11,0.112143,0.7259573,5.003258,14.10622,146.4704,24.43513,11.54925,0.3963229,5.000097,11.51256,76.59982,0.5946279,0.09659214,0.05036596,0.1527401,0.1835695,0.3732881,0.1536678,0.1837886,0.07833071,1.367171,0.3292285,0.2909917,0.4315252,99.89551,99.49643,109.9598
1,119571000.0,2.421256,0.1497797,1.042554,0.1197185,0.002549087,0.5140883,1.883919e-11,0.112143,0.7259573,5.003258,14.10622,146.4704,24.43513,11.54925,0.3963229,5.000097,11.51256,76.59982,0.5946279,0.09659214,0.05036596,0.1527401,0.1835695,0.3732881,0.1536678,0.1837886,0.07833071,1.367171,0.3292285,0.2909917,0.4315252,99.89551,99.49643,109.9598
33,119571000.0,2.421256,0.1497797,1.042554,0.1197185,0.002543536,0.5843892,1.455577e-11,0.112143,0.7259573,5.003258,14.10622,146.4704,24.43513,11.54925,0.3963229,5.000097,11.51256,76.59982,0.5946279,0.09659214,0.05036596,0.1527401,0.1835695,0.3732881,0.1536678,0.1837886,0.07833071,1.367171,0.3292285,0.2909917,0.4315252,99.89551,99.49643,109.9598
1,119571000.0,2.421256,0.1497797,1.042554,0.1197185,0.002517499,0.551665,2.218383e-11,0.112143,0.7259573,5.003258,14.10622,146.4704,24.43513,11.54925,0.3963229,5.000097,11.51256,76.59982,0.5946279,0.09659214,0.05036596,0.1527401,0.1835695,0.3732881,0.1536678,0.1837886,0.07833071,1.367171,0.3292285,0.2909917,0.4315252,99.89551,99.49643,109.9598
1,119571000.0,2.421256,0.1497797,1.042554,0.1197185,0.002590933,0.4466734,2.23422e-11,0.112143,0.7259573,5.003258,14.10622,146.4704,24.43513,11.54925,0.3963229,5.000097,11.51256,76.59982,0.5946279,0.09659214,0.05036596,0.1527401,0.1835695,0.3732881,0.1536678,0.1837886,0.07833071,1.367171,0.3292285,0.2909917,0.4315252,99.89551,99.49643,109.9598
32,119571000.0,2.421256,0.1497797,1.042554,0.1197185,0.002700058,0.4984122,2.596831e-11,0.112143,0.7259573,5.003258,14.10622,146.4704,24.43513,11.54925,0.3963229,5.000097,11.51256,76.59982,0.5946279,0.09659214,0.05036596,0.1527401,0.1835695,0.3732881,0.1536678,0.1837886,0.07833071,1.367171,0.3292285,0.2909917,0.4315252,99.89551,99.49643,109.9598
1,119571000.0,2.421256,0.1497797,1.042554,0.1197185,0.002713994,0.5549107,2.863557e-11,0.112143,0.7259573,5.003258,14.10622,146.4704,24.43513,11.54925,0.3963229,5.000097,11.51256,76.59982,0.5946279,0.09659214,0.05036596,0.1527401,0.1835695,0.3732881,0.1536678,0.1837886,0.07833071,1.367171,0.3292285,0.2909917,0.4315252,99.89551,99.49643,109.9598
1,119571000.0,2.421256,0.1497797,1.042554,0.1197185,0.002749312,0.6863255,3.520737e-11,0.112143,0.7259573,5.003258,14.10622,146.4704,24.43513,11.54925,0.3963229,5.000097,11.51256,76.59982,0.5946279,0.09659214,0.05036596,0.1527401,0.1835695,0.3732881,0.1536678,0.1837886,0.07833071,1.367171,0.3292285,0.2909917,0.4315252,99.89551,99.49643,109.9598
30,119571000.0,2.421256,0.1497797,1.042554,0.1197185,0.002628548,0.6603085,3.539506e-11,0.112143,0.7259573,5.003258,14.10622,146.4704,24.43513,11.54925,0.3963229,5.000097,11.51256,76.59982,0.5946279,0.09659214,0.05036596,0.1527401,0.1835695,0.3732881,0.1536678,0.1837886,0.07833071,1.367171,0.3292285,0.2909917,0.4315252,99.89551,99.49643,109.9598
