Kraj,Kliknięcia,Wyświetlenia,CTR,Pozycja
Stany Zjednoczone,82,3536,2.32%,12.49
Australia,34,1559,2.18%,6.66
Kanada,12,369,3.25%,12.93
Wielka Brytania,8,409,1.96%,13
Polska,6,23,26.09%,9.52
Nowa Zelandia,2,93,2.15%,13.1
Indie,1,133,0.75%,21.28
Belgia,1,5,20%,6.8
Wyspa Man,1,1,100%,34
Filipiny,0,134,0%,13.78
Republika Południowej Afryki,0,76,0%,12.82
Irlandia,0,40,0%,8.53
Wietnam,0,37,0%,24.24
Niemcy,0,33,0%,5.97
Brazylia,0,33,0%,10.24
Japonia,0,27,0%,5.26
Hongkong,0,26,0%,6.42
Indonezja,0,26,0%,22.04
Dominikana,0,25,0%,6.48
Papua-Nowa Gwinea,0,24,0%,7.92
Francja,0,24,0%,14.58
Holandia,0,21,0%,5.43
Zimbabwe,0,21,0%,8.81
Malezja,0,21,0%,26.14
Bangladesz,0,21,0%,46.1
Singapur,0,18,0%,6.89
Włochy,0,17,0%,5.76
Argentyna,0,16,0%,8.06
Hiszpania,0,16,0%,16.81
Meksyk,0,16,0%,21.5
Turcja,0,16,0%,22.5
Tajlandia,0,15,0%,18.4
Kenia,0,14,0%,7
Nigeria,0,13,0%,5.15
Zjednoczone Emiraty Arabskie,0,12,0%,3.75
Rosja,0,12,0%,17.58
Jamajka,0,11,0%,4.82
Chiny,0,10,0%,10.8
Pakistan,0,10,0%,16.5
Rumunia,0,9,0%,5.44
Ukraina,0,9,0%,7.22
Egipt,0,9,0%,13.11
Ghana,0,8,0%,5.62
Wyspy Salomona,0,7,0%,4
Tanzania,0,7,0%,5.29
Namibia,0,7,0%,7.29
Portugalia,0,7,0%,7.29
Tajwan,0,7,0%,7.29
Korea Południowa,0,7,0%,15.86
Norwegia,0,6,0%,6.5
Sri Lanka,0,6,0%,8.83
Arabia Saudyjska,0,6,0%,17.33
Wyspy Cooka,0,5,0%,5.8
Finlandia,0,5,0%,10.8
Peru,0,5,0%,17.4
Guam,0,4,0%,6.5
Węgry,0,4,0%,6.5
Gujana,0,4,0%,9.75
Szwecja,0,4,0%,12.75
Chile,0,4,0%,27.25
Maroko,0,4,0%,32.25
Jordania,0,4,0%,48.75
Malediwy,0,3,0%,2.33
Dania,0,3,0%,4
Czechy,0,3,0%,4.33
Izrael,0,3,0%,4.67
Serbia,0,3,0%,5
Wenezuela,0,3,0%,5.67
Kazachstan,0,3,0%,7.33
Grecja,0,3,0%,7.67
Iran,0,3,0%,8.67
Irak,0,3,0%,14.33
Austria,0,3,0%,15.67
Boliwia,0,2,0%,2
Kuwejt,0,2,0%,2.5
Katar,0,2,0%,3.5
Islandia,0,2,0%,4
Salwador,0,2,0%,4
Albania,0,2,0%,4.5
Honduras,0,2,0%,4.5
Ekwador,0,2,0%,5
Uganda,0,2,0%,5
Malawi,0,2,0%,5.5
Bahamy,0,2,0%,6
Chorwacja,0,2,0%,6
Palau,0,2,0%,7
Uzbekistan,0,2,0%,7
Litwa,0,2,0%,7.5
Trynidad i Tobago,0,2,0%,7.5
Makau,0,2,0%,8
Słowacja,0,2,0%,17.5
Kolumbia,0,2,0%,22
Bułgaria,0,1,0%,1
Timor Wschodni,0,1,0%,1
Tonga,0,1,0%,1
Tunezja,0,1,0%,1
Białoruś,0,1,0%,2
Dominika,0,1,0%,2
Wyspy Dziewicze Stanów Zjednoczonych,0,1,0%,2
Kosowo,0,1,0%,3
Kamerun,0,1,0%,4
Laos,0,1,0%,4
Azerbejdżan,0,1,0%,5
Holandia Karaibska,0,1,0%,5
Brunei,0,1,0%,5
Zambia,0,1,0%,5
Afganistan,0,1,0%,6
Samoa Amerykańskie,0,1,0%,6
Botswana,0,1,0%,6
Demokratyczna Republika Konga,0,1,0%,6
Cypr,0,1,0%,7
Fidżi,0,1,0%,7
Liban,0,1,0%,7
Myanmar (Birma),0,1,0%,7
Portoryko,0,1,0%,7
Kostaryka,0,1,0%,8
Estonia,0,1,0%,8
Libia,0,1,0%,8
Malta,0,1,0%,8
Sierra Leone,0,1,0%,8
Antigua i Barbuda,0,1,0%,9
Belize,0,1,0%,9
Szwajcaria,0,1,0%,9
Gruzja,0,1,0%,9
Urugwaj,0,1,0%,9
Syria,0,1,0%,12
Słowenia,0,1,0%,44