URL,Ostatnie zindeksowanie
http://forevershining.org/,2026-08-29
https://www.forevershining.org/,2026-08-26
http://www.forevershining.org/,2026-08-10
https://forevershining.org/designs/laser-etched-headstone/biblical-memorial/serpentine-for-god-so-loved-the-world,2026-07-23
https://forevershining.org/designs/stainless-steel-plaque/in-loving-memory/stainless-steel-plaque-in-loving-memory-9,2026-06-27
https://forevershining.org/designs/full-colour-plaque/in-loving-memory/full-colour-plaque-in-loving-memory-2,2026-06-25
https://forevershining.org/designs/traditional-plaque/in-loving-memory/rectangle-landscape-in-loving-memory-89,2026-06-24
https://forevershining.org/designs/traditional-headstone/in-loving-memory/serpentine-in-loving-memory-51,2026-06-22
https://forevershining.org/designs/bronze-plaque/pet-memorial/rectangle-landscape-forever-remembered-plaque,2026-06-22
https://forevershining.org/designs/laser-etched-headstone/religious-memorial/serpentine-in-loving-memory-71,2026-06-19
https://forevershining.org/designs/bronze-plaque/memorial/bronze-plaque-horse-rose,2026-06-19
https://forevershining.org/designs/bronze-plaque/butterfly-memorial/rectangle-landscape-in-loving-memory-57,2026-06-18
https://forevershining.org/designs/laser-colour-plaque/father-memorial/rectangle-landscape-in-loving-memory-37,2026-06-17
https://forevershining.org/designs/bronze-plaque/in-loving-memory/bronze-plaque-in-loving-memory-33,2026-06-14
https://forevershining.org/designs/bronze-plaque/memorial/bronze-plaque-bird-butterflies,2026-06-12
https://forevershining.org/designs/traditional-headstone/in-loving-memory/curved-top-in-loving-memory-5,2026-06-10
https://forevershining.org/designs/bronze-plaque/butterfly-memorial/bronze-plaque-forever-in-our-hearts-2,2026-05-29
https://forevershining.org/designs/bronze-plaque/memorial/rectangle-landscape-dog-horse,2026-05-19
https://forevershining.org/designs/traditional-headstone/memorial/serpentine-dog-heart,2026-05-17
https://forevershining.org/designs/traditional-headstone/memorial/headstone-14-gone-but-not-forgotten,2026-05-16
https://forevershining.org/designs/traditional-headstone/dove-memorial/serpentine-bird-dog-headstone,2026-05-16
https://forevershining.org/designs/bronze-plaque/biblical-memorial/bronze-plaque-john-plaque,2026-05-16
https://forevershining.org/designs/traditional-headstone/rest-in-peace/serpentine-cat-2,2026-05-16
https://forevershining.org/designs/laser-colour-plaque/cat-memorial/square-cat-plaque,2026-05-15
https://forevershining.org/designs/laser-etched-headstone/biblical-memorial/headstone-7-together-forever,2026-05-15
https://forevershining.org/designs/laser-colour-plaque/horse-memorial/rectangle-landscape-james-4,2026-05-15
https://forevershining.org/designs/stainless-steel-plaque/memorial/stainless-steel-plaque-much-loved,2026-05-15
https://forevershining.org/designs/bronze-plaque/cat-memorial/rectangle-landscape-much-loved-14,2026-05-15
https://forevershining.org/designs/bronze-plaque/dog-memorial/rectangle-landscape-dog-5,2026-05-15
https://forevershining.org/designs/laser-etched-headstone/biblical-memorial/square-mark-headstone,2026-05-15
https://forevershining.org/designs/bronze-plaque/horse-memorial/square-horse-4,2026-05-15
https://forevershining.org/designs/bronze-plaque/horse-memorial/bronze-plaque-horse-2,2026-05-15
https://forevershining.org/designs/stainless-steel-plaque/rest-in-peace/rectangle-landscape-rest-in-peace-plaque,2026-05-15
https://forevershining.org/designs/legacy-design/memorial/rectangle-125x175-cat-plaque,2026-05-15
https://forevershining.org/designs/laser-etched-headstone/biblical-memorial/right-wave-matthew,2026-05-15
https://forevershining.org/designs/bronze-plaque/memorial/square-cat-fish,2026-05-15
https://forevershining.org/designs/bronze-plaque/horse-memorial/rectangle-landscape-horse-3,2026-05-15
https://forevershining.org/designs/bronze-plaque/in-loving-memory/square-in-loving-memory-42,2026-05-15
https://forevershining.org/designs/legacy-design/dog-memorial/rectangle-175x125-james,2026-05-15
https://forevershining.org/designs/traditional-headstone/memorial/right-wave-bird-cat,2026-05-15
https://forevershining.org/designs/laser-etched-headstone/biblical-memorial/square-psalm-23,2026-05-15
https://forevershining.org/designs/laser-etched-headstone/religious-memorial/left-wave-cat-dog,2026-05-15
https://forevershining.org/designs/laser-etched-headstone/memorial/half-round-jude,2026-05-15
https://forevershining.org/designs/legacy-design/memorial/rectangle-125x175-cat,2026-05-15
https://forevershining.org/designs/laser-etched-headstone/in-loving-memory/serpentine-until-we-meet-again-5,2026-05-15
https://forevershining.org/designs/bronze-plaque/religious-memorial/bronze-plaque-loved-and-remembered-plaque,2026-05-15
https://forevershining.org/designs/laser-etched-headstone/religious-memorial/serpentine-cat-cross,2026-05-15
https://forevershining.org/designs/laser-etched-headstone/memorial/serpentine-dog,2026-05-15
https://forevershining.org/designs/bronze-plaque/memorial/rectangle-landscape-bird-horse,2026-05-15
https://forevershining.org/designs/laser-etched-headstone/memorial/half-round-parrot,2026-05-15
https://forevershining.org/designs/laser-etched-headstone/religious-memorial/headstone-43-angel-horse,2026-05-15
https://forevershining.org/designs/legacy-full-monument/religious-memorial/serpentine-horse-4,2026-05-15
https://forevershining.org/designs/stainless-steel-plaque/in-loving-memory/rectangle-landscape-horse-plaque,2026-05-15
https://forevershining.org/designs/laser-etched-headstone/cat-memorial/cropped-peak-cat-headstone,2026-05-15
https://forevershining.org/designs/laser-etched-headstone/floral-memorial/curved-gable-forever-in-our-hearts,2026-05-15
https://forevershining.org/designs/legacy-design/dog-memorial/rectangle-175x125-in-loving-memory,2026-05-15
https://forevershining.org/designs/legacy-memorial/dog-memorial/bone-bird,2026-05-15
https://forevershining.org/designs/laser-colour-plaque/butterfly-memorial/square-butterflies-horse,2026-05-15
https://forevershining.org/designs/laser-etched-headstone/biblical-memorial/serpentine-mark-2,2026-05-15
https://forevershining.org/designs/bronze-plaque/memorial/bronze-plaque-dog,2026-05-15
https://forevershining.org/designs/bronze-plaque/pet-memorial/rectangle-portrait-cat-dog,2026-05-15
https://forevershining.org/designs/laser-colour-plaque/memorial/rectangle-landscape-forever-loved-11,2026-05-15
https://forevershining.org/designs/bronze-plaque/horse-memorial/bronze-plaque-horse-plaque,2026-05-15
https://forevershining.org/designs/bronze-plaque/commemorative/square-flower-parrot,2026-05-15
https://forevershining.org/designs/traditional-plaque/memorial/rectangle-landscape-bird-dog-plaque,2026-05-04