Data,Kliknięcia,Wyświetlenia,CTR,Pozycja
2026-06-28,0,33,0%,8.2
2026-06-29,0,64,0%,11
2026-06-30,1,57,1.75%,6.8
2026-07-01,0,40,0%,7.5
2026-07-02,0,36,0%,6.8
2026-07-03,0,24,0%,8.6
2026-07-04,1,42,2.38%,7.4
2026-07-05,0,48,0%,8.5
2026-07-06,2,77,2.6%,11.3
2026-07-07,2,63,3.17%,10.1
2026-07-08,0,64,0%,5.9
2026-07-09,0,47,0%,9
2026-07-10,2,59,3.39%,6.4
2026-07-11,1,52,1.92%,12.5
2026-07-12,0,54,0%,8.9
2026-07-13,2,100,2%,9.6
2026-07-14,2,69,2.9%,8.8
2026-07-15,1,74,1.35%,7.9
2026-07-16,1,56,1.79%,8.7
2026-07-17,3,72,4.17%,9.8
2026-07-18,0,44,0%,7.7
2026-07-19,1,54,1.85%,8.6
2026-07-20,2,94,2.13%,10.1
2026-07-21,3,93,3.23%,7.2
2026-07-22,3,77,3.9%,8.3
2026-07-23,3,86,3.49%,6.8
2026-07-24,5,102,4.9%,8.2
2026-07-25,2,70,2.86%,9
2026-07-26,2,70,2.86%,7.4
2026-07-27,4,127,3.15%,9.3
2026-07-28,2,120,1.67%,8.9
2026-07-29,1,104,0.96%,8
2026-07-30,3,107,2.8%,7.8
2026-07-31,1,52,1.92%,9.2
2026-08-01,0,65,0%,8.4
2026-08-02,6,67,8.96%,9.9
2026-08-03,1,91,1.1%,11.1
2026-08-04,4,114,3.51%,8.4
2026-08-05,0,88,0%,9.9
2026-08-06,3,81,3.7%,8.2
2026-08-07,0,47,0%,11.5
2026-08-08,1,57,1.75%,7.7
2026-08-09,2,79,2.53%,10.1
2026-08-10,1,116,0.86%,13.2
2026-08-11,1,99,1.01%,13.4
2026-08-12,0,108,0%,14
2026-08-13,3,85,3.53%,15.9
2026-08-14,0,82,0%,11.1
2026-08-15,0,78,0%,12.6
2026-08-16,1,74,1.35%,14.9
2026-08-17,0,104,0%,11
2026-08-18,2,92,2.17%,12.1
2026-08-19,3,104,2.88%,15.5
2026-08-20,3,116,2.59%,11.2
2026-08-21,5,116,4.31%,12.4
2026-08-22,3,76,3.95%,13.8
2026-08-23,2,79,2.53%,9.9
2026-08-24,3,118,2.54%,13.8
2026-08-25,1,99,1.01%,13.9
2026-08-26,3,126,2.38%,20.2
2026-08-27,2,121,1.65%,13.3
2026-08-28,3,77,3.9%,16.2
2026-08-29,0,95,0%,23.7
2026-08-30,1,74,1.35%,19.3
2026-08-31,1,100,1%,18.5
2026-09-01,2,88,2.27%,10.1
2026-09-02,2,116,1.72%,16.7
2026-09-03,4,81,4.94%,12.7
2026-09-04,1,61,1.64%,10.9
2026-09-05,1,59,1.69%,14.1
2026-09-06,2,68,2.94%,16.3
2026-09-07,3,101,2.97%,13.8
2026-09-08,0,110,0%,17.9
2026-09-09,0,70,0%,15.6
2026-09-10,3,74,4.05%,10.9
2026-09-11,2,78,2.56%,12.8
2026-09-12,1,46,2.17%,10.1
2026-09-13,0,60,0%,17.5
2026-09-14,2,77,2.6%,13.6
2026-09-15,0,52,0%,10.3
2026-09-16,2,65,3.08%,10.5
2026-09-17,4,63,6.35%,11
2026-09-18,3,57,5.26%,9.3
2026-09-19,3,62,4.84%,8.4
2026-09-20,0,45,0%,10.1
2026-09-21,4,68,5.88%,11.1
2026-09-22,0,58,0%,8.7
2026-09-23,1,65,1.54%,11.2
2026-09-24,1,74,1.35%,9.6
2026-09-25,1,125,0.8%,9.1
2026-09-26,0,78,0%,8.9
2026-09-27,0,97,0%,7.8