Najczęstsze zapytania,Kliknięcia,Wyświetlenia,CTR,Pozycja
forever shining memorials,13,257,5.06%,14.06
forever shining,10,664,1.51%,4.87
flower headstone engraving designs,2,36,5.56%,9.83
headstones horse designs,2,26,7.69%,10.62
butterfly engraving headstone,1,11,9.09%,13.18
headstone with butterflies,1,8,12.5%,12.5
teddy bear headstone,1,5,20%,14.4
tomb stone price,1,1,100%,1
headstone with angel engraving,1,1,100%,5
full colour memorial,0,105,0%,11.09
butterfly headstone designs,0,66,0%,10.14
serpentine top headstones,0,55,0%,26.47
dove headstone,0,50,0%,28.78
serpentine top headstone,0,39,0%,30.92
engraved memorial plaques,0,38,0%,16.11
forevershining,0,28,0%,4.04
engraved flowers on headstones,0,28,0%,11.43
headstones for mom,0,27,0%,34.52
butterfly headstones granite,0,26,0%,16.92
how much are headstones,0,25,0%,7.92
"""jamis inorous"" memorial plaque",0,21,0%,4
etched eagle headstone,0,21,0%,12.62
headstone for mom,0,17,0%,36.41
headstones with butterflies,0,16,0%,10.25
grave markers for mom,0,14,0%,25.93
headstones for dad,0,14,0%,36.07
serpentine headstone,0,13,0%,11.08
unique husband and wife headstones,0,13,0%,39.38
headstone for dad,0,13,0%,43.08
headstone designs for mother,0,12,0%,11.25
"""jamis intorous"" memorial plaque",0,11,0%,5.73
dove bird headstone engraving designs,0,11,0%,6.91
stainless steel headstones,0,10,0%,17.7
dove memorial,0,9,0%,11.44
headstone ideas for mom,0,9,0%,37.33
meera sholevar,0,8,0%,14.75
headstone inscriptions for mother,0,8,0%,40.75
headstone ideas for dad,0,8,0%,41.38
single headstone designs,0,8,0%,47.38
headstones designs,0,7,0%,8.14
traditional headstones,0,7,0%,8.57
laser etched black granite headstones,0,7,0%,11.71
titanium headstone,0,7,0%,11.71
memorial plaque generator,0,7,0%,17
mother headstone ideas,0,7,0%,36.57
headstone quotes for mom,0,7,0%,39.29
memorial plaque wording for mother,0,7,0%,47.29
best headstone designs for loved ones,0,7,0%,62.14
soulmate3d.com,0,7,0%,70.43
cross headstone engraving designs,0,6,0%,10.67
plaque design online,0,6,0%,17
maori headstones,0,6,0%,28
tombstone messages for mother,0,6,0%,39.5
headstone sayings for mom,0,6,0%,41.67
mother headstone,0,6,0%,42.17
headstone sayings for mother,0,6,0%,42.5
engraved plaque online,0,5,0%,9.8
round headstone,0,5,0%,11.6
engraved memorial plaque,0,5,0%,14.4
butterfly headstones,0,5,0%,18.8
bible shaped headstones,0,5,0%,22.2
memorial landscape,0,5,0%,25.6
fish headstone,0,5,0%,26.6
butterfly headstone,0,5,0%,28
headstones for fathers,0,5,0%,43
headstone inscriptions for mum,0,5,0%,44.2
headstones for parents,0,5,0%,49.4
traditional husband and wife headstones,0,4,0%,2.5
religious headstones,0,4,0%,5
forevernesses,0,4,0%,7.5
headstone designs with doves,0,4,0%,7.5
children's headstones,0,4,0%,8.75
headstones for graves,0,4,0%,8.75
headstones for sisters,0,4,0%,11.5
musical designs for headstones,0,4,0%,13
dovefish,0,4,0%,18.25
in loving memory gravestone,0,4,0%,24.5
maori headstone,0,4,0%,31.75
headstone quotes for mother,0,4,0%,36.75
headstones for mothers,0,4,0%,37
epitaphs for mother,0,4,0%,39
epitaphs for mothers,0,4,0%,39
gravestone messages for mother,0,4,0%,40.75
headstone inscriptions for mom,0,4,0%,40.75
tombstone messages for mother and grandmother,0,4,0%,40.75
headstone messages for mother,0,4,0%,41.75
memorial plaques perth,0,3,0%,1.33
grave headstones,0,3,0%,4.67
forever shining photos,0,3,0%,7.67
muched loved,0,3,0%,8.33
maori headstone designs,0,3,0%,9
elephant headstone,0,3,0%,9.67
bronze memorial designs ga,0,3,0%,11
memorial engraved plaques,0,3,0%,11.67
tombstone ideas for mom,0,3,0%,17.33
memorial engravings,0,3,0%,20
memory88,0,3,0%,23.67
angel of mercy headstone,0,3,0%,34
headstone verses for mom,0,3,0%,38.67
mother gravestone,0,3,0%,45
headstone wording for mother,0,3,0%,46.33
tombstone inscriptions for mother,0,3,0%,47
mother gravestone inscriptions,0,3,0%,48.67
tombstone for mother,0,3,0%,51.67
motherstone,0,3,0%,52.33
headstone ideas for parents,0,3,0%,55.67
h e a d s t o n e s o n l i n e,0,3,0%,60.67
evershining,0,3,0%,79
product,0,2,0%,1
shining forever,0,2,0%,1
headstones,0,2,0%,2
yes,0,2,0%,2.5
design a headstone online free,0,2,0%,6.5
cross engraved on headstone,0,2,0%,7
tim dove monument,0,2,0%,7.5
design headstones,0,2,0%,9.5
round top headstone,0,2,0%,10
headstone ideas for daughter,0,2,0%,10.5
star headstone,0,2,0%,10.5
fishing headstones,0,2,0%,11
headstone design templates,0,2,0%,11
memorial plaque for dad,0,2,0%,12
laser etched headstones,0,2,0%,12.5
custom engraved memorial plaques,0,2,0%,20
mummy memorial,0,2,0%,22
music note headstone,0,2,0%,30
dad headstone,0,2,0%,30.5
stainless steel memorial plaques,0,2,0%,31
tombstone ideas for dad,0,2,0%,33.5
design your own laser-engraved plaque black granite memorial,0,2,0%,34.5
headstone in loving memory,0,2,0%,36
headstone words for mom,0,2,0%,37
son18,0,2,0%,37.5
tombstone message for mother,0,2,0%,38
headstone examples for mother,0,2,0%,38.5
headstone verses for mum,0,2,0%,39
gravestone ideas for dad,0,2,0%,41.5
headstone designs for couples,0,2,0%,41.5
headstone wording for mom,0,2,0%,41.5
bronze plaques for headstones,0,2,0%,42
headstone epitaphs for mother,0,2,0%,42
epitaph for mom,0,2,0%,43.5
headstone inscriptions for father,0,2,0%,43.5
headstone words for mother,0,2,0%,43.5
grave inscriptions for mum,0,2,0%,44
squarebirds.org,0,2,0%,46
in loving memory headstone,0,2,0%,48
gravestone inscriptions for mother,0,2,0%,50
headstone ideas for husband and wife,0,2,0%,55.5
what to write on tombstone for mother,0,2,0%,55.5
husband and wife headstone,0,2,0%,59
what to put on headstone for mother,0,2,0%,62.5
headstone inscriptions for husband and wife,0,2,0%,67.5
"""exodus 3:5"" adolphustown burial ground plaque",0,1,0%,1
bronze plaques for graves,0,1,0%,1
glossy,0,1,0%,1
granite headstone,0,1,0%,1
gravestone ideas,0,1,0%,1
headstones designs and prices,0,1,0%,1
heart shaped headstones for graves,0,1,0%,1
memorial plaques bronze,0,1,0%,1
monumental stonemasons near me,0,1,0%,1
plaque maker,0,1,0%,1
serpentine angel,0,1,0%,1
tombstones,0,1,0%,1
what about stainless steel,0,1,0%,1
what font,0,1,0%,1
where to buy urns for ashes near me,0,1,0%,1
childrens headstones,0,1,0%,2
how much do plaques cost,0,1,0%,2
memorial marker,0,1,0%,2
pictures,0,1,0%,2
who made this and when,0,1,0%,2
headstone,0,1,0%,3
children headstones,0,1,0%,4
engraved headstones designs,0,1,0%,4
headstones with hearts,0,1,0%,4
psalm 23,0,1,0%,4
solid bronze,0,1,0%,4
175x125,0,1,0%,5
headstone designs templates,0,1,0%,5
how much does a headstone cost,0,1,0%,5
with butterflies,0,1,0%,5
how heavy is a 25 x 25 x 6 headstone,0,1,0%,6
mother most beautiful headstones,0,1,0%,6
ideas for grave stones,0,1,0%,7
religious bronze plaque,0,1,0%,7
custom memorial design,0,1,0%,9
digital proof approval for memorials,0,1,0%,9
bronze memorial plaques prices,0,1,0%,10
butterfly monument,0,1,0%,10
headstone layout,0,1,0%,10
headstones designs and prices nearby,0,1,0%,10
music headstone,0,1,0%,10
portrait plaque,0,1,0%,10
"""jamis intorous"" plaque memorial",0,1,0%,11
color laser etched headstones,0,1,0%,11
laser etched headstone designs,0,1,0%,11
rest in peace plaque,0,1,0%,11
headstones with horses on them,0,1,0%,12
grave markers headstones,0,1,0%,14
headstones for urns,0,1,0%,14
for shining,0,1,0%,15
forever lasting memorials,0,1,0%,16
military headstone designs,0,1,0%,16
stainless steel headstone,0,1,0%,16
veteran memorial plaques,0,1,0%,16
cross headstone designs,0,1,0%,17
fishing headstone designs,0,1,0%,19
forever memorials,0,1,0%,19
forshine,0,1,0%,20
engraving memorial plaques,0,1,0%,22
headstone urn,0,1,0%,22
memorial plaque designs,0,1,0%,23
design a memorial plaque,0,1,0%,25
can follow any curve & design headstones,0,1,0%,27
dad gravestone,0,1,0%,27
headstone designs with music notes,0,1,0%,28
islamic plaque,0,1,0%,28
memorial plaques for dad,0,1,0%,28
serpentine 128,0,1,0%,30
memorial stone for father,0,1,0%,31
engraved plaques for graves,0,1,0%,32
headstone for mother,0,1,0%,32
muslim memorial plaques,0,1,0%,34
forevershine,0,1,0%,35
tombstone quotes for mother,0,1,0%,37
gravestone quotes for mother,0,1,0%,38
headstone ideas for father,0,1,0%,38
mom gravestone,0,1,0%,38
mother daughter headstone,0,1,0%,38
tombstone messages for a mother,0,1,0%,38
purple granite headstone,0,1,0%,39
gravestone sayings for mom,0,1,0%,41
in loving memory plaque ideas,0,1,0%,41
tombstone ideas for mom and dad,0,1,0%,42
forever in our hearts headstone,0,1,0%,43
mother beautiful words to put on a headstone,0,1,0%,44
short headstone sayings for mother,0,1,0%,44
headstone wording ideas for mother,0,1,0%,45
epitaph for mother,0,1,0%,46
gravestone inscriptions for mum,0,1,0%,46
mother epitaphs,0,1,0%,47
mother headstone sayings,0,1,0%,47
bible headstones,0,1,0%,48
mother headstone inscriptions,0,1,0%,48
single headstone,0,1,0%,48
tombstone messages for husband,0,1,0%,49
husband and wife headstones,0,1,0%,51
nice words for a mother's headstone,0,1,0%,51
memorial plaque manufacturers,0,1,0%,53
fish head stone,0,1,0%,54
single headstones,0,1,0%,54
headstone inscriptions for wife and mother,0,1,0%,55
husband and wife gravestones,0,1,0%,55
headstone prices arnold,0,1,0%,59
headstone examples for parents,0,1,0%,60
what to put on a mother's headstone,0,1,0%,62
couple headstone,0,1,0%,63
headstone inscriptions for mum and dad,0,1,0%,64
husband and wife headstone inscriptions,0,1,0%,64
serp top headstone,0,1,0%,65
fatherstone,0,1,0%,67
forshining,0,1,0%,67
virtual headstone,0,1,0%,68
bevel headstone,0,1,0%,71
headstone for husband and wife,0,1,0%,71
27always,0,1,0%,84
help a family design a grave marker,0,1,0%,84
show me visual examples,0,1,0%,99
dove stone,0,1,0%,100